timestamp,received_time,label,sensor_0_gas,sensor_0_gas_index,sensor_0_temp,sensor_0_humidity,sensor_1_gas,sensor_1_gas_index,sensor_1_temp,sensor_1_humidity,sensor_2_gas,sensor_2_gas_index,sensor_2_temp,sensor_2_humidity,sensor_3_gas,sensor_3_gas_index,sensor_3_temp,sensor_3_humidity,sensor_4_gas,sensor_4_gas_index,sensor_4_temp,sensor_4_humidity,sensor_5_gas,sensor_5_gas_index,sensor_5_temp,sensor_5_humidity,sensor_6_gas,sensor_6_gas_index,sensor_6_temp,sensor_6_humidity,sensor_7_gas,sensor_7_gas_index,sensor_7_temp,sensor_7_humidity
1629,2026-07-14T22:42:53.599770,chillipowder,6400000,0,41.51,24.02,6400000,0,41.98,24.2,6400000,0,42.19,23.89,6400000,0,42.27,23.71,6400000,0,41.02,25.66,6400000,0,40.85,25.18,6400000,0,40.06,26.53,6400000,0,40.16,26.24
1979,2026-07-14T22:42:53.936401,chillipowder,6400000,0,42.23,24.08,6400000,0,42.71,24.26,6400000,0,42.92,23.98,6400000,0,43.0,23.79,6400000,0,41.76,25.75,6400000,0,41.61,25.28,6400000,0,40.77,26.61,6400000,0,40.86,26.31
2329,2026-07-14T22:42:54.284871,chillipowder,6400000,0,42.58,24.07,6400000,0,43.08,24.28,6400000,0,43.28,23.95,6400000,0,43.38,23.79,6400000,0,42.15,25.75,6400000,0,42.0,25.27,6400000,0,41.13,26.65,6400000,0,41.22,26.32
2679,2026-07-14T22:42:54.633872,chillipowder,6400000,0,42.76,24.04,6400000,0,43.28,24.24,6400000,0,43.5,23.92,6400000,0,43.59,23.77,6400000,0,42.37,25.69,6400000,0,42.21,25.24,6400000,0,41.34,26.6,6400000,0,41.42,26.29
3029,2026-07-14T22:42:54.983818,chillipowder,469724,0,42.87,23.97,550389,0,43.4,24.15,694944,0,43.62,23.86,527835,0,43.73,23.72,644430,0,42.52,25.65,859060,0,42.36,25.15,383233,0,41.48,26.56,436953,0,41.55,26.22
3379,2026-07-14T22:42:55.334848,chillipowder,469724,1,42.08,23.81,550389,1,42.63,24.0,694944,1,42.84,23.67,527835,1,42.97,23.54,644430,1,41.73,25.45,859060,1,41.56,24.99,383233,1,40.76,26.37,436953,1,40.82,26.06
3729,2026-07-14T22:42:55.694241,chillipowder,82409304,1,41.75,23.71,101096800,1,42.28,23.92,102400000,1,42.49,23.6,96305656,1,42.63,23.46,80585304,1,41.39,25.38,102400000,1,41.21,24.91,58047828,1,40.43,26.27,66131180,1,40.49,25.97
4079,2026-07-14T22:42:56.034808,chillipowder,82409304,2,41.59,23.68,101096800,2,42.14,23.9,102400000,2,42.32,23.57,96305656,2,42.48,23.42,80585304,2,41.21,25.33,102400000,2,41.04,24.88,58047828,2,40.26,26.25,66131180,2,40.33,25.92
4429,2026-07-14T22:42:56.385745,chillipowder,82409304,2,41.5,23.68,101096800,2,42.03,23.86,102400000,2,42.22,23.57,96305656,2,42.37,23.41,80585304,2,41.1,25.32,102400000,2,40.93,24.85,58047828,2,40.16,26.21,66131180,2,40.22,25.92
4779,2026-07-14T22:42:56.733339,chillipowder,82409304,2,41.45,23.7,101096800,2,41.97,23.88,102400000,2,42.18,23.56,96305656,2,42.3,23.4,80585304,2,41.03,25.32,102400000,2,40.88,24.84,58047828,2,40.08,26.2,66131180,2,40.16,25.93
5129,2026-07-14T22:42:57.081993,chillipowder,82409304,2,41.41,23.71,101096800,2,41.93,23.88,102400000,2,42.13,23.58,96305656,2,42.25,23.42,80585304,2,40.99,25.34,102400000,2,40.82,24.86,58047828,2,40.03,26.22,66131180,2,40.12,25.92
5479,2026-07-14T22:42:57.437542,chillipowder,82409304,2,41.38,23.74,101096800,2,41.89,23.88,102400000,2,42.09,23.6,96305656,2,42.21,23.43,80585304,2,40.95,25.33,102400000,2,40.79,24.89,58047828,2,40.01,26.24,66131180,2,40.09,25.94
5829,2026-07-14T22:42:57.780876,chillipowder,82409304,2,41.37,23.76,101096800,2,41.87,23.9,102400000,2,42.08,23.62,96305656,2,42.19,23.45,80585304,2,40.92,25.34,102400000,2,40.77,24.9,58047828,2,39.98,26.25,66131180,2,40.07,25.97
6179,2026-07-14T22:42:58.134685,chillipowder,82409304,2,41.35,23.77,101096800,2,41.85,23.94,102400000,2,42.06,23.65,96305656,2,42.17,23.46,80585304,2,40.9,25.37,102400000,2,40.75,24.91,58047828,2,39.96,26.27,66131180,2,40.05,25.98
6529,2026-07-14T22:42:58.487088,chillipowder,82409304,2,41.34,23.79,101096800,2,41.83,23.95,102400000,2,42.04,23.67,96305656,2,42.15,23.48,80585304,2,40.88,25.4,102400000,2,40.72,24.94,58047828,2,39.94,26.28,66131180,2,40.03,25.98
6879,2026-07-14T22:42:58.832777,chillipowder,82409304,2,41.33,23.8,101096800,2,41.82,23.98,102400000,2,42.02,23.7,96305656,2,42.14,23.52,80585304,2,40.87,25.41,102400000,2,40.71,24.97,58047828,2,39.92,26.32,66131180,2,40.02,26.02
7229,2026-07-14T22:42:59.183528,chillipowder,29316036,2,41.31,23.84,32596866,2,41.8,24.0,54670280,2,42.02,23.72,32283744,2,42.12,23.53,37363740,2,40.86,25.44,59959744,2,40.69,25.0,15467548,2,39.92,26.34,22260870,2,40.0,26.04
7579,2026-07-14T22:42:59.525412,chillipowder,29316036,3,41.31,23.86,32596866,3,41.8,24.02,54670280,3,42.0,23.75,32283744,3,42.11,23.57,37363740,3,40.85,25.48,59959744,3,40.68,25.02,15467548,3,39.91,26.35,22260870,3,40.0,26.06
7929,2026-07-14T22:42:59.885910,chillipowder,29316036,3,41.3,23.89,32596866,3,41.79,24.04,54670280,3,42.0,23.75,32283744,3,42.11,23.58,37363740,3,40.84,25.49,59959744,3,40.68,25.04,15467548,3,39.9,26.38,22260870,3,39.98,26.08
8279,2026-07-14T22:43:00.233431,chillipowder,29316036,3,41.31,23.89,32596866,3,41.77,24.05,54670280,3,41.98,23.78,32283744,3,42.1,23.6,37363740,3,40.83,25.51,59959744,3,40.67,25.05,15467548,3,39.89,26.39,22260870,3,39.98,26.11
8629,2026-07-14T22:43:00.586591,chillipowder,29316036,3,41.29,23.9,32596866,3,41.76,24.08,54670280,3,41.98,23.81,32283744,3,42.09,23.61,37363740,3,40.82,25.53,59959744,3,40.67,25.05,15467548,3,39.88,26.42,22260870,3,39.97,26.13
8979,2026-07-14T22:43:00.931125,chillipowder,29316036,3,41.28,23.92,32596866,3,41.76,24.09,54670280,3,41.97,23.81,32283744,3,42.07,23.63,37363740,3,40.81,25.55,59959744,3,40.66,25.08,15467548,3,39.88,26.43,22260870,3,39.96,26.15
9329,2026-07-14T22:43:01.286137,chillipowder,29316036,3,41.27,23.96,32596866,3,41.75,24.13,54670280,3,41.96,23.84,32283744,3,42.07,23.64,37363740,3,40.81,25.57,59959744,3,40.64,25.11,15467548,3,39.87,26.46,22260870,3,39.96,26.16
9679,2026-07-14T22:43:01.635962,chillipowder,29316036,3,41.26,23.98,32596866,3,41.75,24.14,54670280,3,41.95,23.85,32283744,3,42.06,23.68,37363740,3,40.8,25.58,59959744,3,40.64,25.12,15467548,3,39.87,26.46,22260870,3,39.95,26.18
10029,2026-07-14T22:43:02.100028,chillipowder,29316036,3,41.26,23.98,32596866,3,41.73,24.15,54670280,3,41.95,23.86,32283744,3,42.06,23.69,37363740,3,40.79,25.6,59959744,3,40.64,25.14,15467548,3,39.86,26.49,22260870,3,39.94,26.18
10379,2026-07-14T22:43:02.336093,chillipowder,29316036,3,41.26,23.98,32596866,3,41.73,24.17,54670280,3,41.94,23.89,32283744,3,42.05,23.69,37363740,3,40.79,25.62,59959744,3,40.63,25.17,15467548,3,39.85,26.53,22260870,3,39.93,26.23
10729,2026-07-14T22:43:02.686283,chillipowder,29316036,3,41.25,23.98,32596866,3,41.72,24.19,54670280,3,41.94,23.9,32283744,3,42.04,23.7,37363740,3,40.78,25.64,59959744,3,40.62,25.19,15467548,3,39.85,26.53,22260870,3,39.94,26.23
11079,2026-07-14T22:43:03.036223,chillipowder,29316036,3,41.25,24.0,32596866,3,41.72,24.19,54670280,3,41.93,23.91,32283744,3,42.04,23.72,37363740,3,40.77,25.64,59959744,3,40.62,25.2,15467548,3,39.85,26.53,22260870,3,39.93,26.24
11429,2026-07-14T22:43:03.385619,chillipowder,29316036,3,41.24,24.03,32596866,3,41.72,24.21,54670280,3,41.92,23.93,32283744,3,42.03,23.74,37363740,3,40.78,25.67,59959744,3,40.61,25.19,15467548,3,39.84,26.55,22260870,3,39.92,26.25
11779,2026-07-14T22:43:03.734547,chillipowder,29316036,3,41.24,24.04,32596866,3,41.71,24.23,54670280,3,41.92,23.92,32283744,3,42.03,23.73,37363740,3,40.77,25.68,59959744,3,40.62,25.22,15467548,3,39.83,26.56,22260870,3,39.92,26.27
12129,2026-07-14T22:43:04.086840,chillipowder,29316036,3,41.24,24.04,32596866,3,41.71,24.23,54670280,3,41.92,23.94,32283744,3,42.02,23.74,37363740,3,40.76,25.7,59959744,3,40.61,25.22,15467548,3,39.83,26.56,22260870,3,39.91,26.29
12479,2026-07-14T22:43:04.436632,chillipowder,29316036,3,41.23,24.07,32596866,3,41.7,24.25,54670280,3,41.91,23.96,32283744,3,42.02,23.76,37363740,3,40.76,25.71,59959744,3,40.6,25.24,15467548,3,39.82,26.58,22260870,3,39.91,26.29
12829,2026-07-14T22:43:04.800852,chillipowder,29316036,3,41.22,24.07,32596866,3,41.7,24.25,54670280,3,41.9,23.96,32283744,3,42.02,23.78,37363740,3,40.75,25.7,59959744,3,40.59,25.24,15467548,3,39.82,26.59,22260870,3,39.91,26.29
13179,2026-07-14T22:43:05.130903,chillipowder,29316036,3,41.22,24.06,32596866,3,41.69,24.26,54670280,3,41.9,23.97,32283744,3,42.01,23.77,37363740,3,40.75,25.73,59959744,3,40.59,25.25,15467548,3,39.82,26.62,22260870,3,39.9,26.32
13529,2026-07-14T22:43:05.486734,chillipowder,29316036,3,41.21,24.09,32596866,3,41.68,24.28,54670280,3,41.9,23.99,32283744,3,42.01,23.79,37363740,3,40.75,25.74,59959744,3,40.59,25.25,15467548,3,39.81,26.63,22260870,3,39.89,26.33
13879,2026-07-14T22:43:05.834556,chillipowder,29316036,3,41.21,24.08,32596866,3,41.68,24.29,54670280,3,41.89,24.01,32283744,3,42.01,23.8,37363740,3,40.75,25.72,59959744,3,40.59,25.28,15467548,3,39.81,26.63,22260870,3,39.88,26.33
14229,2026-07-14T22:43:06.183902,chillipowder,29316036,3,41.2,24.11,32596866,3,41.68,24.3,54670280,3,41.88,23.99,32283744,3,42.0,23.83,37363740,3,40.73,25.75,59959744,3,40.58,25.27,15467548,3,39.81,26.64,22260870,3,39.88,26.35
14579,2026-07-14T22:43:06.536142,chillipowder,29316036,3,41.2,24.12,32596866,3,41.68,24.29,54670280,3,41.88,24.02,32283744,3,41.99,23.81,37363740,3,40.74,25.77,59959744,3,40.57,25.29,15467548,3,39.81,26.63,22260870,3,39.88,26.37
14929,2026-07-14T22:43:06.885713,chillipowder,29316036,3,41.19,24.12,32596866,3,41.67,24.3,54670280,3,41.88,24.02,32283744,3,41.99,23.84,37363740,3,40.73,25.76,59959744,3,40.58,25.31,15467548,3,39.8,26.65,22260870,3,39.87,26.36
15279,2026-07-14T22:43:07.235697,chillipowder,29316036,3,41.2,24.12,32596866,3,41.67,24.3,54670280,3,41.87,24.02,32283744,3,41.99,23.84,37363740,3,40.72,25.78,59959744,3,40.57,25.3,15467548,3,39.79,26.68,22260870,3,39.88,26.37
15629,2026-07-14T22:43:07.586987,chillipowder,29316036,3,41.19,24.12,32596866,3,41.67,24.31,54670280,3,41.87,24.02,32283744,3,41.99,23.85,37363740,3,40.72,25.78,59959744,3,40.57,25.32,15467548,3,39.79,26.69,22260870,3,39.87,26.38
15979,2026-07-14T22:43:07.934947,chillipowder,29316036,3,41.19,24.15,32596866,3,41.66,24.33,54670280,3,41.86,24.04,32283744,3,41.97,23.85,37363740,3,40.72,25.78,59959744,3,40.57,25.34,15467548,3,39.79,26.68,22260870,3,39.86,26.4
16329,2026-07-14T22:43:08.282653,chillipowder,29316036,3,41.18,24.14,32596866,3,41.66,24.32,54670280,3,41.87,24.05,32283744,3,41.98,23.86,37363740,3,40.72,25.79,59959744,3,40.56,25.35,15467548,3,39.79,26.7,22260870,3,39.87,26.39
16679,2026-07-14T22:43:08.635569,chillipowder,29316036,3,41.18,24.15,32596866,3,41.66,24.34,54670280,3,41.86,24.04,32283744,3,41.98,23.86,37363740,3,40.72,25.79,59959744,3,40.55,25.35,15467548,3,39.79,26.71,22260870,3,39.86,26.38
17029,2026-07-14T22:43:08.984785,chillipowder,29316036,3,41.18,24.15,32596866,3,41.64,24.35,54670280,3,41.85,24.07,32283744,3,41.97,23.87,37363740,3,40.71,25.81,59959744,3,40.56,25.36,15467548,3,39.78,26.72,22260870,3,39.86,26.41
17379,2026-07-14T22:43:09.334416,chillipowder,29316036,3,41.18,24.16,32596866,3,41.64,24.35,54670280,3,41.86,24.07,32283744,3,41.97,23.87,37363740,3,40.71,25.82,59959744,3,40.55,25.37,15467548,3,39.77,26.71,22260870,3,39.86,26.42
17729,2026-07-14T22:43:09.685397,chillipowder,8137074,3,41.17,24.17,8419322,3,41.65,24.37,17741202,3,41.85,24.04,8291498,3,41.96,23.88,13937899,3,40.71,25.82,22306330,3,40.55,25.37,3189410,3,39.78,26.73,6043526,3,39.84,26.43
18079,2026-07-14T22:43:10.034953,chillipowder,8137074,4,41.33,24.18,8419322,4,41.8,24.37,17741202,4,41.99,24.09,8291498,4,42.12,23.91,13937899,4,40.86,25.85,22306330,4,40.69,25.4,3189410,4,39.9,26.75,6043526,4,40.0,26.45
18429,2026-07-14T22:43:10.384672,chillipowder,8137074,4,41.78,24.24,8419322,4,42.24,24.44,17741202,4,42.44,24.12,8291498,4,42.58,23.95,13937899,4,41.33,25.91,22306330,4,41.16,25.44,3189410,4,40.35,26.8,6043526,4,40.43,26.5
18779,2026-07-14T22:43:10.736043,chillipowder,8137074,4,41.99,24.15,8419322,4,42.46,24.43,17741202,4,42.67,24.13,8291498,4,42.79,23.93,13937899,4,41.56,25.91,22306330,4,41.38,25.44,3189410,4,40.56,26.8,6043526,4,40.65,26.51
19129,2026-07-14T22:43:11.084514,chillipowder,8137074,4,42.1,23.99,8419322,4,42.58,24.39,17741202,4,42.79,24.1,8291498,4,42.92,23.93,13937899,4,41.69,25.88,22306330,4,41.51,25.41,3189410,4,40.67,26.78,6043526,4,40.77,26.5
19479,2026-07-14T22:43:11.432371,chillipowder,845233,5,42.21,24.11,973615,4,42.65,24.36,1656622,4,42.86,24.05,862860,4,42.99,23.88,1432167,4,41.76,25.81,2129451,4,41.59,25.37,530295,4,40.75,26.75,747445,4,40.84,26.44
19829,2026-07-14T22:43:11.785165,chillipowder,845233,5,42.24,24.05,973615,5,42.7,24.31,1656622,5,42.91,24.01,862860,5,43.06,23.84,1432167,5,41.83,25.77,2129451,5,41.65,25.31,530295,5,40.81,26.68,747445,5,40.89,26.37
20179,2026-07-14T22:43:12.120901,chillipowder,845233,5,42.27,24.02,973615,5,42.74,24.25,1656622,5,42.95,23.93,862860,5,43.1,23.78,1432167,5,41.88,25.72,2129451,5,41.69,25.26,530295,5,40.84,26.62,747445,5,40.93,26.33
20529,2026-07-14T22:43:12.483780,chillipowder,845233,5,42.29,23.95,973615,5,42.77,24.21,1656622,5,42.98,23.88,862860,5,43.13,23.75,1432167,5,41.92,25.65,2129451,5,41.72,25.2,530295,5,40.89,26.58,747445,5,40.96,26.27
20879,2026-07-14T22:43:12.833879,chillipowder,864499,5,42.3,23.9,973615,5,42.8,24.15,1656622,5,43.01,23.84,862860,5,43.17,23.68,1432167,5,41.95,25.6,2129451,5,41.75,25.15,530295,5,40.91,26.51,747445,5,40.98,26.22
21229,2026-07-14T22:43:13.184185,chillipowder,864499,6,42.32,23.86,986275,5,42.81,24.12,1643659,5,43.03,23.79,892763,5,43.19,23.63,1432167,5,41.98,25.54,2096749,5,41.77,25.1,552617,5,40.93,26.47,763040,5,41.01,26.16
21579,2026-07-14T22:43:13.530840,chillipowder,864499,6,42.33,23.81,986275,6,42.83,24.06,1643659,6,43.05,23.73,892763,6,43.21,23.58,1432167,6,42.0,25.49,2096749,6,41.79,25.04,552617,6,40.95,26.42,763040,6,41.03,26.12
21929,2026-07-14T22:43:13.870485,chillipowder,864499,6,42.34,23.78,986275,6,42.85,24.0,1643659,6,43.07,23.67,892763,6,43.23,23.53,1432167,6,42.01,25.45,2096749,6,41.81,25.0,552617,6,40.97,26.37,763040,6,41.05,26.09
22279,2026-07-14T22:43:14.235085,chillipowder,864499,6,42.36,23.74,986275,6,42.87,23.95,1643659,6,43.09,23.65,892763,6,43.26,23.51,1432167,6,42.04,25.33,2096749,6,41.83,24.95,552617,6,40.98,26.31,763040,6,41.06,26.02
22629,2026-07-14T22:43:14.584847,chillipowder,836943,6,42.36,23.7,986275,6,42.88,23.93,1643659,6,43.09,23.61,892763,6,43.27,23.45,1387064,6,42.07,25.3,2096749,6,41.85,24.92,552617,6,41.0,26.28,763040,6,41.07,25.98
22979,2026-07-14T22:43:14.925257,chillipowder,836943,7,42.23,23.67,957904,6,42.9,23.9,1599375,6,43.11,23.58,859601,6,43.29,23.42,1387064,7,41.94,25.26,2020720,6,41.86,24.87,546862,6,41.01,26.23,749085,6,41.08,25.95
23329,2026-07-14T22:43:15.283535,chillipowder,836943,7,42.62,23.67,957904,7,42.77,23.85,1599375,7,42.99,23.54,859601,7,43.14,23.36,1387064,7,42.33,25.26,2020720,7,41.72,24.83,546862,7,40.88,26.25,749085,7,40.96,25.89
23679,2026-07-14T22:43:15.635370,chillipowder,836943,7,42.81,23.67,957904,7,43.17,23.85,1599375,7,43.4,23.55,859601,7,43.54,23.41,1387064,7,42.53,25.24,2020720,7,42.13,24.84,546862,7,41.46,26.17,749085,7,41.34,25.9
24029,2026-07-14T22:43:15.970295,chillipowder,836943,7,42.92,23.6,957904,7,43.38,23.84,1599375,7,43.6,23.52,859601,7,43.75,23.35,1387064,7,42.66,25.2,2020720,7,42.35,24.81,546862,7,41.59,26.13,749085,7,41.54,25.87
24379,2026-07-14T22:43:16.335270,chillipowder,411162,7,42.98,23.57,957904,7,43.5,23.8,1599375,7,43.72,23.49,458678,7,43.95,23.27,559410,7,42.74,25.13,2020720,7,42.48,24.79,328099,7,41.67,26.07,749085,7,41.65,25.85
24729,2026-07-14T22:43:16.684325,chillipowder,411162,8,43.03,23.53,475615,7,43.58,23.75,580334,7,43.8,23.44,458678,8,44.01,23.22,559410,8,42.8,25.07,740151,7,42.56,24.7,328099,8,41.73,26.01,384962,7,41.73,25.81
25079,2026-07-14T22:43:17.033953,chillipowder,411162,8,43.07,23.49,475615,8,43.63,23.69,580334,8,43.86,23.38,458678,8,44.06,23.16,559410,8,42.85,25.02,740151,8,42.63,24.66,328099,8,41.77,25.97,384962,8,41.78,25.74
25429,2026-07-14T22:43:17.373205,chillipowder,411162,8,43.1,23.43,475615,8,43.68,23.63,580334,8,43.9,23.31,458678,8,44.1,23.09,559410,8,42.89,24.95,740151,8,42.68,24.6,328099,8,41.81,25.88,384962,8,41.83,25.68
25779,2026-07-14T22:43:17.735278,chillipowder,411162,8,43.12,23.37,475615,8,43.72,23.58,580334,8,43.94,23.26,458678,8,44.13,23.06,559410,8,42.92,24.89,740151,8,42.71,24.55,328099,8,41.84,25.83,384962,8,41.88,25.62
26129,2026-07-14T22:43:18.084934,chillipowder,507433,8,43.14,23.32,475615,8,43.76,23.51,580334,8,43.98,23.22,570632,8,44.16,22.98,691424,8,42.96,24.83,740151,8,42.75,24.48,421052,8,41.87,25.77,384962,8,41.91,25.55
26479,2026-07-14T22:43:18.432093,chillipowder,507433,9,43.17,23.27,591394,8,43.78,23.48,730645,8,44.0,23.16,570632,9,44.19,22.95,691424,9,42.98,24.76,924813,8,42.77,24.42,421052,9,41.89,25.71,480638,8,41.93,25.5
26829,2026-07-14T22:43:18.784171,chillipowder,507433,9,43.19,23.23,591394,9,43.8,23.42,730645,9,44.04,23.1,570632,9,44.22,22.9,691424,9,43.01,24.71,924813,9,42.8,24.37,421052,9,41.92,25.64,480638,9,41.95,25.45
27179,2026-07-14T22:43:19.134631,chillipowder,507433,9,43.22,23.19,591394,9,43.83,23.36,730645,9,44.06,23.06,570632,9,44.24,22.83,691424,9,43.03,24.68,924813,9,42.83,24.3,421052,9,41.93,25.6,480638,9,41.98,25.39
27529,2026-07-14T22:43:19.483677,chillipowder,507433,9,43.24,23.15,591394,9,43.85,23.33,730645,9,44.08,23.02,570632,9,44.27,22.81,691424,9,43.05,24.62,924813,9,42.85,24.27,421052,9,41.95,25.55,480638,9,42.01,25.36
27879,2026-07-14T22:43:19.835684,chillipowder,562174,9,43.25,23.11,591394,9,43.88,23.28,730645,9,44.11,22.97,634252,9,44.29,22.76,772976,9,43.07,24.57,924813,9,42.87,24.22,468757,9,41.97,25.51,480638,9,42.02,25.3
28229,2026-07-14T22:43:20.184632,chillipowder,562174,0,43.27,23.07,651192,9,43.89,23.25,814476,9,44.13,22.93,634252,0,44.3,22.72,772976,0,43.09,24.52,1026309,9,42.89,24.18,468757,0,42.0,25.45,531120,9,42.04,25.23
28579,2026-07-14T22:43:20.532272,chillipowder,562174,0,43.29,23.03,651192,0,43.91,23.2,814476,0,44.14,22.87,634252,0,44.33,22.68,772976,0,43.11,24.49,1026309,0,42.91,24.12,468757,0,42.02,25.42,531120,0,42.06,25.21
28929,2026-07-14T22:43:20.870567,chillipowder,562174,0,43.29,23.01,651192,0,43.93,23.15,814476,0,44.16,22.86,634252,0,44.34,22.65,772976,0,43.13,24.44,1026309,0,42.92,24.09,468757,0,42.03,25.36,531120,0,42.07,24.94
29279,2026-07-14T22:43:21.230631,chillipowder,562174,0,43.32,22.97,651192,0,43.94,23.11,814476,0,44.18,22.82,634252,0,44.36,22.61,772976,0,43.15,24.38,1026309,0,42.94,24.03,468757,0,42.04,25.32,531120,0,42.11,25.08
29629,2026-07-14T22:43:21.585522,chillipowder,601291,0,43.33,22.95,651192,0,43.96,23.09,814476,0,44.19,22.78,675684,0,44.37,22.58,822820,0,43.17,24.36,1026309,0,42.96,24.0,483018,0,42.05,25.28,567784,0,42.12,25.05
29979,2026-07-14T22:43:21.931006,chillipowder,601291,1,42.67,22.85,690026,0,43.97,23.06,870563,0,44.21,22.74,675684,1,43.73,22.45,822820,1,42.49,24.25,1103448,0,42.97,23.96,483018,1,41.42,25.18,567784,1,41.5,24.93
30329,2026-07-14T22:43:22.281642,chillipowder,102400000,1,42.18,22.81,690026,1,43.3,22.95,870563,1,43.55,22.64,102400000,1,43.21,22.42,102400000,1,41.96,24.19,1103448,1,42.3,23.85,102400000,1,40.94,25.12,102400000,1,41.0,24.88
30679,2026-07-14T22:43:22.640462,chillipowder,102400000,2,41.95,22.81,102400000,1,42.81,22.89,102400000,1,43.02,22.6,102400000,2,42.95,22.42,102400000,2,41.69,24.18,102400000,1,41.77,23.82,102400000,2,40.68,25.12,102400000,2,40.76,24.88
31029,2026-07-14T22:43:22.987546,chillipowder,102400000,2,41.81,22.83,102400000,2,42.55,22.88,102400000,2,42.78,22.61,102400000,2,42.79,22.44,102400000,2,41.52,24.22,102400000,2,41.5,23.81,102400000,2,40.53,25.13,102400000,2,40.63,24.92
31379,2026-07-14T22:43:23.335379,chillipowder,102400000,2,41.76,22.9,102400000,2,42.4,22.92,102400000,2,42.62,22.65,102400000,2,42.69,22.5,102400000,2,41.43,24.28,102400000,2,41.35,23.82,102400000,2,40.43,25.18,102400000,2,40.53,24.93
31729,2026-07-14T22:43:23.681180,chillipowder,102400000,2,41.69,22.95,102400000,2,42.3,22.97,102400000,2,42.52,22.72,102400000,2,42.63,22.55,102400000,2,41.35,24.34,102400000,2,41.23,23.88,102400000,2,40.36,25.23,102400000,2,40.45,24.98
32079,2026-07-14T22:43:24.036080,chillipowder,102400000,2,41.66,23.02,102400000,2,42.25,23.04,102400000,2,42.45,22.77,102400000,2,42.57,22.61,102400000,2,41.28,24.4,102400000,2,41.16,23.95,102400000,2,40.32,25.3,102400000,2,40.4,25.04
32429,2026-07-14T22:43:24.383890,chillipowder,102400000,2,41.63,23.1,102400000,2,42.2,23.1,102400000,2,42.39,22.83,102400000,2,42.52,22.67,102400000,2,41.23,24.47,102400000,2,41.1,24.01,102400000,2,40.27,25.36,102400000,2,40.36,25.12
32779,2026-07-14T22:43:24.731114,chillipowder,102400000,2,41.61,23.14,102400000,2,42.15,23.15,102400000,2,42.35,22.91,102400000,2,42.49,22.72,102400000,2,41.2,24.55,102400000,2,41.05,24.07,102400000,2,40.22,25.43,102400000,2,40.33,25.16
33129,2026-07-14T22:43:25.084294,chillipowder,102400000,2,41.58,23.19,102400000,2,42.12,23.23,102400000,2,42.33,22.98,102400000,2,42.46,22.79,102400000,2,41.16,24.61,102400000,2,41.02,24.14,102400000,2,40.2,25.5,102400000,2,40.31,25.23
33479,2026-07-14T22:43:25.434769,chillipowder,102400000,2,41.56,23.24,102400000,2,42.09,23.3,102400000,2,42.3,23.05,102400000,2,42.42,22.85,102400000,2,41.13,24.68,102400000,2,41.0,24.19,102400000,2,40.17,25.56,102400000,2,40.28,25.29
33829,2026-07-14T22:43:25.783286,chillipowder,42445596,2,41.54,23.31,102400000,2,42.07,23.35,102400000,2,42.28,23.11,46711332,2,42.39,22.89,54499792,2,41.11,24.73,102400000,2,40.98,24.26,22842802,2,40.16,25.63,33140834,2,40.26,25.36
34179,2026-07-14T22:43:26.133534,chillipowder,42445596,3,41.54,23.35,46071000,2,42.04,23.42,77649288,2,42.26,23.16,46711332,3,42.37,22.94,54499792,3,41.09,24.82,85556136,2,40.95,24.33,22842802,3,40.14,25.69,33140834,3,40.24,25.41
34529,2026-07-14T22:43:26.482622,chillipowder,42445596,3,41.53,23.42,46071000,3,42.03,23.47,77649288,3,42.24,23.21,46711332,3,42.34,22.99,54499792,3,41.07,24.86,85556136,3,40.93,24.37,22842802,3,40.13,25.72,33140834,3,40.22,25.45
34879,2026-07-14T22:43:26.821369,chillipowder,42445596,3,41.5,23.43,46071000,3,42.01,23.51,77649288,3,42.21,23.26,46711332,3,42.33,23.05,54499792,3,41.05,24.91,85556136,3,40.91,24.42,22842802,3,40.11,25.78,33140834,3,40.21,25.51
35229,2026-07-14T22:43:27.184138,chillipowder,42445596,3,41.5,23.47,46071000,3,42.0,23.57,77649288,3,42.2,23.28,46711332,3,42.31,23.09,54499792,3,41.03,24.97,85556136,3,40.89,24.5,22842802,3,40.1,25.83,33140834,3,40.19,25.55
35579,2026-07-14T22:43:27.525097,chillipowder,42445596,3,41.49,23.53,46071000,3,41.98,23.61,77649288,3,42.18,23.35,46711332,3,42.3,23.14,54499792,3,41.02,25.02,85556136,3,40.87,24.53,22842802,3,40.07,25.89,33140834,3,40.18,25.6
35929,2026-07-14T22:43:27.877396,chillipowder,42445596,3,41.48,23.57,46071000,3,41.97,23.66,77649288,3,42.17,23.4,46711332,3,42.28,23.18,54499792,3,41.0,25.04,85556136,3,40.86,24.57,22842802,3,40.06,25.93,33140834,3,40.16,25.63
36279,2026-07-14T22:43:28.233728,chillipowder,42445596,3,41.47,23.59,46071000,3,41.95,23.71,77649288,3,42.16,23.42,46711332,3,42.26,23.22,54499792,3,40.99,25.1,85556136,3,40.85,24.61,22842802,3,40.05,25.98,33140834,3,40.15,25.7
36629,2026-07-14T22:43:28.574408,chillipowder,42445596,3,41.45,23.6,46071000,3,41.94,23.63,77649288,3,42.15,23.46,46711332,3,42.25,23.24,54499792,3,40.97,25.12,85556136,3,40.84,24.68,22842802,3,40.04,26.02,33140834,3,40.14,25.72
36979,2026-07-14T22:43:28.933899,chillipowder,42445596,3,41.45,23.65,46071000,3,41.93,23.69,77649288,3,42.14,23.51,46711332,3,42.24,23.28,54499792,3,40.97,25.17,85556136,3,40.82,24.72,22842802,3,40.04,26.05,33140834,3,40.14,25.77
37329,2026-07-14T22:43:29.276107,chillipowder,42445596,3,41.44,23.67,46071000,3,41.92,23.87,77649288,3,42.13,23.54,46711332,3,42.22,23.32,54499792,3,40.95,25.21,85556136,3,40.81,24.74,22842802,3,40.03,26.1,33140834,3,40.13,25.8
37679,2026-07-14T22:43:29.633846,chillipowder,42445596,3,41.43,23.69,46071000,3,41.9,23.82,77649288,3,42.11,23.57,46711332,3,42.22,23.36,54499792,3,40.95,25.25,85556136,3,40.8,24.76,22842802,3,40.01,26.12,33140834,3,40.12,25.83
38029,2026-07-14T22:43:29.984080,chillipowder,42445596,3,41.42,23.72,46071000,3,41.89,23.89,77649288,3,42.11,23.59,46711332,3,42.21,23.37,54499792,3,40.94,25.27,85556136,3,40.79,24.8,22842802,3,40.01,26.15,33140834,3,40.11,25.86
38379,2026-07-14T22:43:30.335640,chillipowder,42445596,3,41.42,23.76,46071000,3,41.88,23.92,77649288,3,42.1,23.62,46711332,3,42.19,23.4,54499792,3,40.93,25.32,85556136,3,40.79,24.82,22842802,3,40.0,26.19,33140834,3,40.1,25.89
38729,2026-07-14T22:43:30.685566,chillipowder,42445596,3,41.41,23.77,46071000,3,41.88,23.94,77649288,3,42.09,23.64,46711332,3,42.19,23.42,54499792,3,40.92,25.34,85556136,3,40.77,24.86,22842802,3,39.99,26.23,33140834,3,40.09,25.93
39079,2026-07-14T22:43:31.212299,chillipowder,42445596,3,41.39,23.79,46071000,3,41.86,23.98,77649288,3,42.09,23.66,46711332,3,42.18,23.46,54499792,3,40.91,25.37,85556136,3,40.76,24.83,22842802,3,39.99,26.26,33140834,3,40.08,25.94
39429,2026-07-14T22:43:31.648990,chillipowder,42445596,3,41.39,23.81,46071000,3,41.86,23.97,77649288,3,42.07,23.69,46711332,3,42.18,23.49,54499792,3,40.9,25.38,85556136,3,40.76,24.95,22842802,3,39.98,26.28,33140834,3,40.07,25.96
39779,2026-07-14T22:43:31.735471,chillipowder,42445596,3,41.39,23.84,46071000,3,41.85,24.0,77649288,3,42.07,23.7,46711332,3,42.17,23.52,54499792,3,40.9,25.41,85556136,3,40.74,24.96,22842802,3,39.97,26.3,33140834,3,40.07,25.99
40129,2026-07-14T22:43:32.084448,chillipowder,42445596,3,41.37,23.85,46071000,3,41.84,24.03,77649288,3,42.06,23.73,46711332,3,42.16,23.52,54499792,3,40.89,25.44,85556136,3,40.74,25.0,22842802,3,39.96,26.33,33140834,3,40.05,26.03
40479,2026-07-14T22:43:32.420640,chillipowder,42445596,3,41.38,23.86,46071000,3,41.84,24.04,77649288,3,42.05,23.75,46711332,3,42.15,23.54,54499792,3,40.88,25.48,85556136,3,40.72,25.0,22842802,3,39.96,26.34,33140834,3,40.04,26.04
40829,2026-07-14T22:43:32.785362,chillipowder,42445596,3,41.36,23.88,46071000,3,41.83,24.07,77649288,3,42.04,23.78,46711332,3,42.15,23.57,54499792,3,40.88,25.49,85556136,3,40.73,25.03,22842802,3,39.95,26.34,33140834,3,40.04,26.06
41179,2026-07-14T22:43:33.134800,chillipowder,42445596,3,41.36,23.9,46071000,3,41.83,24.08,77649288,3,42.04,23.77,46711332,3,42.14,23.58,54499792,3,40.88,25.5,85556136,3,40.72,25.06,22842802,3,39.95,26.37,33140834,3,40.04,26.09
41529,2026-07-14T22:43:33.486065,chillipowder,42445596,3,41.35,23.89,46071000,3,41.81,24.09,77649288,3,42.03,23.81,46711332,3,42.13,23.59,54499792,3,40.86,25.51,85556136,3,40.72,25.06,22842802,3,39.93,26.39,33140834,3,40.03,26.09
41879,2026-07-14T22:43:33.834930,chillipowder,42445596,3,41.35,23.93,46071000,3,41.81,24.1,77649288,3,42.02,23.81,46711332,3,42.12,23.61,54499792,3,40.86,25.53,85556136,3,40.7,25.08,22842802,3,39.93,26.42,33140834,3,40.02,26.12
42229,2026-07-14T22:43:34.184024,chillipowder,42445596,3,41.34,23.94,46071000,3,41.8,24.12,77649288,3,42.02,23.81,46711332,3,42.12,23.63,54499792,3,40.86,25.54,85556136,3,40.7,25.09,22842802,3,39.92,26.45,33140834,3,40.02,26.12
42579,2026-07-14T22:43:34.521953,chillipowder,42445596,3,41.33,23.97,46071000,3,41.8,24.12,77649288,3,42.02,23.84,46711332,3,42.11,23.66,54499792,3,40.86,25.57,85556136,3,40.7,25.1,22842802,3,39.92,26.46,33140834,3,40.01,26.14
42929,2026-07-14T22:43:34.883191,chillipowder,42445596,3,41.33,23.97,46071000,3,41.79,24.15,77649288,3,42.01,23.85,46711332,3,42.11,23.66,54499792,3,40.85,25.58,85556136,3,40.69,25.13,22842802,3,39.91,26.46,33140834,3,40.01,26.15
43279,2026-07-14T22:43:35.233887,chillipowder,42445596,3,41.32,23.97,46071000,3,41.78,24.15,77649288,3,42.0,23.85,46711332,3,42.1,23.67,54499792,3,40.84,25.58,85556136,3,40.69,25.13,22842802,3,39.91,26.47,33140834,3,40.0,26.16
43629,2026-07-14T22:43:35.583971,chillipowder,42445596,3,41.32,23.97,46071000,3,41.78,24.16,77649288,3,41.99,23.88,46711332,3,42.09,23.69,54499792,3,40.84,25.6,85556136,3,40.68,25.15,22842802,3,39.9,26.5,33140834,3,40.0,26.19
43979,2026-07-14T22:43:36.185209,chillipowder,42445596,3,41.31,23.99,46071000,3,41.77,24.18,77649288,3,41.99,23.92,46711332,3,42.09,23.69,54499792,3,40.83,25.62,85556136,3,40.69,25.17,22842802,3,39.9,26.51,33140834,3,39.99,26.19
44329,2026-07-14T22:43:36.271921,chillipowder,9801974,3,41.31,24.0,9935719,3,41.77,24.18,77649288,3,41.98,23.9,10138614,3,42.08,23.7,17374338,3,40.83,25.63,27489932,3,40.67,25.17,3812892,3,39.9,26.53,7358634,3,39.98,26.22
44679,2026-07-14T22:43:36.634982,chillipowder,9801974,4,41.74,24.06,9935719,4,42.2,24.25,21729442,3,41.98,23.91,10138614,4,42.52,23.77,17374338,4,41.27,25.7,27489932,4,41.1,25.24,3812892,4,40.3,26.58,7358634,4,40.39,26.27
45029,2026-07-14T22:43:36.971535,chillipowder,9801974,4,42.04,24.07,9935719,4,42.5,24.27,21729442,4,42.4,23.95,10138614,4,42.83,23.8,17374338,4,41.58,25.72,27489932,4,41.41,25.26,3812892,4,40.6,26.62,7358634,4,40.69,26.3
45379,2026-07-14T22:43:37.335002,chillipowder,9801974,4,42.2,24.07,9935719,4,42.65,24.26,21729442,4,42.71,23.98,10138614,4,42.99,23.79,17374338,4,41.75,25.7,27489932,4,41.58,25.25,3812892,4,40.75,26.62,7358634,4,40.84,26.29
45729,2026-07-14T22:43:37.815550,chillipowder,9801974,4,42.27,24.02,9935719,4,42.74,24.22,21729442,4,42.87,23.96,10138614,4,43.08,23.75,17374338,4,41.86,25.69,27489932,4,41.68,25.21,3812892,4,40.84,26.57,7358634,4,40.94,26.27
46079,2026-07-14T22:43:38.023498,chillipowder,1014112,4,42.33,23.98,1131804,4,42.8,24.18,21729442,4,42.96,23.92,1037224,4,43.15,23.7,1723543,4,41.92,25.62,2504433,4,41.74,25.18,624961,4,40.91,26.52,889854,4,40.99,26.23
46429,2026-07-14T22:43:38.383611,chillipowder,1014112,5,42.36,23.92,1131804,5,42.84,24.14,1947230,4,43.02,23.87,1037224,5,43.21,23.66,1723543,5,41.98,25.64,2504433,5,41.78,25.14,624961,5,40.99,26.43,889854,5,41.03,26.19
46779,2026-07-14T22:43:38.736217,chillipowder,1014112,5,42.39,23.89,1131804,5,42.87,24.08,1947230,5,43.06,23.83,1037224,5,43.24,23.61,1723543,5,42.04,25.47,2504433,5,41.82,25.06,624961,5,41.02,26.38,889854,5,41.06,26.13
47129,2026-07-14T22:43:39.070420,chillipowder,1014112,5,42.41,23.9,1131804,5,42.9,24.04,1947230,5,43.09,23.78,1037224,5,43.27,23.55,1723543,5,42.07,25.42,2504433,5,41.86,25.04,624961,5,41.04,26.34,889854,5,41.09,26.09
47479,2026-07-14T22:43:39.435364,chillipowder,1014112,5,42.42,23.75,1131804,5,42.93,23.99,1947230,5,43.13,23.73,1037224,5,43.3,23.51,1688375,5,42.09,25.36,2504433,5,41.88,24.97,639600,5,41.06,26.29,889854,5,41.12,26.03
47829,2026-07-14T22:43:39.771495,chillipowder,1008122,6,42.46,23.7,1128063,5,42.94,23.93,1947230,5,43.15,23.67,1028628,5,43.32,23.47,1688375,6,42.11,25.31,2457108,5,41.9,24.93,639600,6,41.07,26.23,890434,5,41.13,25.98
48179,2026-07-14T22:43:40.132071,chillipowder,1008122,6,42.46,23.67,1128063,6,42.96,23.88,1909112,5,43.16,23.63,1028628,6,43.33,23.41,1688375,6,42.13,25.27,2457108,6,41.91,24.88,639600,6,41.09,26.18,890434,6,41.15,25.94
48529,2026-07-14T22:43:40.484355,chillipowder,1008122,6,42.47,23.62,1128063,6,42.98,23.85,1909112,6,43.19,23.57,1028628,6,43.35,23.38,1688375,6,42.15,25.22,2457108,6,41.93,24.83,639600,6,41.1,26.13,890434,6,41.17,25.9
48879,2026-07-14T22:43:40.833747,chillipowder,1008122,6,42.49,23.59,1128063,6,42.99,23.81,1909112,6,43.21,23.54,1028628,6,43.37,23.33,1688375,6,42.17,25.17,2457108,6,41.95,24.79,639600,6,41.11,26.11,890434,6,41.18,25.86
49229,2026-07-14T22:43:41.184187,chillipowder,956562,6,42.49,23.55,1128063,6,43.01,23.78,1909112,6,43.21,23.51,1028628,6,43.38,23.29,1625074,6,42.18,25.16,2457108,6,41.96,24.76,624390,6,41.12,26.06,890434,6,41.2,25.8
49579,2026-07-14T22:43:41.519743,chillipowder,956562,7,42.73,23.57,1096359,6,43.01,23.74,1909112,6,43.23,23.48,989133,6,43.4,23.27,1625074,7,42.41,25.14,2343249,6,41.98,24.73,624390,7,41.35,26.04,861771,6,41.21,25.77
49929,2026-07-14T22:43:41.883417,chillipowder,956562,7,42.92,23.54,1096359,7,43.27,23.75,1831023,6,43.23,23.44,989133,7,43.64,23.26,1625074,7,42.63,25.11,2343249,7,42.23,24.72,624390,7,41.56,26.04,861771,7,41.44,25.75
50279,2026-07-14T22:43:42.231628,chillipowder,956562,7,43.02,23.52,1096359,7,43.48,23.74,1831023,7,43.5,23.44,989133,7,43.84,23.23,1625074,7,42.76,25.07,2343249,7,42.45,24.69,624390,7,41.69,26.0,861771,7,41.64,25.73
50629,2026-07-14T22:43:42.569252,chillipowder,956562,7,43.09,23.46,1096359,7,43.6,23.67,1831023,7,43.71,23.42,989133,7,43.96,23.2,1625074,7,42.84,25.02,2343249,7,42.57,24.66,624390,7,41.76,25.95,861771,7,41.75,25.71
50979,2026-07-14T22:43:42.920084,chillipowder,457449,7,43.14,23.42,1096359,7,43.68,23.62,1831023,7,43.83,23.38,989133,7,44.04,23.16,615939,7,42.9,24.98,2343249,7,42.66,24.61,368876,7,41.83,25.9,861771,7,41.83,25.68
51329,2026-07-14T22:43:43.283908,chillipowder,457449,8,43.17,23.35,527835,7,43.74,23.58,1831023,7,43.92,23.31,507056,7,44.1,23.11,615939,8,42.95,24.89,818381,7,42.73,24.53,368876,8,41.87,25.82,426045,7,41.9,25.6
51679,2026-07-14T22:43:43.619835,chillipowder,457449,8,43.21,23.32,527835,8,43.78,23.54,642006,7,43.97,23.28,507056,8,44.15,23.06,615939,8,42.99,24.84,818381,8,42.78,24.49,368876,8,41.9,25.77,426045,8,41.94,25.54
52029,2026-07-14T22:43:43.981532,chillipowder,457449,8,43.23,23.25,527835,8,43.82,23.48,642006,8,44.02,23.22,507056,8,44.19,23.0,615939,8,43.01,24.78,818381,8,42.82,24.43,368876,8,41.94,25.7,426045,8,41.97,25.49
52379,2026-07-14T22:43:44.333258,chillipowder,457449,8,43.26,23.2,527835,8,43.85,23.42,642006,8,44.06,23.17,507056,8,44.23,23.05,615939,8,43.05,24.71,818381,8,42.85,24.37,368876,8,41.97,25.65,426045,8,42.01,25.43
52729,2026-07-14T22:43:44.682744,chillipowder,538663,8,43.28,23.17,527835,8,43.89,23.36,642006,8,44.08,23.13,507056,8,44.26,22.91,735368,8,43.07,24.66,818381,8,42.88,24.31,441189,8,41.98,25.61,426045,8,42.03,25.37
53079,2026-07-14T22:43:45.025345,chillipowder,538663,9,43.3,23.12,623819,8,43.91,23.31,642006,8,44.12,23.04,602884,9,44.31,22.8,735368,9,43.1,24.62,978499,8,42.91,24.25,441189,9,42.01,25.55,503317,8,42.06,25.33
53429,2026-07-14T22:43:45.377374,chillipowder,538663,9,43.32,23.09,623819,9,43.93,23.25,766037,8,44.14,23.0,602884,9,44.33,22.75,735368,9,43.13,24.56,978499,9,42.93,24.21,441189,9,42.03,25.5,503317,9,42.08,25.26
53779,2026-07-14T22:43:45.733027,chillipowder,538663,9,43.34,23.05,623819,9,43.95,23.21,766037,9,44.17,22.96,602884,9,44.36,22.7,735368,9,43.15,24.51,978499,9,42.95,24.16,441189,9,42.05,25.45,503317,9,42.1,25.24
54129,2026-07-14T22:43:46.082989,chillipowder,538663,9,43.35,23.0,623819,9,43.97,23.18,766037,9,44.19,22.9,602884,9,44.38,22.67,735368,9,43.17,24.47,978499,9,42.98,24.12,441189,9,42.07,25.39,503317,9,42.12,25.18
54479,2026-07-14T22:43:46.430549,chillipowder,585812,9,43.37,22.98,623819,9,44.0,23.13,766037,9,44.21,22.87,658732,9,44.39,22.63,804873,9,43.18,24.43,978499,9,42.99,24.05,480300,9,42.08,25.36,503317,9,42.14,25.15
54829,2026-07-14T22:43:46.841401,chillipowder,585812,0,43.39,22.95,673684,9,44.01,23.09,766037,9,44.23,22.83,658732,0,44.42,22.59,804873,0,43.2,24.39,1065556,9,43.01,24.01,480300,0,42.1,25.31,549946,9,42.15,25.09
55179,2026-07-14T22:43:47.119165,chillipowder,585812,0,43.4,22.91,673684,0,44.02,23.08,839000,9,44.25,22.79,658732,0,44.44,22.56,804873,0,43.23,24.34,1065556,0,43.03,23.99,480300,0,42.13,25.28,549946,0,42.17,25.03
55529,2026-07-14T22:43:47.484292,chillipowder,585812,0,43.42,22.88,673684,0,44.04,23.03,839000,0,44.26,22.75,658732,0,44.46,22.52,804873,0,43.25,24.31,1065556,0,43.05,23.95,480300,0,42.15,25.23,549946,0,42.19,25.02
55879,2026-07-14T22:43:47.820620,chillipowder,585812,0,43.42,22.87,673684,0,44.06,23.0,839000,0,44.28,22.71,658732,0,44.47,22.48,804873,0,43.26,24.29,1065556,0,43.06,23.91,480300,0,42.16,25.18,549946,0,42.2,24.98
56229,2026-07-14T22:43:48.181171,chillipowder,613724,0,43.44,22.84,673684,0,44.08,22.96,839000,0,44.29,22.7,697072,0,44.49,22.45,839000,0,43.27,24.25,1065556,0,43.07,23.87,504061,0,42.18,25.16,549946,0,42.22,24.94
56579,2026-07-14T22:43:48.523683,chillipowder,613724,1,42.78,22.73,709386,0,44.09,22.93,839000,0,44.31,22.67,697072,1,43.82,22.35,839000,1,42.58,24.13,1117903,0,43.09,23.84,504061,1,41.53,25.03,580828,0,42.23,24.89
56929,2026-07-14T22:43:48.870026,chillipowder,102400000,1,42.29,22.69,709386,1,43.42,22.84,889274,0,44.33,22.62,102400000,1,43.32,22.31,102400000,1,42.06,24.06,1117903,1,42.42,23.73,102400000,1,41.03,25.0,580828,1,41.6,24.84
57279,2026-07-14T22:43:49.230827,chillipowder,102400000,2,42.06,22.71,102400000,1,42.9,22.78,889274,1,43.66,22.54,102400000,2,43.06,22.3,102400000,2,41.79,24.06,102400000,1,41.88,23.68,102400000,2,40.77,24.99,102400000,2,40.86,24.74
57629,2026-07-14T22:43:49.580976,chillipowder,102400000,2,41.92,22.74,102400000,2,42.65,22.8,102400000,1,43.15,22.48,102400000,2,42.89,22.34,102400000,2,41.61,24.1,102400000,2,41.61,23.68,102400000,2,40.63,25.0,102400000,2,40.73,24.76
57979,2026-07-14T22:43:49.935338,chillipowder,102400000,2,41.86,22.79,102400000,2,42.52,22.81,102400000,2,42.88,22.5,102400000,2,42.79,22.39,102400000,2,41.51,24.16,102400000,2,41.45,23.72,102400000,2,40.53,25.06,102400000,2,40.64,24.82
58329,2026-07-14T22:43:50.276529,chillipowder,102400000,2,41.8,22.87,102400000,2,42.41,22.85,102400000,2,42.73,22.55,102400000,2,42.73,22.44,102400000,2,41.45,24.22,102400000,2,41.34,23.76,102400000,2,40.46,25.11,102400000,2,40.56,24.86
58679,2026-07-14T22:43:50.628892,chillipowder,102400000,2,41.77,22.91,102400000,2,42.35,22.93,102400000,2,42.62,22.6,102400000,2,42.67,22.51,102400000,2,41.39,24.3,102400000,2,41.25,23.82,102400000,2,40.41,25.17,102400000,2,40.5,24.93
59029,2026-07-14T22:43:50.983997,chillipowder,102400000,2,41.74,22.99,102400000,2,42.29,23.0,102400000,2,42.55,22.68,102400000,2,42.62,22.56,102400000,2,41.34,24.38,102400000,2,41.2,23.9,102400000,2,40.37,25.27,102400000,2,40.46,25.0
59379,2026-07-14T22:43:51.550598,chillipowder,102400000,2,41.71,23.03,102400000,2,42.25,23.07,102400000,2,42.49,22.75,102400000,2,42.58,22.63,102400000,2,41.3,24.45,102400000,2,41.15,23.98,102400000,2,40.33,25.32,102400000,2,40.44,25.05
59729,2026-07-14T22:43:51.685737,chillipowder,102400000,2,41.69,23.1,102400000,2,42.21,23.14,102400000,2,42.45,22.82,102400000,2,42.55,22.69,102400000,2,41.27,24.51,102400000,2,41.11,24.03,102400000,2,40.3,25.38,102400000,2,40.4,25.12
60079,2026-07-14T22:43:52.036755,chillipowder,102400000,2,41.67,23.16,102400000,2,42.19,23.19,102400000,2,42.43,22.87,102400000,2,42.52,22.75,102400000,2,41.24,24.56,102400000,2,41.09,24.09,102400000,2,40.28,25.47,102400000,2,40.38,25.18
60429,2026-07-14T22:43:52.370733,chillipowder,43763608,2,41.65,23.23,102400000,2,42.16,23.26,102400000,2,42.41,22.96,49695544,2,42.5,22.81,55751596,2,41.21,24.65,102400000,2,41.07,24.17,23481190,2,40.26,25.52,33292354,2,40.36,25.26
60779,2026-07-14T22:43:52.734711,chillipowder,43763608,3,41.63,23.26,46861636,2,42.14,23.32,102400000,2,42.38,23.0,49695544,3,42.48,22.84,55751596,3,41.19,24.68,86917768,2,41.04,24.21,23481190,3,40.24,25.58,33292354,3,40.33,25.29
61129,2026-07-14T22:43:53.085594,chillipowder,43763608,3,41.63,23.29,46861636,3,42.12,23.37,78345488,2,42.35,23.05,49695544,3,42.46,22.92,55751596,3,41.17,24.76,86917768,3,41.03,24.28,23481190,3,40.22,25.63,33292354,3,40.32,25.35
61479,2026-07-14T22:43:53.432376,chillipowder,43763608,3,41.62,23.36,46861636,3,42.1,23.42,78345488,3,42.33,23.11,49695544,3,42.43,22.97,55751596,3,41.15,24.83,86917768,3,41.01,24.31,23481190,3,40.19,25.68,33292354,3,40.3,25.41
61829,2026-07-14T22:43:53.770615,chillipowder,43763608,3,41.6,23.4,46861636,3,42.08,23.47,78345488,3,42.32,23.16,49695544,3,42.41,23.0,55751596,3,41.13,24.88,86917768,3,40.99,24.39,23481190,3,40.18,25.75,33292354,3,40.29,25.46
62179,2026-07-14T22:43:54.134820,chillipowder,43763608,3,41.6,23.45,46861636,3,42.07,23.52,78345488,3,42.29,23.2,49695544,3,42.39,23.04,55751596,3,41.12,24.91,86917768,3,40.97,24.44,23481190,3,40.17,25.81,33292354,3,40.27,25.51
62529,2026-07-14T22:43:54.482591,chillipowder,43763608,3,41.58,23.48,46861636,3,42.05,23.56,78345488,3,42.28,23.27,49695544,3,42.38,23.09,55751596,3,41.1,24.97,86917768,3,40.95,24.49,23481190,3,40.17,25.82,33292354,3,40.25,25.53
62879,2026-07-14T22:43:54.834040,chillipowder,43763608,3,41.57,23.5,46861636,3,42.04,23.61,78345488,3,42.27,23.3,49695544,3,42.36,23.13,55751596,3,41.08,24.99,86917768,3,40.94,24.53,23481190,3,40.15,25.88,33292354,3,40.25,25.59
63229,2026-07-14T22:43:55.185165,chillipowder,43763608,3,41.57,23.53,46861636,3,42.03,23.64,78345488,3,42.25,23.35,49695544,3,42.35,23.16,55751596,3,41.08,25.05,86917768,3,40.93,24.58,23481190,3,40.14,25.93,33292354,3,40.23,25.64
63579,2026-07-14T22:43:55.531134,chillipowder,43763608,3,41.55,23.57,46861636,3,42.02,23.68,78345488,3,42.24,23.38,49695544,3,42.33,23.22,55751596,3,41.06,25.09,86917768,3,40.92,24.61,23481190,3,40.13,25.96,33292354,3,40.22,25.66
63929,2026-07-14T22:43:55.884005,chillipowder,43763608,3,41.54,23.59,46861636,3,42.01,23.71,78345488,3,42.23,23.42,49695544,3,42.33,23.24,55751596,3,41.05,25.12,86917768,3,40.9,24.66,23481190,3,40.12,26.0,33292354,3,40.22,25.7
64279,2026-07-14T22:43:56.234476,chillipowder,43763608,3,41.53,23.63,46861636,3,42.0,23.74,78345488,3,42.22,23.44,49695544,3,42.31,23.27,55751596,3,41.04,25.15,86917768,3,40.9,24.69,23481190,3,40.12,26.03,33292354,3,40.2,25.72
64629,2026-07-14T22:43:56.584230,chillipowder,43763608,3,41.52,23.65,46861636,3,41.99,23.79,78345488,3,42.21,23.47,49695544,3,42.3,23.3,55751596,3,41.03,25.19,86917768,3,40.89,24.73,23481190,3,40.1,26.05,33292354,3,40.2,25.78
64979,2026-07-14T22:43:56.934402,chillipowder,43763608,3,41.51,23.67,46861636,3,41.98,23.8,78345488,3,42.2,23.51,49695544,3,42.3,23.31,55751596,3,41.02,25.21,86917768,3,40.87,24.75,23481190,3,40.09,26.09,33292354,3,40.18,25.8
65329,2026-07-14T22:43:57.283479,chillipowder,43763608,3,41.51,23.68,46861636,3,41.98,23.84,78345488,3,42.19,23.55,49695544,3,42.28,23.36,55751596,3,41.01,25.26,86917768,3,40.87,24.78,23481190,3,40.08,26.11,33292354,3,40.18,25.81
65679,2026-07-14T22:43:57.634537,chillipowder,43763608,3,41.5,23.71,46861636,3,41.96,23.87,78345488,3,42.18,23.58,49695544,3,42.27,23.39,55751596,3,41.01,25.29,86917768,3,40.85,24.8,23481190,3,40.07,26.15,33292354,3,40.17,25.86
66029,2026-07-14T22:43:57.969179,chillipowder,43763608,3,41.5,23.72,46861636,3,41.96,23.88,78345488,3,42.18,23.58,49695544,3,42.26,23.4,55751596,3,41.0,25.3,86917768,3,40.85,24.84,23481190,3,40.06,26.18,33292354,3,40.16,25.88
66379,2026-07-14T22:43:58.318661,chillipowder,43763608,3,41.49,23.74,46861636,3,41.95,23.89,78345488,3,42.17,23.59,49695544,3,42.25,23.41,55751596,3,40.99,25.32,86917768,3,40.84,24.86,23481190,3,40.05,26.2,33292354,3,40.15,25.9
66729,2026-07-14T22:43:58.671671,chillipowder,43763608,3,41.48,23.76,46861636,3,41.94,23.91,78345488,3,42.15,23.62,49695544,3,42.24,23.43,55751596,3,40.99,25.35,86917768,3,40.84,24.88,23481190,3,40.05,26.22,33292354,3,40.15,25.92
67079,2026-07-14T22:43:59.023940,chillipowder,43763608,3,41.47,23.79,46861636,3,41.94,23.96,78345488,3,42.15,23.64,49695544,3,42.24,23.46,55751596,3,40.98,25.38,86917768,3,40.83,24.9,23481190,3,40.04,26.25,33292354,3,40.14,25.95
67429,2026-07-14T22:43:59.384159,chillipowder,43763608,3,41.47,23.79,46861636,3,41.93,23.96,78345488,3,42.14,23.66,49695544,3,42.23,23.47,55751596,3,40.96,25.39,86917768,3,40.82,24.94,23481190,3,40.03,26.26,33292354,3,40.13,25.97
67779,2026-07-14T22:43:59.733774,chillipowder,43763608,3,41.46,23.81,46861636,3,41.92,23.98,78345488,3,42.14,23.69,49695544,3,42.23,23.49,55751596,3,40.96,25.43,86917768,3,40.81,24.96,23481190,3,40.03,26.29,33292354,3,40.13,26.01
68129,2026-07-14T22:44:00.070585,chillipowder,43763608,3,41.45,23.83,46861636,3,41.91,24.0,78345488,3,42.13,23.71,49695544,3,42.22,23.52,55751596,3,40.95,25.42,86917768,3,40.81,24.96,23481190,3,40.02,26.3,33292354,3,40.12,26.02
68479,2026-07-14T22:44:00.433487,chillipowder,43763608,3,41.44,23.82,46861636,3,41.91,24.01,78345488,3,42.12,23.71,49695544,3,42.21,23.52,55751596,3,40.95,25.43,86917768,3,40.81,25.0,23481190,3,40.02,26.33,33292354,3,40.11,26.03
68829,2026-07-14T22:44:00.772620,chillipowder,43763608,3,41.44,23.85,46861636,3,41.9,24.02,78345488,3,42.11,23.74,49695544,3,42.21,23.55,55751596,3,40.94,25.46,86917768,3,40.79,24.99,23481190,3,40.0,26.33,33292354,3,40.1,26.05
69179,2026-07-14T22:44:01.120946,chillipowder,43763608,3,41.44,23.87,46861636,3,41.89,24.05,78345488,3,42.11,23.74,49695544,3,42.2,23.55,55751596,3,40.93,25.48,86917768,3,40.79,25.01,23481190,3,40.0,26.38,33292354,3,40.1,26.06
69529,2026-07-14T22:44:01.483837,chillipowder,43763608,3,41.43,23.88,46861636,3,41.89,24.05,78345488,3,42.1,23.77,49695544,3,42.19,23.58,55751596,3,40.93,25.49,86917768,3,40.78,25.02,23481190,3,39.99,26.39,33292354,3,40.09,26.08
69879,2026-07-14T22:44:01.834769,chillipowder,43763608,3,41.42,23.89,46861636,3,41.88,24.07,78345488,3,42.1,23.78,49695544,3,42.19,23.6,55751596,3,40.92,25.51,86917768,3,40.78,25.05,23481190,3,39.99,26.41,33292354,3,40.09,26.1
70229,2026-07-14T22:44:02.182127,chillipowder,43763608,3,41.41,23.89,46861636,3,41.87,24.09,78345488,3,42.09,23.79,49695544,3,42.18,23.61,55751596,3,40.92,25.52,86917768,3,40.77,25.05,23481190,3,39.98,26.43,33292354,3,40.08,26.1
70579,2026-07-14T22:44:02.534029,chillipowder,43763608,3,41.4,23.92,46861636,3,41.87,24.09,78345488,3,42.09,23.79,49695544,3,42.18,23.63,55751596,3,40.92,25.45,86917768,3,40.77,25.07,3845106,3,39.98,26.43,33292354,3,40.08,26.13
70929,2026-07-14T22:44:02.881557,chillipowder,9962907,3,41.4,23.91,46861636,3,41.86,24.1,78345488,3,42.07,23.81,10185887,3,42.17,23.62,17485592,4,41.36,25.61,86917768,3,40.76,25.09,3845106,4,40.39,26.48,7319187,3,40.07,26.13
71279,2026-07-14T22:44:03.297129,chillipowder,9962907,4,41.84,23.98,9908679,3,41.85,24.11,78345488,3,42.07,23.82,10185887,4,42.61,23.68,17485592,4,41.67,25.63,27507240,3,40.76,25.1,3845106,4,40.68,26.51,7319187,4,40.47,26.18
71629,2026-07-14T22:44:03.584728,chillipowder,9962907,4,42.14,24.0,9908679,4,42.27,24.16,21664794,3,42.06,23.83,10185887,4,42.91,23.7,17485592,4,41.84,25.63,27507240,4,41.19,25.17,3845106,4,40.84,26.52,7319187,4,40.78,26.22
71979,2026-07-14T22:44:03.931353,chillipowder,9962907,4,42.29,23.97,9908679,4,42.59,24.19,21664794,4,42.49,23.89,10185887,4,43.08,23.71,17485592,4,41.94,25.6,27507240,4,41.51,25.16,3845106,4,40.93,26.49,7319187,4,40.93,26.21
72329,2026-07-14T22:44:04.284830,chillipowder,9962907,4,42.36,23.94,9908679,4,42.74,24.19,21664794,4,42.81,23.91,10185887,4,43.18,23.67,1743349,4,42.02,25.55,27507240,4,41.67,25.17,629572,4,41.0,26.44,7319187,4,41.01,26.18
72679,2026-07-14T22:44:04.633095,chillipowder,1013359,4,42.41,23.9,9908679,4,42.83,24.16,21664794,4,42.96,23.89,1030181,4,43.24,23.65,1743349,5,42.06,25.5,27507240,4,41.76,25.13,629572,5,41.04,26.4,896280,4,41.07,26.14
73029,2026-07-14T22:44:04.972429,chillipowder,1013359,5,42.45,23.85,1141265,4,42.88,24.11,21664794,4,43.04,23.86,1030181,5,43.29,23.58,1743349,5,42.1,25.44,2518290,4,41.83,25.09,629572,5,41.07,26.36,896280,5,41.11,26.08
73379,2026-07-14T22:44:05.333154,chillipowder,1013359,5,42.47,23.8,1141265,5,42.93,24.06,1956999,4,43.11,23.81,1030181,5,43.32,23.54,1743349,5,42.14,25.4,2518290,5,41.88,25.05,629572,5,41.09,26.31,896280,5,41.15,26.05
73729,2026-07-14T22:44:05.672639,chillipowder,1013359,5,42.49,23.75,1141265,5,42.96,24.01,1956999,5,43.16,23.75,1030181,5,43.35,23.51,1743349,5,42.16,25.33,2518290,5,41.91,24.99,629572,5,41.11,26.25,896280,5,41.18,26.01
74079,2026-07-14T22:44:06.033342,chillipowder,1013359,5,42.51,23.71,1141265,5,42.99,23.95,1956999,5,43.19,23.7,1030181,5,43.38,23.43,1710586,5,42.17,25.29,2518290,5,41.94,24.95,643216,5,41.14,26.21,896280,5,41.2,25.96
74429,2026-07-14T22:44:06.370856,chillipowder,1012608,5,42.53,23.66,1141265,5,43.01,23.91,1956999,5,43.22,23.65,1032518,5,43.39,23.4,1710586,6,42.19,25.25,2518290,5,41.97,24.89,643216,6,41.15,26.16,905193,5,41.22,25.9
74779,2026-07-14T22:44:06.732384,chillipowder,1012608,6,42.53,23.63,1140311,5,43.04,23.88,1956999,5,43.24,23.6,1032518,6,43.42,23.34,1710586,6,42.2,25.18,2461538,5,41.99,24.86,643216,6,41.16,26.12,905193,6,41.25,25.85
75129,2026-07-14T22:44:07.075204,chillipowder,1012608,6,42.55,23.59,1140311,6,43.05,23.83,1927983,5,43.26,23.57,1032518,6,43.43,23.32,1710586,6,42.22,25.15,2461538,6,42.01,24.82,643216,6,41.18,26.07,905193,6,41.26,25.82
75479,2026-07-14T22:44:07.427588,chillipowder,1012608,6,42.56,23.5,1140311,6,43.06,23.78,1927983,6,43.28,23.51,1032518,6,43.45,23.29,1710586,6,42.24,25.1,2461538,6,42.02,24.76,643216,6,41.19,26.03,905193,6,41.27,25.78
75829,2026-07-14T22:44:07.782980,chillipowder,1012608,6,42.57,23.4,1140311,6,43.09,23.76,1927983,6,43.3,23.48,1032518,6,43.46,23.23,1628952,6,42.25,25.07,2461538,6,42.04,24.73,628413,6,41.2,25.98,905193,6,41.28,25.72
76179,2026-07-14T22:44:08.132801,chillipowder,976400,6,42.58,23.48,1140311,6,43.09,23.69,1927983,6,43.32,23.44,997807,6,43.48,23.21,1628952,7,42.5,25.06,2461538,6,42.05,24.69,628413,7,41.42,25.96,867245,6,41.29,25.7
76529,2026-07-14T22:44:08.468815,chillipowder,976400,7,43.0,23.47,1091102,6,43.1,23.67,1927983,6,43.32,23.41,997807,7,43.71,23.19,1628952,7,42.71,25.04,2367630,6,42.06,24.65,628413,7,41.64,25.96,867245,7,41.52,25.68
76879,2026-07-14T22:44:08.831054,chillipowder,976400,7,43.11,23.43,1091102,7,43.35,23.67,1835948,6,43.34,23.38,997807,7,43.93,23.17,1628952,7,42.84,25.0,2367630,7,42.32,24.65,628413,7,41.76,25.91,867245,7,41.72,25.66
77229,2026-07-14T22:44:09.169035,chillipowder,976400,7,43.17,23.42,1091102,7,43.55,23.65,1835948,7,43.59,23.39,997807,7,44.04,23.14,1628952,7,42.92,24.94,2367630,7,42.53,24.62,628413,7,41.84,25.87,867245,7,41.83,25.64
77579,2026-07-14T22:44:09.524302,chillipowder,460535,7,43.23,23.34,1091102,7,43.69,23.61,1835948,7,43.8,23.34,997807,7,44.12,23.08,626683,7,42.98,24.9,2367630,7,42.66,24.58,369275,7,41.9,25.81,867245,7,41.91,25.58
77929,2026-07-14T22:44:09.883533,chillipowder,460535,8,43.26,23.29,1091102,7,43.77,23.57,1835948,7,43.92,23.3,514314,7,44.19,23.04,626683,8,43.03,24.84,2367630,7,42.75,24.53,369275,8,41.95,25.76,432249,7,41.98,25.53
78279,2026-07-14T22:44:10.225675,chillipowder,460535,8,43.29,23.25,530295,7,43.83,23.53,1835948,7,44.0,23.26,514314,8,44.23,22.98,626683,8,43.07,24.78,832858,7,42.81,24.48,369275,8,41.99,25.71,432249,8,42.01,25.5
78629,2026-07-14T22:44:10.570514,chillipowder,460535,8,43.31,23.2,530295,8,43.87,23.46,653061,7,44.07,23.21,514314,8,44.28,22.92,626683,8,43.1,24.7,832858,8,42.87,24.41,369275,8,42.01,25.64,432249,8,42.05,25.42
78979,2026-07-14T22:44:10.930381,chillipowder,460535,8,43.34,23.14,530295,8,43.9,23.41,653061,8,44.11,23.15,514314,8,44.3,22.88,626683,8,43.13,24.65,832858,8,42.91,24.36,369275,8,42.04,25.58,432249,8,42.08,25.37
79329,2026-07-14T22:44:11.279795,chillipowder,545115,8,43.36,23.11,530295,8,43.94,23.33,653061,8,44.15,23.08,514314,8,44.33,22.84,738550,8,43.16,24.6,832858,8,42.94,24.31,438919,8,42.07,25.52,432249,8,42.11,25.31
79679,2026-07-14T22:44:11.630137,chillipowder,545115,9,43.38,23.05,530295,8,43.96,23.29,653061,8,44.18,23.03,609886,8,44.36,22.79,738550,9,43.18,24.55,832858,8,42.97,24.25,438919,9,42.09,25.46,508188,8,42.14,25.26
80029,2026-07-14T22:44:11.972774,chillipowder,545115,9,43.4,23.03,626683,8,44.0,23.26,653061,8,44.21,22.99,609886,9,44.39,22.72,738550,9,43.21,24.5,984142,8,42.99,24.2,438919,9,42.11,25.42,508188,9,42.16,25.2
80379,2026-07-14T22:44:12.333771,chillipowder,545115,9,43.42,22.99,626683,9,44.01,23.21,773413,8,44.23,22.94,609886,9,44.41,22.69,738550,9,43.23,24.47,984142,9,43.01,24.14,438919,9,42.13,25.38,508188,9,42.17,25.15
80729,2026-07-14T22:44:12.671661,chillipowder,545115,9,43.43,22.94,626683,9,44.04,23.16,773413,9,44.26,22.9,609886,9,44.43,22.64,738550,9,43.25,24.41,984142,9,43.03,24.09,438919,9,42.15,25.33,508188,9,42.19,25.12
81079,2026-07-14T22:44:13.018480,chillipowder,587830,9,43.45,22.94,626683,9,44.06,23.12,773413,9,44.28,22.84,609886,9,44.46,22.68,805348,9,43.27,24.35,984142,9,43.06,24.05,485423,9,42.17,25.29,508188,9,42.22,25.07
81429,2026-07-14T22:44:13.380707,chillipowder,587830,0,43.46,22.89,626683,9,44.08,23.07,773413,9,44.3,22.81,664503,9,44.48,22.45,805348,0,43.29,24.33,984142,9,43.07,23.99,485423,0,42.18,25.23,556219,9,42.23,25.03
81779,2026-07-14T22:44:13.733181,chillipowder,587830,0,43.47,22.85,678370,9,44.09,23.03,773413,9,44.32,22.75,664503,0,44.52,22.5,805348,0,43.3,24.27,1071409,9,43.09,23.95,485423,0,42.2,25.19,556219,0,42.25,25.0
82129,2026-07-14T22:44:14.080976,chillipowder,587830,0,43.49,22.84,678370,0,44.11,23.0,848911,9,44.34,22.73,664503,0,44.54,22.47,805348,0,43.32,24.24,1071409,0,43.11,23.92,485423,0,42.22,25.17,556219,0,42.27,24.94
82479,2026-07-14T22:44:14.422243,chillipowder,587830,0,43.51,22.81,678370,0,44.12,22.96,848911,0,44.36,22.68,664503,0,44.55,22.43,805348,0,43.33,24.18,1071409,0,43.13,23.9,485423,0,42.23,25.13,556219,0,42.29,24.9
82829,2026-07-14T22:44:14.782439,chillipowder,618731,0,43.52,22.79,678370,0,44.14,22.95,848911,0,44.37,22.67,694944,0,44.57,22.41,847857,0,43.35,24.17,1071409,0,43.14,23.85,510087,0,42.24,25.1,556219,0,42.3,24.87
83179,2026-07-14T22:44:15.133654,chillipowder,618731,1,42.86,22.68,678370,0,44.15,22.89,848911,0,44.39,22.62,694944,1,43.91,22.3,847857,1,42.67,24.06,1071409,0,43.16,23.82,510087,1,41.61,24.99,584308,0,42.31,24.85
83529,2026-07-14T22:44:15.711304,chillipowder,102400000,1,42.37,22.63,711605,0,44.17,22.88,848911,0,44.41,22.6,102400000,1,43.38,22.26,102400000,1,42.14,24.02,1127132,0,43.18,23.8,102400000,1,41.1,24.92,584308,1,41.67,24.73
83879,2026-07-14T22:44:15.821505,chillipowder,102400000,2,42.14,22.65,711605,1,43.5,22.75,901011,0,44.42,22.56,102400000,2,43.13,22.26,102400000,2,41.86,24.03,1127132,1,42.49,23.66,102400000,2,40.85,24.91,102400000,1,41.18,24.68
84229,2026-07-14T22:44:16.183460,chillipowder,102400000,2,42.0,22.68,102400000,1,42.99,22.72,901011,1,43.75,22.46,102400000,2,42.97,22.28,102400000,2,41.7,24.05,102400000,1,41.96,23.64,102400000,2,40.7,24.95,102400000,2,40.94,24.67
84579,2026-07-14T22:44:16.534639,chillipowder,102400000,2,41.93,22.75,102400000,2,42.73,22.73,102400000,1,43.23,22.43,102400000,2,42.87,22.33,102400000,2,41.59,24.12,102400000,2,41.53,23.65,102400000,2,40.6,24.99,102400000,2,40.8,24.7
84929,2026-07-14T22:44:16.883062,chillipowder,102400000,2,41.89,22.81,102400000,2,42.59,22.76,102400000,2,42.96,22.44,102400000,2,42.81,22.39,102400000,2,41.52,24.16,102400000,2,41.42,23.71,102400000,2,40.53,25.06,102400000,2,40.71,24.75
85279,2026-07-14T22:44:17.235610,chillipowder,102400000,2,41.85,22.86,102400000,2,42.49,22.8,102400000,2,42.81,22.48,102400000,2,42.75,22.44,102400000,2,41.46,24.23,102400000,2,41.34,23.77,102400000,2,40.47,25.11,102400000,2,40.63,24.78
85629,2026-07-14T22:44:17.591464,chillipowder,102400000,2,41.82,22.92,102400000,2,42.43,22.87,102400000,2,42.7,22.55,102400000,2,42.7,22.52,102400000,2,41.42,24.31,102400000,2,41.28,23.84,102400000,2,40.44,25.2,102400000,2,40.59,24.85
85979,2026-07-14T22:44:17.931780,chillipowder,102400000,2,41.8,22.99,102400000,2,42.38,22.95,102400000,2,42.63,22.6,102400000,2,42.67,22.58,102400000,2,41.38,24.37,102400000,2,41.23,23.9,102400000,2,40.4,25.26,102400000,2,40.51,25.0
86329,2026-07-14T22:44:18.285756,chillipowder,102400000,2,41.77,23.04,102400000,2,42.33,22.99,102400000,2,42.57,22.66,102400000,2,42.64,22.65,102400000,2,41.35,24.43,102400000,2,41.19,23.97,102400000,2,40.37,25.32,102400000,2,40.47,25.06
86679,2026-07-14T22:44:18.632755,chillipowder,102400000,2,41.75,23.12,102400000,2,42.3,23.09,102400000,2,42.53,22.74,102400000,2,42.61,22.69,102400000,2,41.32,24.53,102400000,2,41.18,24.04,102400000,2,40.35,25.39,102400000,2,40.45,25.12
87029,2026-07-14T22:44:18.983911,chillipowder,43895512,2,41.74,23.15,102400000,2,42.27,23.13,102400000,2,42.52,22.82,49695544,2,42.58,22.75,56109588,2,41.29,24.58,102400000,2,41.15,24.11,23608070,2,40.33,25.46,33470888,2,40.42,25.2
87379,2026-07-14T22:44:19.318692,chillipowder,43895512,3,41.72,23.2,102400000,2,42.24,23.2,102400000,2,42.48,22.88,49695544,3,42.56,22.81,56109588,3,41.26,24.64,86231576,2,41.12,24.16,23608070,3,40.32,25.52,33470888,3,40.41,25.23
87729,2026-07-14T22:44:19.680040,chillipowder,43895512,3,41.7,23.26,46512420,2,42.22,23.26,102400000,2,42.45,22.95,49695544,3,42.53,22.86,56109588,3,41.24,24.7,86231576,3,41.1,24.21,23608070,3,40.29,25.58,33470888,3,40.39,25.29
88079,2026-07-14T22:44:20.019587,chillipowder,43895512,3,41.7,23.3,46512420,3,42.19,23.31,78275304,2,42.42,23.0,49695544,3,42.51,22.91,56109588,3,41.22,24.75,86231576,3,41.08,24.26,23608070,3,40.28,25.63,33470888,3,40.38,25.34
88429,2026-07-14T22:44:20.382801,chillipowder,43895512,3,41.68,23.34,46512420,3,42.18,23.37,78275304,3,42.41,23.05,49695544,3,42.49,22.95,56109588,3,41.21,24.8,86231576,3,41.06,24.33,23608070,3,40.27,25.69,33470888,3,40.36,25.4
88779,2026-07-14T22:44:20.720676,chillipowder,43895512,3,41.68,23.4,46512420,3,42.16,23.41,78275304,3,42.39,23.12,49695544,3,42.48,23.0,56109588,3,41.19,24.85,86231576,3,41.05,24.36,23608070,3,40.25,25.73,33470888,3,40.35,25.45
89129,2026-07-14T22:44:21.084758,chillipowder,43895512,3,41.66,23.41,46512420,3,42.15,23.47,78275304,3,42.37,23.16,49695544,3,42.47,23.03,56109588,3,41.18,24.91,86231576,3,41.04,24.43,23608070,3,40.24,25.79,33470888,3,40.33,25.5
89479,2026-07-14T22:44:21.433554,chillipowder,43895512,3,41.65,23.44,46512420,3,42.13,23.52,78275304,3,42.36,23.22,49695544,3,42.45,23.08,56109588,3,41.16,24.95,86231576,3,41.02,24.47,23608070,3,40.22,25.81,33470888,3,40.32,25.53
89829,2026-07-14T22:44:21.771458,chillipowder,43895512,3,41.64,23.48,46512420,3,42.12,23.54,78275304,3,42.34,23.26,49695544,3,42.43,23.1,56109588,3,41.15,24.98,86231576,3,41.01,24.51,23608070,3,40.21,25.86,33470888,3,40.31,25.56
90179,2026-07-14T22:44:22.121322,chillipowder,43895512,3,41.63,23.5,46512420,3,42.11,23.59,78275304,3,42.33,23.29,49695544,3,42.42,23.15,56109588,3,41.14,25.03,86231576,3,41.0,24.55,23608070,3,40.2,25.89,33470888,3,40.29,25.61
90529,2026-07-14T22:44:22.473635,chillipowder,43895512,3,41.62,23.54,46512420,3,42.09,23.64,78275304,3,42.31,23.32,49695544,3,42.41,23.2,56109588,3,41.13,25.05,86231576,3,40.98,24.58,23608070,3,40.18,25.92,33470888,3,40.3,25.64
90879,2026-07-14T22:44:22.834091,chillipowder,43895512,3,41.61,23.56,46512420,3,42.09,23.64,78275304,3,42.3,23.38,49695544,3,42.39,23.2,56109588,3,41.11,25.09,86231576,3,40.97,24.62,23608070,3,40.18,25.97,33470888,3,40.28,25.68
91229,2026-07-14T22:44:23.182741,chillipowder,43895512,3,41.59,23.58,46512420,3,42.07,23.69,78275304,3,42.29,23.39,49695544,3,42.38,23.25,56109588,3,41.1,25.13,86231576,3,40.96,24.67,23608070,3,40.17,26.01,33470888,3,40.27,25.7
91579,2026-07-14T22:44:23.533931,chillipowder,43895512,3,41.59,23.59,46512420,3,42.07,23.73,78275304,3,42.28,23.42,49695544,3,42.38,23.25,56109588,3,41.1,25.16,86231576,3,40.95,24.69,23608070,3,40.16,26.04,33470888,3,40.26,25.73
91929,2026-07-14T22:44:23.876558,chillipowder,43895512,3,41.59,23.64,46512420,3,42.06,23.76,78275304,3,42.27,23.46,49695544,3,42.36,23.29,56109588,3,41.08,25.19,86231576,3,40.94,24.73,23608070,3,40.15,26.0,33470888,3,40.25,25.75
92279,2026-07-14T22:44:24.232125,chillipowder,43895512,3,41.57,23.64,46512420,3,42.05,23.78,78275304,3,42.26,23.47,49695544,3,42.35,23.31,56109588,3,41.08,25.2,86231576,3,40.93,24.74,23608070,3,40.14,26.11,33470888,3,40.24,25.78
92629,2026-07-14T22:44:24.583616,chillipowder,43895512,3,41.57,23.66,46512420,3,42.04,23.81,78275304,3,42.25,23.5,49695544,3,42.34,23.36,56109588,3,41.08,25.23,86231576,3,40.93,24.77,23608070,3,40.13,26.15,33470888,3,40.23,25.83
92979,2026-07-14T22:44:24.921609,chillipowder,43895512,3,41.56,23.7,46512420,3,42.03,23.82,78275304,3,42.25,23.53,49695544,3,42.33,23.37,56109588,3,41.06,25.25,86231576,3,40.91,24.79,23608070,3,40.13,26.18,33470888,3,40.22,25.84
93329,2026-07-14T22:44:25.269698,chillipowder,43895512,3,41.55,23.72,46512420,3,42.02,23.89,78275304,3,42.24,23.56,49695544,3,42.33,23.4,56109588,3,41.05,25.29,86231576,3,40.91,24.83,23608070,3,40.12,26.19,33470888,3,40.21,25.87
93679,2026-07-14T22:44:25.631945,chillipowder,43895512,3,41.55,23.72,46512420,3,42.02,23.85,78275304,3,42.22,23.58,49695544,3,42.32,23.41,56109588,3,41.05,25.28,86231576,3,40.9,24.85,23608070,3,40.11,26.2,33470888,3,40.21,25.88
94029,2026-07-14T22:44:25.973191,chillipowder,43895512,3,41.54,23.74,46512420,3,42.01,23.84,78275304,3,42.22,23.59,49695544,3,42.31,23.44,56109588,3,41.04,25.34,86231576,3,40.89,24.87,23608070,3,40.1,26.22,33470888,3,40.2,25.91
94379,2026-07-14T22:44:26.331501,chillipowder,43895512,3,41.53,23.74,46512420,3,42.0,23.92,78275304,3,42.21,23.61,49695544,3,42.31,23.44,56109588,3,41.04,25.44,86231576,3,40.89,24.9,23608070,3,40.1,26.25,33470888,3,40.19,25.92
94729,2026-07-14T22:44:26.682526,chillipowder,43895512,3,41.53,23.76,46512420,3,41.98,23.95,78275304,3,42.21,23.64,49695544,3,42.29,23.47,56109588,3,41.02,25.34,86231576,3,40.88,24.9,23608070,3,40.09,26.28,33470888,3,40.19,25.96
95079,2026-07-14T22:44:27.031117,chillipowder,43895512,3,41.53,23.8,46512420,3,41.98,23.95,78275304,3,42.2,23.65,49695544,3,42.28,23.47,56109588,3,41.01,25.41,86231576,3,40.88,24.93,23608070,3,40.08,26.3,33470888,3,40.18,25.97
95429,2026-07-14T22:44:27.380315,chillipowder,43895512,3,41.52,23.77,46512420,3,41.97,23.97,78275304,3,42.19,23.65,49695544,3,42.28,23.49,56109588,3,41.01,25.41,86231576,3,40.87,24.94,23608070,3,40.08,26.3,33470888,3,40.18,25.97
95779,2026-07-14T22:44:27.951952,chillipowder,43895512,3,41.51,23.81,46512420,3,41.97,23.99,78275304,3,42.19,23.7,49695544,3,42.27,23.5,56109588,3,41.01,25.45,86231576,3,40.87,24.97,23608070,3,40.07,26.3,33470888,3,40.17,26.01
96129,2026-07-14T22:44:28.082612,chillipowder,43895512,3,41.5,23.82,46512420,3,41.96,24.0,78275304,3,42.18,23.7,49695544,3,42.26,23.52,56109588,3,41.0,25.46,86231576,3,40.86,24.98,23608070,3,40.06,26.33,33470888,3,40.16,26.01
96479,2026-07-14T22:44:28.431328,chillipowder,43895512,3,41.49,23.84,46512420,3,41.95,24.02,78275304,3,42.17,23.72,49695544,3,42.26,23.55,56109588,3,41.0,25.49,86231576,3,40.86,25.0,23608070,3,40.06,26.36,33470888,3,40.16,26.04
96829,2026-07-14T22:44:28.781149,chillipowder,43895512,3,41.49,23.83,46512420,3,41.95,24.03,78275304,3,42.16,23.73,49695544,3,42.26,23.54,56109588,3,40.98,25.48,86231576,3,40.85,25.01,23608070,3,40.05,26.35,33470888,3,40.15,26.04
97179,2026-07-14T22:44:29.133305,chillipowder,43895512,3,41.49,23.84,46512420,3,41.94,24.04,78275304,3,42.16,23.74,49695544,3,42.25,23.56,17457646,3,40.98,25.49,86231576,3,40.85,25.02,3786457,3,40.04,26.37,33470888,3,40.14,26.07
97529,2026-07-14T22:44:29.483747,chillipowder,9890733,3,41.48,23.86,46512420,3,41.93,24.06,78275304,3,42.16,23.76,10195395,3,42.24,23.57,17457646,4,41.42,25.55,86231576,3,40.84,25.01,3786457,4,40.45,26.44,7294746,3,40.14,26.07
97879,2026-07-14T22:44:29.831070,chillipowder,9890733,4,41.91,23.93,9908679,3,41.93,24.05,78275304,3,42.15,23.76,10195395,4,42.68,23.64,17457646,4,41.74,25.57,27629006,3,40.82,25.05,3786457,4,40.75,26.47,7294746,4,40.55,26.15
98229,2026-07-14T22:44:30.183309,chillipowder,9890733,4,42.22,23.94,9908679,4,42.36,24.12,78275304,3,42.14,23.77,10195395,4,42.99,23.65,17457646,4,41.92,25.57,27629006,4,41.26,25.1,3786457,4,40.91,26.47,7294746,4,40.84,26.16
98579,2026-07-14T22:44:30.520034,chillipowder,9890733,4,42.36,23.92,9908679,4,42.66,24.15,21557894,3,42.14,23.78,10195395,4,43.16,23.64,17457646,4,42.02,25.53,27629006,4,41.58,25.14,3786457,4,41.0,26.43,7294746,4,40.99,26.16
98929,2026-07-14T22:44:30.883208,chillipowder,9890733,4,42.44,23.88,9908679,4,42.81,24.13,21557894,4,42.56,23.85,10195395,4,43.25,23.61,1745578,4,42.09,25.49,27629006,4,41.74,25.12,626108,4,41.06,26.39,7294746,4,41.08,26.12
99279,2026-07-14T22:44:31.231644,chillipowder,1013359,4,42.48,23.85,9908679,4,42.9,24.11,21557894,4,42.87,23.85,1037224,4,43.31,23.57,1745578,5,42.14,25.43,27629006,4,41.84,25.08,626108,5,41.1,26.34,902202,4,41.14,26.07
99629,2026-07-14T22:44:31.582707,chillipowder,1013359,5,42.53,23.77,1137461,4,42.96,24.04,21557894,4,43.02,23.84,1037224,5,43.36,23.52,1745578,5,42.17,25.37,2513654,4,41.89,25.04,626108,5,41.13,26.3,902202,5,41.19,26.05
99979,2026-07-14T22:44:31.923927,chillipowder,1013359,5,42.54,23.73,1137461,5,43.0,24.0,21557894,4,43.12,23.79,1037224,5,43.39,23.49,1745578,5,42.2,25.34,2513654,5,41.94,24.99,626108,5,41.16,26.24,902202,5,41.23,26.0
100329,2026-07-14T22:44:32.283300,chillipowder,1013359,5,42.57,23.7,1137461,5,43.04,23.97,1948620,4,43.19,23.73,1037224,5,43.42,23.45,1745578,5,42.22,25.29,2513654,5,41.99,24.96,626108,5,41.18,26.17,902202,5,41.26,25.92
100679,2026-07-14T22:44:32.619613,chillipowder,1013359,5,42.58,23.63,1137461,5,43.07,23.92,1948620,5,43.23,23.7,1037224,5,43.46,23.4,1704181,5,42.25,25.23,2513654,5,42.01,24.9,643822,5,41.21,26.14,902202,5,41.28,25.9
101029,2026-07-14T22:44:32.983040,chillipowder,1011108,5,42.6,23.61,1137461,5,43.09,23.86,1948620,5,43.26,23.65,1034866,5,43.48,23.32,1704181,6,42.27,25.19,2513654,5,42.04,24.84,643822,6,41.21,26.09,899824,5,41.29,25.85
101379,2026-07-14T22:44:33.335579,chillipowder,1011108,6,42.61,23.56,1124348,5,43.11,23.81,1948620,5,43.29,23.6,1034866,6,43.49,23.29,1704181,6,42.29,25.13,2457108,5,42.06,24.8,643822,6,41.23,26.04,899824,6,41.31,25.8
101729,2026-07-14T22:44:33.672850,chillipowder,1011108,6,42.63,23.53,1124348,6,43.13,23.77,1948620,5,43.33,23.56,1034866,6,43.5,23.26,1704181,6,42.3,25.09,2457108,6,42.07,24.75,643822,6,41.24,25.99,899824,6,41.33,25.76
102079,2026-07-14T22:44:34.019312,chillipowder,1011108,6,42.63,23.49,1124348,6,43.14,23.73,1923908,5,43.35,23.51,1034866,6,43.52,23.21,1704181,6,42.32,25.05,2457108,6,42.09,24.71,643822,6,41.24,25.97,899824,6,41.34,25.72
102429,2026-07-14T22:44:34.374164,chillipowder,1011108,6,42.64,23.46,1124348,6,43.16,23.68,1923908,6,43.36,23.46,1034866,6,43.54,23.18,1646633,6,42.33,25.01,2457108,6,42.11,24.67,624390,6,41.26,25.93,899824,6,41.36,25.69
102779,2026-07-14T22:44:34.718390,chillipowder,972921,6,42.65,23.42,1124348,6,43.17,23.65,1923908,6,43.37,23.42,997078,6,43.54,23.14,1646633,7,42.57,25.02,2457108,6,42.12,24.64,624390,7,41.49,25.92,870563,6,41.35,25.66
103129,2026-07-14T22:44:35.081486,chillipowder,972921,7,42.88,23.42,1088493,6,43.18,23.64,1923908,6,43.38,23.39,997078,7,43.79,23.15,1646633,7,42.79,24.97,2347278,6,42.13,24.58,624390,7,41.69,25.9,870563,7,41.59,25.64
103479,2026-07-14T22:44:35.418090,chillipowder,972921,7,43.08,23.39,1088493,7,43.43,23.63,1923908,6,43.4,23.37,997078,7,43.99,23.12,1646633,7,42.9,24.94,2347278,7,42.38,24.58,624390,7,41.83,25.85,870563,7,41.79,25.62
103829,2026-07-14T22:44:35.769169,chillipowder,972921,7,43.18,23.38,1088493,7,43.63,23.6,1832252,6,43.41,23.33,997078,7,44.11,23.09,1646633,7,43.0,24.87,2347278,7,42.61,24.58,624390,7,41.9,25.82,870563,7,41.91,25.58
104179,2026-07-14T22:44:36.122810,chillipowder,972921,7,43.25,23.19,1088493,7,43.76,23.57,1832252,7,43.66,23.32,997078,7,44.19,23.04,626108,7,43.06,24.84,2347278,7,42.74,24.53,377929,7,41.96,25.77,870563,7,41.98,25.53
104529,2026-07-14T22:44:36.471305,chillipowder,461469,7,43.29,23.4,1088493,7,43.84,23.51,1832252,7,43.88,23.29,514314,7,44.25,22.99,626108,8,43.11,24.77,2347278,7,42.82,24.47,377929,8,42.01,25.7,435281,7,42.04,25.48
104879,2026-07-14T22:44:36.819319,chillipowder,461469,8,43.36,23.21,532362,7,43.89,23.47,1832252,7,44.0,23.26,514314,8,44.3,22.93,626108,8,43.14,24.72,831844,7,42.89,24.41,377929,8,42.05,25.66,435281,8,42.08,25.42
105229,2026-07-14T22:44:37.172802,chillipowder,461469,8,43.38,23.15,532362,8,43.94,23.41,1832252,7,44.09,23.2,514314,8,44.34,22.89,626108,8,43.17,24.64,831844,8,42.94,24.37,377929,8,42.08,25.57,435281,8,42.11,25.37
105579,2026-07-14T22:44:37.522880,chillipowder,461469,8,43.4,23.09,532362,8,43.99,23.37,658732,7,44.15,23.14,514314,8,44.37,22.82,626108,8,43.2,24.61,831844,8,42.97,24.3,377929,8,42.1,25.52,435281,8,42.15,25.3
105929,2026-07-14T22:44:37.872634,chillipowder,543380,8,43.43,23.06,532362,8,44.01,23.3,658732,8,44.19,23.1,514314,8,44.41,22.78,742567,8,43.23,24.54,831844,8,43.01,24.25,449319,8,42.13,25.47,435281,8,42.17,25.24
106279,2026-07-14T22:44:38.222217,chillipowder,543380,9,43.44,23.01,532362,8,44.04,23.25,658732,8,44.23,23.04,616496,8,44.43,22.74,742567,9,43.26,24.5,831844,8,43.04,24.2,449319,9,42.16,25.42,509706,8,42.2,25.18
106629,2026-07-14T22:44:38.573302,chillipowder,543380,9,43.46,22.97,628992,8,44.07,23.21,658732,8,44.26,22.99,616496,9,44.47,22.7,742567,9,43.28,24.44,993451,8,43.06,24.14,449319,9,42.18,25.36,509706,9,42.22,25.15
106979,2026-07-14T22:44:38.921685,chillipowder,543380,9,43.48,22.94,628992,9,44.08,23.14,658732,8,44.29,22.93,616496,9,44.48,22.64,742567,9,43.3,24.4,993451,9,43.08,24.08,449319,9,42.19,25.33,509706,9,42.24,25.1
107329,2026-07-14T22:44:39.271542,chillipowder,543380,9,43.5,22.9,628992,9,44.11,23.1,781381,8,44.31,22.88,616496,9,44.51,22.6,742567,9,43.31,24.34,993451,9,43.1,24.03,449319,9,42.22,25.27,509706,9,42.26,25.05
107679,2026-07-14T22:44:39.616544,chillipowder,587830,9,43.51,22.88,628992,9,44.13,23.05,781381,9,44.34,22.85,616496,9,44.53,22.57,805823,9,43.33,24.31,993451,9,43.13,24.0,488899,9,42.23,25.24,509706,9,42.28,25.01
108029,2026-07-14T22:44:39.970899,chillipowder,587830,0,43.53,22.84,628992,9,44.14,23.01,781381,9,44.35,22.79,660645,9,44.55,22.52,805823,0,43.35,24.27,993451,9,43.15,23.95,488899,0,42.25,25.19,551724,9,42.3,24.97
108379,2026-07-14T22:44:40.331517,chillipowder,587830,0,43.55,22.82,681757,9,44.16,22.98,781381,9,44.38,22.75,660645,0,44.56,22.48,805823,0,43.37,24.23,1071409,9,43.17,23.9,488899,0,42.26,25.14,551724,0,42.31,24.95
108729,2026-07-14T22:44:40.671173,chillipowder,587830,0,43.56,22.78,681757,0,44.18,22.93,781381,9,44.4,22.71,660645,0,44.59,22.44,805823,0,43.39,24.18,1071409,0,43.18,23.87,488899,0,42.28,25.11,551724,0,42.33,24.88
109079,2026-07-14T22:44:41.018667,chillipowder,587830,0,43.58,22.74,681757,0,44.2,22.91,843666,9,44.41,22.68,660645,0,44.6,22.42,805823,0,43.4,24.16,1071409,0,43.19,23.83,488899,0,42.29,25.07,551724,0,42.35,24.85
109429,2026-07-14T22:44:41.369576,chillipowder,618170,0,43.59,22.71,681757,0,44.22,22.87,843666,0,44.44,22.65,660645,0,44.62,22.38,849440,0,43.42,24.12,1071409,0,43.21,23.77,507810,0,42.31,25.04,551724,0,42.36,24.82
109779,2026-07-14T22:44:41.718381,chillipowder,618170,1,42.93,22.61,681757,0,44.24,22.84,843666,0,44.45,22.6,698499,0,44.63,22.34,849440,1,42.73,24.02,1071409,0,43.22,23.76,507810,1,41.67,24.93,578858,0,42.38,24.77
110129,2026-07-14T22:44:42.069507,chillipowder,102400000,1,42.43,22.59,711605,0,44.25,22.82,843666,0,44.48,22.56,698499,1,43.97,22.25,102400000,1,42.2,23.96,1131804,0,43.24,23.72,102400000,1,41.17,24.88,578858,1,41.74,24.67
110479,2026-07-14T22:44:42.567472,chillipowder,102400000,2,42.2,22.6,711605,1,43.58,22.73,843666,0,44.49,22.54,102400000,1,43.46,22.26,102400000,2,41.93,23.96,1131804,1,42.56,23.61,102400000,2,40.91,24.87,102400000,1,41.26,24.61
110829,2026-07-14T22:44:42.769362,chillipowder,102400000,2,42.07,22.64,102400000,1,43.06,22.67,899824,0,44.5,22.52,102400000,2,43.04,22.23,102400000,2,41.76,24.01,102400000,1,42.04,23.57,102400000,2,40.77,24.91,102400000,2,41.0,24.61
111179,2026-07-14T22:44:43.133142,chillipowder,102400000,2,42.0,22.69,102400000,2,42.8,22.69,899824,1,43.82,22.42,102400000,2,42.93,22.28,102400000,2,41.66,24.05,102400000,2,41.76,23.56,102400000,2,40.67,24.94,102400000,2,40.87,24.66
111529,2026-07-14T22:44:43.485620,chillipowder,102400000,2,41.96,22.76,102400000,2,42.65,22.71,102400000,1,43.31,22.38,102400000,2,42.88,22.35,102400000,2,41.59,24.12,102400000,2,41.6,23.61,102400000,2,40.6,25.01,102400000,2,40.77,24.69
111879,2026-07-14T22:44:43.834353,chillipowder,102400000,2,41.91,22.81,102400000,2,42.56,22.76,102400000,2,43.04,22.37,102400000,2,42.82,22.41,102400000,2,41.53,24.18,102400000,2,41.48,23.66,102400000,2,40.54,25.06,102400000,2,40.71,24.76
112229,2026-07-14T22:44:44.180232,chillipowder,102400000,2,41.88,22.88,102400000,2,42.5,22.82,102400000,2,42.88,22.42,102400000,2,42.77,22.46,102400000,2,41.48,24.24,102400000,2,41.4,23.72,102400000,2,40.5,25.14,102400000,2,40.64,24.81
112579,2026-07-14T22:44:44.519119,chillipowder,102400000,2,41.86,22.95,102400000,2,42.45,22.9,102400000,2,42.77,22.49,102400000,2,42.74,22.53,102400000,2,41.45,24.34,102400000,2,41.34,23.8,102400000,2,40.46,25.21,102400000,2,40.61,24.88
112929,2026-07-14T22:44:44.883834,chillipowder,102400000,2,41.85,23.0,102400000,2,42.4,22.97,102400000,2,42.71,22.56,102400000,2,42.71,22.59,102400000,2,41.41,24.39,102400000,2,41.3,23.86,102400000,2,40.44,25.26,102400000,2,40.57,24.94
113279,2026-07-14T22:44:45.218621,chillipowder,102400000,2,41.82,23.05,102400000,2,42.36,22.99,102400000,2,42.64,22.62,102400000,2,42.68,22.68,102400000,2,41.38,24.46,102400000,2,41.25,23.92,102400000,2,40.41,25.35,102400000,2,40.54,24.98
113629,2026-07-14T22:44:45.587103,chillipowder,43719812,2,41.81,23.11,102400000,2,42.34,23.09,102400000,2,42.6,22.71,49442476,2,42.66,22.71,56618576,2,41.36,24.53,102400000,2,41.24,23.99,23430818,2,40.4,25.4,102400000,2,40.51,24.97
113979,2026-07-14T22:44:45.935880,chillipowder,43719812,3,41.8,23.17,102400000,2,42.31,23.15,102400000,2,42.58,22.75,49442476,3,42.63,22.77,56618576,3,41.34,24.6,102400000,2,41.22,24.07,23430818,3,40.37,25.47,33241694,3,40.47,25.19
114329,2026-07-14T22:44:46.284062,chillipowder,43719812,3,41.78,23.21,46561988,2,42.29,23.21,102400000,2,42.55,22.83,49442476,3,42.6,22.82,56618576,3,41.32,24.65,85977040,2,41.19,24.12,23430818,3,40.35,25.52,33241694,3,40.46,25.25
114679,2026-07-14T22:44:46.620775,chillipowder,43719812,3,41.77,23.26,46561988,3,42.26,23.27,102400000,2,42.52,22.89,49442476,3,42.59,22.86,56618576,3,41.3,24.7,85977040,3,41.17,24.17,23430818,3,40.34,25.59,33241694,3,40.44,25.28
115029,2026-07-14T22:44:46.982057,chillipowder,43719812,3,41.76,23.3,46561988,3,42.24,23.32,77511528,2,42.5,22.95,49442476,3,42.58,22.92,56618576,3,41.28,24.76,85977040,3,41.14,24.23,23430818,3,40.33,25.62,33241694,3,40.42,25.35
115379,2026-07-14T22:44:47.330288,chillipowder,43719812,3,41.75,23.32,46561988,3,42.23,23.38,77511528,3,42.47,23.0,49442476,3,42.55,22.95,56618576,3,41.26,24.8,85977040,3,41.12,24.26,23430818,3,40.31,25.75,33241694,3,40.41,25.4
115729,2026-07-14T22:44:47.669875,chillipowder,43719812,3,41.74,23.35,46561988,3,42.21,23.41,77511528,3,42.46,23.06,49442476,3,42.54,22.98,56618576,3,41.24,24.85,85977040,3,41.1,24.35,23430818,3,40.29,25.77,33241694,3,40.4,25.44
116079,2026-07-14T22:44:48.030266,chillipowder,43719812,3,41.72,23.42,46561988,3,42.2,23.45,77511528,3,42.44,23.11,49442476,3,42.52,23.03,56618576,3,41.23,24.89,85977040,3,41.09,24.37,23430818,3,40.28,25.81,33241694,3,40.38,25.47
116429,2026-07-14T22:44:48.383795,chillipowder,43719812,3,41.71,23.44,46561988,3,42.19,23.49,77511528,3,42.42,23.14,49442476,3,42.51,23.05,56618576,3,41.22,24.94,85977040,3,41.09,24.42,23430818,3,40.26,25.86,33241694,3,40.37,25.52
116779,2026-07-14T22:44:48.720935,chillipowder,43719812,3,41.7,23.45,46561988,3,42.17,23.54,77511528,3,42.4,23.2,49442476,3,42.49,23.1,56618576,3,41.21,24.97,85977040,3,41.07,24.47,23430818,3,40.26,25.89,33241694,3,40.36,25.55
117129,2026-07-14T22:44:49.080548,chillipowder,43719812,3,41.69,23.49,46561988,3,42.16,23.57,77511528,3,42.39,23.24,49442476,3,42.48,23.13,56618576,3,41.19,25.02,85977040,3,41.06,24.5,23430818,3,40.25,25.9,33241694,3,40.35,25.6
117479,2026-07-14T22:44:49.423062,chillipowder,43719812,3,41.68,23.51,46561988,3,42.15,23.61,77511528,3,42.38,23.27,49442476,3,42.47,23.18,56618576,3,41.19,25.05,85977040,3,41.05,24.53,23430818,3,40.23,25.95,33241694,3,40.34,25.64
117829,2026-07-14T22:44:49.771697,chillipowder,43719812,3,41.67,23.53,46561988,3,42.15,23.63,77511528,3,42.37,23.31,49442476,3,42.46,23.19,56618576,3,41.18,25.07,85977040,3,41.04,24.58,23430818,3,40.22,25.97,33241694,3,40.33,25.66
118179,2026-07-14T22:44:50.132635,chillipowder,43719812,3,41.67,23.55,46561988,3,42.12,23.66,77511528,3,42.36,23.34,49442476,3,42.46,23.22,56618576,3,41.17,25.12,85977040,3,41.03,24.6,23430818,3,40.21,26.01,33241694,3,40.32,25.68
118529,2026-07-14T22:44:50.482536,chillipowder,43719812,3,41.66,23.57,46561988,3,42.12,23.68,77511528,3,42.35,23.37,49442476,3,42.44,23.25,56618576,3,41.15,25.09,85977040,3,41.02,24.65,23430818,3,40.2,26.04,33241694,3,40.31,25.72
118879,2026-07-14T22:44:50.822387,chillipowder,43719812,3,41.65,23.62,46561988,3,42.11,23.73,77511528,3,42.33,23.41,49442476,3,42.43,23.27,56618576,3,41.14,25.18,85977040,3,41.01,24.67,23430818,3,40.2,26.06,33241694,3,40.3,25.74
119229,2026-07-14T22:44:51.181766,chillipowder,43719812,3,41.64,23.62,46561988,3,42.1,23.76,77511528,3,42.32,23.42,49442476,3,42.42,23.3,56618576,3,41.13,25.22,85977040,3,41.0,24.71,23430818,3,40.18,26.08,33241694,3,40.3,25.77
119579,2026-07-14T22:44:51.518248,chillipowder,43719812,3,41.63,23.63,46561988,3,42.1,23.77,77511528,3,42.32,23.45,49442476,3,42.4,23.31,56618576,3,41.12,25.22,85977040,3,40.99,24.73,23430818,3,40.18,26.12,33241694,3,40.29,25.8
119929,2026-07-14T22:44:51.881797,chillipowder,43719812,3,41.63,23.66,46561988,3,42.09,23.79,77511528,3,42.31,23.49,49442476,3,42.4,23.34,56618576,3,41.12,25.25,85977040,3,40.99,24.76,23430818,3,40.17,26.13,33241694,3,40.27,25.81
120279,2026-07-14T22:44:52.224280,chillipowder,43719812,3,41.62,23.66,46561988,3,42.07,23.84,77511528,3,42.3,23.51,49442476,3,42.39,23.36,56618576,3,41.1,25.28,85977040,3,40.98,24.79,23430818,3,40.17,26.17,33241694,3,40.26,25.84
120629,2026-07-14T22:44:52.571540,chillipowder,43719812,3,41.61,23.69,46561988,3,42.07,23.84,77511528,3,42.29,23.54,49442476,3,42.38,23.37,56618576,3,41.1,25.31,85977040,3,40.97,24.81,23430818,3,40.16,26.19,33241694,3,40.26,25.86
120979,2026-07-14T22:44:52.932458,chillipowder,43719812,3,41.6,23.69,46561988,3,42.06,23.85,77511528,3,42.28,23.55,49442476,3,42.37,23.4,56618576,3,41.09,25.33,85977040,3,40.97,24.81,23430818,3,40.16,26.2,33241694,3,40.25,25.88
121329,2026-07-14T22:44:53.268365,chillipowder,43719812,3,41.6,23.73,46561988,3,42.05,23.89,77511528,3,42.28,23.55,49442476,3,42.36,23.4,56618576,3,41.09,25.34,85977040,3,40.96,24.83,23430818,3,40.15,26.22,33241694,3,40.24,25.9
121679,2026-07-14T22:44:53.632325,chillipowder,43719812,3,41.59,23.73,46561988,3,42.05,23.89,77511528,3,42.27,23.58,49442476,3,42.36,23.42,56618576,3,41.08,25.35,85977040,3,40.95,24.88,23430818,3,40.14,26.23,33241694,3,40.23,25.92
122029,2026-07-14T22:44:53.981946,chillipowder,43719812,3,41.58,23.75,46561988,3,42.04,23.91,77511528,3,42.26,23.61,49442476,3,42.35,23.44,56618576,3,41.08,25.38,85977040,3,40.94,24.88,23430818,3,40.14,26.25,33241694,3,40.23,25.94
122379,2026-07-14T22:44:54.335059,chillipowder,43719812,3,41.58,23.75,46561988,3,42.03,23.92,77511528,3,42.25,23.62,49442476,3,42.35,23.44,56618576,3,41.07,25.39,85977040,3,40.94,24.9,23430818,3,40.13,26.25,33241694,3,40.23,25.95
122729,2026-07-14T22:44:54.674313,chillipowder,43719812,3,41.57,23.75,46561988,3,42.03,23.93,77511528,3,42.25,23.64,49442476,3,42.34,23.48,56618576,3,41.06,25.39,85977040,3,40.93,24.9,23430818,3,40.13,26.29,33241694,3,40.22,25.96
123079,2026-07-14T22:44:55.030814,chillipowder,43719812,3,41.57,23.78,46561988,3,42.03,23.94,77511528,3,42.24,23.64,49442476,3,42.33,23.5,56618576,3,41.06,25.42,85977040,3,40.92,24.94,23430818,3,40.12,26.3,33241694,3,40.21,25.98
123429,2026-07-14T22:44:55.367091,chillipowder,43719812,3,41.56,23.78,46561988,3,42.01,23.98,77511528,3,42.24,23.65,49442476,3,42.33,23.51,56618576,3,41.06,25.44,85977040,3,40.92,24.95,23430818,3,40.11,26.31,33241694,3,40.2,26.01
123779,2026-07-14T22:44:55.719945,chillipowder,43719812,3,41.55,23.8,46561988,3,42.01,23.98,77511528,3,42.23,23.67,49442476,3,42.32,23.51,17223654,3,41.05,25.43,85977040,3,40.91,24.96,3791715,3,40.11,26.32,33241694,3,40.21,26.02
124129,2026-07-14T22:44:56.069174,chillipowder,9837286,3,41.55,23.82,46561988,3,42.01,23.99,77511528,3,42.23,23.68,10082462,3,42.32,23.54,17223654,4,41.49,25.51,85977040,3,40.91,24.96,3791715,4,40.51,26.39,7285015,3,40.19,26.03
124479,2026-07-14T22:44:56.421595,chillipowder,9837286,4,41.98,23.88,46561988,3,42.0,24.0,77511528,3,42.22,23.7,10082462,4,42.75,23.6,17223654,4,41.82,25.51,85977040,3,40.9,24.99,3791715,4,40.81,26.42,7285015,4,40.61,26.1
124829,2026-07-14T22:44:56.769574,chillipowder,9837286,4,42.29,23.87,9810778,3,42.0,24.03,77511528,3,42.22,23.7,10082462,4,43.06,23.61,17223654,4,41.99,25.52,27489932,3,40.9,25.0,3791715,4,40.97,26.41,7285015,4,40.9,26.1
125179,2026-07-14T22:44:57.133077,chillipowder,9837286,4,42.43,23.87,9810778,4,42.43,24.06,77511528,3,42.21,23.73,10082462,4,43.23,23.61,17223654,4,42.08,25.5,27489932,4,41.32,25.07,3791715,4,41.06,26.37,7285015,4,41.05,26.11
125529,2026-07-14T22:44:57.482530,chillipowder,9837286,4,42.51,23.81,9810778,4,42.73,24.09,21494260,3,42.21,23.73,10082462,4,43.32,23.56,1740017,4,42.15,25.44,27489932,4,41.65,25.07,626683,4,41.13,26.34,7285015,4,41.15,26.09
125879,2026-07-14T22:44:57.834773,chillipowder,1005153,4,42.56,23.79,9810778,4,42.87,24.09,21494260,4,42.63,23.78,1032518,4,43.39,23.52,1740017,5,42.2,25.38,27489932,4,41.8,25.06,626683,5,41.17,26.28,892763,4,41.22,26.04
126229,2026-07-14T22:44:58.178083,chillipowder,1005153,5,42.59,23.73,9810778,4,42.97,24.03,21494260,4,42.94,23.8,1032518,5,43.43,23.47,1740017,5,42.24,25.34,27489932,4,41.9,25.03,626683,5,41.2,26.23,892763,5,41.26,25.99
126579,2026-07-14T22:44:58.516678,chillipowder,1005153,5,42.62,23.69,1131804,4,43.03,24.01,21494260,4,43.1,23.79,1032518,5,43.46,23.42,1740017,5,42.26,25.28,2493000,4,41.97,25.0,626683,5,41.22,26.17,892763,5,41.28,25.96
126929,2026-07-14T22:44:58.874748,chillipowder,1005153,5,42.64,23.64,1131804,5,43.08,23.96,21494260,4,43.19,23.74,1032518,5,43.49,23.38,1740017,5,42.3,25.23,2493000,5,42.01,24.91,626683,5,41.24,26.13,892763,5,41.31,25.89
127279,2026-07-14T22:44:59.220706,chillipowder,1005153,5,42.65,23.59,1131804,5,43.11,23.92,1938934,4,43.25,23.69,1032518,5,43.52,23.34,1695715,5,42.32,25.16,2493000,5,42.05,24.89,644430,5,41.26,26.08,892763,5,41.34,25.83
127629,2026-07-14T22:44:59.582733,chillipowder,1004413,5,42.66,23.56,1131804,5,43.13,23.85,1938934,5,43.31,23.65,1034082,5,43.53,23.29,1695715,6,42.33,25.14,2493000,5,42.08,24.77,644430,6,41.27,26.05,895104,5,41.36,25.78
127979,2026-07-14T22:44:59.923254,chillipowder,1004413,6,42.68,23.52,1131804,5,43.16,23.8,1938934,5,43.34,23.6,1034082,6,43.56,23.26,1695715,6,42.35,25.08,2448296,5,42.13,24.76,644430,6,41.29,26.01,895104,6,41.37,25.75
128329,2026-07-14T22:45:00.273709,chillipowder,1004413,6,42.69,23.5,1134626,5,43.18,23.75,1938934,5,43.36,23.55,1034082,6,43.58,23.21,1695715,6,42.36,25.06,2448296,6,42.15,24.7,644430,6,41.3,25.96,895104,6,41.39,25.7
128679,2026-07-14T22:45:00.620366,chillipowder,1004413,6,42.7,23.45,1134626,6,43.19,23.71,1938934,5,43.39,23.52,1034082,6,43.59,23.16,1695715,6,42.37,25.0,2448296,6,42.16,24.68,644430,6,41.31,25.91,895104,6,41.4,25.67
129029,2026-07-14T22:45:00.973418,chillipowder,1004413,6,42.71,23.41,1134626,6,43.21,23.68,1897174,5,43.41,23.45,1034082,6,43.6,23.14,1638727,6,42.39,24.97,2448296,6,42.18,24.62,624961,6,41.32,25.88,895104,6,41.41,25.62
129379,2026-07-14T22:45:01.330437,chillipowder,975702,6,42.71,23.37,1134626,6,43.22,23.65,1897174,6,43.43,23.43,992007,6,43.61,23.1,1638727,7,42.65,24.95,2448296,6,42.2,24.58,624961,7,41.57,25.87,859060,6,41.42,25.58
129729,2026-07-14T22:45:01.669499,chillipowder,975702,7,42.94,23.39,1134626,6,43.24,23.61,1897174,6,43.45,23.38,992007,7,43.85,23.1,1638727,7,42.85,24.93,2355376,6,42.21,24.55,624961,7,41.76,25.85,859060,7,41.64,25.59
130079,2026-07-14T22:45:02.023971,chillipowder,975702,7,43.13,23.35,1089361,6,43.24,23.58,1897174,6,43.46,23.34,992007,7,44.05,23.07,1638727,7,42.97,24.88,2355376,7,42.45,24.55,624961,7,41.89,25.83,859060,7,41.84,25.55
130429,2026-07-14T22:45:02.373234,chillipowder,975702,7,43.24,23.35,1089361,7,43.49,23.57,1897174,6,43.48,23.3,992007,7,44.17,23.03,1638727,7,43.05,24.84,2355376,7,42.68,24.52,624961,7,41.96,25.76,859060,7,41.97,25.53
130779,2026-07-14T22:45:02.720348,chillipowder,975702,7,43.3,23.28,1089361,7,43.71,23.54,1815200,6,43.48,23.28,992007,7,44.26,22.98,629572,7,43.12,24.79,2355376,7,42.81,24.48,368080,7,42.02,25.72,859060,7,42.04,25.48
131129,2026-07-14T22:45:03.070373,chillipowder,459605,7,43.35,23.23,1089361,7,43.84,23.53,1815200,7,43.73,23.26,513927,7,44.32,22.93,629572,8,43.17,24.71,2355376,7,42.89,24.43,368080,8,42.07,25.65,433898,7,42.1,25.44
131479,2026-07-14T22:45:03.420718,chillipowder,459605,8,43.39,23.18,1089361,7,43.91,23.47,1815200,7,43.94,23.24,513927,8,44.36,22.89,629572,8,43.2,24.68,822820,7,42.96,24.37,368080,8,42.1,25.6,433898,8,42.14,25.39
131829,2026-07-14T22:45:03.767981,chillipowder,459605,8,43.42,23.13,529472,7,43.97,23.41,1815200,7,44.08,23.21,513927,8,44.41,22.84,629572,8,43.24,24.6,822820,8,43.01,24.32,368080,8,42.14,25.54,433898,8,42.17,25.33
132179,2026-07-14T22:45:04.122256,chillipowder,459605,8,43.44,23.09,529472,8,44.01,23.35,1815200,7,44.16,23.16,513927,8,44.43,22.79,629572,8,43.27,24.55,822820,8,43.05,24.26,368080,8,42.17,25.48,433898,8,42.21,25.26
132529,2026-07-14T22:45:04.471488,chillipowder,459605,8,43.47,23.04,529472,8,44.05,23.29,654313,7,44.22,23.1,513927,8,44.47,22.71,740955,8,43.3,24.49,822820,8,43.07,24.21,448729,8,42.2,25.42,433898,8,42.23,25.19
132879,2026-07-14T22:45:04.830471,chillipowder,546424,8,43.49,22.9,529472,8,44.08,23.25,654313,8,44.26,23.06,613173,8,44.51,22.69,740955,9,43.32,24.45,822820,8,43.1,24.15,448729,9,42.21,25.37,514314,8,42.26,25.17
133229,2026-07-14T22:45:05.171002,chillipowder,546424,9,43.51,22.97,529472,8,44.11,23.21,654313,8,44.31,22.99,613173,9,44.52,22.64,740955,9,43.34,24.38,977799,8,43.13,24.1,448729,9,42.23,25.31,514314,9,42.28,25.12
133579,2026-07-14T22:45:05.517979,chillipowder,546424,9,43.54,22.91,628413,8,44.14,23.14,654313,8,44.34,22.94,613173,9,44.55,22.59,740955,9,43.36,24.35,977799,9,43.16,24.05,448729,9,42.26,25.27,514314,9,42.3,25.06
133929,2026-07-14T22:45:05.881317,chillipowder,546424,9,43.56,22.87,628413,9,44.16,23.1,654313,8,44.37,22.89,613173,9,44.57,22.55,740955,9,43.38,24.31,977799,9,43.18,23.99,448729,9,42.27,25.22,514314,9,42.32,25.01
134279,2026-07-14T22:45:06.220652,chillipowder,589352,9,43.57,22.83,628413,9,44.18,23.06,776934,8,44.38,22.85,613173,9,44.59,22.51,802036,9,43.4,24.27,977799,9,43.19,23.95,484733,9,42.29,25.18,514314,9,42.34,24.96
134629,2026-07-14T22:45:06.571649,chillipowder,589352,0,43.59,22.78,628413,9,44.19,23.01,776934,9,44.42,22.79,665151,9,44.6,22.46,802036,0,43.41,24.23,977799,9,43.21,23.88,484733,0,42.3,25.14,557127,9,42.35,24.92
134979,2026-07-14T22:45:06.916831,chillipowder,589352,0,43.6,22.76,628413,9,44.21,22.96,776934,9,44.44,22.75,665151,0,44.62,22.44,802036,0,43.43,24.18,1070569,9,43.24,23.86,484733,0,42.32,25.08,557127,0,42.37,24.87
135329,2026-07-14T22:45:07.271662,chillipowder,589352,0,43.62,22.74,679721,9,44.24,22.93,776934,9,44.46,22.7,665151,0,44.64,22.4,802036,0,43.45,24.14,1070569,0,43.25,23.81,484733,0,42.34,25.04,557127,0,42.39,24.85
135679,2026-07-14T22:45:07.621485,chillipowder,589352,0,43.63,22.72,679721,0,44.25,22.88,776934,9,44.48,22.67,665151,0,44.66,22.37,802036,0,43.46,24.12,1070569,0,43.27,23.78,484733,0,42.34,25.03,557127,0,42.41,24.83
136029,2026-07-14T22:45:07.980234,chillipowder,618731,0,43.65,22.68,679721,0,44.27,22.87,848911,9,44.5,22.61,665151,0,44.67,22.34,857980,0,43.48,24.07,1070569,0,43.28,23.75,508946,0,42.36,24.98,557127,0,42.41,24.77
136379,2026-07-14T22:45:08.332631,chillipowder,618731,1,42.98,22.59,679721,0,44.28,22.81,848911,0,44.51,22.59,703538,0,44.69,22.29,857980,1,42.79,23.96,1070569,0,43.3,23.7,508946,1,41.73,24.88,584808,0,42.44,24.73
136729,2026-07-14T22:45:08.672639,chillipowder,102400000,1,42.5,22.52,679721,0,44.31,22.8,848911,0,44.53,22.56,703538,1,44.03,22.21,102400000,1,42.26,23.92,1127132,0,43.31,23.66,102400000,1,41.23,24.82,584808,1,41.8,24.63
137079,2026-07-14T22:45:09.020034,chillipowder,102400000,2,42.26,22.56,710864,0,44.32,22.77,848911,0,44.55,22.51,102400000,1,43.51,22.16,102400000,2,42.0,23.92,1127132,1,42.63,23.57,102400000,2,40.97,24.83,102400000,1,41.31,24.58
137429,2026-07-14T22:45:09.369566,chillipowder,102400000,2,42.13,22.59,710864,1,43.64,22.67,848911,0,44.56,22.49,102400000,2,43.26,22.15,102400000,2,41.82,23.95,102400000,1,42.09,23.51,102400000,2,40.83,24.86,102400000,2,41.06,24.57
137779,2026-07-14T22:45:09.722163,chillipowder,102400000,2,42.06,22.65,102400000,1,43.13,22.62,889274,0,44.58,22.47,102400000,2,43.1,22.2,102400000,2,41.72,24.01,102400000,2,41.83,23.53,102400000,2,40.72,24.89,102400000,2,40.93,24.6
138129,2026-07-14T22:45:10.069050,chillipowder,102400000,2,42.02,22.71,102400000,2,42.87,22.63,889274,1,43.9,22.35,102400000,2,42.99,22.24,102400000,2,41.65,24.06,102400000,2,41.66,23.56,102400000,2,40.65,24.97,102400000,2,40.83,24.67
138479,2026-07-14T22:45:10.433350,chillipowder,102400000,2,41.98,22.79,102400000,2,42.72,22.65,102400000,1,43.38,22.31,102400000,2,42.94,22.3,102400000,2,41.59,24.13,102400000,2,41.55,23.6,102400000,2,40.6,25.02,102400000,2,40.76,24.71
138829,2026-07-14T22:45:10.782383,chillipowder,102400000,2,41.96,22.84,102400000,2,42.62,22.71,102400000,2,43.11,22.33,102400000,2,42.87,22.36,102400000,2,41.54,24.21,102400000,2,41.47,23.67,102400000,2,40.56,25.13,102400000,2,40.7,24.77
139179,2026-07-14T22:45:11.133110,chillipowder,102400000,2,41.93,22.9,102400000,2,42.57,22.78,102400000,2,42.95,22.38,102400000,2,42.84,22.5,102400000,2,41.51,24.28,102400000,2,41.4,23.74,102400000,2,40.49,25.22,102400000,2,40.65,24.84
139529,2026-07-14T22:45:11.475461,chillipowder,102400000,2,41.9,22.97,102400000,2,42.51,22.83,102400000,2,42.84,22.43,102400000,2,42.8,22.5,102400000,2,41.47,24.35,102400000,2,41.36,23.83,102400000,2,40.47,25.29,102400000,2,40.63,24.89
139879,2026-07-14T22:45:11.832250,chillipowder,102400000,2,41.89,23.01,102400000,2,42.46,22.9,102400000,2,42.76,22.5,102400000,2,42.74,22.61,102400000,2,41.43,24.42,102400000,2,41.31,23.87,23481190,2,40.45,25.35,102400000,2,40.61,24.96
140229,2026-07-14T22:45:12.171300,chillipowder,43372600,2,41.88,23.07,102400000,2,42.42,22.97,102400000,2,42.71,22.58,47679884,2,42.72,22.69,55858512,2,41.42,24.49,102400000,2,41.3,23.95,23481190,3,40.43,25.42,102400000,2,40.57,25.04
140579,2026-07-14T22:45:12.519369,chillipowder,43372600,3,41.86,23.12,102400000,2,42.4,23.02,102400000,2,42.66,22.65,47679884,3,42.69,22.71,55858512,3,41.4,24.54,102400000,2,41.27,24.01,23481190,3,40.42,25.47,33115716,2,40.55,25.09
140929,2026-07-14T22:45:12.883208,chillipowder,43372600,3,41.84,23.16,102400000,2,42.37,23.11,102400000,2,42.63,22.71,47679884,3,42.67,22.76,55858512,3,41.38,24.59,85222368,2,41.24,24.06,23481190,3,40.4,25.53,33115716,3,40.53,25.13
141279,2026-07-14T22:45:13.229301,chillipowder,43372600,3,41.83,23.2,46315196,2,42.35,23.16,102400000,2,42.61,22.77,47679884,3,42.66,22.81,55858512,3,41.36,24.67,85222368,3,41.22,24.13,23481190,3,40.39,25.58,33115716,3,40.51,25.21
141629,2026-07-14T22:45:13.571155,chillipowder,43372600,3,41.82,23.26,46315196,3,42.33,23.22,102400000,2,42.58,22.84,47679884,3,42.64,22.87,55858512,3,41.34,24.71,85222368,3,41.21,24.2,23481190,3,40.38,25.62,33115716,3,40.5,25.25
141979,2026-07-14T22:45:13.920353,chillipowder,43372600,3,41.81,23.29,46315196,3,42.32,23.26,76560744,2,42.56,22.9,47679884,3,42.62,22.91,55858512,3,41.33,24.77,85222368,3,41.19,24.23,23481190,3,40.35,25.67,33115716,3,40.47,25.2
142329,2026-07-14T22:45:14.270151,chillipowder,43372600,3,41.8,23.33,46315196,3,42.29,23.31,76560744,3,42.54,22.95,47679884,3,42.61,22.93,55858512,3,41.32,24.85,85222368,3,41.17,24.27,23481190,3,40.34,25.71,33115716,3,40.45,25.4
142679,2026-07-14T22:45:14.633350,chillipowder,43372600,3,41.78,23.35,46315196,3,42.28,23.37,76560744,3,42.52,23.01,47679884,3,42.58,22.97,55858512,3,41.28,24.91,85222368,3,41.15,24.34,23481190,3,40.33,25.74,33115716,3,40.44,25.43
143029,2026-07-14T22:45:14.971998,chillipowder,43372600,3,41.78,23.4,46315196,3,42.26,23.4,76560744,3,42.49,23.06,47679884,3,42.57,23.02,55858512,3,41.27,24.93,85222368,3,41.15,24.38,23481190,3,40.32,25.81,33115716,3,40.42,25.48
143379,2026-07-14T22:45:15.323509,chillipowder,43372600,3,41.77,23.4,46315196,3,42.25,23.46,76560744,3,42.48,23.12,47679884,3,42.56,23.05,55858512,3,41.25,24.96,85222368,3,41.13,24.41,23481190,3,40.32,25.86,33115716,3,40.42,25.5
143729,2026-07-14T22:45:15.669426,chillipowder,43372600,3,41.77,23.44,46315196,3,42.23,23.48,76560744,3,42.47,23.15,47679884,3,42.55,23.06,55858512,3,41.24,25.0,85222368,3,41.11,24.45,23481190,3,40.31,25.88,33115716,3,40.41,25.55
144079,2026-07-14T22:45:16.023093,chillipowder,43372600,3,41.75,23.47,46315196,3,42.22,23.52,76560744,3,42.45,23.2,47679884,3,42.53,23.11,55858512,3,41.23,25.04,85222368,3,41.1,24.5,23481190,3,40.3,25.9,33115716,3,40.39,25.57
144429,2026-07-14T22:45:16.368680,chillipowder,43372600,3,41.74,23.48,46315196,3,42.21,23.56,76560744,3,42.44,23.23,47679884,3,42.53,23.13,55858512,3,41.23,25.07,85222368,3,41.09,24.52,23481190,3,40.29,25.92,33115716,3,40.39,25.61
144779,2026-07-14T22:45:16.719078,chillipowder,43372600,3,41.73,23.5,46315196,3,42.2,23.58,76560744,3,42.43,23.27,47679884,3,42.51,23.19,55858512,3,41.22,25.09,85222368,3,41.09,24.56,23481190,3,40.28,25.97,33115716,3,40.37,25.64
145129,2026-07-14T22:45:17.070444,chillipowder,43372600,3,41.72,23.52,46315196,3,42.2,23.63,76560744,3,42.42,23.3,47679884,3,42.51,23.2,55858512,3,41.21,25.13,85222368,3,41.07,24.6,23481190,3,40.27,26.0,33115716,3,40.37,25.67
145479,2026-07-14T22:45:17.430633,chillipowder,43372600,3,41.71,23.55,46315196,3,42.18,23.66,76560744,3,42.41,23.34,47679884,3,42.49,23.22,55858512,3,41.19,25.13,85222368,3,41.07,24.63,23481190,3,40.26,26.02,33115716,3,40.35,25.7
145829,2026-07-14T22:45:17.773746,chillipowder,43372600,3,41.7,23.59,46315196,3,42.17,23.68,76560744,3,42.4,23.36,47679884,3,42.48,23.24,55858512,3,41.2,25.18,85222368,3,41.06,24.65,23481190,3,40.26,26.06,33115716,3,40.35,25.74
146179,2026-07-14T22:45:18.124159,chillipowder,43372600,3,41.69,23.59,46315196,3,42.17,23.69,76560744,3,42.38,23.39,47679884,3,42.47,23.27,55858512,3,41.18,25.19,85222368,3,41.05,24.69,23481190,3,40.25,26.07,33115716,3,40.34,25.76
146529,2026-07-14T22:45:18.479703,chillipowder,43372600,3,41.69,23.61,46315196,3,42.16,23.72,76560744,3,42.38,23.41,47679884,3,42.46,23.28,55858512,3,41.18,25.2,85222368,3,41.04,24.71,23481190,3,40.24,26.08,33115716,3,40.33,25.76
146879,2026-07-14T22:45:18.828667,chillipowder,43372600,3,41.68,23.63,46315196,3,42.15,23.75,76560744,3,42.37,23.43,47679884,3,42.46,23.31,55858512,3,41.17,25.23,85222368,3,41.03,24.73,23481190,3,40.22,26.11,33115716,3,40.32,25.79
147229,2026-07-14T22:45:19.181661,chillipowder,43372600,3,41.67,23.62,46315196,3,42.14,23.78,76560744,3,42.36,23.46,47679884,3,42.45,23.34,55858512,3,41.17,25.25,85222368,3,41.02,24.75,23481190,3,40.22,26.12,33115716,3,40.31,25.82
147579,2026-07-14T22:45:19.530124,chillipowder,43372600,3,41.67,23.65,46315196,3,42.14,23.79,76560744,3,42.36,23.48,47679884,3,42.44,23.37,55858512,3,41.16,25.27,85222368,3,41.02,24.78,23481190,3,40.21,26.15,33115716,3,40.3,25.83
147929,2026-07-14T22:45:19.867982,chillipowder,43372600,3,41.66,23.65,46315196,3,42.12,23.81,76560744,3,42.34,23.5,47679884,3,42.43,23.37,55858512,3,41.15,25.28,85222368,3,41.01,24.79,23481190,3,40.2,26.18,33115716,3,40.3,25.86
148279,2026-07-14T22:45:20.218619,chillipowder,43372600,3,41.65,23.67,46315196,3,42.11,23.85,76560744,3,42.34,23.52,47679884,3,42.42,23.39,55858512,3,41.14,25.32,85222368,3,41.0,24.81,23481190,3,40.21,26.19,33115716,3,40.29,25.87
148629,2026-07-14T22:45:20.570373,chillipowder,43372600,3,41.65,23.68,46315196,3,42.12,23.85,76560744,3,42.32,23.53,47679884,3,42.42,23.4,55858512,3,41.14,25.33,85222368,3,41.0,24.84,23481190,3,40.19,26.2,33115716,3,40.29,25.9
148979,2026-07-14T22:45:20.922989,chillipowder,43372600,3,41.64,23.7,46315196,3,42.1,23.87,76560744,3,42.33,23.56,47679884,3,42.41,23.43,55858512,3,41.13,25.32,85222368,3,41.0,24.85,23481190,3,40.18,26.22,33115716,3,40.28,25.92
149329,2026-07-14T22:45:21.266798,chillipowder,43372600,3,41.64,23.74,46315196,3,42.1,23.88,76560744,3,42.31,23.57,47679884,3,42.4,23.42,55858512,3,41.12,25.33,85222368,3,40.99,24.89,23481190,3,40.18,26.24,33115716,3,40.27,25.92
149679,2026-07-14T22:45:21.620600,chillipowder,43372600,3,41.63,23.73,46315196,3,42.09,23.92,76560744,3,42.31,23.58,47679884,3,42.4,23.43,55858512,3,41.11,25.38,85222368,3,40.98,24.88,23481190,3,40.17,26.25,33115716,3,40.27,25.94
150029,2026-07-14T22:45:21.979349,chillipowder,43372600,3,41.62,23.74,46315196,3,42.09,23.91,76560744,3,42.3,23.6,47679884,3,42.39,23.45,55858512,3,41.11,25.38,85222368,3,40.97,24.9,23481190,3,40.17,26.26,33115716,3,40.26,25.94
150379,2026-07-14T22:45:22.321023,chillipowder,43372600,3,41.62,23.74,46315196,3,42.08,23.92,76560744,3,42.3,23.62,47679884,3,42.39,23.47,17278144,3,41.12,25.4,85222368,3,40.97,24.91,3775985,3,40.16,26.29,33115716,3,40.26,25.96
150729,2026-07-14T22:45:22.671051,chillipowder,9766915,3,41.6,23.77,46315196,3,42.08,23.93,76560744,3,42.3,23.63,10036141,3,42.38,23.47,17278144,4,41.55,25.46,85222368,3,40.97,24.92,3775985,4,40.56,26.34,7294746,3,40.25,25.98
151079,2026-07-14T22:45:23.023495,chillipowder,9766915,4,42.05,23.82,46315196,3,42.07,23.94,76560744,3,42.28,23.64,10036141,4,42.81,23.52,17278144,4,41.88,25.48,85222368,3,40.96,24.93,3775985,4,40.87,26.37,7294746,4,40.66,26.04
151429,2026-07-14T22:45:23.368719,chillipowder,9766915,4,42.35,23.84,46315196,3,42.06,24.04,76560744,3,42.28,23.65,10036141,4,43.13,23.56,17278144,4,42.04,25.47,27215946,3,40.95,24.94,3775985,4,41.02,26.38,7294746,4,40.96,26.06
151779,2026-07-14T22:45:23.722672,chillipowder,9766915,4,42.49,23.81,9819598,3,42.06,23.97,76560744,3,42.28,23.66,10036141,4,43.29,23.55,17278144,4,42.15,25.44,27215946,4,41.38,25.0,3775985,4,41.11,26.34,7294746,4,41.1,26.06
152129,2026-07-14T22:45:24.081091,chillipowder,9766915,4,42.58,23.79,9819598,4,42.49,23.89,76560744,3,42.26,23.68,10036141,4,43.39,23.5,1730095,4,42.21,25.39,27215946,4,41.7,25.03,623250,4,41.17,26.29,7294746,4,41.2,26.02
152479,2026-07-14T22:45:24.423311,chillipowder,1008867,4,42.63,23.75,9819598,4,42.79,24.04,21243436,3,42.27,23.69,1034082,4,43.45,23.48,1730095,5,42.26,25.33,27215946,4,41.86,25.03,623250,5,41.22,26.25,891015,4,41.27,25.99
152829,2026-07-14T22:45:24.770627,chillipowder,1008867,5,42.66,23.69,9819598,4,43.03,24.0,21243436,4,42.7,23.74,1034082,5,43.5,23.43,1730095,5,42.3,25.29,27215946,4,41.96,25.01,623250,5,41.24,26.18,891015,5,41.31,25.94
153179,2026-07-14T22:45:25.118622,chillipowder,1008867,5,42.68,23.65,1128063,4,43.1,23.97,21243436,4,43.0,23.76,1034082,5,43.53,23.37,1730095,5,42.33,25.23,2499847,4,42.02,24.96,623250,5,41.27,26.13,891015,5,41.34,25.9
153529,2026-07-14T22:45:25.470078,chillipowder,1008867,5,42.7,23.6,1128063,5,43.15,23.92,21243436,4,43.16,23.75,1034082,5,43.56,23.33,1730095,5,42.35,25.18,2499847,5,42.07,24.91,623250,5,41.29,26.09,891015,5,41.36,25.85
153879,2026-07-14T22:45:25.831557,chillipowder,1008867,5,42.71,23.54,1128063,5,43.18,23.87,21243436,4,43.26,23.71,1034082,5,43.58,23.28,1694662,5,42.37,25.13,2499847,5,42.11,24.84,638404,5,41.31,26.02,891015,5,41.38,25.81
154229,2026-07-14T22:45:26.171870,chillipowder,1003675,5,42.73,23.5,1128063,5,43.2,23.81,1918501,4,43.33,23.65,1022466,5,43.6,23.23,1694662,6,42.39,25.08,2499847,5,42.14,24.79,638404,6,41.33,25.99,891015,5,41.4,25.76
154579,2026-07-14T22:45:26.531575,chillipowder,1003675,6,42.74,23.46,1128063,5,43.22,23.77,1918501,5,43.37,23.6,1022466,6,43.62,23.19,1694662,6,42.4,25.04,2499847,5,42.17,24.76,638404,6,41.34,25.96,891015,6,41.42,25.71
154929,2026-07-14T22:45:26.872694,chillipowder,1003675,6,42.74,23.43,1124348,5,43.24,23.73,1918501,5,43.41,23.57,1022466,6,43.63,23.14,1694662,6,42.42,24.99,2435196,5,42.19,24.7,638404,6,41.36,25.91,891015,6,41.43,25.65
155279,2026-07-14T22:45:27.218609,chillipowder,1003675,6,42.76,23.38,1124348,6,43.26,23.67,1918501,5,43.44,23.51,1022466,6,43.65,23.12,1694662,6,42.43,24.97,2435196,6,42.21,24.66,638404,6,41.36,25.87,891015,6,41.45,25.64
155629,2026-07-14T22:45:27.572242,chillipowder,1003675,6,42.77,23.37,1124348,6,43.28,23.63,1918501,5,43.45,23.45,1022466,6,43.67,23.08,1630897,6,42.44,24.92,2435196,6,42.22,24.62,626683,6,41.37,25.82,891015,6,41.47,25.57
155979,2026-07-14T22:45:27.930717,chillipowder,968779,6,42.77,23.32,1124348,6,43.29,23.58,1891916,5,43.48,23.42,992007,6,43.67,23.05,1630897,7,42.69,24.91,2435196,6,42.24,24.59,626683,7,41.62,25.81,861227,6,41.46,25.56
156329,2026-07-14T22:45:28.279088,chillipowder,968779,7,43.0,23.33,1124348,6,43.3,23.56,1891916,6,43.49,23.38,992007,7,43.92,23.05,1630897,7,42.91,24.88,2435196,6,42.24,24.52,626683,7,41.81,25.8,861227,7,41.7,25.55
156679,2026-07-14T22:45:28.618570,chillipowder,968779,7,43.2,23.3,1083311,6,43.31,23.52,1891916,6,43.5,23.33,992007,7,44.12,23.03,1630897,7,43.02,24.84,2337232,6,42.26,24.52,626683,7,41.94,25.77,861227,7,41.9,25.53
157029,2026-07-14T22:45:28.981519,chillipowder,968779,7,43.3,23.29,1083311,7,43.56,23.52,1891916,6,43.52,23.28,992007,7,44.24,22.99,1630897,7,43.11,24.8,2337232,7,42.51,24.49,626683,7,42.02,25.72,861227,7,42.02,25.48
157379,2026-07-14T22:45:29.317142,chillipowder,968779,7,43.36,23.25,1083311,7,43.77,23.5,1891916,6,43.54,23.26,992007,7,44.32,22.96,626683,7,43.17,24.73,2337232,7,42.73,24.48,378558,7,42.07,25.67,861227,7,42.1,25.44
157729,2026-07-14T22:45:29.681244,chillipowder,459295,7,43.42,23.18,1083311,7,43.89,23.47,1799648,6,43.55,23.22,512769,7,44.38,22.88,626683,8,43.22,24.66,2337232,7,42.87,24.44,378558,8,42.12,25.6,431703,7,42.15,25.38
158079,2026-07-14T22:45:30.030796,chillipowder,459295,8,43.45,23.12,1083311,7,43.98,23.41,1799648,7,43.8,23.2,512769,8,44.43,22.84,626683,8,43.27,24.6,2337232,7,42.95,24.39,378558,8,42.17,25.55,431703,8,42.19,25.33
158429,2026-07-14T22:45:30.372132,chillipowder,459295,8,43.48,23.11,531120,7,44.03,23.36,1799648,7,44.02,23.21,512769,8,44.46,22.82,626683,8,43.3,24.56,825307,7,43.01,24.33,378558,8,42.2,25.49,431703,8,42.23,25.27
158779,2026-07-14T22:45:30.729547,chillipowder,459295,8,43.5,23.05,531120,8,44.08,23.31,1799648,7,44.14,23.16,512769,8,44.5,22.74,626683,8,43.32,24.5,825307,8,43.06,24.26,378558,8,42.23,25.43,431703,8,42.26,25.22
159129,2026-07-14T22:45:31.081391,chillipowder,459295,8,43.53,23.01,531120,8,44.11,23.26,1799648,7,44.22,23.09,512769,8,44.54,22.7,743375,8,43.35,24.45,825307,8,43.11,24.23,444927,8,42.24,25.37,431703,8,42.29,25.17
159479,2026-07-14T22:45:31.418157,chillipowder,540369,8,43.54,22.95,531120,8,44.14,23.21,650571,7,44.29,23.06,608256,8,44.56,22.65,743375,9,43.37,24.39,825307,8,43.13,24.17,444927,9,42.27,25.32,511616,8,42.31,25.12
159829,2026-07-14T22:45:31.771776,chillipowder,540369,9,43.56,22.92,531120,8,44.17,23.15,650571,8,44.33,23.0,608256,9,44.58,22.58,743375,9,43.4,24.35,825307,8,43.17,24.11,444927,9,42.29,25.29,511616,9,42.34,25.06
160179,2026-07-14T22:45:32.122132,chillipowder,540369,9,43.58,22.88,622681,8,44.2,23.08,650571,8,44.37,22.96,608256,9,44.6,22.56,743375,9,43.42,24.31,982725,8,43.18,24.05,444927,9,42.3,25.22,511616,9,42.36,25.02
160529,2026-07-14T22:45:32.466102,chillipowder,540369,9,43.59,22.86,622681,9,44.22,23.04,650571,8,44.41,22.88,608256,9,44.62,22.5,743375,9,43.44,24.26,982725,9,43.21,23.99,444927,9,42.32,25.18,511616,9,42.37,24.98
160879,2026-07-14T22:45:32.829524,chillipowder,540369,9,43.61,22.81,622681,9,44.25,23.0,650571,8,44.43,22.84,608256,9,44.65,22.46,808208,9,43.45,24.22,982725,9,43.23,23.94,483703,9,42.34,25.15,511616,9,42.39,24.91
161229,2026-07-14T22:45:33.167976,chillipowder,589352,9,43.63,22.78,622681,9,44.26,22.96,765178,8,44.46,22.78,661926,9,44.66,22.43,808208,0,43.47,24.16,982725,9,43.26,23.89,483703,0,42.35,25.1,552170,9,42.41,24.88
161579,2026-07-14T22:45:33.515549,chillipowder,589352,0,43.65,22.83,622681,9,44.28,22.92,765178,9,44.49,22.74,661926,0,44.68,22.39,808208,0,43.49,24.13,982725,9,43.27,23.85,483703,0,42.37,25.07,552170,0,42.43,24.84
161929,2026-07-14T22:45:33.874109,chillipowder,589352,0,43.66,22.53,679045,9,44.3,22.89,765178,9,44.51,22.71,661926,0,44.7,22.34,808208,0,43.5,24.1,1068057,9,43.29,23.82,483703,0,42.38,25.11,552170,0,42.44,24.81
162279,2026-07-14T22:45:34.223002,chillipowder,589352,0,43.68,22.68,679045,0,44.32,22.86,765178,9,44.52,22.65,661926,0,44.72,22.32,808208,0,43.51,24.06,1068057,0,43.31,23.78,507810,0,42.42,24.95,552170,0,42.46,24.79
162629,2026-07-14T22:45:34.571087,chillipowder,619292,0,43.7,22.63,679045,0,44.33,22.81,765178,9,44.55,22.62,661926,0,44.73,22.31,841586,0,43.52,24.03,1068057,0,43.32,23.73,507810,1,41.76,24.83,552170,0,42.48,24.74
162979,2026-07-14T22:45:34.925743,chillipowder,619292,1,43.05,22.54,679045,0,44.36,22.78,846805,9,44.57,22.58,693532,0,44.75,22.26,841586,1,42.84,23.92,1068057,0,43.34,23.68,102400000,1,41.27,24.78,578858,0,42.5,24.7
163329,2026-07-14T22:45:35.267748,chillipowder,102400000,1,42.55,22.51,679045,0,44.36,22.76,846805,0,44.58,22.54,693532,1,44.09,22.16,102400000,1,42.31,23.86,1068057,0,43.35,23.67,102400000,2,41.02,24.77,578858,1,41.86,24.59
163679,2026-07-14T22:45:35.628949,chillipowder,102400000,2,42.32,22.51,710864,0,44.38,22.72,846805,0,44.6,22.51,102400000,1,43.58,22.11,102400000,2,42.04,23.87,1125274,0,43.37,23.64,102400000,2,40.89,24.81,102400000,1,41.36,24.54
164029,2026-07-14T22:45:35.968151,chillipowder,102400000,2,42.19,22.56,710864,1,43.7,22.63,846805,0,44.61,22.47,102400000,2,43.31,22.13,102400000,2,41.88,23.91,1125274,1,42.69,23.53,102400000,2,40.77,24.85,102400000,2,41.11,24.53
164379,2026-07-14T22:45:36.330808,chillipowder,102400000,2,42.13,22.6,102400000,1,43.19,22.58,846805,0,44.64,22.45,102400000,2,43.16,22.15,102400000,2,41.77,23.97,102400000,1,42.16,23.46,102400000,2,40.7,24.93,102400000,2,40.98,24.58
164729,2026-07-14T22:45:36.718888,chillipowder,102400000,2,42.08,22.67,102400000,2,42.93,22.57,893932,0,44.65,22.43,102400000,2,43.05,22.21,102400000,2,41.71,24.03,102400000,2,41.88,23.48,102400000,2,40.65,24.98,102400000,2,40.88,24.63
165079,2026-07-14T22:45:37.019105,chillipowder,102400000,2,42.04,22.75,102400000,2,42.78,22.63,893932,1,43.96,22.33,102400000,2,42.99,22.26,102400000,2,41.64,24.1,102400000,2,41.72,23.51,102400000,2,40.61,25.05,102400000,2,40.81,24.66
165429,2026-07-14T22:45:37.379276,chillipowder,102400000,2,42.01,22.79,102400000,2,42.67,22.68,102400000,1,43.44,22.27,102400000,2,42.94,22.32,102400000,2,41.59,24.17,102400000,2,41.6,23.57,102400000,2,40.57,25.12,102400000,2,40.75,24.74
165779,2026-07-14T22:45:37.723358,chillipowder,102400000,2,41.99,22.86,102400000,2,42.62,22.72,102400000,2,43.17,22.28,102400000,2,42.89,22.37,102400000,2,41.56,24.26,102400000,2,41.52,23.62,102400000,2,40.54,25.19,102400000,2,40.71,24.8
166129,2026-07-14T22:45:38.070927,chillipowder,102400000,2,41.97,22.93,102400000,2,42.56,22.79,102400000,2,43.01,22.34,102400000,2,42.87,22.45,102400000,2,41.53,24.33,102400000,2,41.46,23.71,102400000,2,40.52,25.25,102400000,2,40.68,24.87
166479,2026-07-14T22:45:38.431208,chillipowder,102400000,2,41.95,22.99,102400000,2,42.51,22.86,102400000,2,42.9,22.4,102400000,2,42.83,22.52,55327988,2,41.48,24.42,102400000,2,41.41,23.76,23330722,2,40.49,25.31,102400000,2,40.65,24.92
166829,2026-07-14T22:45:38.768064,chillipowder,43115788,2,41.94,23.04,102400000,2,42.48,22.94,102400000,2,42.83,22.45,102400000,2,42.81,22.58,55327988,3,41.46,24.5,102400000,2,41.37,23.83,23330722,3,40.48,25.37,102400000,2,40.63,25.0
167179,2026-07-14T22:45:39.364342,chillipowder,43115788,3,41.92,23.06,102400000,2,42.45,22.98,102400000,2,42.77,22.52,49470468,2,42.78,22.62,55327988,3,41.43,24.56,102400000,2,41.35,23.88,23330722,3,40.47,25.44,33090634,2,40.61,25.04
167529,2026-07-14T22:45:39.481973,chillipowder,43115788,3,41.91,23.12,102400000,2,42.43,23.05,102400000,2,42.72,22.58,49470468,3,42.76,22.68,55327988,3,41.41,24.62,102400000,2,41.32,23.97,23330722,3,40.46,25.5,33090634,3,40.59,25.09
167879,2026-07-14T22:45:39.816618,chillipowder,43115788,3,41.89,23.15,45974044,2,42.4,23.11,102400000,2,42.71,22.67,49470468,3,42.73,22.58,55327988,3,41.4,24.67,84644496,2,41.29,24.04,23330722,3,40.44,25.53,33090634,3,40.56,25.15
168229,2026-07-14T22:45:40.170646,chillipowder,43115788,3,41.89,23.22,45974044,3,42.38,23.17,102400000,2,42.67,22.75,49470468,3,42.69,22.83,55327988,3,41.39,24.71,84644496,3,41.27,24.08,23330722,3,40.42,25.6,33090634,3,40.55,25.23
168579,2026-07-14T22:45:40.531638,chillipowder,43115788,3,41.87,23.24,45974044,3,42.36,23.23,102400000,2,42.64,22.78,49470468,3,42.68,22.86,55327988,3,41.37,24.76,84644496,3,41.25,24.15,23330722,3,40.41,25.64,33090634,3,40.53,25.28
168929,2026-07-14T22:45:40.881820,chillipowder,43115788,3,41.85,23.27,45974044,3,42.35,23.27,77101176,2,42.62,22.85,49470468,3,42.67,22.91,55327988,3,41.35,24.8,84644496,3,41.24,24.19,23330722,3,40.4,25.68,33090634,3,40.52,25.3
169279,2026-07-14T22:45:41.220932,chillipowder,43115788,3,41.85,23.3,45974044,3,42.34,23.32,77101176,3,42.59,22.91,49470468,3,42.65,22.93,55327988,3,41.34,24.84,84644496,3,41.22,24.23,23330722,3,40.39,25.73,33090634,3,40.5,25.37
169629,2026-07-14T22:45:41.580485,chillipowder,43115788,3,41.83,23.32,45974044,3,42.32,23.36,77101176,3,42.57,22.96,49470468,3,42.63,22.98,55327988,3,41.33,24.89,84644496,3,41.2,24.28,23330722,3,40.37,25.76,33090634,3,40.49,25.41
169979,2026-07-14T22:45:41.932289,chillipowder,43115788,3,41.82,23.37,45974044,3,42.31,23.4,77101176,3,42.55,23.02,49470468,3,42.62,23.01,55327988,3,41.32,24.94,84644496,3,41.2,24.35,23330722,3,40.37,25.8,33090634,3,40.47,25.44
170329,2026-07-14T22:45:42.282095,chillipowder,43115788,3,41.82,23.38,45974044,3,42.3,23.45,77101176,3,42.54,23.06,49470468,3,42.61,23.03,55327988,3,41.31,24.95,84644496,3,41.17,24.37,23330722,3,40.36,25.83,33090634,3,40.46,25.46
170679,2026-07-14T22:45:42.630288,chillipowder,43115788,3,41.81,23.43,45974044,3,42.28,23.48,77101176,3,42.52,23.12,49470468,3,42.6,23.08,55327988,3,41.3,25.0,84644496,3,41.16,24.42,23330722,3,40.34,25.85,33090634,3,40.46,25.46
171029,2026-07-14T22:45:42.973440,chillipowder,43115788,3,41.81,23.46,45974044,3,42.27,23.52,77101176,3,42.51,23.14,49470468,3,42.59,23.11,55327988,3,41.28,25.02,84644496,3,41.15,24.45,23330722,3,40.33,25.89,33090634,3,40.44,25.55
171379,2026-07-14T22:45:43.320581,chillipowder,43115788,3,41.8,23.47,45974044,3,42.26,23.54,77101176,3,42.5,23.19,49470468,3,42.57,23.13,55327988,3,41.27,25.05,84644496,3,41.15,24.49,23330722,3,40.32,25.93,33090634,3,40.43,25.59
171729,2026-07-14T22:45:43.671542,chillipowder,43115788,3,41.78,23.49,45974044,3,42.25,23.58,77101176,3,42.49,23.2,49470468,3,42.57,23.15,55327988,3,41.27,25.07,84644496,3,41.13,24.53,23330722,3,40.32,25.95,33090634,3,40.42,25.62
172079,2026-07-14T22:45:44.029879,chillipowder,43115788,3,41.77,23.5,45974044,3,42.23,23.61,77101176,3,42.48,23.26,49470468,3,42.55,23.18,55327988,3,41.25,25.11,84644496,3,41.12,24.55,23330722,3,40.31,25.98,33090634,3,40.41,25.65
172429,2026-07-14T22:45:44.369302,chillipowder,43115788,3,41.77,23.53,45974044,3,42.23,23.62,77101176,3,42.46,23.3,49470468,3,42.55,23.2,55327988,3,41.24,25.13,84644496,3,41.12,24.53,23330722,3,40.31,26.0,33090634,3,40.4,25.69
172779,2026-07-14T22:45:44.721928,chillipowder,43115788,3,41.75,23.54,45974044,3,42.22,23.65,77101176,3,42.45,23.32,49470468,3,42.53,23.21,55327988,3,41.23,25.16,84644496,3,41.1,24.49,23330722,3,40.3,26.03,33090634,3,40.39,25.72
173129,2026-07-14T22:45:45.068146,chillipowder,43115788,3,41.75,23.56,45974044,3,42.21,23.67,77101176,3,42.43,23.34,49470468,3,42.53,23.24,55327988,3,41.23,25.17,84644496,3,41.1,24.51,23330722,3,40.3,26.05,33090634,3,40.39,25.74
173479,2026-07-14T22:45:45.420779,chillipowder,43115788,3,41.74,23.59,45974044,3,42.21,23.69,77101176,3,42.43,23.38,49470468,3,42.52,23.26,55327988,3,41.22,25.19,84644496,3,41.09,24.68,23330722,3,40.28,26.07,33090634,3,40.37,25.75
173829,2026-07-14T22:45:45.780503,chillipowder,43115788,3,41.73,23.6,45974044,3,42.19,23.72,77101176,3,42.42,23.4,49470468,3,42.51,23.27,55327988,3,41.21,25.22,84644496,3,41.08,24.71,23330722,3,40.27,26.1,33090634,3,40.37,25.78
174179,2026-07-14T22:45:46.123879,chillipowder,43115788,3,41.72,23.62,45974044,3,42.19,23.73,77101176,3,42.42,23.44,49470468,3,42.51,23.3,55327988,3,41.2,25.23,84644496,3,41.07,24.74,23330722,3,40.27,26.11,33090634,3,40.36,25.79
174529,2026-07-14T22:45:46.471563,chillipowder,43115788,3,41.71,23.63,45974044,3,42.18,23.78,77101176,3,42.41,23.45,49470468,3,42.5,23.3,55327988,3,41.2,25.25,84644496,3,41.06,24.75,23330722,3,40.26,26.12,33090634,3,40.34,25.8
174879,2026-07-14T22:45:46.831543,chillipowder,43115788,3,41.71,23.63,45974044,3,42.18,23.81,77101176,3,42.4,23.46,49470468,3,42.49,23.35,55327988,3,41.2,25.25,84644496,3,41.05,24.77,23330722,3,40.25,26.15,33090634,3,40.34,25.83
175229,2026-07-14T22:45:47.168923,chillipowder,43115788,3,41.7,23.65,45974044,3,42.17,23.81,77101176,3,42.39,23.48,49470468,3,42.48,23.36,55327988,3,41.19,25.26,84644496,3,41.05,24.81,23330722,3,40.25,26.18,33090634,3,40.34,25.85
175579,2026-07-14T22:45:47.533486,chillipowder,43115788,3,41.69,23.66,45974044,3,42.16,23.83,77101176,3,42.38,23.5,49470468,3,42.48,23.37,55327988,3,41.19,25.3,84644496,3,41.05,24.8,23330722,3,40.24,26.19,33090634,3,40.34,25.86
175929,2026-07-14T22:45:47.870851,chillipowder,43115788,3,41.69,23.67,45974044,3,42.15,23.84,77101176,3,42.38,23.5,49470468,3,42.47,23.37,55327988,3,41.18,25.31,84644496,3,41.04,24.82,23330722,3,40.23,26.19,33090634,3,40.32,25.88
176279,2026-07-14T22:45:48.231236,chillipowder,43115788,3,41.68,23.68,45974044,3,42.15,23.85,77101176,3,42.37,23.52,49470468,3,42.46,23.4,55327988,3,41.17,25.32,84644496,3,41.03,24.85,23330722,3,40.23,26.21,33090634,3,40.32,25.91
176629,2026-07-14T22:45:48.573409,chillipowder,43115788,3,41.68,23.68,45974044,3,42.15,23.87,77101176,3,42.36,23.56,49470468,3,42.45,23.41,55327988,3,41.17,25.34,84644496,3,41.02,24.85,23330722,3,40.22,26.22,33090634,3,40.31,25.92
176979,2026-07-14T22:45:48.921801,chillipowder,43115788,3,41.67,23.71,45974044,3,42.14,23.88,77101176,3,42.36,23.55,49470468,3,42.46,23.42,17250856,3,41.17,25.36,84644496,3,41.02,24.87,3762976,3,40.21,26.23,33090634,3,40.31,25.92
177329,2026-07-14T22:45:49.270368,chillipowder,9723442,3,41.66,23.71,45974044,3,42.14,23.89,77101176,3,42.35,23.57,10138614,3,42.44,23.43,17250856,4,41.6,25.42,84644496,3,41.02,24.89,3762976,4,40.61,26.28,7227172,3,40.3,25.94
177679,2026-07-14T22:45:49.631543,chillipowder,9723442,4,42.11,23.76,45974044,3,42.12,23.92,77101176,3,42.35,23.6,10138614,4,42.87,23.5,17250856,4,41.93,25.42,84644496,3,41.01,24.91,3762976,4,40.92,26.32,7227172,4,40.71,26.0
178029,2026-07-14T22:45:49.968725,chillipowder,9723442,4,42.41,23.8,45974044,3,42.12,23.92,77101176,3,42.34,23.61,10138614,4,43.19,23.51,17250856,4,42.1,25.42,27080992,3,41.01,24.9,3762976,4,41.08,26.33,7227172,4,41.01,26.05
178379,2026-07-14T22:45:50.330117,chillipowder,9723442,4,42.55,23.77,9740785,3,42.12,23.93,77101176,3,42.33,23.62,10138614,4,43.35,23.5,17250856,4,42.2,25.38,27080992,4,41.43,24.97,3762976,4,41.17,26.29,7227172,4,41.16,26.02
178729,2026-07-14T22:45:50.669448,chillipowder,9723442,4,42.63,23.75,9740785,4,42.55,23.97,77101176,3,42.33,23.62,10138614,4,43.45,23.48,1723543,4,42.26,25.34,27080992,4,41.75,25.0,620418,4,41.22,26.22,7227172,4,41.26,25.99
179079,2026-07-14T22:45:51.021430,chillipowder,1007378,4,42.68,23.7,9740785,4,42.84,24.0,77101176,3,42.33,23.63,1024768,4,43.5,23.44,1723543,5,42.31,25.29,27080992,4,41.91,24.99,620418,5,41.27,26.18,889854,4,41.32,25.95
179429,2026-07-14T22:45:51.368979,chillipowder,1007378,5,42.71,23.64,9740785,4,43.01,24.0,20998398,3,42.32,23.64,1024768,5,43.55,23.38,1723543,5,42.35,25.24,27080992,4,42.01,24.95,620418,5,41.29,26.15,889854,5,41.36,25.9
179779,2026-07-14T22:45:51.722584,chillipowder,1007378,5,42.73,23.58,9740785,4,43.09,23.96,20998398,4,42.75,23.7,1024768,5,43.58,23.34,1723543,5,42.37,25.19,2481672,4,42.07,24.9,620418,5,41.32,26.1,889854,5,41.39,25.86
180129,2026-07-14T22:45:52.073410,chillipowder,1007378,5,42.76,23.55,1125274,4,43.16,23.91,20998398,4,43.06,23.74,1024768,5,43.62,23.29,1723543,5,42.4,25.15,2481672,5,42.13,24.87,620418,5,41.34,26.05,889854,5,41.42,25.83
180479,2026-07-14T22:45:52.419483,chillipowder,1007378,5,42.77,23.52,1125274,5,43.2,23.88,20998398,4,43.22,23.71,1024768,5,43.63,23.23,1688375,5,42.41,25.09,2481672,5,42.17,24.81,637212,5,41.36,26.01,889854,5,41.44,25.76
180829,2026-07-14T22:45:52.769722,chillipowder,997807,5,42.78,23.46,1125274,5,43.23,23.83,20998398,4,43.32,23.68,1029404,5,43.65,23.19,1688375,6,42.44,25.03,2481672,5,42.2,24.77,637212,6,41.38,25.95,894518,5,41.46,25.71
181179,2026-07-14T22:45:53.121390,chillipowder,997807,6,42.78,23.42,1125274,5,43.27,23.78,1899814,4,43.38,23.63,1029404,6,43.67,23.16,1688375,6,42.47,25.0,2481672,5,42.22,24.7,637212,6,41.39,25.92,894518,6,41.48,25.67
181529,2026-07-14T22:45:53.475895,chillipowder,997807,6,42.8,23.4,1125274,5,43.28,23.72,1899814,5,43.43,23.57,1029404,6,43.69,23.13,1688375,6,42.48,24.96,2405167,5,42.24,24.67,637212,6,41.4,25.86,894518,6,41.49,25.63
181879,2026-07-14T22:45:53.819271,chillipowder,997807,6,42.81,23.35,1120656,5,43.3,23.69,1899814,5,43.47,23.52,1029404,6,43.7,23.08,1688375,6,42.48,24.92,2405167,6,42.26,24.64,637212,6,41.41,25.83,894518,6,41.5,25.59
182229,2026-07-14T22:45:54.170830,chillipowder,997807,6,42.82,23.33,1120656,6,43.33,23.63,1899814,5,43.49,23.46,1029404,6,43.71,23.05,1611646,6,42.5,24.89,2405167,6,42.28,24.57,624961,6,41.42,25.8,894518,6,41.51,25.55
182579,2026-07-14T22:45:54.520231,chillipowder,964672,6,42.82,23.29,1120656,6,43.34,23.6,1899814,5,43.52,23.42,984852,6,43.74,23.0,1611646,7,42.75,24.87,2405167,6,42.29,24.53,624961,7,41.66,25.79,852622,6,41.52,25.51
182929,2026-07-14T22:45:54.872900,chillipowder,964672,7,43.06,23.28,1120656,6,43.35,23.55,1871174,5,43.53,23.37,984852,7,43.97,23.01,1611646,7,42.96,24.84,2405167,6,42.3,24.5,624961,7,41.86,25.77,852622,7,41.75,25.5
183279,2026-07-14T22:45:55.219430,chillipowder,964672,7,43.25,23.28,1120656,6,43.36,23.52,1871174,6,43.55,23.33,984852,7,44.17,22.98,1611646,7,43.08,24.79,2311512,6,42.32,24.45,624961,7,41.98,25.74,852622,7,41.95,25.49
183629,2026-07-14T22:45:55.569596,chillipowder,964672,7,43.36,23.25,1080738,6,43.37,23.48,1871174,6,43.57,23.28,984852,7,44.29,22.94,1611646,7,43.17,24.75,2311512,7,42.57,24.46,624961,7,42.06,25.68,852622,7,42.07,25.46
183979,2026-07-14T22:45:55.919610,chillipowder,964672,7,43.42,23.19,1080738,7,43.62,23.49,1871174,6,43.58,23.26,984852,7,44.37,22.89,623250,7,43.23,24.68,2311512,7,42.79,24.44,368876,7,42.13,25.62,852622,7,42.14,25.4
184329,2026-07-14T22:45:56.268378,chillipowder,458678,7,43.47,23.14,1080738,7,43.83,23.44,1871174,6,43.59,23.21,513540,7,44.43,22.86,623250,8,43.28,24.64,2311512,7,42.92,24.4,368876,8,42.18,25.56,429530,7,42.21,25.34
184679,2026-07-14T22:45:56.628965,chillipowder,458678,8,43.5,23.11,1080738,7,43.96,23.42,1782031,6,43.61,23.18,513540,8,44.48,22.81,623250,8,43.31,24.57,2311512,7,43.01,24.34,368876,8,42.21,25.52,429530,8,42.24,25.29
185029,2026-07-14T22:45:56.964133,chillipowder,458678,8,43.53,23.05,1080738,7,44.04,23.37,1782031,7,43.86,23.19,513540,8,44.52,22.75,623250,8,43.35,24.52,827809,7,43.08,24.3,368876,8,42.24,25.45,429530,8,42.29,25.24
185379,2026-07-14T22:45:57.323219,chillipowder,458678,8,43.56,23.01,530295,7,44.09,23.31,1782031,7,44.08,23.17,513540,8,44.56,22.7,623250,8,43.37,24.46,827809,8,43.12,24.23,368876,8,42.27,25.43,429530,8,42.31,25.18
185729,2026-07-14T22:45:57.671751,chillipowder,458678,8,43.58,22.97,530295,8,44.14,23.28,1782031,7,44.21,23.11,513540,8,44.59,22.65,738550,8,43.4,24.41,827809,8,43.16,24.17,443482,9,42.31,25.28,429530,8,42.34,25.14
186079,2026-07-14T22:45:58.028653,chillipowder,540369,8,43.6,22.92,530295,8,44.18,23.22,1782031,7,44.29,23.07,608256,8,44.6,22.59,738550,9,43.43,24.35,827809,8,43.19,24.11,443482,9,42.33,25.24,506304,8,42.36,25.08
186429,2026-07-14T22:45:58.369898,chillipowder,540369,9,43.61,22.86,530295,8,44.21,23.16,646260,7,44.35,23.01,608256,9,44.63,22.56,738550,9,43.44,24.31,827809,8,43.22,24.07,443482,9,42.36,25.19,506304,9,42.38,25.02
186779,2026-07-14T22:45:58.722778,chillipowder,540369,9,43.62,22.85,530295,8,44.24,23.1,646260,8,44.4,22.96,608256,9,44.65,22.49,738550,9,43.47,24.27,984142,8,43.25,24.02,443482,9,42.37,25.15,506304,9,42.41,24.98
187129,2026-07-14T22:45:59.073386,chillipowder,540369,9,43.64,22.8,626108,8,44.26,23.07,646260,8,44.44,22.9,608256,9,44.67,22.48,738550,9,43.48,24.2,984142,9,43.27,23.96,482336,9,42.39,25.09,506304,9,42.42,24.93
187479,2026-07-14T22:45:59.425020,chillipowder,540369,9,43.67,22.77,626108,9,44.28,23.01,646260,8,44.47,22.86,608256,9,44.69,22.43,803452,9,43.5,24.18,984142,9,43.29,23.91,482336,0,42.41,25.06,506304,9,42.44,24.88
187829,2026-07-14T22:45:59.770891,chillipowder,585812,9,43.68,22.74,626108,9,44.31,22.95,646260,8,44.5,22.79,661926,9,44.71,22.4,803452,0,43.52,24.14,984142,9,43.32,23.84,482336,0,42.41,25.01,552170,9,42.46,24.85
188179,2026-07-14T22:46:00.120276,chillipowder,585812,0,43.7,22.71,626108,9,44.33,22.92,770794,8,44.53,22.75,661926,0,44.73,22.35,803452,0,43.53,24.12,984142,9,43.33,23.81,482336,0,42.43,24.97,552170,0,42.48,24.8
188529,2026-07-14T22:46:00.469392,chillipowder,585812,0,43.71,22.67,626108,9,44.35,22.88,770794,9,44.54,22.7,661926,0,44.75,22.31,803452,0,43.55,24.06,1068893,9,43.35,23.76,482336,0,42.45,24.94,552170,0,42.5,24.76
188879,2026-07-14T22:46:00.818589,chillipowder,585812,0,43.73,22.63,673020,9,44.36,22.83,770794,9,44.57,22.66,661926,0,44.77,22.29,803452,0,43.56,24.01,1068893,0,43.37,23.73,505928,0,42.46,24.91,552170,0,42.52,24.74
189229,2026-07-14T22:46:01.178627,chillipowder,585812,0,43.75,22.62,673020,0,44.38,22.8,770794,9,44.59,22.62,661926,0,44.78,22.25,842105,0,43.58,23.99,1068893,0,43.38,23.68,505928,1,41.83,24.81,552170,0,42.53,24.71
189579,2026-07-14T22:46:01.516092,chillipowder,616496,0,43.75,22.61,673020,0,44.39,22.76,770794,9,44.61,22.57,696361,0,44.8,22.24,842105,1,42.89,23.9,1068893,0,43.39,23.65,102400000,1,41.32,24.75,577389,0,42.55,24.67
189929,2026-07-14T22:46:01.869866,chillipowder,616496,1,43.09,22.5,673020,0,44.41,22.75,844187,9,44.63,22.54,696361,1,44.14,22.12,102400000,1,42.37,23.72,1068893,0,43.41,23.63,102400000,2,41.07,24.73,577389,1,41.91,24.57
190279,2026-07-14T22:46:02.216599,chillipowder,102400000,1,42.61,22.48,673020,0,44.43,22.7,844187,0,44.65,22.5,102400000,1,43.62,22.08,102400000,2,41.92,23.87,1116076,0,43.44,23.6,102400000,2,40.93,24.77,102400000,1,41.42,24.49
190629,2026-07-14T22:46:02.567380,chillipowder,102400000,2,42.37,22.53,708650,0,44.45,22.67,844187,0,44.66,22.47,102400000,2,43.37,22.08,102400000,2,41.82,23.94,1116076,1,42.74,23.47,102400000,2,40.82,24.82,102400000,2,41.16,24.49
190979,2026-07-14T22:46:02.921232,chillipowder,102400000,2,42.18,22.58,708650,1,43.76,22.58,844187,0,44.68,22.44,102400000,2,43.21,22.12,102400000,2,41.75,24.0,102400000,1,42.21,23.43,102400000,2,40.75,24.88,102400000,2,41.03,24.53
191329,2026-07-14T22:46:03.266926,chillipowder,102400000,2,42.14,22.64,102400000,1,43.25,22.52,844187,0,44.69,22.39,102400000,2,43.11,22.17,102400000,2,41.7,24.05,102400000,2,41.93,23.45,102400000,2,40.7,24.94,102400000,2,40.92,24.56
191679,2026-07-14T22:46:03.631973,chillipowder,102400000,2,42.09,22.69,102400000,2,42.99,22.55,891597,0,44.71,22.38,102400000,2,43.05,22.22,102400000,2,41.65,24.14,102400000,2,41.76,23.47,102400000,2,40.65,25.01,102400000,2,40.85,24.62
192029,2026-07-14T22:46:03.970846,chillipowder,102400000,2,42.06,22.78,102400000,2,42.83,22.57,891597,1,44.02,22.26,102400000,2,42.99,22.29,102400000,2,41.6,24.2,102400000,2,41.65,23.52,102400000,2,40.62,25.08,102400000,2,40.8,24.7
192379,2026-07-14T22:46:04.320293,chillipowder,102400000,2,42.04,22.83,102400000,2,42.72,22.61,102400000,1,43.49,22.25,102400000,2,42.95,22.36,102400000,2,41.57,24.27,102400000,2,41.57,23.59,102400000,2,40.59,25.14,102400000,2,40.77,24.75
192729,2026-07-14T22:46:04.671969,chillipowder,102400000,2,42.03,22.88,102400000,2,42.67,22.69,102400000,2,43.22,22.24,102400000,2,42.91,22.43,102400000,2,41.55,24.34,102400000,2,41.52,23.66,102400000,2,40.57,25.22,102400000,2,40.73,24.81
193079,2026-07-14T22:46:05.031362,chillipowder,102400000,2,42.01,22.95,102400000,2,42.61,22.75,102400000,2,43.07,22.28,102400000,2,42.89,22.47,55680544,2,41.53,24.4,102400000,2,41.45,23.71,23330722,2,40.55,25.27,102400000,2,40.7,24.89
193429,2026-07-14T22:46:05.381511,chillipowder,42988520,2,42.0,22.99,102400000,2,42.57,22.82,102400000,2,42.95,22.36,102400000,2,42.86,22.53,55680544,3,41.5,24.49,102400000,2,41.42,23.8,23330722,3,40.53,25.34,102400000,2,40.67,24.96
193779,2026-07-14T22:46:05.716287,chillipowder,42988520,3,41.98,23.04,102400000,2,42.54,22.89,102400000,2,42.88,22.41,47731972,2,42.83,22.58,55680544,3,41.49,24.51,102400000,2,41.4,23.87,23330722,3,40.51,25.39,32718922,2,40.65,25.02
194129,2026-07-14T22:46:06.081778,chillipowder,42988520,3,41.97,23.08,102400000,2,42.51,22.95,102400000,2,42.82,22.48,47731972,3,42.82,22.63,55680544,3,41.46,24.58,102400000,2,41.38,23.93,23330722,3,40.49,25.46,32718922,3,40.63,25.06
194479,2026-07-14T22:46:06.430731,chillipowder,42988520,3,41.96,23.13,102400000,2,42.48,23.02,102400000,2,42.77,22.55,47731972,3,42.8,22.69,55680544,3,41.45,24.62,85222368,2,41.35,24.0,23330722,3,40.47,25.5,32718922,3,40.62,25.14
194829,2026-07-14T22:46:06.767868,chillipowder,42988520,3,41.94,23.17,45590260,2,42.46,23.08,102400000,2,42.76,22.64,47731972,3,42.77,22.74,55680544,3,41.43,24.67,85222368,3,41.33,24.05,23330722,3,40.47,25.55,32718922,3,40.6,25.17
195179,2026-07-14T22:46:07.116135,chillipowder,42988520,3,41.93,23.22,45590260,3,42.44,23.14,102400000,2,42.72,22.7,47731972,3,42.76,22.78,55680544,3,41.42,24.72,85222368,3,41.3,24.09,23330722,3,40.46,25.58,32718922,3,40.58,25.24
195529,2026-07-14T22:46:07.479916,chillipowder,42988520,3,41.92,23.25,45590260,3,42.42,23.17,102400000,2,42.69,22.75,47731972,3,42.74,22.84,55680544,3,41.41,24.77,85222368,3,41.28,24.16,23330722,3,40.44,25.63,32718922,3,40.56,25.27
195879,2026-07-14T22:46:07.820428,chillipowder,42988520,3,41.9,23.29,45590260,3,42.4,23.23,75502304,2,42.67,22.82,47731972,3,42.73,22.86,55680544,3,41.39,24.82,85222368,3,41.26,24.21,23330722,3,40.43,25.69,32718922,3,40.55,25.32
196229,2026-07-14T22:46:08.167202,chillipowder,42988520,3,41.89,23.29,45590260,3,42.38,23.28,75502304,3,42.64,22.87,47731972,3,42.71,22.82,55680544,3,41.39,24.85,85222368,3,41.25,24.26,23330722,3,40.42,25.72,32718922,3,40.54,25.36
196579,2026-07-14T22:46:08.517220,chillipowder,42988520,3,41.88,23.34,45590260,3,42.37,23.34,75502304,3,42.62,22.93,47731972,3,42.7,22.95,55680544,3,41.37,24.89,85222368,3,41.23,24.29,23330722,3,40.41,25.77,32718922,3,40.53,25.39
196929,2026-07-14T22:46:08.869020,chillipowder,42988520,3,41.87,23.35,45590260,3,42.36,23.36,75502304,3,42.61,22.97,47731972,3,42.67,23.02,55680544,3,41.36,24.94,85222368,3,41.23,24.35,23330722,3,40.4,25.8,32718922,3,40.51,25.45
197279,2026-07-14T22:46:09.220128,chillipowder,42988520,3,41.87,23.37,45590260,3,42.34,23.39,75502304,3,42.59,23.02,47731972,3,42.66,23.03,55680544,3,41.35,24.95,85222368,3,41.22,24.39,23330722,3,40.4,25.82,32718922,3,40.5,25.47
197629,2026-07-14T22:46:09.568676,chillipowder,42988520,3,41.85,23.41,45590260,3,42.34,23.45,75502304,3,42.58,23.07,47731972,3,42.65,23.05,55680544,3,41.34,25.0,85222368,3,41.21,24.41,23330722,3,40.38,25.86,32718922,3,40.49,25.5
197979,2026-07-14T22:46:09.919084,chillipowder,42988520,3,41.84,23.43,45590260,3,42.33,23.48,75502304,3,42.56,23.12,47731972,3,42.64,23.1,55680544,3,41.33,25.0,85222368,3,41.19,24.46,23330722,3,40.38,25.88,32718922,3,40.48,25.53
198329,2026-07-14T22:46:10.268431,chillipowder,42988520,3,41.84,23.44,45590260,3,42.31,23.5,75502304,3,42.55,23.15,47731972,3,42.63,23.11,55680544,3,41.33,25.03,85222368,3,41.19,24.51,23330722,3,40.37,25.91,32718922,3,40.47,25.56
198679,2026-07-14T22:46:10.618533,chillipowder,42988520,3,41.82,23.46,45590260,3,42.3,23.53,75502304,3,42.54,23.19,47731972,3,42.62,23.14,55680544,3,41.31,25.06,85222368,3,41.17,24.54,23330722,3,40.36,25.94,32718922,3,40.46,25.6
199029,2026-07-14T22:46:10.972448,chillipowder,42988520,3,41.83,23.49,45590260,3,42.29,23.56,75502304,3,42.53,23.23,47731972,3,42.61,23.14,55680544,3,41.3,25.09,85222368,3,41.16,24.56,23330722,3,40.35,25.98,32718922,3,40.46,25.71
199379,2026-07-14T22:46:11.321318,chillipowder,42988520,3,41.82,23.52,45590260,3,42.29,23.59,75502304,3,42.51,23.26,47731972,3,42.6,23.18,55680544,3,41.29,25.11,85222368,3,41.15,24.59,23330722,3,40.34,26.0,32718922,3,40.43,25.68
199729,2026-07-14T22:46:11.668495,chillipowder,42988520,3,41.81,23.51,45590260,3,42.28,23.62,75502304,3,42.5,23.29,47731972,3,42.6,23.19,55680544,3,41.28,25.12,85222368,3,41.14,24.61,23330722,3,40.33,26.02,32718922,3,40.43,25.71
200079,2026-07-14T22:46:12.026111,chillipowder,42988520,3,41.79,23.54,45590260,3,42.26,23.65,75502304,3,42.5,23.31,47731972,3,42.58,23.22,55680544,3,41.28,25.13,85222368,3,41.14,24.64,23330722,3,40.32,26.03,32718922,3,40.42,25.72
200429,2026-07-14T22:46:12.368218,chillipowder,42988520,3,41.79,23.55,45590260,3,42.26,23.66,75502304,3,42.49,23.35,47731972,3,42.56,23.24,55680544,3,41.27,25.18,85222368,3,41.14,24.67,23330722,3,40.33,26.06,32718922,3,40.41,25.74
200779,2026-07-14T22:46:12.729599,chillipowder,42988520,3,41.79,23.58,45590260,3,42.25,23.7,75502304,3,42.47,23.37,47731972,3,42.56,23.25,55680544,3,41.26,25.19,85222368,3,41.12,24.67,23330722,3,40.32,26.07,32718922,3,40.4,25.77
201129,2026-07-14T22:46:13.070353,chillipowder,42988520,3,41.78,23.58,45590260,3,42.24,23.72,75502304,3,42.47,23.38,47731972,3,42.55,23.29,55680544,3,41.25,25.22,85222368,3,41.12,24.71,23330722,3,40.31,26.09,32718922,3,40.4,25.79
201479,2026-07-14T22:46:13.417640,chillipowder,42988520,3,41.77,23.58,45590260,3,42.23,23.73,75502304,3,42.46,23.39,47731972,3,42.55,23.28,55680544,3,41.25,25.22,85222368,3,41.11,24.72,23330722,3,40.3,26.11,32718922,3,40.39,25.8
201829,2026-07-14T22:46:13.774010,chillipowder,42988520,3,41.76,23.61,45590260,3,42.23,23.76,75502304,3,42.46,23.43,47731972,3,42.54,23.29,55680544,3,41.24,25.23,85222368,3,41.1,24.73,23330722,3,40.3,26.13,32718922,3,40.38,25.81
202179,2026-07-14T22:46:14.119717,chillipowder,42988520,3,41.75,23.64,45590260,3,42.23,23.77,75502304,3,42.44,23.45,47731972,3,42.53,23.31,55680544,3,41.23,25.26,85222368,3,41.09,24.78,23330722,3,40.29,26.12,32718922,3,40.38,25.83
202529,2026-07-14T22:46:14.479140,chillipowder,42988520,3,41.75,23.63,45590260,3,42.21,23.77,75502304,3,42.44,23.45,47731972,3,42.53,23.34,55680544,3,41.23,25.28,85222368,3,41.09,24.78,23330722,3,40.28,26.16,32718922,3,40.37,25.84
202879,2026-07-14T22:46:14.820772,chillipowder,42988520,3,41.75,23.64,45590260,3,42.21,23.79,75502304,3,42.42,23.48,47731972,3,42.52,23.34,55680544,3,41.22,25.28,85222368,3,41.09,24.8,23330722,3,40.28,26.16,32718922,3,40.36,25.86
203229,2026-07-14T22:46:15.170483,chillipowder,42988520,3,41.73,23.64,45590260,3,42.2,23.81,75502304,3,42.42,23.51,47731972,3,42.51,23.36,55680544,3,41.22,25.29,85222368,3,41.07,24.8,23330722,3,40.27,26.2,32718922,3,40.36,25.9
203579,2026-07-14T22:46:15.529365,chillipowder,42988520,3,41.73,23.66,45590260,3,42.2,23.83,75502304,3,42.42,23.52,47731972,3,42.51,23.37,17305518,3,41.21,25.33,85222368,3,41.08,24.83,3755214,3,40.27,26.19,32718922,3,40.36,25.91
203929,2026-07-14T22:46:15.866720,chillipowder,9688941,3,41.73,23.68,45590260,3,42.19,23.83,75502304,3,42.41,23.52,9972002,3,42.5,23.39,17305518,4,41.65,25.36,85222368,3,41.07,24.84,3755214,4,40.66,26.25,7189118,3,40.35,25.91
204279,2026-07-14T22:46:16.223631,chillipowder,9688941,4,42.16,23.73,45590260,3,42.19,23.86,75502304,3,42.4,23.54,9972002,4,42.94,23.44,17305518,4,41.99,25.4,85222368,3,41.07,24.85,3755214,4,40.97,26.29,7189118,4,40.77,25.98
204629,2026-07-14T22:46:16.568116,chillipowder,9688941,4,42.46,23.74,45590260,3,42.18,23.86,75502304,3,42.4,23.55,9972002,4,43.25,23.47,17305518,4,42.16,25.38,85222368,3,41.06,24.86,3755214,4,41.12,26.28,7189118,4,41.05,26.0
204979,2026-07-14T22:46:16.920286,chillipowder,9688941,4,42.61,23.71,45590260,3,42.17,23.87,75502304,3,42.39,23.57,9972002,4,43.41,23.45,17305518,4,42.25,25.35,26848014,3,41.05,24.87,3755214,4,41.2,26.24,7189118,4,41.21,25.98
205329,2026-07-14T22:46:17.270261,chillipowder,9688941,4,42.69,23.7,9706161,3,42.17,23.88,75502304,3,42.39,23.57,9972002,4,43.5,23.43,1719202,4,42.32,25.31,26848014,4,41.48,24.93,620418,4,41.27,26.2,7189118,4,41.3,25.96
205679,2026-07-14T22:46:17.618646,chillipowder,996351,4,42.74,23.66,9706161,4,42.6,23.93,75502304,3,42.39,23.59,1016377,4,43.56,23.39,1719202,5,42.36,25.25,26848014,4,41.8,24.94,620418,5,41.31,26.15,880103,4,41.36,25.92
206029,2026-07-14T22:46:17.968411,chillipowder,996351,5,42.77,23.61,9706161,4,42.9,23.98,75502304,3,42.38,23.62,1016377,5,43.61,23.34,1719202,5,42.4,25.19,26848014,4,41.96,24.95,620418,5,41.35,26.11,880103,5,41.4,25.87
206379,2026-07-14T22:46:18.327896,chillipowder,996351,5,42.8,23.57,9706161,4,43.06,23.95,20858052,3,42.38,23.62,1016377,5,43.64,23.29,1719202,5,42.43,25.16,26848014,4,42.06,24.93,620418,5,41.36,26.05,880103,5,41.43,25.83
206729,2026-07-14T22:46:18.668858,chillipowder,996351,5,42.8,23.5,9706161,4,43.16,23.92,20858052,4,42.81,23.67,1016377,5,43.67,23.25,1719202,5,42.45,25.09,2468213,4,42.12,24.87,620418,5,41.39,26.0,880103,5,41.46,25.78
207079,2026-07-14T22:46:19.014651,chillipowder,996351,5,42.82,23.48,1110629,4,43.21,23.88,20858052,4,43.12,23.69,1016377,5,43.69,23.19,1705245,5,42.48,25.05,2468213,5,42.18,24.82,634841,5,41.4,25.94,880103,5,41.49,25.72
207429,2026-07-14T22:46:19.368614,chillipowder,998537,5,42.83,23.42,1110629,5,43.25,23.83,20858052,4,43.28,23.68,1023232,5,43.71,23.15,1705245,6,42.49,25.0,2468213,5,42.22,24.78,634841,6,41.42,25.92,880670,5,41.5,25.68
207779,2026-07-14T22:46:19.714366,chillipowder,998537,6,42.84,23.38,1110629,5,43.29,23.77,20858052,4,43.38,23.65,1023232,6,43.72,23.09,1705245,6,42.51,24.96,2468213,5,42.25,24.72,634841,6,41.43,25.87,880670,6,41.51,25.63
208129,2026-07-14T22:46:20.068673,chillipowder,998537,6,42.85,23.35,1110629,5,43.32,23.73,1897174,4,43.45,23.58,1023232,6,43.75,23.08,1705245,6,42.52,24.92,2468213,5,42.28,24.66,634841,6,41.44,25.84,880670,6,41.53,25.59
208479,2026-07-14T22:46:20.422794,chillipowder,998537,6,42.86,23.31,1110629,5,43.34,23.67,1897174,5,43.49,23.52,1023232,6,43.76,23.02,1705245,6,42.53,24.86,2428698,5,42.29,24.63,634841,6,41.46,25.78,880670,6,41.54,25.55
208829,2026-07-14T22:46:20.771971,chillipowder,998537,6,42.87,23.29,1110629,5,43.37,23.63,1897174,5,43.53,23.48,1023232,6,43.77,22.99,1615460,6,42.55,24.85,2428698,6,42.31,24.58,619292,7,41.71,25.75,880670,6,41.55,25.53
209179,2026-07-14T22:46:21.119746,chillipowder,954556,6,42.88,23.25,1110629,6,43.37,23.58,1897174,5,43.55,23.43,986275,6,43.78,22.97,1615460,7,42.8,24.83,2428698,6,42.33,24.55,619292,7,41.91,25.73,853155,6,41.56,25.48
209529,2026-07-14T22:46:21.475780,chillipowder,954556,7,43.11,23.23,1110629,6,43.38,23.55,1897174,5,43.58,23.38,986275,7,44.02,22.97,1615460,7,43.0,24.81,2428698,6,42.34,24.5,619292,7,42.03,25.68,853155,7,41.8,25.47
209879,2026-07-14T22:46:21.821018,chillipowder,954556,7,43.31,23.25,1110629,6,43.4,23.52,1853393,5,43.59,23.33,986275,7,44.22,22.95,1615460,7,43.13,24.77,2428698,6,42.35,24.46,619292,7,42.12,25.65,853155,7,42.0,25.46
210229,2026-07-14T22:46:22.177116,chillipowder,954556,7,43.42,23.19,1110629,6,43.42,23.48,1853393,6,43.61,23.29,986275,7,44.34,22.91,1615460,7,43.22,24.73,2299831,6,42.36,24.43,366893,7,42.18,25.58,853155,7,42.11,25.42
210579,2026-07-14T22:46:22.520761,chillipowder,954556,7,43.48,23.15,1079884,6,43.42,23.44,1853393,6,43.63,23.26,986275,7,44.43,22.86,621547,7,43.28,24.67,2299831,7,42.62,24.42,366893,8,42.23,25.53,853155,7,42.19,25.37
210929,2026-07-14T22:46:22.868220,chillipowder,456226,7,43.51,23.09,1079884,7,43.67,23.44,1853393,6,43.64,23.22,510468,7,44.48,22.82,621547,8,43.32,24.59,2299831,7,42.84,24.4,366893,8,42.25,25.5,429260,7,42.25,25.33
211279,2026-07-14T22:46:23.217322,chillipowder,456226,8,43.55,23.07,1079884,7,43.89,23.43,1853393,6,43.65,23.17,510468,8,44.53,22.76,621547,8,43.36,24.54,2299831,7,42.97,24.36,366893,8,42.28,25.42,429260,8,42.29,25.25
211629,2026-07-14T22:46:23.579115,chillipowder,456226,8,43.58,23.02,1079884,7,44.02,23.39,1771626,6,43.67,23.15,510468,8,44.57,22.71,621547,8,43.39,24.48,2299831,7,43.05,24.31,366893,8,42.32,25.35,429260,8,42.33,25.21
211979,2026-07-14T22:46:23.926053,chillipowder,456226,8,43.6,22.97,1079884,7,44.1,23.29,1771626,7,43.92,23.14,510468,8,44.61,22.66,621547,8,43.42,24.43,826306,7,43.12,24.26,444348,8,42.33,25.3,429260,8,42.36,25.16
212329,2026-07-14T22:46:24.277233,chillipowder,456226,8,43.63,22.91,529472,7,44.15,23.54,1771626,7,44.14,23.12,510468,8,44.63,22.6,732213,8,43.44,24.37,826306,8,43.17,24.21,444348,9,42.36,25.23,429260,8,42.38,25.09
212679,2026-07-14T22:46:24.618830,chillipowder,537391,8,43.64,22.89,529472,8,44.2,23.22,1771626,7,44.26,23.09,610978,8,44.65,22.54,732213,9,43.47,24.32,826306,8,43.21,24.14,444348,9,42.37,25.2,505928,8,42.41,25.04
213029,2026-07-14T22:46:24.965442,chillipowder,537391,9,43.67,22.85,529472,8,44.23,23.13,1771626,7,44.35,23.04,610978,9,44.68,22.5,732213,9,43.49,24.27,826306,8,43.25,24.07,444348,9,42.39,25.16,505928,9,42.43,24.99
213379,2026-07-14T22:46:25.327620,chillipowder,537391,9,43.68,22.81,529472,8,44.26,23.09,643216,7,44.42,22.98,610978,9,44.7,22.46,732213,9,43.51,24.24,826306,8,43.28,24.01,444348,9,42.41,25.1,505928,9,42.45,24.93
213729,2026-07-14T22:46:25.674125,chillipowder,537391,9,43.7,22.75,529472,8,44.29,23.07,643216,8,44.46,22.91,610978,9,44.72,22.43,795031,9,43.54,24.15,973615,8,43.3,23.96,483018,9,42.43,25.06,505928,9,42.48,24.9
214079,2026-07-14T22:46:26.020309,chillipowder,537391,9,43.71,22.73,622681,9,44.34,22.98,643216,8,44.5,22.87,610978,9,44.74,22.39,795031,0,43.56,24.1,973615,9,43.33,23.93,483018,0,42.44,25.03,505928,9,42.5,24.84
214429,2026-07-14T22:46:26.371392,chillipowder,586315,9,43.73,22.69,622681,9,44.37,22.91,643216,8,44.53,22.8,659368,9,44.76,22.34,795031,0,43.58,24.07,973615,9,43.35,23.87,483018,0,42.46,24.97,550833,9,42.52,24.81
214779,2026-07-14T22:46:26.718702,chillipowder,586315,0,43.75,22.67,622681,9,44.39,22.88,643216,8,44.55,22.76,659368,0,44.78,22.29,795031,0,43.59,24.01,973615,9,43.36,23.82,483018,0,42.48,24.94,550833,0,42.53,24.77
215129,2026-07-14T22:46:27.073370,chillipowder,586315,0,43.76,22.64,622681,9,44.4,22.82,767328,8,44.59,22.72,659368,0,44.8,22.29,795031,0,43.61,23.98,973615,9,43.38,23.78,483018,0,42.48,24.89,550833,0,42.54,24.74
215479,2026-07-14T22:46:27.422744,chillipowder,586315,0,43.78,22.6,675684,9,44.41,22.82,767328,9,44.62,22.64,659368,0,44.81,22.26,844187,0,43.62,23.95,1057305,9,43.4,23.74,505554,0,42.5,24.87,550833,0,42.56,24.69
215829,2026-07-14T22:46:27.772236,chillipowder,586315,0,43.79,22.59,675684,0,44.44,22.78,767328,9,44.64,22.61,659368,0,44.83,22.23,844187,1,42.93,23.85,1057305,0,43.42,23.69,505554,1,41.87,24.76,550833,0,42.57,24.66
216179,2026-07-14T22:46:28.119177,chillipowder,612074,0,43.8,22.56,675684,0,44.45,22.74,767328,9,44.65,22.57,696361,0,44.85,22.2,102400000,1,42.41,23.81,1057305,0,43.44,23.66,102400000,1,41.36,24.7,581818,0,42.59,24.62
216529,2026-07-14T22:46:28.478099,chillipowder,612074,1,43.14,22.47,675684,0,44.47,22.71,767328,9,44.67,22.52,696361,1,44.18,22.09,102400000,2,42.14,23.82,1057305,0,43.45,23.6,102400000,2,41.11,24.7,581818,1,41.95,24.52
216879,2026-07-14T22:46:28.819736,chillipowder,102400000,1,42.65,22.43,675684,0,44.48,22.67,833367,9,44.69,22.52,102400000,1,43.67,22.05,102400000,2,41.98,23.84,1057305,0,43.47,23.6,102400000,2,40.97,24.74,102400000,1,41.45,24.45
217229,2026-07-14T22:46:29.172928,chillipowder,102400000,2,42.42,22.44,707915,0,44.5,22.65,833367,0,44.71,22.47,102400000,2,43.41,22.06,102400000,2,41.87,23.88,1117903,0,43.48,23.57,102400000,2,40.86,24.77,102400000,2,41.19,24.46
217579,2026-07-14T22:46:29.522642,chillipowder,102400000,2,42.29,22.47,707915,1,43.81,22.53,833367,0,44.72,22.42,102400000,2,43.26,22.08,102400000,2,41.8,23.95,1117903,1,42.8,23.45,102400000,2,40.79,24.86,102400000,2,41.06,24.48
217929,2026-07-14T22:46:29.871606,chillipowder,102400000,2,42.23,22.54,102400000,1,43.29,22.49,833367,0,44.74,22.4,102400000,2,43.15,22.13,102400000,2,41.74,24.03,102400000,1,42.26,23.41,102400000,2,40.74,24.91,102400000,2,40.97,24.55
218279,2026-07-14T22:46:30.228859,chillipowder,102400000,2,42.18,22.61,102400000,2,43.03,22.49,833367,0,44.75,22.36,102400000,2,43.1,22.2,102400000,2,41.69,24.09,102400000,2,41.98,23.39,102400000,2,40.7,25.0,102400000,2,40.89,24.61
218629,2026-07-14T22:46:30.569920,chillipowder,102400000,2,42.15,22.78,102400000,2,42.87,22.53,882948,0,44.76,22.34,102400000,2,43.05,22.25,102400000,2,41.66,24.17,102400000,2,41.7,23.48,102400000,2,40.66,25.04,102400000,2,40.84,24.67
218979,2026-07-14T22:46:30.917862,chillipowder,102400000,2,42.12,22.7,102400000,2,42.78,22.58,882948,1,44.08,22.23,102400000,2,43.0,22.32,102400000,2,41.62,24.23,102400000,2,41.62,23.57,102400000,2,40.63,25.12,102400000,2,40.8,24.74
219329,2026-07-14T22:46:31.267823,chillipowder,102400000,2,42.08,22.84,102400000,2,42.72,22.65,102400000,1,43.54,22.22,102400000,2,42.97,22.37,102400000,2,41.6,24.31,102400000,2,41.56,23.62,102400000,2,40.61,25.17,102400000,2,40.77,24.79
219679,2026-07-14T22:46:31.623849,chillipowder,102400000,2,42.06,22.92,102400000,2,42.67,22.71,102400000,2,43.27,22.15,102400000,2,42.94,22.44,55258012,2,41.58,24.37,102400000,2,41.51,23.7,23305832,2,40.59,25.24,102400000,2,40.74,24.87
220029,2026-07-14T22:46:31.979212,chillipowder,42445596,2,42.05,22.96,102400000,2,42.62,22.79,102400000,2,43.11,22.25,102400000,2,42.91,22.5,55258012,3,41.55,24.43,102400000,2,41.46,23.76,23305832,3,40.57,25.3,102400000,2,40.72,24.92
220379,2026-07-14T22:46:32.318277,chillipowder,42445596,3,42.04,22.99,102400000,2,42.58,22.85,102400000,2,43.01,22.34,47731972,2,42.89,22.55,55258012,3,41.53,24.49,102400000,2,41.44,23.81,23305832,3,40.55,25.37,32355468,2,40.69,24.99
220729,2026-07-14T22:46:32.667776,chillipowder,42445596,3,42.02,23.05,102400000,2,42.55,22.91,102400000,2,42.92,22.49,47731972,3,42.86,22.6,55258012,3,41.51,24.54,102400000,2,41.42,23.89,23305832,3,40.53,25.42,32355468,3,40.67,25.04
221079,2026-07-14T22:46:33.014630,chillipowder,42445596,3,42.0,23.1,102400000,2,42.53,22.98,102400000,2,42.86,22.45,47731972,3,42.85,22.65,55258012,3,41.5,24.59,83912936,2,41.39,23.95,23305832,3,40.52,25.47,32355468,3,40.66,25.1
221429,2026-07-14T22:46:33.368112,chillipowder,42445596,3,42.0,23.13,45637884,2,42.51,23.04,102400000,2,42.82,22.47,47731972,3,42.83,22.72,55258012,3,41.48,24.63,83912936,3,41.37,24.03,23305832,3,40.5,25.52,32355468,3,40.64,25.14
221779,2026-07-14T22:46:33.720410,chillipowder,42445596,3,41.99,23.17,45637884,3,42.48,23.09,102400000,2,42.79,22.67,47731972,3,42.81,22.75,55258012,3,41.47,24.71,83912936,3,41.35,24.08,23305832,3,40.5,25.57,32355468,3,40.62,25.2
222129,2026-07-14T22:46:34.073083,chillipowder,42445596,3,41.98,23.22,45637884,3,42.46,23.15,102400000,2,42.77,22.61,47731972,3,42.79,22.79,55258012,3,41.45,24.73,83912936,3,41.33,24.11,23305832,3,40.49,25.61,32355468,3,40.61,25.24
222479,2026-07-14T22:46:34.416194,chillipowder,42445596,3,41.97,23.24,45637884,3,42.45,23.21,102400000,2,42.74,22.75,47731972,3,42.78,22.84,55258012,3,41.44,24.77,83912936,3,41.32,24.17,23305832,3,40.48,25.65,32355468,3,40.6,25.29
222829,2026-07-14T22:46:34.772188,chillipowder,42445596,3,41.96,23.26,45637884,3,42.44,23.25,75372056,2,42.71,22.77,47731972,3,42.76,22.87,55258012,3,41.42,24.81,83912936,3,41.3,24.23,23305832,3,40.46,25.68,32355468,3,40.59,25.32
223179,2026-07-14T22:46:35.118872,chillipowder,42445596,3,41.94,23.29,45637884,3,42.42,23.28,75372056,3,42.7,22.79,47731972,3,42.75,22.9,55258012,3,41.42,24.86,83912936,3,41.28,24.27,23305832,3,40.46,25.73,32355468,3,40.57,25.38
223529,2026-07-14T22:46:35.474733,chillipowder,42445596,3,41.94,23.31,45637884,3,42.41,23.33,75372056,3,42.67,22.83,47731972,3,42.74,22.94,55258012,3,41.41,24.89,83912936,3,41.27,24.3,23305832,3,40.45,25.77,32355468,3,40.55,25.42
223879,2026-07-14T22:46:35.820941,chillipowder,42445596,3,41.93,23.35,45637884,3,42.4,23.37,75372056,3,42.65,22.86,47731972,3,42.72,22.97,55258012,3,41.39,24.91,83912936,3,41.26,24.35,23305832,3,40.43,25.79,32355468,3,40.54,25.44
224229,2026-07-14T22:46:36.180109,chillipowder,42445596,3,41.91,23.36,45637884,3,42.38,23.41,75372056,3,42.64,22.96,47731972,3,42.71,22.99,55258012,3,41.38,24.94,83912936,3,41.24,24.39,23305832,3,40.43,25.82,32355468,3,40.53,25.48
224579,2026-07-14T22:46:36.527277,chillipowder,42445596,3,41.89,23.38,45637884,3,42.37,23.43,75372056,3,42.62,22.96,47731972,3,42.7,23.02,55258012,3,41.37,24.97,83912936,3,41.24,24.41,23305832,3,40.42,25.86,32355468,3,40.52,25.49
224929,2026-07-14T22:46:36.877892,chillipowder,42445596,3,41.89,23.41,45637884,3,42.36,23.48,75372056,3,42.61,23.12,47731972,3,42.69,23.11,55258012,3,41.37,25.0,83912936,3,41.23,24.46,23305832,3,40.41,25.89,32355468,3,40.51,25.53
225279,2026-07-14T22:46:37.231043,chillipowder,42445596,3,41.88,23.44,45637884,3,42.35,23.5,75372056,3,42.6,23.1,47731972,3,42.68,23.02,55258012,3,41.35,25.03,83912936,3,41.22,24.49,23305832,3,40.4,25.9,32355468,3,40.5,25.56
225629,2026-07-14T22:46:37.573402,chillipowder,42445596,3,41.87,23.45,45637884,3,42.34,23.53,75372056,3,42.58,23.14,47731972,3,42.66,23.13,55258012,3,41.35,25.07,83912936,3,41.2,24.51,23305832,3,40.4,25.92,32355468,3,40.5,25.6
225979,2026-07-14T22:46:37.920318,chillipowder,42445596,3,41.87,23.47,45637884,3,42.33,23.58,75372056,3,42.57,23.19,47731972,3,42.65,23.16,55258012,3,41.34,25.08,83912936,3,41.2,24.56,23305832,3,40.39,25.95,32355468,3,40.49,25.61
226329,2026-07-14T22:46:38.269061,chillipowder,42445596,3,41.86,23.49,45637884,3,42.33,23.58,75372056,3,42.55,23.26,47731972,3,42.64,23.17,55258012,3,41.34,25.1,83912936,3,41.2,24.58,23305832,3,40.38,25.98,32355468,3,40.48,25.65
226679,2026-07-14T22:46:38.622531,chillipowder,42445596,3,41.85,23.5,45637884,3,42.32,23.61,75372056,3,42.54,23.29,47731972,3,42.63,23.21,55258012,3,41.32,25.11,83912936,3,41.19,24.61,23305832,3,40.37,25.99,32355468,3,40.47,25.67
227029,2026-07-14T22:46:38.971547,chillipowder,42445596,3,41.84,23.53,45637884,3,42.3,23.64,75372056,3,42.53,23.31,47731972,3,42.62,23.19,55258012,3,41.31,25.13,83912936,3,41.18,24.63,23305832,3,40.36,26.02,32355468,3,40.46,25.68
227379,2026-07-14T22:46:39.323733,chillipowder,42445596,3,41.84,23.53,45637884,3,42.3,23.67,75372056,3,42.52,23.33,47731972,3,42.61,23.2,55258012,3,41.31,25.17,83912936,3,41.17,24.67,23305832,3,40.36,26.04,32355468,3,40.45,25.71
227729,2026-07-14T22:46:39.673003,chillipowder,42445596,3,41.82,23.56,45637884,3,42.28,23.66,75372056,3,42.51,23.35,47731972,3,42.61,23.24,55258012,3,41.3,25.17,83912936,3,41.15,24.68,23305832,3,40.35,26.05,32355468,3,40.45,25.73
228079,2026-07-14T22:46:40.021160,chillipowder,42445596,3,41.82,23.56,45637884,3,42.28,23.68,75372056,3,42.5,23.37,47731972,3,42.6,23.27,55258012,3,41.29,25.17,83912936,3,41.15,24.7,23305832,3,40.34,26.06,32355468,3,40.44,25.77
228429,2026-07-14T22:46:40.380090,chillipowder,42445596,3,41.81,23.57,45637884,3,42.27,23.7,75372056,3,42.5,23.39,47731972,3,42.59,23.26,55258012,3,41.28,25.2,83912936,3,41.14,24.71,23305832,3,40.33,26.08,32355468,3,40.43,25.78
228779,2026-07-14T22:46:40.728494,chillipowder,42445596,3,41.81,23.58,45637884,3,42.26,23.73,75372056,3,42.49,23.41,47731972,3,42.59,23.29,55258012,3,41.28,25.21,83912936,3,41.14,24.75,23305832,3,40.32,26.11,32355468,3,40.42,25.79
229129,2026-07-14T22:46:41.070402,chillipowder,42445596,3,41.79,23.59,45637884,3,42.25,23.74,75372056,3,42.49,23.42,47731972,3,42.57,23.31,55258012,3,41.27,25.23,83912936,3,41.14,24.75,23305832,3,40.32,26.12,32355468,3,40.41,25.83
229479,2026-07-14T22:46:41.425270,chillipowder,42445596,3,41.79,23.62,45637884,3,42.25,23.76,75372056,3,42.48,23.44,47731972,3,42.56,23.32,55258012,3,41.27,25.24,83912936,3,41.12,24.76,23305832,3,40.32,26.15,32355468,3,40.4,25.82
229829,2026-07-14T22:46:41.768050,chillipowder,42445596,3,41.79,23.61,45637884,3,42.25,23.78,75372056,3,42.47,23.46,47731972,3,42.56,23.32,55258012,3,41.26,25.26,83912936,3,41.12,24.78,23305832,3,40.31,26.15,32355468,3,40.39,25.83
230179,2026-07-14T22:46:42.130188,chillipowder,42445596,3,41.78,23.63,45637884,3,42.24,23.81,75372056,3,42.46,23.48,47731972,3,42.56,23.32,17022338,3,41.25,25.27,83912936,3,41.11,24.79,3750057,3,40.31,26.18,32355468,3,40.4,25.86
230529,2026-07-14T22:46:42.466176,chillipowder,9553353,3,41.78,23.64,45637884,3,42.23,23.82,75372056,3,42.46,23.49,9953827,3,42.55,23.33,17022338,4,41.7,25.33,83912936,3,41.11,24.81,3750057,4,40.7,26.22,7063591,3,40.38,25.88
230879,2026-07-14T22:46:42.819537,chillipowder,9553353,4,42.21,23.68,45637884,3,42.23,23.8,75372056,3,42.46,23.5,9953827,4,42.98,23.41,17022338,4,42.03,25.36,83912936,3,41.11,24.82,3750057,4,41.01,26.24,7063591,4,40.79,25.94
231229,2026-07-14T22:46:43.177967,chillipowder,9553353,4,42.51,23.72,45637884,3,42.22,23.83,75372056,3,42.44,23.52,9953827,4,43.3,23.43,17022338,4,42.19,25.35,83912936,3,41.1,24.83,3750057,4,41.16,26.2,7063591,4,41.09,25.98
231579,2026-07-14T22:46:43.523300,chillipowder,9553353,4,42.66,23.69,45637884,3,42.21,23.84,75372056,3,42.43,23.54,9953827,4,43.45,23.42,17022338,4,42.29,25.31,26298556,3,41.09,24.84,624961,4,41.31,26.15,7063591,4,41.25,25.95
231929,2026-07-14T22:46:43.870310,chillipowder,9553353,4,42.73,23.65,9637647,3,42.22,23.85,75372056,3,42.43,23.55,9953827,4,43.54,23.38,1712732,4,42.35,25.26,26298556,4,41.53,24.91,624961,5,41.35,26.13,7063591,4,41.34,25.92
232279,2026-07-14T22:46:44.228503,chillipowder,989850,4,42.78,23.62,9637647,4,42.64,23.91,75372056,3,42.43,23.56,1018652,4,43.62,23.34,1712732,5,42.4,25.2,26298556,4,41.84,24.92,624961,5,41.38,26.06,880670,4,41.4,25.91
232629,2026-07-14T22:46:44.568074,chillipowder,989850,5,42.81,23.57,9637647,4,42.95,23.93,75372056,3,42.43,23.56,1018652,5,43.66,23.32,1712732,5,42.44,25.17,26298556,4,42.01,24.92,624961,5,41.41,26.01,880670,5,41.44,25.84
232979,2026-07-14T22:46:44.927601,chillipowder,989850,5,42.83,23.52,9637647,4,43.11,23.91,20602326,3,42.43,23.59,1018652,5,43.68,23.25,1712732,5,42.47,25.1,26298556,4,42.11,24.88,624961,5,41.43,25.96,880670,5,41.47,25.78
233329,2026-07-14T22:46:45.267821,chillipowder,989850,5,42.86,23.46,9637647,4,43.2,23.88,20602326,4,42.86,23.62,1018652,5,43.72,23.2,1712732,5,42.49,25.06,2468213,4,42.18,24.85,632489,5,41.44,25.92,880670,5,41.5,25.76
233679,2026-07-14T22:46:45.619453,chillipowder,989850,5,42.86,23.43,1117903,4,43.26,23.85,20602326,4,43.17,23.65,1018652,5,43.74,23.15,1680065,5,42.51,25.0,2468213,5,42.22,24.79,632489,6,41.45,25.89,880670,5,41.52,25.69
234029,2026-07-14T22:46:45.972311,chillipowder,991287,5,42.88,23.4,1117903,5,43.3,23.78,20602326,4,43.34,23.63,1024000,5,43.76,23.11,1680065,6,42.54,24.96,2468213,5,42.27,24.76,632489,6,41.47,25.82,876712,5,41.54,25.65
234379,2026-07-14T22:46:46.319562,chillipowder,991287,6,42.88,23.34,1117903,5,43.34,23.74,20602326,4,43.43,23.6,1024000,6,43.78,23.07,1680065,6,42.55,24.92,2468213,5,42.29,24.68,632489,6,41.48,25.8,876712,6,41.55,25.61
234729,2026-07-14T22:46:46.669896,chillipowder,991287,6,42.9,23.31,1117903,5,43.37,23.68,1881488,4,43.49,23.55,1024000,6,43.79,23.03,1680065,6,42.56,24.87,2468213,5,42.32,24.65,632489,6,41.49,25.76,876712,6,41.56,25.56
235079,2026-07-14T22:46:47.019850,chillipowder,991287,6,42.9,23.27,1117903,5,43.39,23.65,1881488,5,43.54,23.51,1024000,6,43.8,22.98,1680065,6,42.58,24.82,2386251,5,42.34,24.6,620982,6,41.51,25.73,876712,6,41.58,25.51
235429,2026-07-14T22:46:47.367943,chillipowder,991287,6,42.91,23.24,1116989,5,43.4,23.6,1881488,5,43.57,23.46,1024000,6,43.82,22.95,1618332,6,42.58,24.8,2386251,6,42.36,24.55,620982,7,41.74,25.71,876712,6,41.59,25.48
235779,2026-07-14T22:46:47.721377,chillipowder,951894,6,42.92,23.22,1116989,6,43.43,23.54,1881488,5,43.6,23.4,979201,6,43.82,22.94,1618332,7,42.84,24.79,2386251,6,42.36,24.5,620982,7,41.94,25.69,846281,6,41.6,25.45
236129,2026-07-14T22:46:48.071831,chillipowder,951894,7,43.15,23.22,1116989,6,43.43,23.53,1881488,5,43.63,23.36,979201,7,44.05,22.92,1618332,7,43.04,24.78,2386251,6,42.39,24.47,620982,7,42.06,25.66,846281,7,41.83,25.45
236479,2026-07-14T22:46:48.427156,chillipowder,951894,7,43.35,23.21,1116989,6,43.45,23.47,1838420,5,43.64,23.31,979201,7,44.26,22.91,1618332,7,43.17,24.72,2386251,6,42.4,24.44,620982,7,42.15,25.6,846281,7,42.04,25.43
236829,2026-07-14T22:46:48.775239,chillipowder,951894,7,43.45,23.15,1116989,6,43.46,23.44,1838420,6,43.67,23.26,979201,7,44.39,22.88,1618332,7,43.26,24.7,2288268,6,42.41,24.39,363765,7,42.21,25.55,846281,7,42.15,25.39
237179,2026-07-14T22:46:49.118902,chillipowder,951894,7,43.51,23.12,1066389,6,43.47,23.4,1838420,6,43.68,23.22,979201,7,44.47,22.83,619854,8,43.36,24.56,2288268,7,42.66,24.4,363765,8,42.26,25.51,846281,7,42.23,25.35
237529,2026-07-14T22:46:49.468741,chillipowder,455921,7,43.57,23.07,1066389,7,43.72,23.4,1838420,6,43.7,23.19,505180,7,44.53,22.78,619854,8,43.4,24.51,2288268,7,42.89,24.36,363765,8,42.29,25.44,424720,7,42.29,25.29
237879,2026-07-14T22:46:49.818364,chillipowder,455921,8,43.6,23.04,1066389,7,43.93,23.38,1838420,6,43.71,23.15,505180,8,44.58,22.73,619854,8,43.44,24.46,2288268,7,43.02,24.34,363765,8,42.31,25.39,424720,8,42.33,25.22
238229,2026-07-14T22:46:50.173687,chillipowder,455921,8,43.62,23.0,1066389,7,44.06,23.35,1748932,6,43.71,23.11,505180,8,44.61,22.68,619854,8,43.46,24.41,2288268,7,43.1,24.3,363765,8,42.35,25.33,424720,8,42.37,25.18
238579,2026-07-14T22:46:50.516749,chillipowder,455921,8,43.64,22.93,1066389,7,44.14,23.31,1748932,7,43.98,23.11,505180,8,44.64,22.63,731428,8,43.49,24.35,816912,7,43.17,24.22,444637,8,42.37,25.26,424720,8,42.4,25.13
238929,2026-07-14T22:46:50.866666,chillipowder,455921,8,43.66,22.9,527020,7,44.2,23.24,1748932,7,44.2,23.09,505180,8,44.67,22.56,731428,9,43.5,24.29,816912,8,43.21,24.17,444637,9,42.38,25.23,424720,8,42.42,25.06
239279,2026-07-14T22:46:51.221553,chillipowder,534446,8,43.69,22.87,527020,8,44.25,23.19,1748932,7,44.32,23.06,607174,8,44.7,22.52,731428,9,43.53,24.25,816912,8,43.26,24.11,444637,9,42.41,25.16,506679,8,42.45,25.02
239629,2026-07-14T22:46:51.571347,chillipowder,534446,9,43.71,22.8,527020,8,44.28,23.12,1748932,7,44.4,22.99,607174,9,44.72,22.48,731428,9,43.55,24.2,816912,8,43.29,24.05,444637,9,42.42,25.12,506679,9,42.47,24.96
239979,2026-07-14T22:46:51.919148,chillipowder,534446,9,43.72,22.77,527020,8,44.31,23.08,640200,7,44.47,22.95,607174,9,44.74,22.45,731428,9,43.56,24.15,816912,8,43.32,24.0,444637,9,42.45,25.08,506679,9,42.5,24.91
240329,2026-07-14T22:46:52.267032,chillipowder,534446,9,43.74,22.73,527020,8,44.34,23.03,640200,8,44.52,22.88,607174,9,44.76,22.41,795958,9,43.59,24.11,965354,8,43.35,23.93,478952,9,42.45,25.02,506679,9,42.51,24.86
240679,2026-07-14T22:46:52.624402,chillipowder,534446,9,43.75,22.7,620982,8,44.37,22.98,640200,8,44.55,22.83,607174,9,44.78,22.36,795958,0,43.6,24.06,965354,9,43.37,23.89,478952,0,42.48,24.99,506679,9,42.53,24.83
241029,2026-07-14T22:46:52.976032,chillipowder,585310,9,43.77,22.68,620982,9,44.39,22.94,640200,8,44.58,22.78,661926,9,44.8,22.33,795958,0,43.62,24.03,965354,9,43.38,23.83,478952,0,42.49,24.95,552170,9,42.55,24.8
241379,2026-07-14T22:46:53.328845,chillipowder,585310,0,43.78,22.66,620982,9,44.41,22.88,640200,8,44.63,22.71,661926,0,44.82,22.29,795958,0,43.63,24.0,965354,9,43.41,23.78,478952,0,42.51,24.91,552170,0,42.57,24.75
241729,2026-07-14T22:46:53.678102,chillipowder,585310,0,43.8,22.61,620982,9,44.43,22.85,762614,8,44.65,22.67,661926,0,44.84,22.24,795958,0,43.64,23.95,965354,9,43.44,23.74,478952,0,42.53,24.87,552170,0,42.58,24.7
242079,2026-07-14T22:46:54.024857,chillipowder,585310,0,43.81,22.59,620982,9,44.45,22.8,762614,9,44.67,22.62,661926,0,44.85,22.23,844710,0,43.66,23.93,1060590,9,43.45,23.71,505554,0,42.54,24.83,552170,0,42.59,24.68
242429,2026-07-14T22:46:54.372837,chillipowder,585310,0,43.83,22.56,673684,9,44.47,22.77,762614,9,44.69,22.58,661926,0,44.87,22.21,844710,1,42.97,23.83,1060590,0,43.47,23.65,505554,1,41.89,24.74,552170,0,42.61,24.66
242779,2026-07-14T22:46:54.724670,chillipowder,610432,0,43.85,22.54,673684,0,44.49,22.74,762614,9,44.71,22.54,690725,0,44.89,22.17,102400000,1,42.44,23.78,1060590,0,43.48,23.64,102400000,1,41.39,24.67,582811,0,42.62,24.59
243129,2026-07-14T22:46:55.075322,chillipowder,610432,1,43.18,22.43,673684,0,44.5,22.7,762614,9,44.73,22.51,690725,1,44.22,22.04,102400000,2,42.18,23.78,1060590,0,43.5,23.6,102400000,2,41.14,24.68,582811,1,41.98,24.49
243479,2026-07-14T22:46:55.425521,chillipowder,102400000,1,42.69,22.38,673684,0,44.52,22.67,831844,9,44.75,22.45,102400000,1,43.71,22.01,102400000,2,42.01,23.83,1060590,0,43.51,23.56,102400000,2,41.0,24.7,102400000,1,41.49,24.44
243829,2026-07-14T22:46:55.777226,chillipowder,102400000,2,42.46,22.41,673684,0,44.53,22.63,831844,0,44.76,22.42,102400000,2,43.45,22.02,102400000,2,41.9,23.88,1108825,0,43.52,23.52,102400000,2,40.9,24.77,102400000,2,41.24,24.45
244179,2026-07-14T22:46:56.314576,chillipowder,102400000,2,42.33,22.46,707182,0,44.54,22.61,831844,0,44.78,22.39,102400000,2,43.29,22.05,102400000,2,41.83,23.94,1108825,1,42.84,23.42,102400000,2,40.82,24.81,102400000,2,41.1,24.47
244529,2026-07-14T22:46:56.471303,chillipowder,102400000,2,42.27,22.51,707182,1,43.86,22.51,831844,0,44.79,22.37,102400000,2,43.2,22.11,102400000,2,41.78,24.0,102400000,1,42.3,23.39,102400000,2,40.77,24.89,102400000,2,41.0,24.53
244879,2026-07-14T22:46:56.825947,chillipowder,102400000,2,42.22,22.58,102400000,1,43.34,22.47,831844,0,44.79,22.32,102400000,2,43.13,22.17,102400000,2,41.73,24.07,102400000,2,42.02,23.37,102400000,2,40.73,24.95,102400000,2,40.93,24.56
245229,2026-07-14T22:46:57.175705,chillipowder,102400000,2,42.19,22.64,102400000,2,43.07,22.47,888117,0,44.8,22.3,102400000,2,43.08,22.22,102400000,2,41.69,24.15,102400000,2,41.85,23.41,102400000,2,40.69,25.01,102400000,2,40.87,24.65
245579,2026-07-14T22:46:57.518205,chillipowder,102400000,2,42.16,22.7,102400000,2,42.92,22.49,888117,1,44.11,22.21,102400000,2,43.05,22.29,102400000,2,41.66,24.21,102400000,2,41.73,23.47,102400000,2,40.66,25.1,102400000,2,40.83,24.72
245929,2026-07-14T22:46:57.872366,chillipowder,102400000,2,42.14,22.77,102400000,2,42.82,22.57,102400000,1,43.59,22.16,102400000,2,43.01,22.35,102400000,2,41.63,24.27,102400000,2,41.66,23.53,102400000,2,40.64,25.16,102400000,2,40.8,24.77
246279,2026-07-14T22:46:58.227436,chillipowder,102400000,2,42.12,22.84,102400000,2,42.75,22.62,102400000,2,43.32,22.18,102400000,2,42.98,22.42,55645084,2,41.61,24.35,102400000,2,41.59,23.61,23108604,2,40.63,25.23,102400000,2,40.78,24.84
246629,2026-07-14T22:46:58.568646,chillipowder,102400000,2,42.11,22.87,102400000,2,42.7,22.67,102400000,2,43.15,22.23,102400000,2,42.96,22.48,55645084,3,41.58,24.41,102400000,2,41.54,23.65,23108604,3,40.6,25.28,102400000,2,40.75,24.9
246979,2026-07-14T22:46:58.922160,chillipowder,42486872,2,42.09,22.93,102400000,2,42.66,22.77,102400000,2,43.05,22.28,47318412,2,42.93,22.51,55645084,3,41.57,24.49,102400000,2,41.51,23.73,23108604,3,40.59,25.34,32141246,2,40.73,24.96
247329,2026-07-14T22:46:59.275346,chillipowder,42486872,3,42.08,22.88,102400000,2,42.63,22.82,102400000,2,42.96,22.34,47318412,3,42.92,22.58,55645084,3,41.55,24.5,102400000,2,41.48,23.8,23108604,3,40.58,25.39,32141246,3,40.72,25.03
247679,2026-07-14T22:46:59.620277,chillipowder,42486872,3,42.07,23.01,102400000,2,42.59,22.88,102400000,2,42.91,22.42,47318412,3,42.89,22.64,55645084,3,41.53,24.57,102400000,2,41.45,23.87,23108604,3,40.55,25.44,32141246,3,40.68,25.08
248029,2026-07-14T22:46:59.976796,chillipowder,42486872,3,42.05,23.1,102400000,2,42.57,22.95,102400000,2,42.86,22.48,47318412,3,42.87,22.67,55645084,3,41.52,24.62,83273192,2,41.42,23.92,23108604,3,40.54,25.49,32141246,3,40.68,25.13
248379,2026-07-14T22:47:00.326882,chillipowder,42486872,3,42.03,23.13,44933836,2,42.55,23.0,102400000,2,42.84,22.57,47318412,3,42.86,22.73,55645084,3,41.5,24.66,83273192,3,41.41,24.0,23108604,3,40.53,25.55,32141246,3,40.66,25.18
248729,2026-07-14T22:47:00.671122,chillipowder,42486872,3,42.02,23.18,44933836,3,42.53,23.04,102400000,2,42.8,22.63,47318412,3,42.84,22.78,55645084,3,41.49,24.7,83273192,3,41.38,24.04,23108604,3,40.52,25.59,32141246,3,40.64,25.24
249079,2026-07-14T22:47:01.024376,chillipowder,42486872,3,42.0,23.21,44933836,3,42.51,23.11,102400000,2,42.78,22.69,47318412,3,42.83,22.8,55645084,3,41.48,24.75,83273192,3,41.37,24.09,23108604,3,40.51,25.63,32141246,3,40.63,25.26
249429,2026-07-14T22:47:01.376011,chillipowder,42486872,3,42.0,23.24,44933836,3,42.49,23.16,74409312,2,42.76,22.76,47318412,3,42.81,22.83,55645084,3,41.46,24.79,83273192,3,41.35,24.14,23108604,3,40.49,25.65,32141246,3,40.62,25.3
249779,2026-07-14T22:47:01.728161,chillipowder,42486872,3,41.98,23.26,44933836,3,42.48,23.21,74409312,3,42.74,22.83,47318412,3,42.8,22.88,55645084,3,41.45,24.83,83273192,3,41.33,24.19,23108604,3,40.49,25.7,32141246,3,40.61,25.35
250129,2026-07-14T22:47:02.073520,chillipowder,42486872,3,41.97,23.29,44933836,3,42.47,23.27,74409312,3,42.72,22.86,47318412,3,42.78,22.9,55645084,3,41.44,24.86,83273192,3,41.32,24.24,23108604,3,40.47,25.73,32141246,3,40.59,25.39
250479,2026-07-14T22:47:02.416372,chillipowder,42486872,3,41.97,23.32,44933836,3,42.45,23.29,74409312,3,42.7,22.92,47318412,3,42.77,22.94,55645084,3,41.42,24.9,83273192,3,41.31,24.28,23108604,3,40.47,25.74,32141246,3,40.57,25.43
250829,2026-07-14T22:47:02.777064,chillipowder,42486872,3,41.96,23.32,44933836,3,42.44,23.34,74409312,3,42.68,22.95,47318412,3,42.76,22.96,55645084,3,41.42,24.9,83273192,3,41.29,24.31,23108604,3,40.46,25.79,32141246,3,40.57,25.45
251179,2026-07-14T22:47:03.124695,chillipowder,42486872,3,41.95,23.36,44933836,3,42.42,23.37,74409312,3,42.67,23.02,47318412,3,42.74,22.99,55645084,3,41.41,24.95,83273192,3,41.29,24.36,23108604,3,40.45,25.83,32141246,3,40.56,25.48
251529,2026-07-14T22:47:03.477590,chillipowder,42486872,3,41.94,23.38,44933836,3,42.41,23.41,74409312,3,42.65,23.06,47318412,3,42.73,23.04,55645084,3,41.41,24.98,83273192,3,41.27,24.39,23108604,3,40.44,25.85,32141246,3,40.55,25.52
251879,2026-07-14T22:47:03.826172,chillipowder,42486872,3,41.94,23.42,44933836,3,42.4,23.45,74409312,3,42.63,23.09,47318412,3,42.72,23.04,55645084,3,41.4,25.0,83273192,3,41.26,24.43,23108604,3,40.44,25.88,32141246,3,40.54,25.55
252229,2026-07-14T22:47:04.173993,chillipowder,42486872,3,41.92,23.44,44933836,3,42.4,23.48,74409312,3,42.62,23.14,47318412,3,42.71,23.07,55645084,3,41.39,25.03,83273192,3,41.25,24.48,23108604,3,40.43,25.91,32141246,3,40.53,25.55
252579,2026-07-14T22:47:04.520245,chillipowder,42486872,3,41.92,23.45,44933836,3,42.38,23.52,74409312,3,42.61,23.15,47318412,3,42.71,23.09,55645084,3,41.37,25.04,83273192,3,41.24,24.5,23108604,3,40.42,25.93,32141246,3,40.52,25.59
252929,2026-07-14T22:47:04.878263,chillipowder,42486872,3,41.9,23.46,44933836,3,42.38,23.53,74409312,3,42.6,23.18,47318412,3,42.69,23.11,55645084,3,41.37,25.08,83273192,3,41.23,24.52,23108604,3,40.41,25.95,32141246,3,40.52,25.62
253279,2026-07-14T22:47:05.226628,chillipowder,42486872,3,41.89,23.48,44933836,3,42.37,23.56,74409312,3,42.59,23.22,47318412,3,42.68,23.13,55645084,3,41.36,25.08,83273192,3,41.23,24.56,23108604,3,40.4,25.95,32141246,3,40.51,25.63
253629,2026-07-14T22:47:05.576545,chillipowder,42486872,3,41.89,23.48,44933836,3,42.35,23.57,74409312,3,42.58,23.26,47318412,3,42.68,23.19,55645084,3,41.35,25.1,83273192,3,41.22,24.59,23108604,3,40.4,25.99,32141246,3,40.49,25.66
253979,2026-07-14T22:47:05.926219,chillipowder,42486872,3,41.88,23.51,44933836,3,42.35,23.6,74409312,3,42.57,23.27,47318412,3,42.65,23.19,55645084,3,41.35,25.12,83273192,3,41.21,24.6,23108604,3,40.39,26.02,32141246,3,40.49,25.7
254329,2026-07-14T22:47:06.282259,chillipowder,42486872,3,41.87,23.51,44933836,3,42.34,23.64,74409312,3,42.56,23.29,47318412,3,42.66,23.21,55645084,3,41.34,25.15,83273192,3,41.2,24.64,23108604,3,40.39,26.03,32141246,3,40.48,25.72
254679,2026-07-14T22:47:06.627802,chillipowder,42486872,3,41.87,23.54,44933836,3,42.33,23.64,74409312,3,42.56,23.33,47318412,3,42.65,23.23,55645084,3,41.33,25.17,83273192,3,41.2,24.65,23108604,3,40.36,26.05,32141246,3,40.47,25.71
255029,2026-07-14T22:47:06.975353,chillipowder,42486872,3,41.86,23.54,44933836,3,42.33,23.67,74409312,3,42.55,23.35,47318412,3,42.64,23.23,55645084,3,41.33,25.17,83273192,3,41.18,24.66,23108604,3,40.36,26.08,32141246,3,40.46,25.75
255379,2026-07-14T22:47:07.329007,chillipowder,42486872,3,41.85,23.54,44933836,3,42.32,23.68,74409312,3,42.54,23.37,47318412,3,42.63,23.25,55645084,3,41.32,25.2,83273192,3,41.18,24.69,23108604,3,40.36,26.09,32141246,3,40.46,25.76
255729,2026-07-14T22:47:07.675700,chillipowder,42486872,3,41.84,23.56,44933836,3,42.32,23.71,74409312,3,42.53,23.4,47318412,3,42.62,23.27,55645084,3,41.31,25.21,83273192,3,41.18,24.69,23108604,3,40.35,26.1,32141246,3,40.46,25.77
256079,2026-07-14T22:47:08.027696,chillipowder,42486872,3,41.84,23.59,44933836,3,42.3,23.71,74409312,3,42.53,23.42,47318412,3,42.62,23.27,55645084,3,41.31,25.22,83273192,3,41.18,24.72,23108604,3,40.35,26.12,32141246,3,40.45,25.79
256429,2026-07-14T22:47:08.376552,chillipowder,42486872,3,41.83,23.57,44933836,3,42.3,23.73,74409312,3,42.52,23.43,47318412,3,42.61,23.29,55645084,3,41.3,25.23,83273192,3,41.17,24.74,3739785,3,40.33,26.12,32141246,3,40.44,25.8
256779,2026-07-14T22:47:08.727135,chillipowder,42486872,3,41.83,23.6,44933836,3,42.29,23.74,74409312,3,42.51,23.44,47318412,3,42.6,23.31,17169504,3,41.29,25.23,83273192,3,41.16,24.75,3739785,4,40.74,26.19,32141246,3,40.44,25.82
257129,2026-07-14T22:47:09.076174,chillipowder,9528351,3,41.81,23.61,44933836,3,42.29,23.74,74409312,3,42.51,23.46,9846154,3,42.59,23.31,17169504,4,41.74,25.31,83273192,3,41.15,24.77,3739785,4,41.04,26.2,32141246,3,40.43,25.81
257479,2026-07-14T22:47:09.426263,chillipowder,9528351,4,42.25,23.67,44933836,3,42.28,23.76,74409312,3,42.5,23.45,9846154,4,43.01,23.37,17169504,4,42.06,25.33,83273192,3,41.15,24.79,3739785,4,41.19,26.21,7013698,3,40.42,25.86
257829,2026-07-14T22:47:09.766769,chillipowder,9528351,4,42.56,23.68,44933836,3,42.28,23.79,74409312,3,42.49,23.48,9846154,4,43.34,23.42,17169504,4,42.23,25.32,83273192,3,41.14,24.79,3739785,4,41.28,26.2,7013698,4,40.83,25.93
258179,2026-07-14T22:47:10.125202,chillipowder,9528351,4,42.7,23.66,44933836,3,42.26,23.8,74409312,3,42.49,23.48,9846154,4,43.5,23.39,17169504,4,42.33,25.28,83273192,3,41.14,24.81,618170,4,41.34,26.14,7013698,4,41.13,25.93
258529,2026-07-14T22:47:10.474675,chillipowder,9528351,4,42.78,23.63,44933836,3,42.27,23.82,74409312,3,42.48,23.51,9846154,4,43.6,23.36,1717040,4,42.39,25.25,26219644,3,41.13,24.81,618170,5,41.38,26.1,7013698,4,41.29,25.93
258879,2026-07-14T22:47:10.826043,chillipowder,992007,4,42.83,23.6,9595315,3,42.25,23.83,74409312,3,42.48,23.52,1011108,4,43.66,23.32,1717040,5,42.44,25.2,26219644,4,41.56,24.88,618170,5,41.41,26.05,7013698,4,41.38,25.89
259229,2026-07-14T22:47:11.171420,chillipowder,992007,5,42.86,23.53,9595315,4,42.69,23.87,74409312,3,42.48,23.54,1011108,5,43.7,23.27,1717040,5,42.48,25.14,26219644,4,41.89,24.91,618170,5,41.44,25.99,866694,4,41.44,25.86
259579,2026-07-14T22:47:11.528280,chillipowder,992007,5,42.88,23.51,9595315,4,42.99,23.9,74409312,3,42.47,23.54,1011108,5,43.74,23.22,1717040,5,42.51,25.09,26219644,4,42.05,24.9,618170,5,41.46,25.95,866694,5,41.48,25.81
259929,2026-07-14T22:47:11.878116,chillipowder,992007,5,42.9,23.45,9595315,4,43.15,23.89,20390790,3,42.47,23.56,1011108,5,43.76,23.17,1717040,5,42.53,25.05,26219644,4,42.15,24.87,634252,5,41.48,25.89,866694,5,41.51,25.66
260279,2026-07-14T22:47:12.226543,chillipowder,992007,5,42.91,23.4,9595315,4,43.24,23.86,20390790,4,42.9,23.62,1011108,5,43.79,23.12,1683172,5,42.55,25.0,2439547,4,42.21,24.82,634252,6,41.5,25.86,866694,5,41.56,25.66
260629,2026-07-14T22:47:12.575919,chillipowder,990568,5,42.93,23.36,1118820,4,43.3,23.81,20390790,4,43.21,23.62,1011857,5,43.81,23.08,1683172,6,42.57,25.0,2439547,5,42.26,24.78,634252,6,41.51,25.79,877275,5,41.58,25.64
260979,2026-07-14T22:47:12.917598,chillipowder,990568,6,42.93,23.32,1118820,5,43.35,23.76,20390790,4,43.38,23.61,1011857,6,43.82,23.04,1683172,6,42.61,24.86,2439547,5,42.31,24.72,634252,6,41.52,25.78,877275,6,41.59,25.58
261329,2026-07-14T22:47:13.271416,chillipowder,990568,6,42.94,23.26,1118820,5,43.38,23.71,20390790,4,43.48,23.57,1011857,6,43.84,23.0,1683172,6,42.61,24.82,2439547,5,42.33,24.67,634252,6,41.53,25.73,877275,6,41.6,25.55
261679,2026-07-14T22:47:13.627473,chillipowder,990568,6,42.95,23.24,1118820,5,43.42,23.65,1864784,4,43.54,23.52,1011857,6,43.84,22.97,1619292,6,42.63,24.78,2439547,5,42.35,24.63,620418,6,41.55,25.71,877275,6,41.61,25.5
262029,2026-07-14T22:47:13.974573,chillipowder,990568,6,42.96,23.23,1118820,5,43.44,23.6,1864784,5,43.59,23.48,1011857,6,43.85,22.92,1619292,7,42.86,24.77,2382087,5,42.38,24.57,620418,7,41.77,25.69,877275,6,41.63,25.47
262379,2026-07-14T22:47:14.332316,chillipowder,949907,6,42.97,23.19,1107925,5,43.45,23.58,1864784,5,43.62,23.42,978499,6,43.87,22.9,1619292,7,43.07,24.73,2382087,6,42.4,24.45,620418,7,41.98,25.67,837970,6,41.64,25.44
262729,2026-07-14T22:47:14.676066,chillipowder,949907,7,43.2,23.18,1107925,6,43.46,23.51,1864784,5,43.64,23.38,978499,7,44.1,22.89,1619292,7,43.21,24.7,2382087,6,42.41,24.56,620418,7,42.1,25.64,837970,7,41.87,25.42
263079,2026-07-14T22:47:15.025835,chillipowder,949907,7,43.39,23.16,1107925,6,43.47,23.49,1864784,5,43.67,23.33,978499,7,44.31,22.88,1619292,7,43.29,24.66,2382087,6,42.44,24.4,620418,7,42.19,25.58,837970,7,42.07,25.41
263429,2026-07-14T22:47:15.376082,chillipowder,949907,7,43.5,23.14,1107925,6,43.49,23.45,1811587,5,43.69,23.27,978499,7,44.43,22.85,618170,7,43.35,24.6,2271139,6,42.45,24.36,364542,7,42.24,25.52,837970,7,42.18,25.36
263779,2026-07-14T22:47:15.726447,chillipowder,949907,7,43.57,23.09,1107925,6,43.5,23.42,1811587,6,43.71,23.23,978499,7,44.51,22.81,618170,8,43.4,24.53,2271139,7,42.71,24.35,364542,8,42.29,25.46,837970,7,42.27,25.31
264129,2026-07-14T22:47:16.075368,chillipowder,452896,7,43.61,23.05,1067222,6,43.52,23.38,1811587,6,43.72,23.2,508567,7,44.57,22.75,618170,8,43.43,24.48,2271139,7,42.93,24.34,364542,8,42.32,25.4,425514,7,42.33,25.28
264479,2026-07-14T22:47:16.425168,chillipowder,452896,8,43.64,23.0,1067222,7,43.76,23.37,1811587,6,43.74,23.15,508567,8,44.62,22.7,618170,8,43.47,24.4,2271139,7,43.06,24.32,364542,8,42.35,25.36,425514,8,42.37,25.22
264829,2026-07-14T22:47:16.774926,chillipowder,452896,8,43.67,22.96,1067222,7,43.99,23.37,1811587,6,43.76,23.1,508567,8,44.65,22.65,618170,8,43.49,24.37,2271139,7,43.14,24.24,364542,8,42.38,25.3,425514,8,42.4,25.15
265179,2026-07-14T22:47:17.125143,chillipowder,452896,8,43.69,22.9,1067222,7,44.1,23.31,1733389,6,43.77,23.09,508567,8,44.68,22.6,731428,8,43.51,24.33,819363,7,43.21,24.2,439768,8,42.4,25.24,425514,8,42.43,25.1
265529,2026-07-14T22:47:17.474150,chillipowder,452896,8,43.71,22.87,1067222,7,44.18,23.27,1733389,7,44.03,23.07,508567,8,44.71,22.54,731428,9,43.54,24.26,819363,8,43.26,24.14,439768,9,42.42,25.2,425514,8,42.46,25.04
265879,2026-07-14T22:47:17.828037,chillipowder,535284,8,43.72,22.82,526613,7,44.25,23.23,1733389,7,44.24,23.04,601821,8,44.73,22.5,731428,9,43.56,24.22,819363,8,43.3,24.09,439768,9,42.44,25.13,505180,8,42.5,24.99
266229,2026-07-14T22:47:18.175683,chillipowder,535284,9,43.75,22.78,526613,8,44.28,23.14,1733389,7,44.37,23.02,601821,9,44.76,22.45,731428,9,43.58,24.17,819363,8,43.33,24.02,439768,9,42.46,25.1,505180,9,42.51,24.93
266579,2026-07-14T22:47:18.526304,chillipowder,535284,9,43.77,22.74,526613,8,44.32,23.11,1733389,7,44.46,22.97,601821,9,44.78,22.41,731428,9,43.6,24.14,819363,8,43.36,23.96,439768,9,42.48,25.05,505180,9,42.54,24.9
266929,2026-07-14T22:47:18.875536,chillipowder,535284,9,43.78,22.71,526613,8,44.36,23.05,639001,7,44.52,22.92,601821,9,44.8,22.37,795958,9,43.62,24.08,967406,8,43.39,23.91,480977,9,42.49,25.02,505180,9,42.55,24.85
267279,2026-07-14T22:47:19.226129,chillipowder,535284,9,43.79,22.68,526613,8,44.4,23.0,639001,8,44.56,22.86,601821,9,44.82,22.33,795958,0,43.63,24.05,967406,9,43.41,23.87,480977,0,42.51,24.98,505180,9,42.57,24.8
267629,2026-07-14T22:47:19.709857,chillipowder,580828,9,43.81,22.65,619854,8,44.41,22.95,639001,8,44.6,22.8,660006,9,44.84,22.3,795958,0,43.65,24.01,967406,9,43.43,23.82,480977,0,42.53,24.92,546862,9,42.58,24.76
267979,2026-07-14T22:47:19.926264,chillipowder,580828,0,43.82,22.62,619854,9,44.44,22.89,639001,8,44.64,22.73,660006,0,44.85,22.25,795958,0,43.66,23.98,967406,9,43.46,23.74,480977,0,42.54,24.88,546862,0,42.6,24.72
268329,2026-07-14T22:47:20.276687,chillipowder,580828,0,43.85,22.58,619854,9,44.46,22.85,639001,8,44.67,22.7,660006,0,44.87,22.22,795958,0,43.68,23.94,967406,9,43.48,23.72,480977,0,42.55,24.86,546862,0,42.62,24.68
268679,2026-07-14T22:47:20.624219,chillipowder,580828,0,43.86,22.55,619854,9,44.48,22.81,752111,8,44.7,22.64,660006,0,44.89,22.19,830831,0,43.69,23.9,1060590,9,43.49,23.67,501469,0,42.57,24.82,546862,0,42.63,24.66
269029,2026-07-14T22:47:20.974086,chillipowder,580828,0,43.88,22.53,619854,9,44.5,22.76,752111,9,44.72,22.61,660006,0,44.9,22.18,830831,1,43.0,23.8,1060590,0,43.51,23.64,501469,1,41.93,24.71,546862,0,42.65,24.6
269379,2026-07-14T22:47:21.326688,chillipowder,608799,0,43.89,22.51,673684,9,44.51,22.74,752111,9,44.74,22.55,690725,0,44.92,22.16,102400000,1,42.48,23.75,1060590,0,43.53,23.6,102400000,1,41.42,24.65,575442,0,42.66,24.57
269729,2026-07-14T22:47:21.676274,chillipowder,608799,1,43.22,22.4,673684,0,44.53,22.71,752111,9,44.76,22.52,690725,1,44.25,22.03,102400000,2,42.21,23.76,1060590,0,43.54,23.58,102400000,2,41.17,24.64,575442,1,42.03,24.48
270079,2026-07-14T22:47:22.028313,chillipowder,102400000,1,42.72,22.36,673684,0,44.54,22.68,752111,9,44.78,22.47,102400000,1,43.75,21.97,102400000,2,42.05,23.8,1060590,0,43.56,23.53,102400000,2,41.04,24.68,102400000,1,41.52,24.41
270429,2026-07-14T22:47:22.378010,chillipowder,102400000,2,42.48,22.39,673684,0,44.56,22.64,830831,9,44.8,22.42,102400000,2,43.49,21.99,102400000,2,41.94,23.84,1113346,0,43.57,23.5,102400000,2,40.94,24.73,102400000,2,41.28,24.4
270779,2026-07-14T22:47:22.723659,chillipowder,102400000,2,42.37,22.42,673684,0,44.57,22.6,830831,0,44.81,22.4,102400000,2,43.34,22.03,102400000,2,41.87,23.92,1113346,1,42.87,23.41,102400000,2,40.86,24.79,102400000,2,41.14,24.43
271129,2026-07-14T22:47:23.062701,chillipowder,102400000,2,42.31,22.49,704264,0,44.58,22.59,830831,0,44.82,22.35,102400000,2,43.24,22.1,102400000,2,41.81,23.98,102400000,1,42.33,23.34,102400000,2,40.8,24.86,102400000,2,41.04,24.49
271479,2026-07-14T22:47:23.425727,chillipowder,102400000,2,42.26,22.54,704264,1,43.89,22.49,830831,0,44.83,22.33,102400000,2,43.18,22.14,102400000,2,41.76,24.04,102400000,2,42.05,23.34,102400000,2,40.76,24.93,102400000,2,40.96,24.55
271829,2026-07-14T22:47:23.774246,chillipowder,102400000,2,42.22,22.6,102400000,1,43.38,22.44,830831,0,44.84,22.28,102400000,2,43.12,22.2,102400000,2,41.73,24.13,102400000,2,41.88,23.39,102400000,2,40.73,25.0,102400000,2,40.91,24.62
272179,2026-07-14T22:47:24.128449,chillipowder,102400000,2,42.2,22.67,102400000,2,43.12,22.44,884665,0,44.85,22.28,102400000,2,43.07,22.26,102400000,2,41.69,24.21,102400000,2,41.78,23.46,102400000,2,40.71,25.06,102400000,2,40.87,24.69
272529,2026-07-14T22:47:24.476519,chillipowder,102400000,2,42.18,22.74,102400000,2,42.96,22.47,884665,1,44.16,22.17,102400000,2,43.04,22.33,102400000,2,41.67,24.26,102400000,2,41.69,23.49,102400000,2,40.67,25.14,102400000,2,40.83,24.73
272879,2026-07-14T22:47:24.824883,chillipowder,102400000,2,42.16,22.8,102400000,2,42.85,22.53,102400000,1,43.63,22.12,102400000,2,43.02,22.38,54636100,2,41.64,24.32,102400000,2,41.64,23.56,22890674,2,40.65,25.2,102400000,2,40.81,24.81
273229,2026-07-14T22:47:25.179044,chillipowder,102400000,2,42.15,22.85,102400000,2,42.8,22.59,102400000,2,43.36,22.15,102400000,2,42.99,22.43,54636100,3,41.62,24.39,102400000,2,41.58,23.64,22890674,3,40.63,25.24,102400000,2,40.78,24.87
273579,2026-07-14T22:47:25.528283,chillipowder,41956468,2,42.13,22.91,102400000,2,42.73,22.65,102400000,2,43.19,22.19,47216140,2,42.97,22.51,54636100,3,41.6,24.43,102400000,2,41.54,23.7,22890674,3,40.62,25.32,31976580,2,40.77,24.94
273929,2026-07-14T22:47:25.876875,chillipowder,41956468,3,42.12,22.96,102400000,2,42.7,22.71,102400000,2,43.09,22.26,47216140,3,42.96,22.57,54636100,3,41.58,24.51,102400000,2,41.52,23.77,22890674,3,40.61,25.37,31976580,3,40.74,25.0
274279,2026-07-14T22:47:26.226237,chillipowder,41956468,3,42.11,23.0,102400000,2,42.66,22.79,102400000,2,43.01,22.3,47216140,3,42.94,22.61,54636100,3,41.57,24.54,102400000,2,41.49,23.85,22890674,3,40.59,25.43,31976580,3,40.72,25.05
274629,2026-07-14T22:47:26.575897,chillipowder,41956468,3,42.1,23.05,102400000,2,42.63,22.86,102400000,2,42.94,22.4,47216140,3,42.92,22.66,54636100,3,41.56,24.58,82565040,2,41.46,23.88,22890674,3,40.58,25.46,31976580,3,40.71,25.11
274979,2026-07-14T22:47:26.933878,chillipowder,41956468,3,42.09,23.07,102400000,2,42.6,22.93,102400000,2,42.9,22.45,47216140,3,42.9,22.7,54636100,3,41.54,24.65,82565040,3,41.44,23.94,22890674,3,40.57,25.53,31976580,3,40.69,25.15
275329,2026-07-14T22:47:27.276496,chillipowder,41956468,3,42.07,23.11,45072904,2,42.58,22.98,102400000,2,42.88,22.53,47216140,3,42.88,22.74,54636100,3,41.53,24.69,82565040,3,41.42,24.02,22890674,3,40.55,25.57,31976580,3,40.68,25.21
275679,2026-07-14T22:47:27.627181,chillipowder,41956468,3,42.07,23.2,45072904,3,42.57,22.97,102400000,2,42.85,22.6,47216140,3,42.87,22.78,54636100,3,41.52,24.74,82565040,3,41.4,24.06,22890674,3,40.55,25.62,31976580,3,40.66,25.25
276029,2026-07-14T22:47:27.975554,chillipowder,41956468,3,42.05,23.17,45072904,3,42.55,23.15,102400000,2,42.82,22.65,47216140,3,42.85,22.83,54636100,3,41.5,24.76,82565040,3,41.39,24.12,22890674,3,40.53,25.65,31976580,3,40.65,25.27
276379,2026-07-14T22:47:28.323069,chillipowder,41956468,3,42.03,23.24,45072904,3,42.53,23.25,73470856,2,42.79,22.73,47216140,3,42.84,22.87,54636100,3,41.49,24.8,82565040,3,41.37,24.18,22890674,3,40.52,25.68,31976580,3,40.63,25.32
276729,2026-07-14T22:47:28.672424,chillipowder,41956468,3,42.02,23.26,45072904,3,42.51,23.2,73470856,3,42.78,22.77,47216140,3,42.83,22.88,54636100,3,41.48,24.83,82565040,3,41.36,24.22,22890674,3,40.51,25.71,31976580,3,40.63,25.38
277079,2026-07-14T22:47:29.032681,chillipowder,41956468,3,42.02,23.28,45072904,3,42.49,23.27,73470856,3,42.75,22.83,47216140,3,42.82,22.92,54636100,3,41.46,24.87,82565040,3,41.35,24.26,22890674,3,40.5,25.69,31976580,3,40.61,25.41
277429,2026-07-14T22:47:29.370720,chillipowder,41956468,3,42.0,23.31,45072904,3,42.48,23.31,73470856,3,42.73,22.89,47216140,3,42.81,22.96,54636100,3,41.45,24.91,82565040,3,41.33,24.31,22890674,3,40.49,25.87,31976580,3,40.61,25.43
277779,2026-07-14T22:47:29.726785,chillipowder,41956468,3,41.99,23.34,45072904,3,42.46,23.35,73470856,3,42.72,22.94,47216140,3,42.79,22.98,54636100,3,41.44,24.91,82565040,3,41.32,24.35,22890674,3,40.48,25.84,31976580,3,40.6,25.46
278129,2026-07-14T22:47:30.077314,chillipowder,41956468,3,41.99,23.34,45072904,3,42.45,23.38,73470856,3,42.71,22.98,47216140,3,42.78,22.99,54636100,3,41.44,24.95,82565040,3,41.31,24.36,22890674,3,40.47,25.86,31976580,3,40.59,25.5
278479,2026-07-14T22:47:30.417139,chillipowder,41956468,3,41.98,23.37,45072904,3,42.44,23.43,73470856,3,42.7,23.04,47216140,3,42.77,23.01,54636100,3,41.43,24.97,82565040,3,41.3,24.39,22890674,3,40.46,25.88,31976580,3,40.57,25.53
278829,2026-07-14T22:47:30.780242,chillipowder,41956468,3,41.97,23.38,45072904,3,42.44,23.46,73470856,3,42.67,23.07,47216140,3,42.76,23.05,54636100,3,41.42,24.99,82565040,3,41.28,24.44,22890674,3,40.45,25.9,31976580,3,40.56,25.56
279179,2026-07-14T22:47:31.125874,chillipowder,41956468,3,41.95,23.41,45072904,3,42.43,23.47,73470856,3,42.67,23.1,47216140,3,42.75,23.06,54636100,3,41.41,25.02,82565040,3,41.27,24.48,22890674,3,40.45,25.92,31976580,3,40.55,25.58
279529,2026-07-14T22:47:31.468970,chillipowder,41956468,3,41.95,23.43,45072904,3,42.42,23.51,73470856,3,42.66,23.13,47216140,3,42.74,23.08,54636100,3,41.41,25.03,82565040,3,41.27,24.51,22890674,3,40.44,25.94,31976580,3,40.54,25.61
279879,2026-07-14T22:47:31.823079,chillipowder,41956468,3,41.95,23.44,45072904,3,42.4,23.53,73470856,3,42.64,23.17,47216140,3,42.73,23.1,54636100,3,41.4,25.07,82565040,3,41.27,24.52,22890674,3,40.43,25.96,31976580,3,40.54,25.61
280229,2026-07-14T22:47:32.175414,chillipowder,41956468,3,41.94,23.47,45072904,3,42.39,23.56,73470856,3,42.63,23.2,47216140,3,42.72,23.14,54636100,3,41.39,25.07,82565040,3,41.25,24.55,22890674,3,40.43,25.99,31976580,3,40.52,25.65
280579,2026-07-14T22:47:32.522717,chillipowder,41956468,3,41.92,23.47,45072904,3,42.39,23.57,73470856,3,42.62,23.24,47216140,3,42.71,23.15,54636100,3,41.38,25.11,82565040,3,41.25,24.58,22890674,3,40.42,26.0,31976580,3,40.52,25.68
280929,2026-07-14T22:47:32.878179,chillipowder,41956468,3,41.92,23.48,45072904,3,42.38,23.61,73470856,3,42.61,23.26,47216140,3,42.7,23.19,54636100,3,41.37,25.12,82565040,3,41.23,24.6,22890674,3,40.41,26.03,31976580,3,40.51,25.69
281279,2026-07-14T22:47:33.228110,chillipowder,41956468,3,41.91,23.49,45072904,3,42.38,23.63,73470856,3,42.6,23.28,47216140,3,42.69,23.17,54636100,3,41.37,25.16,82565040,3,41.24,24.63,22890674,3,40.4,26.05,31976580,3,40.5,25.71
281629,2026-07-14T22:47:33.575808,chillipowder,41956468,3,41.9,23.5,45072904,3,42.38,23.64,73470856,3,42.59,23.29,47216140,3,42.68,23.18,54636100,3,41.37,25.17,82565040,3,41.22,24.64,22890674,3,40.4,26.05,31976580,3,40.5,25.73
281979,2026-07-14T22:47:33.925354,chillipowder,41956468,3,41.89,23.53,45072904,3,42.36,23.64,73470856,3,42.58,23.33,47216140,3,42.68,23.3,54636100,3,41.36,25.17,82565040,3,41.22,24.66,22890674,3,40.39,26.07,31976580,3,40.49,25.74
282329,2026-07-14T22:47:34.275472,chillipowder,41956468,3,41.88,23.55,45072904,3,42.35,23.67,73470856,3,42.58,23.35,47216140,3,42.66,23.24,54636100,3,41.36,25.18,82565040,3,41.22,24.67,22890674,3,40.38,26.08,31976580,3,40.49,25.76
282679,2026-07-14T22:47:34.618421,chillipowder,41956468,3,41.88,23.55,45072904,3,42.34,23.68,73470856,3,42.57,23.38,47216140,3,42.65,23.26,54636100,3,41.35,25.2,82565040,3,41.21,24.69,22890674,3,40.38,26.1,31976580,3,40.48,25.79
283029,2026-07-14T22:47:34.974794,chillipowder,41956468,3,41.87,23.56,45072904,3,42.34,23.7,73470856,3,42.56,23.39,47216140,3,42.65,23.27,54636100,3,41.34,25.2,82565040,3,41.2,24.7,3739785,3,40.37,26.11,31976580,3,40.48,25.78
283379,2026-07-14T22:47:35.324563,chillipowder,41956468,3,41.87,23.55,45072904,3,42.34,23.72,73470856,3,42.55,23.41,47216140,3,42.65,23.29,17088918,3,41.33,25.21,82565040,3,41.2,24.72,3739785,4,40.77,26.16,31976580,3,40.47,25.78
283729,2026-07-14T22:47:35.671695,chillipowder,9405281,3,41.86,23.59,45072904,3,42.32,23.73,73470856,3,42.55,23.42,9890733,3,42.64,23.27,17088918,4,41.77,25.27,82565040,3,41.19,24.74,3739785,4,41.08,26.18,31976580,3,40.46,25.8
284079,2026-07-14T22:47:36.023725,chillipowder,9405281,4,42.3,23.63,45072904,3,42.32,23.73,73470856,3,42.54,23.43,9890733,4,43.06,23.35,17088918,4,42.11,25.33,82565040,3,41.18,24.75,3739785,4,41.23,26.19,6986780,3,40.46,25.82
284429,2026-07-14T22:47:36.376010,chillipowder,9405281,4,42.61,23.66,45072904,3,42.31,23.75,73470856,3,42.54,23.43,9890733,4,43.39,23.37,17088918,4,42.26,25.21,82565040,3,41.18,24.78,3739785,4,41.32,26.16,6986780,4,40.87,25.89
284779,2026-07-14T22:47:36.720384,chillipowder,9405281,4,42.75,23.63,45072904,3,42.3,23.76,73470856,3,42.53,23.46,9890733,4,43.54,23.35,1708446,4,42.43,25.21,82565040,3,41.17,24.8,620982,4,41.38,26.13,6986780,4,41.16,25.9
285129,2026-07-14T22:47:37.074341,chillipowder,9405281,4,42.82,23.6,45072904,3,42.3,23.79,73470856,3,42.52,23.48,9890733,4,43.64,23.33,1708446,5,42.48,25.17,26063234,3,41.18,24.81,620982,5,41.42,26.07,6986780,4,41.32,25.91
285479,2026-07-14T22:47:37.424797,chillipowder,978499,4,42.87,23.54,9454126,3,42.31,23.79,73470856,3,42.52,23.47,1016377,4,43.7,23.3,1708446,5,42.53,25.12,26063234,4,41.6,24.85,620982,5,41.45,26.01,6986780,4,41.41,25.88
285829,2026-07-14T22:47:37.770354,chillipowder,978499,5,42.9,23.51,9454126,4,42.73,23.84,73470856,3,42.51,23.5,1016377,5,43.75,23.25,1708446,5,42.55,25.06,26063234,4,41.92,24.87,620982,5,41.47,25.97,868348,4,41.47,25.85
286179,2026-07-14T22:47:38.123090,chillipowder,978499,5,42.92,23.45,9454126,4,43.04,23.88,73470856,3,42.52,23.5,1016377,5,43.79,23.19,1708446,5,42.57,25.01,26063234,4,42.09,24.86,620982,5,41.5,25.92,868348,5,41.51,25.8
286529,2026-07-14T22:47:38.475568,chillipowder,978499,5,42.94,23.41,9454126,4,43.2,23.86,73470856,3,42.51,23.5,1016377,5,43.81,23.15,1674913,5,42.59,24.98,26063234,4,42.19,24.85,634252,5,41.52,25.88,868348,5,41.55,25.75
286879,2026-07-14T22:47:38.825678,chillipowder,978499,5,42.95,23.37,9454126,4,43.29,23.83,20127764,3,42.52,23.53,1016377,5,43.82,23.09,1674913,6,42.61,24.94,2415806,4,42.26,24.8,634252,6,41.53,25.82,868348,5,41.57,25.68
287229,2026-07-14T22:47:39.175337,chillipowder,986987,5,42.96,23.32,1107027,4,43.34,23.78,20127764,4,42.95,23.59,1013359,5,43.85,23.05,1674913,6,42.63,24.89,2415806,5,42.3,24.76,634252,6,41.55,25.8,868348,5,41.59,25.67
287579,2026-07-14T22:47:39.524496,chillipowder,986987,6,42.97,23.3,1107027,5,43.39,23.73,20127764,4,43.26,23.61,1013359,6,43.86,23.01,1674913,6,42.64,24.82,2415806,5,42.34,24.68,634252,6,41.55,25.72,866694,5,41.61,25.62
287929,2026-07-14T22:47:39.875526,chillipowder,986987,6,42.98,23.26,1107027,5,43.43,23.7,20127764,4,43.42,23.58,1013359,6,43.88,22.99,1674913,6,42.65,24.78,2415806,5,42.37,24.65,634252,6,41.57,25.71,866694,6,41.63,25.56
288279,2026-07-14T22:47:40.225003,chillipowder,986987,6,42.99,23.22,1107027,5,43.45,23.63,20127764,4,43.52,23.55,1013359,6,43.89,22.93,1606904,6,42.66,24.76,2415806,5,42.4,24.61,617053,6,41.58,25.67,866694,6,41.64,25.52
288629,2026-07-14T22:47:40.569989,chillipowder,986987,6,42.99,23.18,1107027,5,43.47,23.6,1838420,4,43.58,23.5,1013359,6,43.9,22.91,1606904,7,42.9,24.74,2351320,5,42.41,24.57,617053,7,41.81,25.66,866694,6,41.65,25.47
288979,2026-07-14T22:47:40.914240,chillipowder,949907,6,43.0,23.16,1106130,5,43.49,23.54,1838420,5,43.62,23.46,982725,6,43.91,22.87,1606904,7,43.12,24.72,2351320,6,42.43,24.5,617053,7,42.01,25.66,866694,6,41.67,25.45
289329,2026-07-14T22:47:41.273448,chillipowder,949907,7,43.24,23.15,1106130,6,43.5,23.5,1838420,5,43.66,23.4,982725,7,44.14,22.86,1606904,7,43.25,24.66,2351320,6,42.45,24.44,617053,7,42.14,25.6,835406,6,41.67,25.4
289679,2026-07-14T22:47:41.614199,chillipowder,949907,7,43.43,23.13,1106130,6,43.52,23.46,1838420,5,43.68,23.34,982725,7,44.34,22.85,1606904,7,43.32,24.63,2351320,6,42.46,24.41,617053,7,42.22,25.57,835406,7,41.91,25.4
290029,2026-07-14T22:47:41.963991,chillipowder,949907,7,43.53,23.11,1106130,6,43.53,23.41,1838420,5,43.71,23.3,982725,7,44.47,22.8,621547,7,43.39,24.57,2351320,6,42.47,24.39,363765,7,42.28,25.5,835406,7,42.11,25.38
290379,2026-07-14T22:47:42.324465,chillipowder,949907,7,43.59,23.07,1106130,6,43.54,23.38,1811587,5,43.73,23.24,982725,7,44.55,22.76,621547,8,43.44,24.53,2252405,6,42.48,24.33,363765,8,42.32,25.45,835406,7,42.22,25.34
290729,2026-07-14T22:47:42.674303,chillipowder,449319,7,43.64,23.02,1061414,6,43.56,23.35,1811587,6,43.75,23.21,506304,7,44.61,22.72,621547,8,43.47,24.46,2252405,7,42.75,24.34,363765,8,42.36,25.4,835406,7,42.3,25.3
291079,2026-07-14T22:47:43.012455,chillipowder,449319,8,43.67,22.97,1061414,7,43.81,23.34,1811587,6,43.78,23.18,506304,8,44.65,22.67,621547,8,43.5,24.4,2252405,7,42.97,24.33,363765,8,42.38,25.35,419758,7,42.36,25.24
291429,2026-07-14T22:47:43.374698,chillipowder,449319,8,43.71,22.93,1061414,7,44.02,23.33,1811587,6,43.78,23.13,506304,8,44.69,22.62,621547,8,43.53,24.35,2252405,7,43.09,24.29,363765,8,42.41,25.28,419758,8,42.39,25.2
291779,2026-07-14T22:47:43.724297,chillipowder,449319,8,43.73,22.88,1061414,7,44.15,23.28,1811587,6,43.81,23.08,506304,8,44.73,22.58,730645,8,43.55,24.29,2252405,7,43.18,24.23,441760,8,42.43,25.21,419758,8,42.44,25.13
292129,2026-07-14T22:47:44.061230,chillipowder,449319,8,43.74,22.86,1061414,7,44.23,23.24,1751175,6,43.82,23.06,506304,8,44.75,22.53,730645,9,43.57,24.23,808687,7,43.25,24.17,441760,9,42.46,25.16,419758,8,42.47,25.07
292479,2026-07-14T22:47:44.424954,chillipowder,534028,8,43.77,22.78,525397,7,44.28,23.18,1751175,7,44.08,23.07,602352,8,44.77,22.47,730645,9,43.59,24.19,808687,8,43.3,24.13,441760,9,42.47,25.14,419758,8,42.5,24.97
292829,2026-07-14T22:47:44.769298,chillipowder,534028,9,43.78,22.75,525397,8,44.33,23.11,1751175,7,44.29,23.04,602352,9,44.8,22.42,730645,9,43.62,24.13,808687,8,43.34,24.06,441760,9,42.49,25.09,505180,9,42.55,24.91
293179,2026-07-14T22:47:45.124690,chillipowder,534028,9,43.8,22.7,525397,8,44.38,23.07,1751175,7,44.42,22.99,602352,9,44.82,22.39,730645,9,43.63,24.08,808687,8,43.36,23.99,441760,9,42.51,25.04,505180,9,42.57,24.89
293529,2026-07-14T22:47:45.460852,chillipowder,534028,9,43.81,22.69,525397,8,44.41,23.01,1751175,7,44.5,22.94,602352,9,44.84,22.34,795031,9,43.65,24.06,808687,8,43.4,23.96,477278,9,42.52,25.0,505180,9,42.58,24.82
293879,2026-07-14T22:47:45.813477,chillipowder,534028,9,43.84,22.65,525397,8,44.43,22.97,638404,7,44.56,22.89,602352,9,44.86,22.3,795031,0,43.67,24.01,966037,8,43.43,23.89,477278,0,42.54,24.95,505180,9,42.6,24.78
294229,2026-07-14T22:47:46.173378,chillipowder,582811,9,43.85,22.61,618731,8,44.46,22.93,638404,8,44.62,22.82,657463,9,44.88,22.26,795031,0,43.68,23.97,966037,9,43.46,23.84,477278,0,42.55,24.89,547300,9,42.62,24.72
294579,2026-07-14T22:47:46.518820,chillipowder,582811,0,43.87,22.6,618731,9,44.48,22.87,638404,8,44.65,22.77,657463,0,44.89,22.24,795031,0,43.7,23.96,966037,9,43.47,23.78,477278,0,42.57,24.88,547300,0,42.63,24.7
294929,2026-07-14T22:47:46.871007,chillipowder,582811,0,43.89,22.56,618731,9,44.5,22.82,638404,8,44.69,22.72,657463,0,44.92,22.21,795031,0,43.71,23.91,966037,9,43.49,23.73,477278,0,42.57,24.84,547300,0,42.65,24.66
295279,2026-07-14T22:47:47.223415,chillipowder,582811,0,43.89,22.53,618731,9,44.52,22.79,638404,8,44.71,22.66,657463,0,44.92,22.18,831844,0,43.73,23.88,966037,9,43.52,23.7,502206,0,42.6,24.79,547300,0,42.67,24.63
295629,2026-07-14T22:47:47.573328,chillipowder,582811,0,43.91,22.51,618731,9,44.53,22.73,758378,8,44.74,22.62,657463,0,44.94,22.15,831844,1,43.04,23.78,1048374,9,43.53,23.67,502206,1,41.96,24.69,547300,0,42.68,24.59
295979,2026-07-14T22:47:47.925200,chillipowder,608256,0,43.93,22.49,669062,9,44.55,22.72,758378,9,44.76,22.56,691424,0,44.96,22.11,102400000,1,42.5,23.72,1048374,0,43.54,23.61,102400000,1,41.46,24.63,575928,0,42.7,24.56
296329,2026-07-14T22:47:48.274952,chillipowder,608256,1,43.26,22.38,669062,0,44.57,22.66,758378,9,44.79,22.53,691424,1,44.3,22.02,102400000,2,42.23,23.72,1048374,0,43.57,23.57,102400000,2,41.2,24.65,575928,1,42.06,24.45
296679,2026-07-14T22:47:48.625460,chillipowder,102400000,1,42.76,22.34,669062,0,44.58,22.64,758378,9,44.81,22.47,102400000,1,43.79,21.96,102400000,2,42.08,23.78,1048374,0,43.58,23.55,102400000,2,41.06,24.69,102400000,1,41.56,24.4
297029,2026-07-14T22:47:48.975426,chillipowder,102400000,2,42.53,22.36,669062,0,44.6,22.62,758378,9,44.82,22.43,102400000,2,43.52,21.96,102400000,2,41.97,23.82,1048374,0,43.59,23.51,102400000,2,40.97,24.72,102400000,2,41.3,24.4
297379,2026-07-14T22:47:49.322605,chillipowder,102400000,2,42.41,22.4,669062,0,44.61,22.59,829317,9,44.84,22.41,102400000,2,43.36,21.99,102400000,2,41.89,23.89,1107027,0,43.6,23.48,102400000,2,40.9,24.77,102400000,2,41.17,24.42
297729,2026-07-14T22:47:49.673323,chillipowder,102400000,2,42.34,22.47,704264,0,44.62,22.54,829317,0,44.84,22.36,102400000,2,43.27,22.06,102400000,2,41.84,23.96,1107027,1,42.91,23.37,102400000,2,40.82,24.84,102400000,2,41.07,24.47
298079,2026-07-14T22:47:50.016893,chillipowder,102400000,2,42.29,22.54,704264,1,43.93,22.44,829317,0,44.86,22.32,102400000,2,43.21,22.12,102400000,2,41.79,24.04,102400000,1,42.37,23.33,102400000,2,40.78,24.9,102400000,2,41.0,24.55
298429,2026-07-14T22:47:50.374473,chillipowder,102400000,2,42.26,22.59,102400000,1,43.42,22.39,829317,0,44.87,22.3,102400000,2,43.15,22.17,102400000,2,41.76,24.1,102400000,2,42.09,23.33,102400000,2,40.76,24.99,102400000,2,40.94,24.61
298779,2026-07-14T22:47:50.722825,chillipowder,102400000,2,42.23,22.64,102400000,2,43.15,22.4,829317,0,44.88,22.27,102400000,2,43.11,22.24,102400000,2,41.73,24.17,102400000,2,41.92,23.35,102400000,2,40.73,25.06,102400000,2,40.89,24.65
299129,2026-07-14T22:47:51.075572,chillipowder,102400000,2,42.21,22.73,102400000,2,42.99,22.45,880103,0,44.88,22.24,102400000,2,43.08,22.32,102400000,2,41.7,24.24,102400000,2,41.8,23.4,102400000,2,40.71,25.12,102400000,2,40.87,24.73
299479,2026-07-14T22:47:51.588303,chillipowder,102400000,2,42.2,22.79,102400000,2,42.89,22.51,880103,1,44.19,22.15,102400000,2,43.05,22.38,54979864,2,41.67,24.3,102400000,2,41.73,23.48,23084184,2,40.69,25.19,102400000,2,40.84,24.78
299829,2026-07-14T22:47:51.772296,chillipowder,102400000,2,42.18,22.83,102400000,2,42.83,22.56,102400000,1,43.66,22.1,102400000,2,43.03,22.43,54979864,3,41.65,24.37,102400000,2,41.66,23.53,23084184,3,40.67,25.23,102400000,2,40.81,24.85
300179,2026-07-14T22:47:52.130936,chillipowder,41795920,2,42.17,22.88,102400000,2,42.78,22.63,102400000,2,43.4,22.12,47063556,2,43.01,22.49,54979864,3,41.63,24.43,102400000,2,41.61,23.61,23084184,3,40.65,25.3,31675206,2,40.8,24.93
