timestamp,received_time,label,sensor_0_gas,sensor_0_gas_index,sensor_0_temp,sensor_0_humidity,sensor_1_gas,sensor_1_gas_index,sensor_1_temp,sensor_1_humidity,sensor_2_gas,sensor_2_gas_index,sensor_2_temp,sensor_2_humidity,sensor_3_gas,sensor_3_gas_index,sensor_3_temp,sensor_3_humidity,sensor_4_gas,sensor_4_gas_index,sensor_4_temp,sensor_4_humidity,sensor_5_gas,sensor_5_gas_index,sensor_5_temp,sensor_5_humidity,sensor_6_gas,sensor_6_gas_index,sensor_6_temp,sensor_6_humidity,sensor_7_gas,sensor_7_gas_index,sensor_7_temp,sensor_7_humidity
44329,2026-07-15T00:35:19.313840,cinnamon,979904,3,41.87,25.18,1355393,3,42.25,25.4,68036336,3,42.93,24.72,591394,3,42.99,24.35,3540955,4,43.57,24.7,57361924,3,42.96,24.4,1436688,4,42.86,25.14,1680065,3,42.55,25.01
44679,2026-07-15T00:35:19.663511,cinnamon,979904,4,42.3,25.27,1355393,4,42.68,25.46,7004703,3,42.92,24.75,591394,4,43.43,24.45,3540955,4,43.91,24.73,5074016,3,42.95,24.43,1436688,4,43.16,25.16,1680065,4,42.97,25.08
45029,2026-07-15T00:35:19.999836,cinnamon,979904,4,42.61,25.31,1355393,4,42.98,25.51,7004703,4,43.36,24.82,591394,4,43.75,24.46,3540955,4,44.08,24.71,5074016,4,43.38,24.5,1436688,4,43.32,25.17,1680065,4,43.27,25.12
45379,2026-07-15T00:35:20.349305,cinnamon,979904,4,42.75,25.33,1355393,4,43.13,25.5,7004703,4,43.66,24.87,591394,4,43.9,24.47,3540955,4,44.18,24.7,5074016,4,43.71,24.51,1436688,4,43.42,25.13,1680065,4,43.42,25.12
45729,2026-07-15T00:35:20.713036,cinnamon,979904,4,42.83,25.28,1355393,4,43.22,25.48,7004703,4,43.82,24.84,591394,4,44.0,24.44,614830,4,44.24,24.65,5074016,4,43.86,24.52,284840,4,43.48,25.1,1680065,4,43.51,25.1
46079,2026-07-15T00:35:21.098888,cinnamon,249817,4,42.88,25.25,330003,4,43.28,25.44,7004703,4,43.91,24.82,195793,4,44.06,24.42,614830,5,44.3,24.6,5074016,4,43.97,24.51,284840,5,43.52,25.07,332251,4,43.58,25.08
46429,2026-07-15T00:35:21.412800,cinnamon,249817,5,42.92,25.41,330003,5,43.32,25.41,875587,4,43.98,24.78,195793,5,44.11,24.37,614830,5,44.33,24.56,867796,4,44.03,24.47,284840,5,43.56,25.02,332251,5,43.62,25.03
46779,2026-07-15T00:35:21.762896,cinnamon,249817,5,42.94,25.1,330003,5,43.35,25.36,875587,5,44.02,24.73,195793,5,44.15,24.32,614830,5,44.36,24.52,867796,5,44.09,24.43,284840,5,43.58,25.0,332251,5,43.65,25.0
47129,2026-07-15T00:35:22.113493,cinnamon,249817,5,42.96,25.16,330003,5,43.38,25.32,875587,5,44.06,24.69,195793,5,44.18,24.28,614830,5,44.38,24.48,867796,5,44.11,24.38,284840,5,43.6,24.94,332251,5,43.68,24.95
47479,2026-07-15T00:35:22.460740,cinnamon,265974,5,42.98,25.08,330003,5,43.41,25.29,875587,5,44.08,24.66,195793,5,44.2,24.25,637212,5,44.4,24.44,867796,5,44.14,24.34,299327,5,43.62,24.91,332251,5,43.7,24.92
47829,2026-07-15T00:35:22.813327,cinnamon,265974,6,43.0,25.08,345013,5,43.42,25.27,875587,5,44.1,24.63,215171,5,44.23,24.22,637212,6,44.43,24.4,867796,5,44.17,24.32,299327,6,43.63,24.87,352132,5,43.72,24.88
48179,2026-07-15T00:35:23.163369,cinnamon,265974,6,43.01,25.05,345013,6,43.44,25.21,882378,5,44.13,24.59,215171,6,44.24,24.2,637212,6,44.45,24.36,895104,5,44.18,24.26,299327,6,43.66,24.85,352132,6,43.73,24.83
48529,2026-07-15T00:35:23.507993,cinnamon,265974,6,43.02,25.02,345013,6,43.45,25.18,882378,6,44.13,24.55,215171,6,44.26,24.14,637212,6,44.46,24.33,895104,6,44.21,24.23,299327,6,43.67,24.79,352132,6,43.76,24.81
48879,2026-07-15T00:35:23.855267,cinnamon,265974,6,43.04,25.01,345013,6,43.46,25.16,882378,6,44.15,24.51,215171,6,44.28,24.13,637212,6,44.48,24.29,895104,6,44.22,24.21,299327,6,43.68,24.76,352132,6,43.77,24.79
49229,2026-07-15T00:35:24.215579,cinnamon,259898,6,43.04,24.98,345013,6,43.47,25.13,882378,6,44.16,24.51,215171,6,44.29,24.09,626683,6,44.48,24.26,895104,6,44.23,24.16,294930,6,43.69,24.74,352132,6,43.78,24.75
49579,2026-07-15T00:35:24.563191,cinnamon,259898,7,43.27,25.0,334203,6,43.48,25.1,882378,6,44.17,24.48,215442,6,44.3,24.07,626683,7,44.73,24.26,895104,6,44.25,24.11,294930,7,43.92,24.74,346766,6,43.79,24.72
49929,2026-07-15T00:35:24.906722,cinnamon,259898,7,43.46,24.99,334203,7,43.73,25.12,851559,6,44.19,24.46,215442,7,44.54,23.96,626683,7,44.94,24.24,871674,6,44.25,24.08,294930,7,44.13,24.72,346766,7,44.03,24.71
50279,2026-07-15T00:35:25.259299,cinnamon,259898,7,43.57,24.98,334203,7,43.95,25.1,851559,7,44.44,24.45,215442,7,44.74,24.19,626683,7,45.08,24.2,871674,7,44.51,24.11,294930,7,44.26,24.68,346766,7,44.22,24.7
50629,2026-07-15T00:35:25.611733,cinnamon,259898,7,43.64,24.93,334203,7,44.06,25.08,851559,7,44.66,24.43,215442,7,44.95,23.98,626683,7,45.15,24.16,871674,7,44.87,24.07,294930,7,44.34,24.64,346766,7,44.33,24.67
50979,2026-07-15T00:35:25.959462,cinnamon,365322,7,43.69,24.89,334203,7,44.14,25.02,851559,7,44.78,24.39,400547,7,45.0,23.94,539942,7,45.22,24.11,871674,7,44.96,24.02,338512,7,44.39,24.58,346766,7,44.42,24.63
51329,2026-07-15T00:35:26.313270,cinnamon,365322,8,43.73,24.86,451698,7,44.2,24.99,851559,7,44.86,24.37,400547,8,45.06,23.87,539942,8,45.27,24.05,725212,7,45.01,23.98,338512,8,44.44,24.53,379189,7,44.47,24.59
51679,2026-07-15T00:35:26.662769,cinnamon,365322,8,43.76,24.82,451698,8,44.25,24.92,607174,7,44.93,24.32,400547,8,45.1,23.82,539942,8,45.31,23.98,725212,8,45.06,23.91,338512,8,44.48,24.48,379189,8,44.52,24.53
52029,2026-07-15T00:35:27.006998,cinnamon,365322,8,43.78,24.77,451698,8,44.29,24.88,607174,8,44.97,24.26,400547,8,45.14,23.78,539942,8,45.34,23.94,725212,8,45.1,23.84,338512,8,44.51,24.43,379189,8,44.56,24.48
52379,2026-07-15T00:35:27.363515,cinnamon,365322,8,43.8,24.72,451698,8,44.31,24.82,607174,8,45.01,24.21,400547,8,45.17,23.73,539942,8,45.38,23.9,725212,8,45.14,23.8,338512,8,44.54,24.37,379189,8,44.59,24.43
52729,2026-07-15T00:35:27.711799,cinnamon,459605,8,43.83,24.69,451698,8,44.35,24.77,607174,8,45.04,24.17,508188,8,45.19,23.68,679721,8,45.4,23.86,725212,8,45.16,23.75,425249,8,44.56,24.35,379189,8,44.62,24.37
53079,2026-07-15T00:35:28.055666,cinnamon,459605,9,43.84,24.65,558038,8,44.37,24.74,607174,8,45.07,24.1,508188,9,45.21,23.65,679721,9,45.42,23.78,915511,8,45.18,23.68,425249,9,44.59,24.27,470696,8,44.63,24.33
53429,2026-07-15T00:35:28.415934,cinnamon,459605,9,43.86,24.63,558038,9,44.39,24.68,747445,8,45.09,24.05,508188,9,45.24,23.58,679721,9,45.44,23.76,915511,9,45.21,23.66,425249,9,44.61,24.22,470696,9,44.66,24.28
53779,2026-07-15T00:35:28.763631,cinnamon,459605,9,43.88,24.58,558038,9,44.41,24.66,747445,9,45.11,24.01,508188,9,45.26,23.56,679721,9,45.46,23.71,915511,9,45.23,23.6,425249,9,44.63,24.2,470696,9,44.68,24.23
54129,2026-07-15T00:35:29.102366,cinnamon,459605,9,43.9,24.54,558038,9,44.44,24.59,747445,9,45.13,23.97,508188,9,45.28,23.52,679721,9,45.48,23.67,915511,9,45.25,23.55,425249,9,44.65,24.13,470696,9,44.7,24.18
54479,2026-07-15T00:35:29.462462,cinnamon,510850,9,43.91,24.52,558038,9,44.45,24.55,747445,9,45.15,23.94,561711,9,45.3,23.48,758378,9,45.5,23.63,915511,9,45.27,23.52,469724,9,44.67,24.11,470696,9,44.73,24.14
54829,2026-07-15T00:35:29.808661,cinnamon,510850,0,43.93,24.48,609342,9,44.47,24.51,747445,9,45.17,23.88,561711,0,45.32,23.44,758378,0,45.51,23.59,1000000,9,45.29,23.49,469724,0,44.68,24.08,519796,9,44.74,24.12
55179,2026-07-15T00:35:30.163501,cinnamon,510850,0,43.95,24.46,609342,0,44.48,24.47,825806,9,45.19,23.85,561711,0,45.33,23.41,758378,0,45.52,23.56,1000000,0,45.3,23.44,469724,0,44.7,24.05,519796,0,44.76,24.06
55529,2026-07-15T00:35:30.511597,cinnamon,510850,0,43.96,24.45,609342,0,44.51,24.46,825806,0,45.2,23.84,561711,0,45.34,23.36,758378,0,45.55,23.53,1000000,0,45.32,23.43,469724,0,44.72,24.0,519796,0,44.77,24.04
55879,2026-07-15T00:35:30.863042,cinnamon,510850,0,43.97,24.42,609342,0,44.51,24.41,825806,0,45.22,23.79,561711,0,45.36,23.34,758378,0,45.56,23.5,1000000,0,45.33,23.38,469724,0,44.74,23.96,519796,0,44.79,24.08
56229,2026-07-15T00:35:31.213007,cinnamon,531948,0,43.99,24.41,609342,0,44.53,24.39,825806,0,45.24,23.77,600234,0,45.38,23.33,805348,0,45.57,23.48,1000000,0,45.36,23.36,493850,0,44.74,23.94,547740,0,44.82,23.95
56579,2026-07-15T00:35:31.563085,cinnamon,531948,1,43.32,24.3,640801,0,44.55,24.38,825806,0,45.26,23.75,600234,1,44.72,23.22,805348,1,44.88,23.37,1082452,0,45.37,23.31,493850,1,44.1,23.83,547740,1,44.15,23.85
56929,2026-07-15T00:35:31.906572,cinnamon,102400000,1,42.83,24.26,640801,1,43.87,24.26,875026,0,45.28,23.7,102400000,1,44.2,23.18,102400000,1,44.33,23.32,1082452,1,44.67,23.23,102400000,1,43.59,23.79,102400000,1,43.66,23.8
57279,2026-07-15T00:35:32.264410,cinnamon,102400000,2,42.6,24.29,102400000,1,43.36,24.23,875026,1,44.59,23.63,102400000,2,43.94,23.19,102400000,2,44.06,23.34,102400000,1,44.13,23.17,102400000,2,43.32,23.81,102400000,2,43.41,23.8
57629,2026-07-15T00:35:32.615083,cinnamon,102400000,2,42.48,24.33,102400000,2,43.1,24.22,102400000,1,44.08,23.59,102400000,2,43.79,23.23,102400000,2,43.89,23.38,102400000,2,43.85,23.2,102400000,2,43.17,23.85,102400000,2,43.27,23.85
57979,2026-07-15T00:35:32.965157,cinnamon,102400000,2,42.41,24.39,102400000,2,42.95,24.27,102400000,2,43.82,23.6,102400000,2,43.68,23.29,102400000,2,43.77,23.45,102400000,2,43.69,23.26,102400000,2,43.07,23.91,102400000,2,43.18,23.92
58329,2026-07-15T00:35:33.308704,cinnamon,102400000,2,42.34,24.47,102400000,2,42.86,24.33,102400000,2,43.65,23.65,102400000,2,43.61,23.37,102400000,2,43.7,23.54,102400000,2,43.57,23.29,102400000,2,43.0,23.97,102400000,2,43.1,23.97
58679,2026-07-15T00:35:33.661300,cinnamon,102400000,2,42.3,24.53,102400000,2,42.79,24.39,102400000,2,43.55,23.73,102400000,2,43.55,23.44,102400000,2,43.65,23.6,102400000,2,43.49,23.37,102400000,2,42.96,24.04,102400000,2,43.05,24.05
59029,2026-07-15T00:35:34.005404,cinnamon,102400000,2,42.27,24.58,102400000,2,42.74,24.47,102400000,2,43.48,23.8,102400000,2,43.5,23.52,102400000,2,43.59,23.67,102400000,2,43.43,23.44,102400000,2,42.91,24.12,102400000,2,43.01,24.12
59379,2026-07-15T00:35:34.358663,cinnamon,102400000,2,42.25,24.68,102400000,2,42.69,24.54,102400000,2,43.42,23.88,102400000,2,43.46,23.57,102400000,2,43.55,23.76,102400000,2,43.39,23.52,102400000,2,42.86,24.19,102400000,2,42.97,24.19
59729,2026-07-15T00:35:34.714658,cinnamon,102400000,2,42.23,24.74,102400000,2,42.65,24.61,102400000,2,43.39,23.95,102400000,2,43.43,23.64,102400000,2,43.52,23.84,102400000,2,43.35,23.61,102400000,2,42.85,24.26,102400000,2,42.94,24.26
60079,2026-07-15T00:35:35.061210,cinnamon,102400000,2,42.21,24.8,102400000,2,42.63,24.67,102400000,2,43.36,24.02,102400000,2,43.4,23.71,102400000,2,43.49,23.92,102400000,2,43.33,23.67,102400000,2,42.82,24.34,102400000,2,42.91,24.33
60429,2026-07-15T00:35:35.414535,cinnamon,11868164,2,42.19,24.84,102400000,2,42.6,24.74,102400000,2,43.33,24.09,11959124,2,43.37,23.77,37331816,2,43.47,23.97,102400000,2,43.29,23.76,25090352,2,42.79,24.41,24609838,2,42.89,24.4
60779,2026-07-15T00:35:35.764374,cinnamon,11868164,3,42.18,24.91,16470470,2,42.58,24.8,102400000,2,43.3,24.17,11959124,3,43.34,23.83,37331816,3,43.44,24.06,53108588,2,43.27,23.81,25090352,3,42.77,24.47,24609838,3,42.87,24.47
61129,2026-07-15T00:35:36.113344,cinnamon,11868164,3,42.16,24.97,16470470,3,42.56,24.86,49554632,2,43.27,24.24,11959124,3,43.32,23.9,37331816,3,43.42,24.1,53108588,3,43.24,23.88,25090352,3,42.75,24.52,24609838,3,42.86,24.52
61479,2026-07-15T00:35:36.463544,cinnamon,11868164,3,42.15,25.01,16470470,3,42.54,24.92,49554632,3,43.25,24.3,11959124,3,43.3,23.94,37331816,3,43.4,24.16,53108588,3,43.21,23.94,25090352,3,42.74,24.6,24609838,3,42.84,24.57
61829,2026-07-15T00:35:36.808824,cinnamon,11868164,3,42.14,25.04,16470470,3,42.52,24.96,49554632,3,43.23,24.34,11959124,3,43.29,24.01,37331816,3,43.38,24.2,53108588,3,43.2,24.0,25090352,3,42.72,24.65,24609838,3,42.83,24.64
62179,2026-07-15T00:35:37.164552,cinnamon,11868164,3,42.12,25.09,16470470,3,42.51,25.03,49554632,3,43.21,24.42,11959124,3,43.27,24.05,37331816,3,43.37,24.28,53108588,3,43.19,24.05,25090352,3,42.71,24.78,24609838,3,42.81,24.69
62529,2026-07-15T00:35:37.514012,cinnamon,11868164,3,42.12,25.13,16470470,3,42.5,25.07,49554632,3,43.2,24.46,11959124,3,43.25,24.08,37331816,3,43.35,24.34,53108588,3,43.17,24.1,25090352,3,42.68,24.81,24609838,3,42.8,24.74
62879,2026-07-15T00:35:37.862579,cinnamon,11868164,3,42.1,25.17,16470470,3,42.48,25.12,49554632,3,43.18,24.51,11959124,3,43.24,24.13,37331816,3,43.34,24.37,53108588,3,43.16,24.14,25090352,3,42.67,24.84,24609838,3,42.78,24.78
63229,2026-07-15T00:35:38.214353,cinnamon,11868164,3,42.09,25.19,16470470,3,42.48,25.16,49554632,3,43.16,24.57,11959124,3,43.22,24.19,37331816,3,43.33,24.41,53108588,3,43.14,24.19,25090352,3,42.66,24.88,24609838,3,42.78,24.83
63579,2026-07-15T00:35:38.563764,cinnamon,11868164,3,42.09,25.26,16470470,3,42.45,25.18,49554632,3,43.15,24.6,11959124,3,43.2,24.22,37331816,3,43.31,24.46,53108588,3,43.14,24.23,25090352,3,42.64,24.91,24609838,3,42.76,24.87
63929,2026-07-15T00:35:38.914058,cinnamon,11868164,3,42.06,25.25,16470470,3,42.45,25.22,49554632,3,43.14,24.63,11959124,3,43.2,24.25,37331816,3,43.3,24.49,53108588,3,43.12,24.3,25090352,3,42.64,24.97,24609838,3,42.75,24.91
64279,2026-07-15T00:35:39.255263,cinnamon,11868164,3,42.06,25.29,16470470,3,42.44,25.25,49554632,3,43.12,24.68,11959124,3,43.18,24.27,37331816,3,43.29,24.53,53108588,3,43.1,24.3,25090352,3,42.63,25.01,24609838,3,42.74,24.94
64629,2026-07-15T00:35:39.615714,cinnamon,11868164,3,42.06,25.31,16470470,3,42.43,25.28,49554632,3,43.12,24.71,11959124,3,43.17,24.29,37331816,3,43.28,24.6,53108588,3,43.09,24.36,25090352,3,42.62,25.03,24609838,3,42.72,24.97
64979,2026-07-15T00:35:39.960474,cinnamon,11868164,3,42.05,25.35,16470470,3,42.41,25.31,49554632,3,43.1,24.73,11959124,3,43.16,24.32,37331816,3,43.27,24.52,53108588,3,43.09,24.38,25090352,3,42.61,25.09,24609838,3,42.72,25.02
65329,2026-07-15T00:35:40.313827,cinnamon,11868164,3,42.04,25.36,16470470,3,42.4,25.34,49554632,3,43.09,24.75,11959124,3,43.14,24.36,37331816,3,43.26,24.67,53108588,3,43.07,24.42,25090352,3,42.59,25.1,24609838,3,42.72,25.04
65679,2026-07-15T00:35:40.665649,cinnamon,11868164,3,42.03,25.39,16470470,3,42.4,25.34,49554632,3,43.08,24.77,11959124,3,43.13,24.38,37331816,3,43.24,24.69,53108588,3,43.06,24.47,25090352,3,42.59,25.16,24609838,3,42.7,25.07
66029,2026-07-15T00:35:41.005190,cinnamon,11868164,3,42.02,25.4,16470470,3,42.39,25.37,49554632,3,43.07,24.81,11959124,3,43.13,24.4,37331816,3,43.23,24.71,53108588,3,43.06,24.48,25090352,3,42.58,25.16,24609838,3,42.69,25.11
66379,2026-07-15T00:35:41.355367,cinnamon,11868164,3,42.01,25.42,16470470,3,42.38,25.4,49554632,3,43.07,24.84,11959124,3,43.12,24.43,37331816,3,43.22,24.75,53108588,3,43.05,24.51,25090352,3,42.57,25.2,24609838,3,42.68,25.14
66729,2026-07-15T00:35:41.713975,cinnamon,11868164,3,42.01,25.45,16470470,3,42.37,25.42,49554632,3,43.06,24.85,11959124,3,43.12,24.43,37331816,3,43.22,24.77,53108588,3,43.04,24.53,25090352,3,42.56,25.21,24609838,3,42.68,25.16
67079,2026-07-15T00:35:42.061902,cinnamon,11868164,3,42.0,25.46,16470470,3,42.36,25.42,49554632,3,43.05,24.87,11959124,3,43.1,24.47,37331816,3,43.21,24.78,53108588,3,43.03,24.56,25090352,3,42.56,25.24,24609838,3,42.68,25.19
67429,2026-07-15T00:35:42.416093,cinnamon,11868164,3,41.99,25.47,16470470,3,42.35,25.45,49554632,3,43.04,24.9,11959124,3,43.1,24.48,37331816,3,43.19,24.82,53108588,3,43.02,24.6,25090352,3,42.55,25.27,24609838,3,42.66,25.21
67779,2026-07-15T00:35:42.763282,cinnamon,11868164,3,41.99,25.5,16470470,3,42.35,25.45,49554632,3,43.04,24.91,11959124,3,43.09,24.49,37331816,3,43.19,24.84,53108588,3,43.02,24.61,25090352,3,42.55,25.28,24609838,3,42.66,25.24
68129,2026-07-15T00:35:43.113598,cinnamon,11868164,3,41.98,25.48,16470470,3,42.34,25.49,49554632,3,43.02,24.91,11959124,3,43.08,24.51,37331816,3,43.19,24.86,53108588,3,43.01,24.64,25090352,3,42.55,25.32,24609838,3,42.65,25.27
68479,2026-07-15T00:35:43.463587,cinnamon,11868164,3,41.96,25.5,16470470,3,42.34,25.48,49554632,3,43.02,24.94,11959124,3,43.07,24.53,37331816,3,43.18,24.87,53108588,3,43.01,24.65,25090352,3,42.53,25.33,24609838,3,42.64,25.28
68829,2026-07-15T00:35:43.887978,cinnamon,11868164,3,41.97,25.52,16470470,3,42.33,25.52,49554632,3,43.01,24.95,11959124,3,43.06,24.56,37331816,3,43.17,24.89,53108588,3,43.0,24.67,25090352,3,42.52,25.35,24609838,3,42.64,25.3
69179,2026-07-15T00:35:44.157845,cinnamon,11868164,3,41.96,25.55,16470470,3,42.33,25.52,49554632,3,43.01,24.97,11959124,3,43.06,24.55,37331816,3,43.16,24.91,53108588,3,42.99,24.68,25090352,3,42.52,25.36,24609838,3,42.63,25.33
69529,2026-07-15T00:35:44.500366,cinnamon,11868164,3,41.96,25.56,16470470,3,42.32,25.52,49554632,3,43.0,25.0,11959124,3,43.05,24.57,37331816,3,43.15,24.91,53108588,3,42.99,24.7,25090352,3,42.52,25.4,24609838,3,42.62,25.34
69879,2026-07-15T00:35:45.000281,cinnamon,11868164,3,41.95,25.54,16470470,3,42.31,25.54,49554632,3,42.99,25.0,11959124,3,43.05,24.6,37331816,3,43.14,24.95,53108588,3,42.98,24.72,25090352,3,42.51,25.4,24609838,3,42.62,25.37
70229,2026-07-15T00:35:45.205008,cinnamon,11868164,3,41.94,25.58,16470470,3,42.31,25.56,49554632,3,42.98,25.01,11959124,3,43.04,24.6,37331816,3,43.15,24.96,53108588,3,42.98,24.73,25090352,3,42.51,25.41,24609838,3,42.61,25.39
70579,2026-07-15T00:35:45.563560,cinnamon,11868164,3,41.94,25.58,16470470,3,42.3,25.58,49554632,3,42.97,25.0,11959124,3,43.04,24.61,2963820,3,43.14,24.97,53108588,3,42.97,24.76,1280400,3,42.51,25.42,24609838,3,42.61,25.39
70929,2026-07-15T00:35:45.913839,cinnamon,472324,3,41.94,25.6,16470470,3,42.29,25.57,49554632,3,42.97,25.04,376886,3,43.03,24.62,2963820,4,43.59,25.03,53108588,3,42.97,24.76,1280400,4,42.91,25.5,1398429,3,42.6,25.41
71279,2026-07-15T00:35:46.263193,cinnamon,472324,4,42.36,25.66,712347,3,42.29,25.58,49554632,3,42.96,25.05,376886,4,43.46,24.68,2963820,4,43.92,25.05,3970916,3,42.96,24.78,1280400,4,43.22,25.53,1398429,4,43.01,25.49
71629,2026-07-15T00:35:46.609295,cinnamon,472324,4,42.68,25.67,712347,4,42.71,25.64,3737226,3,42.96,25.05,376886,4,43.79,24.71,2963820,4,44.09,25.03,3970916,4,43.39,24.84,1280400,4,43.37,25.52,1398429,4,43.32,25.5
71979,2026-07-15T00:35:46.959883,cinnamon,472324,4,42.81,25.64,712347,4,43.02,25.66,3737226,4,43.4,25.12,376886,4,43.94,24.71,2963820,4,44.19,25.01,3970916,4,43.72,24.86,1280400,4,43.47,25.48,1398429,4,43.47,25.5
72329,2026-07-15T00:35:47.312723,cinnamon,472324,4,42.89,25.6,712347,4,43.18,25.67,3737226,4,43.7,25.13,376886,4,44.04,24.65,550833,4,44.26,24.97,3970916,4,43.89,24.84,263713,4,43.53,25.46,1398429,4,43.57,25.46
72679,2026-07-15T00:35:47.662631,cinnamon,168255,4,42.95,25.56,712347,4,43.27,25.62,3737226,4,43.87,25.11,150455,4,44.11,24.63,550833,5,44.3,24.9,3970916,4,43.98,24.8,263713,5,43.58,25.4,305762,4,43.62,25.42
73029,2026-07-15T00:35:48.011599,cinnamon,168255,5,42.98,25.51,238639,4,43.33,25.57,3737226,4,43.95,25.08,150455,5,44.15,24.56,550833,5,44.34,24.85,742567,4,44.05,24.78,263713,5,43.61,25.35,305762,5,43.67,25.37
73379,2026-07-15T00:35:48.362270,cinnamon,168255,5,43.01,25.47,238639,5,43.38,25.51,619854,4,44.02,25.01,150455,5,44.19,24.49,550833,5,44.37,24.81,742567,5,44.1,24.71,263713,5,43.64,25.29,305762,5,43.7,25.34
73729,2026-07-15T00:35:48.700474,cinnamon,168255,5,43.03,25.41,238639,5,43.41,25.46,619854,5,44.07,24.95,150455,5,44.22,24.45,550833,5,44.4,24.74,742567,5,44.14,24.67,263713,5,43.65,25.26,305762,5,43.73,25.28
74079,2026-07-15T00:35:49.060028,cinnamon,168255,5,43.05,25.36,238639,5,43.44,25.43,619854,5,44.11,24.91,150455,5,44.25,24.4,573508,5,44.42,24.7,742567,5,44.16,24.6,277206,5,43.67,25.22,305762,5,43.76,25.25
74429,2026-07-15T00:35:49.411760,cinnamon,186249,5,43.06,25.32,238639,5,43.46,25.36,619854,5,44.13,24.86,165964,5,44.27,24.35,573508,6,44.45,24.64,742567,5,44.18,24.58,277206,6,43.69,25.16,322215,5,43.77,25.19
74779,2026-07-15T00:35:49.750149,cinnamon,186249,6,43.08,25.27,258324,5,43.48,25.32,619854,5,44.15,24.79,165964,6,44.29,24.31,573508,6,44.47,24.6,780934,5,44.21,24.54,277206,6,43.7,25.14,322215,6,43.79,25.14
75129,2026-07-15T00:35:50.114537,cinnamon,186249,6,43.1,25.31,258324,6,43.49,25.26,642006,5,44.17,24.74,165964,6,44.31,24.25,573508,6,44.48,24.56,780934,6,44.23,24.47,277206,6,43.72,25.1,322215,6,43.81,25.11
75479,2026-07-15T00:35:50.462734,cinnamon,186249,6,43.11,25.17,258324,6,43.51,25.22,642006,6,44.19,24.7,165964,6,44.32,24.22,573508,6,44.49,24.52,780934,6,44.24,24.45,277206,6,43.73,25.05,322215,6,43.83,25.07
75829,2026-07-15T00:35:50.811625,cinnamon,191509,6,43.12,25.11,258324,6,43.53,25.19,642006,6,44.2,24.65,165964,6,44.33,24.18,567784,6,44.5,24.48,780934,6,44.26,24.4,276308,6,43.74,25.03,322215,6,43.83,25.05
76179,2026-07-15T00:35:51.162687,cinnamon,191509,7,43.35,25.1,258324,6,43.54,25.12,642006,6,44.22,24.62,168921,6,44.35,24.16,567784,7,44.75,24.48,780934,6,44.27,24.37,276308,7,43.97,25.01,318012,6,43.84,25.01
76529,2026-07-15T00:35:51.502097,cinnamon,191509,7,43.55,25.07,263713,6,43.55,25.11,642006,6,44.24,24.58,168921,7,44.6,24.14,567784,7,44.97,24.46,769057,6,44.28,24.32,276308,7,44.19,25.02,318012,7,44.08,25.0
76879,2026-07-15T00:35:51.857504,cinnamon,191509,7,43.65,25.05,263713,7,43.81,25.09,630153,6,44.24,24.53,168921,7,44.8,24.12,567784,7,45.1,24.43,769057,7,44.54,24.34,276308,7,44.31,24.95,318012,7,44.28,24.99
77229,2026-07-15T00:35:52.212227,cinnamon,191509,7,43.72,25.0,263713,7,44.01,25.1,630153,7,44.5,24.54,168921,7,44.92,24.11,567784,7,45.18,24.37,769057,7,44.77,24.33,276308,7,44.39,24.9,318012,7,44.4,24.93
77579,2026-07-15T00:35:52.562202,cinnamon,339185,7,43.77,24.96,263713,7,44.14,25.06,630153,7,44.72,24.52,168921,7,45.0,24.12,522982,7,45.24,24.3,769057,7,44.9,24.27,327784,7,44.45,24.86,318012,7,44.48,24.88
77929,2026-07-15T00:35:52.920066,cinnamon,339185,8,43.81,24.92,263713,7,44.22,25.0,630153,7,44.84,24.48,365714,8,45.12,23.93,522982,8,45.29,24.26,769057,7,44.98,24.22,327784,8,44.5,24.82,361837,7,44.54,24.83
78279,2026-07-15T00:35:53.262687,cinnamon,339185,8,43.84,24.86,426045,7,44.28,24.94,630153,7,44.93,24.42,365714,8,45.16,23.87,522982,8,45.33,24.18,704991,7,45.04,24.17,327784,8,44.53,24.73,361837,8,44.58,24.78
78629,2026-07-15T00:35:53.605447,cinnamon,339185,8,43.87,24.8,426045,8,44.33,24.88,558951,7,44.99,24.37,365714,8,45.19,23.82,522982,8,45.37,24.13,704991,8,45.09,24.09,327784,8,44.56,24.67,361837,8,44.61,24.73
78979,2026-07-15T00:35:53.964886,cinnamon,339185,8,43.89,24.76,426045,8,44.37,24.83,558951,8,45.03,24.32,365714,8,45.22,23.78,522982,8,45.39,24.09,704991,8,45.13,24.04,327784,8,44.59,24.63,361837,8,44.65,24.66
79329,2026-07-15T00:35:54.308284,cinnamon,435837,8,43.91,24.7,426045,8,44.41,24.78,558951,8,45.08,24.26,483018,8,45.25,23.7,663212,8,45.42,24.02,704991,8,45.17,23.97,416938,8,44.61,24.56,361837,8,44.67,24.61
79679,2026-07-15T00:35:54.654036,cinnamon,435837,9,43.93,24.66,426045,8,44.43,24.72,558951,8,45.11,24.19,483018,9,45.27,23.65,663212,9,45.44,23.98,704991,8,45.21,23.94,416938,9,44.63,24.52,455921,8,44.7,24.55
80029,2026-07-15T00:35:55.020052,cinnamon,435837,9,43.94,24.64,538663,8,44.46,24.68,558951,8,45.14,24.14,483018,9,45.3,23.61,663212,9,45.47,23.92,875587,8,45.22,23.86,416938,9,44.67,24.49,455921,9,44.72,24.5
80379,2026-07-15T00:35:55.362327,cinnamon,435837,9,43.96,24.57,538663,9,44.48,24.64,708650,8,45.17,24.08,483018,9,45.32,23.58,663212,9,45.48,23.89,875587,9,45.25,23.83,416938,9,44.68,24.43,455921,9,44.74,24.47
80729,2026-07-15T00:35:55.715063,cinnamon,435837,9,43.98,24.54,538663,9,44.5,24.59,708650,9,45.19,24.04,483018,9,45.34,23.53,663212,9,45.5,23.84,875587,9,45.27,23.78,416938,9,44.71,24.39,455921,9,44.77,24.41
81079,2026-07-15T00:35:56.057398,cinnamon,484046,9,43.99,24.5,538663,9,44.53,24.54,708650,9,45.21,23.99,539515,9,45.36,23.48,741760,9,45.53,23.8,875587,9,45.29,23.7,458370,9,44.72,24.36,455921,9,44.78,24.38
81429,2026-07-15T00:35:56.410423,cinnamon,484046,0,44.01,24.49,538663,9,44.54,24.5,708650,9,45.23,23.95,539515,0,45.39,23.45,741760,0,45.54,23.77,875587,9,45.31,23.69,458370,0,44.74,24.3,505180,9,44.8,24.34
81779,2026-07-15T00:35:56.760370,cinnamon,484046,0,44.02,24.46,593967,9,44.56,24.46,708650,9,45.25,23.93,539515,0,45.4,23.41,741760,0,45.56,23.74,982018,9,45.34,23.64,458370,0,44.75,24.28,505180,0,44.81,24.31
82129,2026-07-15T00:35:57.104481,cinnamon,484046,0,44.04,24.44,593967,0,44.58,24.42,785878,9,45.27,23.89,539515,0,45.42,23.37,741760,0,45.57,23.69,982018,0,45.35,23.62,458370,0,44.77,24.24,505180,0,44.84,24.28
82479,2026-07-15T00:35:57.462464,cinnamon,484046,0,44.06,24.41,593967,0,44.6,24.41,785878,0,45.29,23.85,539515,0,45.43,23.36,741760,0,45.59,23.68,982018,0,45.36,23.57,458370,0,44.79,24.17,505180,0,44.85,24.24
82829,2026-07-15T00:35:57.807463,cinnamon,515479,0,44.08,24.4,593967,0,44.61,24.35,785878,0,45.31,23.82,574957,0,45.45,23.34,792263,0,45.6,23.64,982018,0,45.37,23.53,488200,1,44.14,24.08,505180,0,44.86,24.21
83179,2026-07-15T00:35:58.158363,cinnamon,515479,1,43.41,24.29,593967,0,44.63,24.34,785878,0,45.33,23.77,574957,1,44.79,23.24,792263,1,44.91,23.54,982018,0,45.39,23.52,102400000,1,43.63,24.02,534446,0,44.89,24.17
83529,2026-07-15T00:35:58.521929,cinnamon,102400000,1,42.92,24.25,628413,0,44.65,24.31,785878,0,45.34,23.75,102400000,1,44.28,23.18,102400000,1,44.36,23.49,1055670,0,45.41,23.49,102400000,2,43.37,24.02,534446,1,44.23,24.21
83879,2026-07-15T00:35:58.854557,cinnamon,102400000,2,42.69,24.27,628413,1,43.97,24.21,833876,0,45.36,23.74,102400000,2,44.01,23.2,102400000,2,44.09,23.51,1055670,1,44.71,23.4,102400000,2,43.23,24.09,102400000,2,43.47,24.05
84229,2026-07-15T00:35:59.215453,cinnamon,102400000,2,42.57,24.33,102400000,1,43.46,24.17,833876,1,44.68,23.63,102400000,2,43.88,23.22,102400000,2,43.93,23.56,102400000,1,44.17,23.35,102400000,2,43.12,24.15,102400000,2,43.33,24.08
84579,2026-07-15T00:35:59.563796,cinnamon,102400000,2,42.49,24.39,102400000,2,43.21,24.17,102400000,1,44.15,23.59,102400000,2,43.78,23.29,102400000,2,43.83,23.62,102400000,2,43.88,23.37,102400000,2,43.06,24.2,102400000,2,43.24,24.15
84929,2026-07-15T00:35:59.914095,cinnamon,102400000,2,42.44,24.46,102400000,2,43.05,24.21,102400000,2,43.9,23.6,102400000,2,43.69,23.35,102400000,2,43.73,23.68,102400000,2,43.71,23.39,102400000,2,43.0,24.3,102400000,2,43.17,24.21
85279,2026-07-15T00:36:00.265736,cinnamon,102400000,2,42.4,24.53,102400000,2,42.96,24.28,102400000,2,43.74,23.67,102400000,2,43.64,23.42,102400000,2,43.68,23.77,102400000,2,43.61,23.47,102400000,2,42.96,24.37,102400000,2,43.12,24.29
85629,2026-07-15T00:36:00.611996,cinnamon,102400000,2,42.36,24.6,102400000,2,42.9,24.34,102400000,2,43.62,23.72,102400000,2,43.59,23.5,102400000,2,43.63,23.84,102400000,2,43.52,23.54,102400000,2,42.92,24.44,102400000,2,43.07,24.36
85979,2026-07-15T00:36:00.963574,cinnamon,102400000,2,42.34,24.66,102400000,2,42.83,24.43,102400000,2,43.55,23.82,102400000,2,43.55,23.56,102400000,2,43.6,23.92,102400000,2,43.47,23.61,102400000,2,42.9,24.52,102400000,2,43.03,24.43
86329,2026-07-15T00:36:01.313888,cinnamon,102400000,2,42.32,24.73,102400000,2,42.8,24.49,102400000,2,43.51,23.89,102400000,2,43.52,23.62,102400000,2,43.56,24.01,102400000,2,43.42,23.69,102400000,2,42.88,24.59,102400000,2,43.0,24.52
86679,2026-07-15T00:36:01.653431,cinnamon,102400000,2,42.3,24.8,102400000,2,42.76,24.57,102400000,2,43.47,23.96,102400000,2,43.49,23.69,102400000,2,43.53,24.06,102400000,2,43.39,23.75,24254626,2,42.85,24.66,102400000,2,42.97,24.59
87029,2026-07-15T00:36:02.013938,cinnamon,10778947,2,42.29,24.85,102400000,2,42.73,24.64,102400000,2,43.43,24.02,11338408,2,43.47,23.76,37524192,2,43.51,24.15,102400000,2,43.36,23.84,24254626,3,42.84,24.71,23481190,2,42.96,24.65
87379,2026-07-15T00:36:02.354572,cinnamon,10778947,3,42.27,24.91,102400000,2,42.71,24.72,102400000,2,43.4,24.11,11338408,3,43.44,23.81,37524192,3,43.46,24.27,102400000,2,43.32,23.92,24254626,3,42.82,24.79,23481190,3,42.93,24.71
87729,2026-07-15T00:36:02.713504,cinnamon,10778947,3,42.26,24.96,17115696,2,42.69,24.79,102400000,2,43.37,24.17,11338408,3,43.42,23.87,37524192,3,43.45,24.33,53433348,2,43.3,24.0,24254626,3,42.8,24.83,23481190,3,42.92,24.77
88079,2026-07-15T00:36:03.050358,cinnamon,10778947,3,42.25,25.02,17115696,3,42.67,24.84,43632492,2,43.35,24.24,11338408,3,43.4,23.92,37524192,3,43.43,24.4,53433348,3,43.28,24.05,24254626,3,42.78,24.89,23481190,3,42.9,24.82
88429,2026-07-15T00:36:03.413477,cinnamon,10778947,3,42.24,25.06,17115696,3,42.65,24.89,43632492,3,43.33,24.31,11338408,3,43.38,23.97,37524192,3,43.42,24.44,53433348,3,43.26,24.12,24254626,3,42.77,24.97,23481190,3,42.88,24.89
88779,2026-07-15T00:36:03.760935,cinnamon,10778947,3,42.22,25.11,17115696,3,42.63,24.94,43632492,3,43.32,24.38,11338408,3,43.36,24.02,37524192,3,43.4,24.48,53433348,3,43.24,24.17,24254626,3,42.75,25.02,23481190,3,42.87,24.94
89129,2026-07-15T00:36:04.109207,cinnamon,10778947,3,42.21,25.14,17115696,3,42.62,25.0,43632492,3,43.29,24.42,11338408,3,43.35,24.08,37524192,3,43.39,24.53,53433348,3,43.22,24.22,24254626,3,42.74,25.05,23481190,3,42.85,24.99
89479,2026-07-15T00:36:04.458186,cinnamon,10778947,3,42.2,25.19,17115696,3,42.6,25.04,43632492,3,43.27,24.46,11338408,3,43.34,24.11,37524192,3,43.37,24.6,53433348,3,43.21,24.27,24254626,3,42.73,25.1,23481190,3,42.84,25.03
89829,2026-07-15T00:36:04.813255,cinnamon,10778947,3,42.2,25.21,17115696,3,42.59,25.08,43632492,3,43.25,24.52,11338408,3,43.32,24.15,37524192,3,43.36,24.61,53433348,3,43.19,24.3,24254626,3,42.72,25.13,23481190,3,42.83,25.07
90179,2026-07-15T00:36:05.150835,cinnamon,10778947,3,42.18,25.26,17115696,3,42.58,25.13,43632492,3,43.25,24.56,11338408,3,43.31,24.19,37524192,3,43.35,24.66,53433348,3,43.18,24.36,24254626,3,42.71,25.17,23481190,3,42.83,25.11
90529,2026-07-15T00:36:05.510866,cinnamon,10778947,3,42.17,25.27,17115696,3,42.56,25.15,43632492,3,43.23,24.6,11338408,3,43.3,24.22,37524192,3,43.34,24.7,53433348,3,43.16,24.42,24254626,3,42.7,25.21,23481190,3,42.81,25.15
90879,2026-07-15T00:36:05.863510,cinnamon,10778947,3,42.16,25.32,17115696,3,42.56,25.19,43632492,3,43.21,24.63,11338408,3,43.28,24.25,37524192,3,43.33,24.72,53433348,3,43.16,24.44,24254626,3,42.69,25.24,23481190,3,42.79,25.18
91229,2026-07-15T00:36:06.207136,cinnamon,10778947,3,42.15,25.34,17115696,3,42.54,25.23,43632492,3,43.2,24.67,11338408,3,43.27,24.27,37524192,3,43.32,24.76,53433348,3,43.15,24.48,24254626,3,42.69,25.28,23481190,3,42.78,25.22
91579,2026-07-15T00:36:06.563463,cinnamon,10778947,3,42.14,25.37,17115696,3,42.54,25.26,43632492,3,43.2,24.72,11338408,3,43.27,24.31,37524192,3,43.31,24.78,53433348,3,43.14,24.5,24254626,3,42.67,25.31,23481190,3,42.78,25.24
91929,2026-07-15T00:36:06.912945,cinnamon,10778947,3,42.15,25.36,17115696,3,42.53,25.28,43632492,3,43.19,24.75,11338408,3,43.26,24.34,37524192,3,43.3,24.81,53433348,3,43.13,24.55,24254626,3,42.67,25.33,23481190,3,42.77,25.25
92279,2026-07-15T00:36:07.262593,cinnamon,10778947,3,42.14,25.41,17115696,3,42.52,25.31,43632492,3,43.18,24.76,11338408,3,43.25,24.37,37524192,3,43.29,24.84,53433348,3,43.12,24.58,24254626,3,42.66,25.37,23481190,3,42.76,25.31
92629,2026-07-15T00:36:07.612233,cinnamon,10778947,3,42.12,25.44,17115696,3,42.52,25.35,43632492,3,43.17,24.78,11338408,3,43.24,24.37,37524192,3,43.29,24.87,53433348,3,43.11,24.6,24254626,3,42.65,25.36,23481190,3,42.76,25.32
92979,2026-07-15T00:36:07.965204,cinnamon,10778947,3,42.13,25.43,17115696,3,42.51,25.36,43632492,3,43.16,24.82,11338408,3,43.23,24.4,37524192,3,43.28,24.87,53433348,3,43.11,24.65,24254626,3,42.64,25.39,23481190,3,42.75,25.35
93329,2026-07-15T00:36:08.313318,cinnamon,10778947,3,42.12,25.45,17115696,3,42.5,25.38,43632492,3,43.16,24.84,11338408,3,43.23,24.42,37524192,3,43.27,24.91,53433348,3,43.1,24.66,24254626,3,42.63,25.41,23481190,3,42.74,25.36
93679,2026-07-15T00:36:08.663485,cinnamon,10778947,3,42.11,25.47,17115696,3,42.5,25.38,43632492,3,43.15,24.86,11338408,3,43.21,24.42,37524192,3,43.26,24.92,53433348,3,43.09,24.67,24254626,3,42.64,25.45,23481190,3,42.73,25.39
94029,2026-07-15T00:36:09.009515,cinnamon,10778947,3,42.11,25.49,17115696,3,42.49,25.42,43632492,3,43.15,24.89,11338408,3,43.21,24.46,37524192,3,43.26,24.93,53433348,3,43.08,24.72,24254626,3,42.62,25.47,23481190,3,42.72,25.42
94379,2026-07-15T00:36:09.357665,cinnamon,10778947,3,42.11,25.52,17115696,3,42.48,25.44,43632492,3,43.14,24.91,11338408,3,43.2,24.47,37524192,3,43.25,24.97,53433348,3,43.07,24.73,24254626,3,42.62,25.49,23481190,3,42.72,25.44
94729,2026-07-15T00:36:09.712726,cinnamon,10778947,3,42.1,25.52,17115696,3,42.49,25.39,43632492,3,43.14,24.94,11338408,3,43.2,24.49,37524192,3,43.25,25.0,53433348,3,43.07,24.75,24254626,3,42.61,25.5,23481190,3,42.71,25.46
95079,2026-07-15T00:36:10.066105,cinnamon,10778947,3,42.09,25.53,17115696,3,42.48,25.53,43632492,3,43.13,24.95,11338408,3,43.2,24.51,37524192,3,43.24,25.01,53433348,3,43.06,24.78,24254626,3,42.6,25.52,23481190,3,42.71,25.48
95429,2026-07-15T00:36:10.411113,cinnamon,10778947,3,42.09,25.55,17115696,3,42.47,25.43,43632492,3,43.12,24.96,11338408,3,43.18,24.52,37524192,3,43.23,25.04,53433348,3,43.06,24.79,24254626,3,42.6,25.56,23481190,3,42.7,25.51
95779,2026-07-15T00:36:10.759898,cinnamon,10778947,3,42.09,25.57,17115696,3,42.47,25.5,43632492,3,43.12,24.98,11338408,3,43.18,24.54,37524192,3,43.22,25.05,53433348,3,43.05,24.82,24254626,3,42.59,25.58,23481190,3,42.69,25.52
96129,2026-07-15T00:36:11.113530,cinnamon,10778947,3,42.07,25.58,17115696,3,42.46,25.53,43632492,3,43.11,25.0,11338408,3,43.17,24.57,37524192,3,43.22,25.06,53433348,3,43.05,24.84,24254626,3,42.58,25.61,23481190,3,42.69,25.58
96479,2026-07-15T00:36:11.464882,cinnamon,10778947,3,42.07,25.6,17115696,3,42.45,25.56,43632492,3,43.11,25.02,11338408,3,43.17,24.57,37524192,3,43.21,25.09,53433348,3,43.04,24.87,24254626,3,42.57,25.65,23481190,3,42.68,25.6
96829,2026-07-15T00:36:11.812075,cinnamon,10778947,3,42.07,25.62,17115696,3,42.44,25.57,43632492,3,43.1,25.03,11338408,3,43.17,24.61,37524192,3,43.21,25.1,53433348,3,43.04,24.89,24254626,3,42.57,25.64,23481190,3,42.68,25.61
97179,2026-07-15T00:36:12.153690,cinnamon,10778947,3,42.06,25.63,17115696,3,42.44,25.58,43632492,3,43.09,25.06,11338408,3,43.16,24.59,3608810,3,43.2,25.12,53433348,3,43.03,24.89,1417301,3,42.57,25.67,23481190,3,42.67,25.61
97529,2026-07-15T00:36:12.508872,cinnamon,483018,3,42.06,25.63,17115696,3,42.44,25.61,43632492,3,43.08,25.07,441189,3,43.15,24.61,3608810,4,43.65,25.19,53433348,3,43.03,24.93,1417301,4,42.99,25.76,1522676,3,42.67,25.66
97879,2026-07-15T00:36:12.861740,cinnamon,483018,4,42.49,25.7,861771,3,42.44,25.61,43632492,3,43.08,25.08,441189,4,43.59,24.68,3608810,4,43.98,25.22,53433348,3,43.03,24.95,1417301,4,43.28,25.75,1522676,4,43.08,25.73
98229,2026-07-15T00:36:13.212263,cinnamon,483018,4,42.8,25.72,861771,4,42.86,25.66,43632492,3,43.07,25.09,441189,4,43.91,24.69,3608810,4,44.15,25.21,4565060,3,43.02,24.97,1417301,4,43.45,25.77,1522676,4,43.39,25.74
98579,2026-07-15T00:36:13.558003,cinnamon,483018,4,42.94,25.7,861771,4,43.18,25.7,3613586,3,43.07,25.09,441189,4,44.07,24.68,3608810,4,44.26,25.18,4565060,4,43.46,25.03,1417301,4,43.54,25.73,1522676,4,43.53,25.75
98929,2026-07-15T00:36:13.909314,cinnamon,483018,4,43.03,25.65,861771,4,43.33,25.66,3613586,4,43.51,25.15,441189,4,44.16,24.65,608799,4,44.32,25.13,4565060,4,43.78,25.06,282482,4,43.6,25.7,1522676,4,43.63,25.71
99279,2026-07-15T00:36:14.258595,cinnamon,172506,4,43.07,25.6,861771,4,43.42,25.65,3613586,4,43.82,25.19,164524,4,44.24,24.6,608799,5,44.37,25.07,4565060,4,43.95,25.04,282482,5,43.65,25.65,319202,4,43.7,25.66
99629,2026-07-15T00:36:14.608595,cinnamon,172506,5,43.11,25.54,262698,4,43.48,25.58,3613586,4,43.98,25.15,164524,5,44.28,24.55,608799,5,44.41,25.02,4565060,4,44.05,24.99,282482,5,43.68,25.6,319202,5,43.75,25.63
99979,2026-07-15T00:36:14.961247,cinnamon,172506,5,43.13,25.48,262698,5,43.52,25.53,3613586,4,44.08,25.1,164524,5,44.32,24.5,608799,5,44.45,24.99,811089,4,44.11,24.95,282482,5,43.7,25.56,319202,5,43.79,25.58
100329,2026-07-15T00:36:15.311737,cinnamon,172506,5,43.15,25.43,262698,5,43.56,25.48,610432,4,44.14,25.06,164524,5,44.34,24.46,608799,5,44.48,24.92,811089,5,44.16,24.92,282482,5,43.72,25.49,319202,5,43.81,25.54
100679,2026-07-15T00:36:15.661102,cinnamon,172506,5,43.17,25.38,262698,5,43.58,25.43,610432,5,44.18,25.01,164524,5,44.38,24.4,631903,5,44.5,24.88,811089,5,44.2,24.86,296467,5,43.74,25.45,319202,5,43.83,25.49
101029,2026-07-15T00:36:16.012200,cinnamon,194899,5,43.19,25.33,262698,5,43.61,25.37,610432,5,44.22,24.94,184040,5,44.41,24.37,631903,6,44.51,24.83,811089,5,44.24,24.82,296467,6,43.76,25.42,337174,5,43.85,25.44
101379,2026-07-15T00:36:16.354850,cinnamon,194899,6,43.21,25.29,286995,5,43.63,25.31,610432,5,44.25,24.9,184040,6,44.42,24.32,631903,6,44.54,24.78,811089,5,44.26,24.76,296467,6,43.77,25.37,337174,6,43.87,25.39
101729,2026-07-15T00:36:16.712201,cinnamon,194899,6,43.21,25.27,286995,6,43.64,25.25,610432,5,44.26,24.86,184040,6,44.43,24.28,631903,6,44.55,24.74,847331,5,44.29,24.72,296467,6,43.78,25.35,337174,6,43.89,25.38
102079,2026-07-15T00:36:17.170814,cinnamon,194899,6,43.22,25.21,286995,6,43.66,25.19,637212,5,44.29,24.79,184040,6,44.45,24.25,631903,6,44.57,24.71,847331,6,44.3,24.66,296467,6,43.8,25.32,337174,6,43.9,25.31
102429,2026-07-15T00:36:17.407947,cinnamon,194899,6,43.24,25.16,286995,6,43.67,25.13,637212,6,44.32,24.74,184040,6,44.47,24.21,622114,6,44.58,24.66,847331,6,44.31,24.64,292154,6,43.81,25.27,337174,6,43.91,25.3
102779,2026-07-15T00:36:17.760736,cinnamon,200981,6,43.25,25.17,286995,6,43.68,25.06,637212,6,44.33,24.7,192698,6,44.48,24.17,622114,7,44.82,24.66,847331,6,44.33,24.58,292154,7,44.06,25.29,334531,6,43.92,25.25
103129,2026-07-15T00:36:18.111802,cinnamon,200981,7,43.48,25.13,290661,6,43.69,25.01,637212,6,44.35,24.66,192698,7,44.72,24.15,622114,7,45.03,24.65,847331,6,44.34,24.57,292154,7,44.26,25.22,334531,7,44.15,25.27
103479,2026-07-15T00:36:18.450748,cinnamon,200981,7,43.78,25.03,290661,7,43.95,25.0,637212,6,44.36,24.63,192698,7,44.92,24.14,622114,7,45.17,24.61,834896,6,44.36,24.52,292154,7,44.46,25.17,334531,7,44.36,25.25
103829,2026-07-15T00:36:18.807598,cinnamon,200981,7,43.86,24.96,290661,7,44.16,24.96,633663,6,44.37,24.6,192698,7,45.05,24.09,622114,7,45.26,24.55,834896,7,44.61,24.52,328099,7,44.52,25.14,334531,7,44.48,25.19
104179,2026-07-15T00:36:19.159947,cinnamon,339185,7,43.9,24.89,290661,7,44.28,24.91,633663,7,44.64,24.58,192698,7,45.14,23.99,529062,7,45.32,24.5,834896,7,44.85,24.5,328099,8,44.57,25.07,334531,7,44.57,25.13
104529,2026-07-15T00:36:19.498735,cinnamon,339185,8,43.94,24.83,290661,7,44.37,24.82,633663,7,44.84,24.55,376678,7,45.2,23.99,529062,8,45.37,24.44,834896,7,44.98,24.45,328099,8,44.61,25.0,362221,7,44.62,25.11
104879,2026-07-15T00:36:19.858882,cinnamon,339185,8,43.96,24.78,435837,7,44.44,24.75,633663,7,44.98,24.52,376678,8,45.29,23.86,529062,8,45.4,24.37,834896,7,45.06,24.42,328099,8,44.64,24.95,362221,8,44.66,25.04
105229,2026-07-15T00:36:20.209128,cinnamon,339185,8,43.99,24.72,435837,8,44.49,24.7,633663,7,45.06,24.45,376678,8,45.31,23.8,529062,8,45.44,24.32,698499,7,45.13,24.36,328099,8,44.67,24.91,362221,8,44.71,24.98
105579,2026-07-15T00:36:20.562609,cinnamon,339185,8,44.02,24.64,435837,8,44.52,24.6,549946,7,45.12,24.41,376678,8,45.34,23.73,529062,8,45.47,24.27,698499,8,45.18,24.29,415415,8,44.71,24.85,362221,8,44.73,24.94
105929,2026-07-15T00:36:20.907086,cinnamon,435837,8,44.03,24.61,435837,8,44.56,24.56,549946,8,45.17,24.33,489249,8,45.38,23.68,661926,8,45.5,24.22,698499,8,45.22,24.23,415415,9,44.73,24.81,362221,8,44.76,24.87
106279,2026-07-15T00:36:21.257689,cinnamon,435837,9,44.05,24.55,435837,8,44.58,24.47,549946,8,45.21,24.26,489249,9,45.4,23.64,661926,9,45.52,24.18,698499,8,45.26,24.18,415415,9,44.75,24.75,454706,8,44.78,24.83
106629,2026-07-15T00:36:21.611411,cinnamon,435837,9,44.07,24.51,546862,8,44.61,24.43,549946,8,45.24,24.2,489249,9,45.43,23.58,661926,9,45.55,24.13,698499,8,45.29,24.13,415415,9,44.77,24.71,454706,9,44.81,24.8
106979,2026-07-15T00:36:21.961089,cinnamon,435837,9,44.09,24.48,546862,9,44.63,24.37,549946,8,45.29,24.15,489249,9,45.45,23.53,661926,9,45.57,24.09,884665,8,45.32,24.09,415415,9,44.78,24.67,454706,9,44.83,24.76
107329,2026-07-15T00:36:22.298154,cinnamon,435837,9,44.11,24.42,546862,9,44.66,24.32,694237,8,45.3,24.09,489249,9,45.47,23.49,661926,9,45.59,24.05,884665,9,45.34,24.0,456531,9,44.8,24.63,454706,9,44.86,24.7
107679,2026-07-15T00:36:22.661708,cinnamon,487155,9,44.14,24.38,546862,9,44.68,24.29,694237,9,45.33,24.05,548179,9,45.49,23.43,738550,9,45.61,24.0,884665,9,45.36,23.99,456531,0,44.82,24.6,454706,9,44.87,24.66
108029,2026-07-15T00:36:23.011115,cinnamon,487155,0,44.14,24.36,546862,9,44.7,24.23,694237,9,45.35,24.0,548179,0,45.52,23.38,738550,0,45.62,23.97,884665,9,45.39,24.14,456531,0,44.83,24.57,498539,9,44.89,24.62
108379,2026-07-15T00:36:23.361776,cinnamon,487155,0,44.17,24.32,605558,9,44.72,24.2,694237,9,45.38,23.94,548179,0,45.54,23.36,738550,0,45.64,23.93,884665,9,45.41,23.88,456531,0,44.85,24.54,498539,0,44.91,24.59
108729,2026-07-15T00:36:23.711164,cinnamon,487155,0,44.18,24.29,605558,0,44.73,24.14,694237,9,45.4,23.9,548179,0,45.55,23.33,738550,0,45.66,23.88,981312,0,45.45,23.81,456531,0,44.86,24.5,498539,0,44.93,24.54
109079,2026-07-15T00:36:24.060753,cinnamon,487155,0,44.2,24.25,605558,0,44.75,24.1,774730,9,45.42,23.86,548179,0,45.58,23.28,738550,0,45.68,23.91,981312,0,45.46,23.77,481316,0,44.88,24.47,498539,0,44.94,24.53
109429,2026-07-15T00:36:24.411410,cinnamon,518218,0,44.21,24.23,605558,0,44.76,24.08,774730,0,45.44,23.83,587830,0,45.59,23.26,779596,1,44.97,23.74,981312,0,45.47,23.74,481316,1,44.24,24.36,498539,0,44.96,24.48
109779,2026-07-15T00:36:24.757135,cinnamon,518218,1,43.55,24.13,605558,0,44.78,24.06,774730,0,45.46,23.78,587830,1,44.93,23.17,102400000,1,44.45,23.69,981312,0,45.49,23.72,102400000,1,43.72,24.31,528652,0,44.98,24.46
110129,2026-07-15T00:36:25.112026,cinnamon,102400000,1,43.06,24.08,645039,0,44.81,24.02,774730,0,45.48,23.76,102400000,1,44.42,23.1,102400000,2,44.17,23.69,1042769,0,45.51,23.67,102400000,2,43.47,24.33,528652,1,44.33,24.37
110479,2026-07-15T00:36:25.462878,cinnamon,102400000,2,42.83,24.11,645039,1,44.12,23.91,774730,0,45.48,23.72,102400000,2,44.15,23.09,102400000,2,44.01,23.75,1042769,1,44.81,23.57,102400000,2,43.32,24.35,102400000,1,43.82,24.31
110829,2026-07-15T00:36:25.813104,cinnamon,102400000,2,42.72,24.15,102400000,1,43.61,23.88,824310,0,45.5,23.69,102400000,2,44.01,23.13,102400000,2,43.92,23.8,102400000,1,44.26,23.53,102400000,2,43.21,24.43,102400000,2,43.57,24.33
111179,2026-07-15T00:36:26.153133,cinnamon,102400000,2,42.64,24.2,102400000,2,43.36,23.9,824310,1,44.83,23.59,102400000,2,43.91,23.18,102400000,2,43.84,23.89,102400000,2,43.99,23.53,102400000,2,43.15,24.49,102400000,2,43.43,24.44
111529,2026-07-15T00:36:26.511736,cinnamon,102400000,2,42.59,24.28,102400000,2,43.21,23.93,102400000,1,44.3,23.55,102400000,2,43.84,23.26,102400000,2,43.78,23.95,102400000,2,43.82,23.58,102400000,2,43.09,24.55,102400000,2,43.27,24.47
111879,2026-07-15T00:36:26.863357,cinnamon,102400000,2,42.55,24.36,102400000,2,43.1,23.98,102400000,2,44.04,23.56,102400000,2,43.79,23.32,102400000,2,43.72,24.02,102400000,2,43.71,23.64,102400000,2,43.05,24.64,102400000,2,43.21,24.56
112229,2026-07-15T00:36:27.213359,cinnamon,102400000,2,42.52,24.43,102400000,2,43.05,24.05,102400000,2,43.87,23.6,102400000,2,43.74,23.4,102400000,2,43.69,24.1,102400000,2,43.63,23.73,102400000,2,43.02,24.7,102400000,2,43.17,24.62
112579,2026-07-15T00:36:27.559530,cinnamon,102400000,2,42.49,24.5,102400000,2,42.98,24.12,102400000,2,43.77,23.67,102400000,2,43.7,23.46,102400000,2,43.66,24.18,102400000,2,43.57,23.78,102400000,2,42.99,24.78,102400000,2,43.14,24.71
112929,2026-07-15T00:36:27.915931,cinnamon,102400000,2,42.47,24.57,102400000,2,42.94,24.2,102400000,2,43.69,23.76,102400000,2,43.67,23.51,102400000,2,43.63,24.25,102400000,2,43.54,23.88,102400000,2,42.97,24.86,102400000,2,43.1,24.77
113279,2026-07-15T00:36:28.258717,cinnamon,102400000,2,42.46,24.61,102400000,2,42.91,24.28,102400000,2,43.65,23.83,102400000,2,43.64,23.59,35055364,2,43.61,24.31,102400000,2,43.49,23.94,21707850,2,42.95,24.91,102400000,2,43.08,24.85
113629,2026-07-15T00:36:28.612862,cinnamon,13473684,2,42.45,24.67,102400000,2,42.89,24.33,102400000,2,43.61,23.89,15020857,2,43.61,23.65,35055364,3,43.58,24.38,102400000,2,43.46,24.02,21707850,3,42.93,24.99,20314942,2,43.06,24.9
113979,2026-07-15T00:36:28.962543,cinnamon,13473684,3,42.44,24.74,102400000,2,42.86,24.4,102400000,2,43.57,23.97,15020857,3,43.6,23.71,35055364,3,43.56,24.44,102400000,2,43.44,24.09,21707850,3,42.91,25.04,20314942,3,43.03,24.95
114329,2026-07-15T00:36:29.308402,cinnamon,13473684,3,42.42,24.76,25133652,2,42.84,24.47,102400000,2,43.54,24.05,15020857,3,43.57,23.76,35055364,3,43.55,24.5,46512420,2,43.4,24.15,21707850,3,42.9,25.09,20314942,3,43.02,25.01
114679,2026-07-15T00:36:29.662578,cinnamon,13473684,3,42.41,24.81,25133652,3,42.82,24.52,102400000,2,43.52,24.1,15020857,3,43.56,23.81,35055364,3,43.53,24.56,46512420,3,43.38,24.21,21707850,3,42.88,25.16,20314942,3,43.0,25.07
115029,2026-07-15T00:36:30.012586,cinnamon,13473684,3,42.4,24.85,25133652,3,42.81,24.59,44341000,2,43.49,24.18,15020857,3,43.54,23.85,35055364,3,43.52,24.59,46512420,3,43.37,24.27,21707850,3,42.87,25.21,20314942,3,42.99,25.13
115379,2026-07-15T00:36:30.372377,cinnamon,13473684,3,42.39,24.91,25133652,3,42.79,24.64,44341000,3,43.48,24.22,15020857,3,43.52,23.9,35055364,3,43.5,24.64,46512420,3,43.35,24.33,21707850,3,42.86,25.26,20314942,3,42.98,25.18
115729,2026-07-15T00:36:30.712758,cinnamon,13473684,3,42.38,24.95,25133652,3,42.78,24.69,44341000,3,43.45,24.28,15020857,3,43.51,23.93,35055364,3,43.49,24.68,46512420,3,43.34,24.37,21707850,3,42.85,25.29,20314942,3,42.96,25.22
116079,2026-07-15T00:36:31.058711,cinnamon,13473684,3,42.37,24.98,25133652,3,42.76,24.72,44341000,3,43.44,24.34,15020857,3,43.5,23.97,35055364,3,43.48,24.73,46512420,3,43.32,24.42,21707850,3,42.84,25.34,20314942,3,42.96,25.27
116429,2026-07-15T00:36:31.410282,cinnamon,13473684,3,42.36,25.02,25133652,3,42.74,24.79,44341000,3,43.43,24.39,15020857,3,43.48,24.02,35055364,3,43.47,24.77,46512420,3,43.31,24.48,21707850,3,42.83,25.36,20314942,3,42.95,25.29
116779,2026-07-15T00:36:31.754801,cinnamon,13473684,3,42.35,25.05,25133652,3,42.74,24.83,44341000,3,43.41,24.44,15020857,3,43.46,24.05,35055364,3,43.46,24.81,46512420,3,43.3,24.51,21707850,3,42.83,25.41,20314942,3,42.94,25.34
117129,2026-07-15T00:36:32.110413,cinnamon,13473684,3,42.34,25.06,25133652,3,42.73,24.87,44341000,3,43.4,24.47,15020857,3,43.46,24.09,35055364,3,43.45,24.84,46512420,3,43.28,24.55,21707850,3,42.81,25.44,20314942,3,42.92,25.39
117479,2026-07-15T00:36:32.460946,cinnamon,13473684,3,42.34,25.12,25133652,3,42.72,24.89,44341000,3,43.39,24.52,15020857,3,43.45,24.14,35055364,3,43.44,24.88,46512420,3,43.27,24.58,21707850,3,42.81,25.48,20314942,3,42.92,25.42
117829,2026-07-15T00:36:32.815593,cinnamon,13473684,3,42.32,25.12,25133652,3,42.71,24.92,44341000,3,43.37,24.55,15020857,3,43.44,24.15,35055364,3,43.42,24.91,46512420,3,43.27,24.64,21707850,3,42.8,25.53,20314942,3,42.91,25.45
118179,2026-07-15T00:36:33.163079,cinnamon,13473684,3,42.32,25.16,25133652,3,42.7,24.95,44341000,3,43.37,24.59,15020857,3,43.43,24.18,35055364,3,43.42,24.92,46512420,3,43.26,24.69,21707850,3,42.79,25.55,20314942,3,42.9,25.49
118529,2026-07-15T00:36:33.512338,cinnamon,13473684,3,42.32,25.18,25133652,3,42.7,24.99,44341000,3,43.35,24.63,15020857,3,43.41,24.19,35055364,3,43.42,24.96,46512420,3,43.24,24.68,21707850,3,42.78,25.58,20314942,3,42.88,25.5
118879,2026-07-15T00:36:33.861936,cinnamon,13473684,3,42.3,25.18,25133652,3,42.69,25.01,44341000,3,43.35,24.65,15020857,3,43.41,24.23,35055364,3,43.41,24.98,46512420,3,43.24,24.72,21707850,3,42.77,25.58,20314942,3,42.88,25.53
119229,2026-07-15T00:36:34.211981,cinnamon,13473684,3,42.3,25.2,25133652,3,42.68,25.03,44341000,3,43.35,24.7,15020857,3,43.4,24.25,35055364,3,43.4,25.01,46512420,3,43.22,24.77,21707850,3,42.77,25.64,20314942,3,42.87,25.54
119579,2026-07-15T00:36:34.560939,cinnamon,13473684,3,42.3,25.24,25133652,3,42.68,25.06,44341000,3,43.34,24.72,15020857,3,43.39,24.27,35055364,3,43.4,25.05,46512420,3,43.22,24.78,21707850,3,42.76,25.65,20314942,3,42.86,25.59
119929,2026-07-15T00:36:34.905232,cinnamon,13473684,3,42.28,25.24,25133652,3,42.67,25.08,44341000,3,43.33,24.76,15020857,3,43.39,24.3,35055364,3,43.39,25.05,46512420,3,43.21,24.82,21707850,3,42.74,25.68,20314942,3,42.85,25.62
120279,2026-07-15T00:36:35.260950,cinnamon,13473684,3,42.29,25.26,25133652,3,42.67,25.11,44341000,3,43.32,24.76,15020857,3,43.38,24.32,35055364,3,43.39,25.08,46512420,3,43.21,24.84,21707850,3,42.73,25.71,20314942,3,42.85,25.63
120629,2026-07-15T00:36:35.612181,cinnamon,13473684,3,42.28,25.28,25133652,3,42.66,25.12,44341000,3,43.31,24.78,15020857,3,43.37,24.32,35055364,3,43.38,25.1,46512420,3,43.2,24.87,21707850,3,42.74,25.72,20314942,3,42.85,25.66
120979,2026-07-15T00:36:35.954834,cinnamon,13473684,3,42.28,25.3,25133652,3,42.65,25.15,44341000,3,43.29,24.8,15020857,3,43.36,24.33,35055364,3,43.37,25.12,46512420,3,43.2,24.87,21707850,3,42.73,25.74,20314942,3,42.84,25.69
121329,2026-07-15T00:36:36.319718,cinnamon,13473684,3,42.27,25.32,25133652,3,42.64,25.15,44341000,3,43.3,24.82,15020857,3,43.35,24.36,35055364,3,43.37,25.14,46512420,3,43.19,24.9,21707850,3,42.72,25.77,20314942,3,42.84,25.7
121679,2026-07-15T00:36:36.662612,cinnamon,13473684,3,42.26,25.31,25133652,3,42.65,25.17,44341000,3,43.29,24.84,15020857,3,43.35,24.38,35055364,3,43.36,25.13,46512420,3,43.18,24.91,21707850,3,42.72,25.77,20314942,3,42.83,25.71
122029,2026-07-15T00:36:37.000145,cinnamon,13473684,3,42.26,25.34,25133652,3,42.64,25.18,44341000,3,43.29,24.85,15020857,3,43.34,24.39,35055364,3,43.36,25.18,46512420,3,43.19,24.95,21707850,3,42.71,25.78,20314942,3,42.82,25.75
122379,2026-07-15T00:36:37.362724,cinnamon,13473684,3,42.25,25.34,25133652,3,42.63,25.22,44341000,3,43.28,24.87,15020857,3,43.34,24.41,35055364,3,43.35,25.18,46512420,3,43.18,24.96,21707850,3,42.71,25.82,20314942,3,42.81,25.74
122729,2026-07-15T00:36:37.708321,cinnamon,13473684,3,42.25,25.34,25133652,3,42.63,25.22,44341000,3,43.27,24.89,15020857,3,43.33,24.42,35055364,3,43.34,25.19,46512420,3,43.17,24.98,21707850,3,42.71,25.82,20314942,3,42.81,25.76
123079,2026-07-15T00:36:38.062188,cinnamon,13473684,3,42.25,25.36,25133652,3,42.63,25.24,44341000,3,43.26,24.9,15020857,3,43.33,24.43,35055364,3,43.34,25.22,46512420,3,43.17,24.99,21707850,3,42.7,25.83,20314942,3,42.81,25.77
123429,2026-07-15T00:36:38.411868,cinnamon,13473684,3,42.24,25.36,25133652,3,42.62,25.25,44341000,3,43.26,24.92,15020857,3,43.33,24.45,35055364,3,43.33,25.23,46512420,3,43.17,25.01,21707850,3,42.7,25.86,20314942,3,42.8,25.79
123779,2026-07-15T00:36:38.747090,cinnamon,13473684,3,42.23,25.4,25133652,3,42.62,25.26,44341000,3,43.26,24.93,15020857,3,43.33,24.47,3293266,3,43.33,25.24,46512420,3,43.16,25.02,1216513,3,42.69,25.9,20314942,3,42.8,25.82
124129,2026-07-15T00:36:39.114786,cinnamon,661926,3,42.24,25.4,25133652,3,42.61,25.28,44341000,3,43.25,24.95,653686,3,43.32,24.46,3293266,4,43.78,25.28,46512420,3,43.16,25.03,1216513,4,43.42,25.96,1226347,3,42.79,25.84
124479,2026-07-15T00:36:39.461416,cinnamon,661926,4,42.67,25.46,25133652,3,42.61,25.29,44341000,3,43.25,24.96,653686,4,43.76,24.53,3293266,4,44.12,25.31,46512420,3,43.15,25.05,1216513,4,43.57,25.94,1226347,4,43.21,25.88
124829,2026-07-15T00:36:39.812399,cinnamon,661926,4,42.98,25.48,1429169,3,42.61,25.3,44341000,3,43.24,24.97,653686,4,44.08,24.55,3293266,4,44.29,25.32,3891686,3,43.15,25.05,1216513,4,43.67,25.92,1226347,4,43.51,25.93
125179,2026-07-15T00:36:40.157030,cinnamon,661926,4,43.12,25.44,1429169,4,43.03,25.37,44341000,3,43.25,25.0,653686,4,44.24,24.53,3293266,4,44.38,25.28,3891686,4,43.6,25.13,261291,4,43.73,25.87,1226347,4,43.67,25.91
125529,2026-07-15T00:36:40.510968,cinnamon,661926,4,43.2,25.42,1429169,4,43.34,25.39,4174267,3,43.24,24.98,653686,4,44.34,24.51,584808,4,44.46,25.23,3891686,4,43.92,25.16,261291,5,43.77,25.82,1226347,4,43.77,25.87
125879,2026-07-15T00:36:40.861133,cinnamon,209750,4,43.26,25.36,1429169,4,43.49,25.36,4174267,4,43.67,25.03,208214,4,44.41,24.47,584808,5,44.51,25.17,3891686,4,44.09,25.12,261291,5,43.8,25.76,287478,4,43.83,25.84
126229,2026-07-15T00:36:41.196164,cinnamon,209750,5,43.3,25.3,1429169,4,43.59,25.32,4174267,4,43.99,25.05,208214,5,44.46,24.41,584808,5,44.55,25.11,3891686,4,44.19,25.07,261291,5,43.83,25.71,287478,5,43.88,25.78
126579,2026-07-15T00:36:41.576257,cinnamon,209750,5,43.32,25.26,343624,4,43.65,25.28,4174267,4,44.16,25.04,208214,5,44.49,24.36,584808,5,44.58,25.07,745812,4,44.26,25.04,261291,5,43.85,25.66,287478,5,43.91,25.73
126929,2026-07-15T00:36:41.909094,cinnamon,209750,5,43.34,25.21,343624,5,43.69,25.22,4174267,4,44.25,24.99,208214,5,44.52,24.31,584808,5,44.61,24.99,745812,5,44.31,24.98,273870,5,43.88,25.63,287478,5,43.94,25.68
127279,2026-07-15T00:36:42.256967,cinnamon,209750,5,43.36,25.16,343624,5,43.73,25.17,662568,4,44.31,24.93,208214,5,44.55,24.27,610978,5,44.64,24.95,745812,5,44.34,24.93,273870,6,43.9,25.57,287478,5,43.96,25.63
127629,2026-07-15T00:36:42.610445,cinnamon,231203,5,43.37,25.11,343624,5,43.76,25.1,662568,5,44.36,24.9,231046,5,44.57,24.22,610978,6,44.66,24.9,745812,5,44.38,24.87,273870,6,43.9,25.52,305489,5,43.98,25.59
127979,2026-07-15T00:36:42.961502,cinnamon,231203,6,43.39,25.06,343624,5,43.79,25.07,662568,5,44.4,24.84,231046,6,44.59,24.16,610978,6,44.67,24.84,745812,5,44.4,24.82,273870,6,43.92,25.5,305489,6,44.0,25.53
128329,2026-07-15T00:36:43.300593,cinnamon,231203,6,43.4,25.01,375435,5,43.81,25.01,662568,5,44.43,24.77,231046,6,44.6,24.12,610978,6,44.69,24.82,780487,5,44.42,24.78,273870,6,43.93,25.45,305489,6,44.01,25.48
128679,2026-07-15T00:36:43.657161,cinnamon,231203,6,43.41,24.97,375435,6,43.82,24.93,662568,5,44.46,24.73,231046,6,44.62,24.08,610978,6,44.7,24.78,780487,6,44.44,24.74,272123,6,43.94,25.41,305489,6,44.02,25.44
129029,2026-07-15T00:36:44.001142,cinnamon,231203,6,43.42,24.93,375435,6,43.84,24.9,692828,5,44.47,24.68,231046,6,44.64,24.05,601821,6,44.72,24.73,780487,6,44.46,24.69,272123,7,44.19,25.41,305489,6,44.04,25.41
129379,2026-07-15T00:36:44.351753,cinnamon,236162,6,43.43,24.9,375435,6,43.86,24.86,692828,6,44.5,24.61,236982,6,44.65,24.0,601821,7,44.96,24.75,780487,6,44.48,24.65,272123,7,44.39,25.38,303317,6,44.06,25.38
129729,2026-07-15T00:36:44.712753,cinnamon,236162,7,43.67,24.88,375435,6,43.87,24.8,692828,6,44.51,24.58,236982,7,44.89,23.99,601821,7,45.19,24.71,780487,6,44.48,24.61,272123,7,44.53,25.35,303317,7,44.29,25.37
130079,2026-07-15T00:36:45.060609,cinnamon,236162,7,43.87,24.87,375435,6,43.88,24.78,692828,6,44.53,24.53,236982,7,45.1,23.95,601821,7,45.31,24.66,775610,6,44.5,24.58,272123,7,44.6,25.29,303317,7,44.5,25.34
130429,2026-07-15T00:36:45.411085,cinnamon,236162,7,43.97,24.83,375435,7,44.13,24.77,692828,6,44.54,24.47,236982,7,45.23,23.92,601821,7,45.4,24.6,775610,7,44.77,24.57,327156,7,44.67,25.24,303317,7,44.62,25.31
130779,2026-07-15T00:36:45.760386,cinnamon,236162,7,44.04,24.75,375435,7,44.35,24.73,688634,6,44.56,24.46,236982,7,45.31,23.87,524187,7,45.45,24.54,775610,7,44.99,24.54,327156,8,44.72,25.18,303317,7,44.69,25.26
131129,2026-07-15T00:36:46.110038,cinnamon,351407,7,44.08,24.73,375435,7,44.48,24.69,688634,7,44.82,24.44,397515,7,45.37,23.82,524187,8,45.51,24.48,775610,7,45.13,24.5,327156,8,44.75,25.1,351769,7,44.76,25.2
131479,2026-07-15T00:36:46.462434,cinnamon,351407,8,44.12,24.81,375435,7,44.56,24.62,688634,7,45.04,24.43,397515,8,45.41,23.83,524187,8,45.59,24.39,775610,7,45.22,24.44,327156,8,44.79,25.06,351769,8,44.81,25.14
131829,2026-07-15T00:36:46.810549,cinnamon,351407,8,44.15,24.58,458987,7,44.62,24.56,688634,7,45.17,24.37,397515,8,45.49,23.64,524187,8,45.61,24.31,694237,7,45.29,24.4,327156,8,44.82,24.99,351769,8,44.85,25.07
132179,2026-07-15T00:36:47.160448,cinnamon,351407,8,44.2,24.5,458987,8,44.67,24.49,688634,7,45.25,24.31,397515,8,45.52,23.59,661926,8,45.64,24.25,694237,8,45.34,24.33,410174,8,44.84,24.94,351769,8,44.88,25.01
132529,2026-07-15T00:36:47.508009,cinnamon,453498,8,44.22,24.43,458987,8,44.7,24.42,562637,7,45.32,24.25,508567,8,45.55,23.51,661926,9,45.67,24.2,694237,8,45.38,24.25,410174,9,44.87,24.89,351769,8,44.9,24.98
132879,2026-07-15T00:36:47.860503,cinnamon,453498,9,44.24,24.38,458987,8,44.74,24.36,562637,8,45.37,24.19,508567,9,45.57,23.47,661926,9,45.69,24.15,694237,8,45.41,24.2,410174,9,44.89,24.85,444637,8,44.94,24.92
133229,2026-07-15T00:36:48.199689,cinnamon,453498,9,44.26,24.35,458987,8,44.76,24.29,562637,8,45.41,24.13,508567,9,45.6,23.44,661926,9,45.71,24.11,694237,8,45.44,24.14,410174,9,44.9,24.81,444637,9,44.96,24.87
133579,2026-07-15T00:36:48.561444,cinnamon,453498,9,44.28,24.28,570632,8,44.79,24.23,562637,8,45.43,24.07,508567,9,45.63,23.37,661926,9,45.73,24.05,875026,8,45.47,24.11,410174,9,44.93,24.74,444637,9,44.98,24.81
133929,2026-07-15T00:36:48.910295,cinnamon,453498,9,44.3,24.23,570632,9,44.81,24.19,562637,8,45.47,24.0,508567,9,45.65,23.33,732213,9,45.75,24.03,875026,9,45.49,24.02,451101,9,44.95,24.71,444637,9,45.01,24.77
134279,2026-07-15T00:36:49.264957,cinnamon,503317,9,44.32,24.21,570632,9,44.84,24.12,705720,8,45.49,23.95,569680,9,45.67,23.28,732213,0,45.77,23.99,875026,9,45.52,23.99,451101,0,44.96,24.67,444637,9,45.03,24.74
134629,2026-07-15T00:36:49.608039,cinnamon,503317,0,44.34,24.17,570632,9,44.87,24.08,705720,9,45.53,23.91,569680,0,45.7,23.26,732213,0,45.79,23.95,875026,9,45.55,23.95,451101,0,44.97,24.64,491716,9,45.05,24.68
134979,2026-07-15T00:36:49.959176,cinnamon,503317,0,44.36,24.14,570632,9,44.88,24.02,705720,9,45.55,23.85,569680,0,45.71,23.19,732213,0,45.81,23.91,875026,9,45.56,23.87,451101,0,45.0,24.6,491716,0,45.06,24.66
135329,2026-07-15T00:36:50.301637,cinnamon,503317,0,44.37,24.11,630736,9,44.91,23.98,705720,9,45.56,23.79,569680,0,45.74,23.17,732213,0,45.83,23.87,969467,9,45.58,23.86,451101,0,45.01,24.57,491716,0,45.08,24.61
135679,2026-07-15T00:36:50.657989,cinnamon,503317,0,44.39,24.07,630736,0,44.92,23.93,705720,9,45.59,23.75,569680,0,45.75,23.14,784073,0,45.84,23.84,969467,0,45.61,23.82,475947,0,45.03,24.53,491716,0,45.1,24.58
136029,2026-07-15T00:36:51.010605,cinnamon,537815,0,44.41,24.03,630736,0,44.94,23.91,786784,9,45.61,23.72,614277,0,45.78,23.12,784073,1,45.15,23.73,969467,0,45.62,23.77,475947,1,44.38,24.44,491716,0,45.13,24.54
136379,2026-07-15T00:36:51.355599,cinnamon,537815,1,43.74,23.95,630736,0,44.96,23.86,786784,0,45.63,23.66,614277,1,45.11,23.0,102400000,1,44.61,23.7,969467,0,45.64,23.74,102400000,1,43.87,24.39,521384,0,45.14,24.53
136729,2026-07-15T00:36:51.710143,cinnamon,102400000,1,43.25,23.9,630736,0,44.98,23.82,786784,0,45.65,23.64,102400000,1,44.59,22.95,102400000,2,44.33,23.71,969467,0,45.66,23.71,102400000,2,43.61,24.4,521384,1,44.49,24.41
137079,2026-07-15T00:36:52.061595,cinnamon,102400000,2,43.01,23.89,671035,0,45.0,23.78,786784,0,45.66,23.61,102400000,2,44.32,22.95,102400000,2,44.16,23.76,1038802,0,45.67,23.67,102400000,2,43.47,24.42,102400000,1,43.97,24.37
137429,2026-07-15T00:36:52.411841,cinnamon,102400000,2,42.91,23.94,671035,1,44.32,23.68,786784,0,45.68,23.57,102400000,2,44.18,22.98,102400000,2,44.07,23.8,1038802,1,44.97,23.57,102400000,2,43.37,24.49,102400000,2,43.72,24.36
137779,2026-07-15T00:36:52.760642,cinnamon,102400000,2,42.83,24.0,102400000,1,43.8,23.62,841586,0,45.7,23.53,102400000,2,44.09,23.03,102400000,2,43.99,23.89,102400000,1,44.42,23.53,102400000,2,43.3,24.56,102400000,2,43.58,24.4
138129,2026-07-15T00:36:53.112123,cinnamon,102400000,2,42.78,24.06,102400000,2,43.54,23.61,841586,1,45.01,23.43,102400000,2,44.02,23.09,102400000,2,43.93,23.96,102400000,2,44.15,23.53,102400000,2,43.24,24.62,102400000,2,43.49,24.45
138479,2026-07-15T00:36:53.453487,cinnamon,102400000,2,42.74,24.12,102400000,2,43.39,23.66,102400000,1,44.49,23.39,102400000,2,43.96,23.15,102400000,2,43.9,24.03,102400000,2,43.97,23.58,102400000,2,43.2,24.72,102400000,2,43.41,24.54
138829,2026-07-15T00:36:53.812023,cinnamon,102400000,2,42.72,24.2,102400000,2,43.29,23.73,102400000,2,44.23,23.4,102400000,2,43.93,23.22,102400000,2,43.85,24.1,102400000,2,43.86,23.63,102400000,2,43.17,24.78,102400000,2,43.36,24.63
139179,2026-07-15T00:36:54.158298,cinnamon,102400000,2,42.69,24.25,102400000,2,43.23,23.78,102400000,2,44.07,23.46,102400000,2,43.89,23.3,102400000,2,43.82,24.19,102400000,2,43.78,23.7,102400000,2,43.14,24.86,102400000,2,43.29,24.75
139529,2026-07-15T00:36:54.512316,cinnamon,102400000,2,42.67,24.31,102400000,2,43.19,23.86,102400000,2,43.96,23.52,102400000,2,43.86,23.34,102400000,2,43.79,24.25,102400000,2,43.72,23.8,102400000,2,43.12,24.9,102400000,2,43.26,24.81
139879,2026-07-15T00:36:54.861631,cinnamon,102400000,2,42.66,24.37,102400000,2,43.14,23.92,102400000,2,43.88,23.57,102400000,2,43.84,23.4,36489976,2,43.77,24.32,102400000,2,43.69,23.87,20352796,2,43.1,24.98,102400000,2,43.24,24.89
140229,2026-07-15T00:36:55.280895,cinnamon,17901120,2,42.65,24.42,102400000,2,43.1,23.98,102400000,2,43.83,23.65,22795130,2,43.81,23.47,36489976,3,43.74,24.39,102400000,2,43.65,23.94,20352796,3,43.08,25.05,18941040,2,43.21,24.95
140579,2026-07-15T00:36:55.558062,cinnamon,17901120,3,42.64,24.49,102400000,2,43.08,24.03,102400000,2,43.8,23.73,22795130,3,43.79,23.52,36489976,3,43.72,24.44,102400000,2,43.62,24.02,20352796,3,43.06,25.1,18941040,3,43.19,25.01
140929,2026-07-15T00:36:55.910937,cinnamon,17901120,3,42.62,24.52,102400000,2,43.05,24.1,102400000,2,43.77,23.81,22795130,3,43.78,23.56,36489976,3,43.71,24.49,102400000,2,43.6,24.07,20352796,3,43.05,25.16,18941040,3,43.18,25.07
141279,2026-07-15T00:36:56.262090,cinnamon,17901120,3,42.61,24.56,33807584,2,43.03,24.15,102400000,2,43.73,23.86,22795130,3,43.75,23.61,36489976,3,43.69,24.55,48807300,2,43.57,24.15,20352796,3,43.04,25.2,18941040,3,43.17,25.14
141629,2026-07-15T00:36:56.598508,cinnamon,17901120,3,42.61,24.59,33807584,3,43.01,24.21,102400000,2,43.7,23.95,22795130,3,43.73,23.67,36489976,3,43.68,24.59,48807300,3,43.55,24.2,20352796,3,43.03,25.24,18941040,3,43.15,25.18
141979,2026-07-15T00:36:56.969894,cinnamon,17901120,3,42.6,24.63,33807584,3,43.0,24.26,53433348,2,43.69,23.99,22795130,3,43.71,23.71,36489976,3,43.67,24.64,48807300,3,43.53,24.26,20352796,3,43.02,25.3,18941040,3,43.14,25.22
142329,2026-07-15T00:36:57.309716,cinnamon,17901120,3,42.59,24.68,33807584,3,42.98,24.32,53433348,3,43.66,24.07,22795130,3,43.7,23.75,36489976,3,43.65,24.67,48807300,3,43.51,24.31,20352796,3,43.0,25.35,18941040,3,43.13,25.26
142679,2026-07-15T00:36:57.660821,cinnamon,17901120,3,42.58,24.7,33807584,3,42.97,24.36,53433348,3,43.64,24.1,22795130,3,43.69,23.79,36489976,3,43.64,24.73,48807300,3,43.5,24.37,20352796,3,42.99,25.38,18941040,3,43.11,25.3
143029,2026-07-15T00:36:58.000944,cinnamon,17901120,3,42.57,24.74,33807584,3,42.96,24.42,53433348,3,43.63,24.16,22795130,3,43.67,23.82,36489976,3,43.63,24.76,48807300,3,43.48,24.41,20352796,3,42.99,25.44,18941040,3,43.1,25.34
143379,2026-07-15T00:36:58.363055,cinnamon,17901120,3,42.56,24.77,33807584,3,42.95,24.44,53433348,3,43.61,24.21,22795130,3,43.66,23.85,36489976,3,43.62,24.8,48807300,3,43.48,24.47,20352796,3,42.98,25.47,18941040,3,43.09,25.38
143729,2026-07-15T00:36:58.707406,cinnamon,17901120,3,42.55,24.78,33807584,3,42.93,24.49,53433348,3,43.6,24.25,22795130,3,43.65,23.89,36489976,3,43.61,24.86,48807300,3,43.47,24.5,20352796,3,42.97,25.48,18941040,3,43.08,25.42
144079,2026-07-15T00:36:59.061616,cinnamon,17901120,3,42.55,24.83,33807584,3,42.92,24.54,53433348,3,43.59,24.29,22795130,3,43.64,23.91,36489976,3,43.61,24.87,48807300,3,43.45,24.54,20352796,3,42.97,25.52,18941040,3,43.07,25.45
144429,2026-07-15T00:36:59.410620,cinnamon,17901120,3,42.54,24.82,33807584,3,42.91,24.57,53433348,3,43.58,24.33,22795130,3,43.63,23.95,36489976,3,43.6,24.89,48807300,3,43.44,24.58,20352796,3,42.96,25.64,18941040,3,43.06,25.48
144779,2026-07-15T00:36:59.756530,cinnamon,17901120,3,42.53,24.87,33807584,3,42.9,24.6,53433348,3,43.57,24.37,22795130,3,43.63,23.98,36489976,3,43.59,24.92,48807300,3,43.43,24.62,20352796,3,42.94,25.61,18941040,3,43.05,25.52
145129,2026-07-15T00:37:00.111773,cinnamon,17901120,3,42.52,24.87,33807584,3,42.9,24.62,53433348,3,43.56,24.42,22795130,3,43.61,24.01,36489976,3,43.58,24.95,48807300,3,43.43,24.66,20352796,3,42.93,25.63,18941040,3,43.05,25.57
145479,2026-07-15T00:37:00.458654,cinnamon,17901120,3,42.52,24.92,33807584,3,42.88,24.66,53433348,3,43.55,24.44,22795130,3,43.6,24.01,36489976,3,43.57,24.99,48807300,3,43.41,24.7,20352796,3,42.92,25.66,18941040,3,43.04,25.58
145829,2026-07-15T00:37:00.803357,cinnamon,17901120,3,42.52,24.95,33807584,3,42.89,24.69,53433348,3,43.54,24.47,22795130,3,43.59,24.04,36489976,3,43.56,25.0,48807300,3,43.41,24.7,20352796,3,42.92,25.71,18941040,3,43.04,25.61
146179,2026-07-15T00:37:01.160464,cinnamon,17901120,3,42.51,24.93,33807584,3,42.88,24.7,53433348,3,43.53,24.49,22795130,3,43.59,24.05,36489976,3,43.56,25.03,48807300,3,43.4,24.75,20352796,3,42.92,25.71,18941040,3,43.03,25.63
146529,2026-07-15T00:37:01.511080,cinnamon,17901120,3,42.5,24.95,33807584,3,42.87,24.72,53433348,3,43.52,24.53,22795130,3,43.58,24.08,36489976,3,43.55,25.05,48807300,3,43.4,24.77,20352796,3,42.91,25.73,18941040,3,43.02,25.63
146879,2026-07-15T00:37:01.856890,cinnamon,17901120,3,42.49,24.97,33807584,3,42.86,24.75,53433348,3,43.51,24.54,22795130,3,43.57,24.1,36489976,3,43.55,25.07,48807300,3,43.38,24.78,20352796,3,42.9,25.75,18941040,3,43.01,25.67
147229,2026-07-15T00:37:02.209976,cinnamon,17901120,3,42.48,25.0,33807584,3,42.86,24.78,53433348,3,43.51,24.57,22795130,3,43.56,24.12,36489976,3,43.54,25.09,48807300,3,43.38,24.81,20352796,3,42.9,25.76,18941040,3,43.0,25.68
147579,2026-07-15T00:37:02.561159,cinnamon,17901120,3,42.49,25.02,33807584,3,42.85,24.79,53433348,3,43.51,24.58,22795130,3,43.56,24.15,36489976,3,43.54,25.1,48807300,3,43.38,24.83,20352796,3,42.89,25.78,18941040,3,43.0,25.72
147929,2026-07-15T00:37:02.899541,cinnamon,17901120,3,42.48,25.03,33807584,3,42.85,24.8,53433348,3,43.5,24.61,22795130,3,43.55,24.15,36489976,3,43.53,25.1,48807300,3,43.38,24.87,20352796,3,42.89,25.82,18941040,3,42.99,25.71
148279,2026-07-15T00:37:03.254975,cinnamon,17901120,3,42.47,25.03,33807584,3,42.84,24.83,53433348,3,43.5,24.64,22795130,3,43.55,24.17,36489976,3,43.52,25.13,48807300,3,43.36,24.89,20352796,3,42.88,25.82,18941040,3,42.99,25.74
148629,2026-07-15T00:37:03.603380,cinnamon,17901120,3,42.47,25.05,33807584,3,42.84,24.86,53433348,3,43.5,24.67,22795130,3,43.54,24.18,36489976,3,43.52,25.15,48807300,3,43.35,24.89,20352796,3,42.87,25.82,18941040,3,42.99,25.77
148979,2026-07-15T00:37:03.950059,cinnamon,17901120,3,42.47,25.05,33807584,3,42.83,24.86,53433348,3,43.49,24.66,22795130,3,43.54,24.2,36489976,3,43.52,25.16,48807300,3,43.35,24.9,20352796,3,42.87,25.86,18941040,3,42.98,25.78
149329,2026-07-15T00:37:04.309949,cinnamon,17901120,3,42.46,25.08,33807584,3,42.82,24.86,53433348,3,43.48,24.68,22795130,3,43.53,24.21,36489976,3,43.52,25.18,48807300,3,43.35,24.94,20352796,3,42.86,25.86,18941040,3,42.97,25.8
149679,2026-07-15T00:37:04.661259,cinnamon,17901120,3,42.46,25.09,33807584,3,42.82,24.9,53433348,3,43.47,24.69,22795130,3,43.53,24.23,36489976,3,43.51,25.2,48807300,3,43.35,24.95,20352796,3,42.86,25.88,18941040,3,42.97,25.81
150029,2026-07-15T00:37:05.011268,cinnamon,17901120,3,42.46,25.1,33807584,3,42.82,24.91,53433348,3,43.48,24.72,22795130,3,43.52,24.23,36489976,3,43.51,25.2,48807300,3,43.34,24.97,1114254,3,42.86,25.89,18941040,3,42.97,25.81
150379,2026-07-15T00:37:05.361138,cinnamon,17901120,3,42.45,25.11,33807584,3,42.82,24.93,53433348,3,43.47,24.73,22795130,3,43.52,24.26,3506849,3,43.5,25.22,48807300,3,43.34,24.97,1114254,4,43.26,25.95,18941040,3,42.96,25.83
150729,2026-07-15T00:37:05.704776,cinnamon,974310,3,42.45,25.13,33807584,3,42.8,24.96,53433348,3,43.47,24.75,1162645,3,43.52,24.27,3506849,4,43.96,25.28,48807300,3,43.33,25.0,1114254,4,43.58,25.99,1106130,3,42.96,25.84
151079,2026-07-15T00:37:06.060253,cinnamon,974310,4,42.88,25.18,33807584,3,42.81,24.96,53433348,3,43.47,24.77,1162645,4,43.96,24.33,3506849,4,44.29,25.3,48807300,3,43.34,25.01,1114254,4,43.74,25.96,1106130,4,43.38,25.92
151429,2026-07-15T00:37:06.410670,cinnamon,974310,4,43.19,25.2,33807584,3,42.8,24.98,53433348,3,43.46,24.77,1162645,4,44.28,24.36,3506849,4,44.46,25.28,48807300,3,43.33,25.03,1114254,4,43.83,25.95,1106130,4,43.68,25.94
151779,2026-07-15T00:37:06.759724,cinnamon,974310,4,43.35,25.19,2282530,3,42.81,25.0,53433348,3,43.46,24.79,1162645,4,44.44,24.35,3506849,4,44.58,25.24,4059464,3,43.34,25.04,249817,4,43.89,25.9,1106130,4,43.85,25.93
152129,2026-07-15T00:37:07.108526,cinnamon,974310,4,43.42,25.13,2282530,4,43.24,25.08,53433348,3,43.46,24.81,1162645,4,44.55,24.31,604486,4,44.64,25.21,4059464,4,43.77,25.1,249817,5,43.94,25.83,1106130,4,43.94,25.87
152479,2026-07-15T00:37:07.459834,cinnamon,257739,4,43.47,25.11,2282530,4,43.54,25.1,5531397,3,43.45,24.83,279019,4,44.61,24.26,604486,5,44.69,25.14,4059464,4,44.11,25.12,249817,5,43.98,25.77,273212,4,44.0,25.84
152829,2026-07-15T00:37:07.811922,cinnamon,257739,5,43.51,25.05,2282530,4,43.7,25.08,5531397,4,43.88,24.88,279019,5,44.65,24.22,604486,5,44.73,25.08,4059464,4,44.27,25.1,249817,5,43.99,25.73,273212,5,44.05,25.78
153179,2026-07-15T00:37:08.157983,cinnamon,257739,5,43.53,25.02,2282530,4,43.8,25.06,5531397,4,44.2,24.88,279019,5,44.69,24.16,604486,5,44.77,24.94,4059464,4,44.36,25.07,249817,5,44.03,25.67,273212,5,44.08,25.74
153529,2026-07-15T00:37:08.505243,cinnamon,257739,5,43.56,24.94,447846,4,43.86,25.0,5531397,4,44.36,24.89,279019,5,44.72,24.12,627258,5,44.81,24.94,765607,4,44.44,25.03,265353,5,44.05,25.63,273212,5,44.11,25.69
153879,2026-07-15T00:37:08.857291,cinnamon,257739,5,43.57,24.92,447846,5,43.91,24.97,5531397,4,44.46,24.84,279019,5,44.75,24.07,627258,6,44.83,24.9,765607,5,44.48,24.97,265353,6,44.07,25.6,273212,5,44.13,25.63
154229,2026-07-15T00:37:09.212759,cinnamon,281318,5,43.58,24.86,447846,5,43.93,24.86,790428,4,44.52,24.78,305762,5,44.76,24.01,627258,6,44.85,24.83,765607,5,44.52,24.91,265353,6,44.07,25.54,292906,5,44.16,25.58
154579,2026-07-15T00:37:09.555806,cinnamon,281318,6,43.6,24.83,447846,5,43.97,24.84,790428,5,44.57,24.72,305762,6,44.78,23.99,627258,6,44.87,24.8,765607,5,44.56,24.85,265353,6,44.09,25.5,292906,6,44.17,25.54
154929,2026-07-15T00:37:09.899317,cinnamon,281318,6,43.61,24.78,447846,5,44.0,24.82,790428,5,44.62,24.67,305762,6,44.8,23.95,627258,6,44.88,24.75,765607,5,44.59,24.82,265353,6,44.1,25.47,292906,6,44.19,25.49
155279,2026-07-15T00:37:10.258016,cinnamon,281318,6,43.62,24.76,474623,5,44.01,24.77,790428,5,44.65,24.62,305762,6,44.81,23.91,619292,6,44.9,24.72,795031,5,44.61,24.77,262496,6,44.12,25.43,292906,6,44.2,25.46
155629,2026-07-15T00:37:10.609800,cinnamon,281318,6,43.63,24.74,474623,6,44.04,24.74,790428,5,44.67,24.56,305762,6,44.84,23.87,619292,7,45.15,24.71,795031,6,44.63,24.72,262496,7,44.35,25.42,292906,6,44.22,25.41
155979,2026-07-15T00:37:10.961458,cinnamon,286995,6,43.64,24.7,474623,6,44.07,24.66,817401,5,44.69,24.52,309365,6,44.85,23.84,619292,7,45.37,24.69,795031,6,44.65,24.67,262496,7,44.57,25.41,291405,6,44.23,25.39
156329,2026-07-15T00:37:11.306248,cinnamon,286995,7,43.89,24.71,474623,6,44.08,24.63,817401,6,44.71,24.48,309365,7,45.1,23.84,619292,7,45.49,24.64,795031,6,44.67,24.62,262496,7,44.7,25.37,291405,7,44.47,25.38
156679,2026-07-15T00:37:11.662333,cinnamon,286995,7,44.08,24.69,474623,6,44.09,24.59,817401,6,44.73,24.43,309365,7,45.3,23.82,619292,7,45.58,24.6,795031,6,44.68,24.6,262496,7,44.78,25.33,291405,7,44.68,25.37
157029,2026-07-15T00:37:12.032583,cinnamon,286995,7,44.19,24.67,474623,7,44.35,24.62,817401,6,44.75,24.4,309365,7,45.42,23.8,528243,7,45.64,24.54,796422,6,44.7,24.58,322215,7,44.84,25.28,291405,7,44.8,25.32
157379,2026-07-15T00:37:12.359078,cinnamon,286995,7,44.25,24.61,474623,7,44.57,24.6,817401,6,44.76,24.37,309365,7,45.51,23.75,528243,8,45.7,24.5,796422,7,44.97,24.54,322215,8,44.89,25.21,291405,7,44.88,25.27
157729,2026-07-15T00:37:12.709244,cinnamon,366106,7,44.31,24.56,474623,7,44.69,24.57,799687,6,44.78,24.34,420533,7,45.57,23.69,528243,8,45.73,24.43,796422,7,45.19,24.53,322215,8,44.93,25.14,350325,7,44.94,25.22
158079,2026-07-15T00:37:13.105482,cinnamon,366106,8,44.34,24.51,474623,7,44.78,24.53,799687,7,45.03,24.34,420533,8,45.62,23.63,528243,8,45.77,24.36,796422,7,45.33,24.49,322215,8,44.96,25.09,350325,8,44.98,25.16
158429,2026-07-15T00:37:13.405957,cinnamon,366106,8,44.37,24.48,480977,7,44.84,24.46,799687,7,45.25,24.31,420533,8,45.67,23.58,528243,8,45.8,24.3,796422,7,45.42,24.44,322215,8,44.99,25.05,350325,8,45.03,25.11
158779,2026-07-15T00:37:13.761502,cinnamon,366106,8,44.4,24.43,480977,8,44.88,24.41,799687,7,45.38,24.26,420533,8,45.7,23.4,656199,8,45.82,24.25,695652,7,45.48,24.4,406752,8,45.01,25.0,350325,8,45.06,25.04
159129,2026-07-15T00:37:14.105129,cinnamon,366106,8,44.42,24.39,480977,8,44.92,24.37,799687,7,45.47,24.23,420533,8,45.73,23.5,656199,9,45.86,24.2,695652,8,45.54,24.32,406752,9,45.03,24.94,350325,8,45.09,24.99
159479,2026-07-15T00:37:14.460288,cinnamon,466196,8,44.44,24.35,480977,8,44.96,24.31,576414,7,45.53,24.16,531948,9,45.79,23.41,656199,9,45.88,24.15,695652,8,45.58,24.27,406752,9,45.05,24.88,437233,8,45.11,24.95
159829,2026-07-15T00:37:14.812598,cinnamon,466196,9,44.46,24.36,480977,8,44.99,24.25,576414,8,45.59,24.11,531948,9,45.81,23.36,656199,9,45.91,24.13,695652,8,45.61,24.19,406752,9,45.08,24.83,437233,9,45.14,24.89
160179,2026-07-15T00:37:15.159475,cinnamon,466196,9,44.48,24.27,588336,8,45.02,24.22,576414,8,45.62,24.06,531948,9,45.83,23.33,656199,9,45.93,24.08,695652,8,45.64,24.15,406752,9,45.1,24.8,437233,9,45.17,24.87
160529,2026-07-15T00:37:15.503458,cinnamon,466196,9,44.53,24.19,588336,9,45.05,24.17,576414,8,45.66,23.99,531948,9,45.86,23.27,735368,9,45.94,24.05,874466,8,45.68,24.11,446966,9,45.12,24.76,437233,9,45.19,24.81
160879,2026-07-15T00:37:15.860451,cinnamon,518612,9,44.55,24.17,588336,9,45.07,24.13,576414,8,45.7,23.95,592421,9,45.88,23.25,735368,0,45.96,24.02,874466,9,45.7,24.03,446966,0,45.14,24.71,437233,9,45.21,24.77
161229,2026-07-15T00:37:16.206040,cinnamon,518612,0,44.56,24.12,588336,9,45.09,24.07,719101,8,45.73,23.9,592421,0,45.9,23.21,735368,0,45.98,23.99,874466,9,45.72,23.99,446966,0,45.15,24.69,485768,9,45.22,24.73
161579,2026-07-15T00:37:16.563064,cinnamon,518612,0,44.58,24.12,588336,9,45.11,24.05,719101,9,45.75,23.85,592421,0,45.92,23.18,735368,0,46.0,23.94,874466,9,45.74,23.94,446966,0,45.17,24.66,485768,0,45.24,24.68
161929,2026-07-15T00:37:16.903019,cinnamon,518612,0,44.6,24.09,646873,9,45.14,24.01,719101,9,45.78,23.81,592421,0,45.94,23.14,735368,0,46.02,23.92,874466,9,45.76,23.91,446966,0,45.18,24.63,485768,0,45.26,24.66
162279,2026-07-15T00:37:17.259398,cinnamon,518612,0,44.62,24.08,646873,0,45.14,23.99,719101,9,45.8,23.75,592421,0,45.96,23.12,777820,0,46.04,23.88,960600,9,45.78,23.87,469079,0,45.2,24.58,485768,0,45.28,24.62
162629,2026-07-15T00:37:17.611071,cinnamon,549503,0,44.63,24.03,646873,0,45.18,23.95,719101,9,45.82,23.72,631319,0,45.99,23.1,777820,1,45.33,23.79,960600,0,45.8,23.83,469079,1,44.55,24.5,485768,0,45.3,24.59
162979,2026-07-15T00:37:17.955218,cinnamon,549503,1,43.96,23.95,646873,0,45.19,23.91,794106,9,45.85,23.69,631319,1,45.31,23.01,102400000,1,44.79,23.73,960600,0,45.82,23.8,102400000,1,44.05,24.44,514314,0,45.31,24.55
163329,2026-07-15T00:37:18.305932,cinnamon,102400000,1,43.47,23.9,646873,0,45.21,23.9,794106,0,45.86,23.66,102400000,1,44.79,22.95,102400000,2,44.52,23.75,960600,0,45.84,23.78,102400000,2,43.78,24.44,514314,1,44.66,24.46
163679,2026-07-15T00:37:18.661034,cinnamon,102400000,2,43.24,23.92,681077,0,45.23,23.88,794106,0,45.87,23.62,102400000,2,44.54,22.96,102400000,2,44.35,23.8,960600,0,45.86,23.73,102400000,2,43.64,24.49,102400000,1,44.15,24.42
164029,2026-07-15T00:37:19.010683,cinnamon,102400000,2,43.11,23.98,681077,1,44.55,23.75,794106,0,45.9,23.59,102400000,2,44.38,23.01,102400000,2,44.26,23.87,1037224,0,45.87,23.7,102400000,2,43.55,24.55,102400000,2,43.91,24.43
164379,2026-07-15T00:37:19.357468,cinnamon,102400000,2,43.05,24.05,102400000,1,44.02,23.72,794106,0,45.92,23.57,102400000,2,44.28,23.09,102400000,2,44.18,23.94,1037224,1,45.17,23.54,102400000,2,43.47,24.63,102400000,2,43.76,24.47
164729,2026-07-15T00:37:19.709289,cinnamon,102400000,2,43.0,24.13,102400000,2,43.77,23.74,844710,0,45.93,23.54,102400000,2,44.22,23.13,102400000,2,44.12,24.02,102400000,1,44.62,23.5,102400000,2,43.42,24.71,102400000,2,43.66,24.53
165079,2026-07-15T00:37:20.053366,cinnamon,102400000,2,42.96,24.21,102400000,2,43.61,23.79,844710,1,45.24,23.45,102400000,2,44.17,23.21,102400000,2,44.08,24.1,102400000,2,44.34,23.58,102400000,2,43.37,24.71,102400000,2,43.59,24.6
165429,2026-07-15T00:37:20.406892,cinnamon,102400000,2,42.94,24.28,102400000,2,43.51,23.87,102400000,1,44.71,23.42,102400000,2,44.13,23.27,102400000,2,44.04,24.18,102400000,2,44.05,23.68,102400000,2,43.32,24.92,102400000,2,43.53,24.67
165779,2026-07-15T00:37:20.752847,cinnamon,102400000,2,42.91,24.36,102400000,2,43.44,23.93,102400000,2,44.44,23.44,102400000,2,44.1,23.35,102400000,2,44.01,24.24,102400000,2,43.98,23.78,102400000,2,43.29,25.01,102400000,2,43.49,24.75
166129,2026-07-15T00:37:21.104071,cinnamon,102400000,2,42.91,24.43,102400000,2,43.41,24.01,102400000,2,44.28,23.49,102400000,2,44.07,23.42,102400000,2,43.98,24.34,102400000,2,43.92,23.85,18859280,2,43.27,25.07,102400000,2,43.47,24.83
166479,2026-07-15T00:37:21.456766,cinnamon,102400000,2,42.89,24.49,102400000,2,43.36,24.1,102400000,2,44.18,23.57,102400000,2,44.05,23.5,35890472,2,43.96,24.4,102400000,2,43.88,23.93,18859280,3,43.26,25.15,102400000,2,43.42,24.89
166829,2026-07-15T00:37:21.810092,cinnamon,22170500,2,42.88,24.54,102400000,2,43.33,24.16,102400000,2,44.1,23.62,27097788,2,44.03,23.55,35890472,3,43.95,24.48,102400000,2,43.85,24.01,18859280,3,43.24,25.2,102400000,2,43.41,24.95
167179,2026-07-15T00:37:22.153385,cinnamon,22170500,3,42.86,24.6,102400000,2,43.31,24.24,102400000,2,44.05,23.71,27097788,3,44.01,23.61,35890472,3,43.93,24.52,102400000,2,43.81,24.1,18859280,3,43.23,25.27,17360530,2,43.4,24.87
167529,2026-07-15T00:37:22.511251,cinnamon,22170500,3,42.86,24.65,102400000,2,43.28,24.32,102400000,2,44.02,23.79,27097788,3,43.98,23.67,35890472,3,43.91,24.57,102400000,2,43.79,24.15,18859280,3,43.21,25.32,17360530,3,43.35,25.17
167879,2026-07-15T00:37:22.858670,cinnamon,22170500,3,42.85,24.69,38448812,2,43.26,24.38,102400000,2,43.98,23.87,27097788,3,43.97,23.71,35890472,3,43.88,24.65,46861636,2,43.76,24.21,18859280,3,43.2,25.35,17360530,3,43.33,25.21
168229,2026-07-15T00:37:23.210063,cinnamon,22170500,3,42.84,24.74,38448812,3,43.24,24.43,102400000,2,43.95,23.95,27097788,3,43.95,23.78,35890472,3,43.87,24.7,46861636,3,43.74,24.3,18859280,3,43.19,25.41,17360530,3,43.33,25.27
168579,2026-07-15T00:37:23.553945,cinnamon,22170500,3,42.82,24.8,38448812,3,43.22,24.5,102400000,2,43.93,24.01,27097788,3,43.94,23.82,35890472,3,43.86,24.74,46861636,3,43.72,24.33,18859280,3,43.19,25.45,17360530,3,43.32,25.31
168929,2026-07-15T00:37:23.910505,cinnamon,22170500,3,42.82,24.82,38448812,3,43.21,24.57,54431892,2,43.9,24.09,27097788,3,43.93,23.87,35890472,3,43.85,24.8,46861636,3,43.71,24.41,18859280,3,43.17,25.51,17360530,3,43.3,25.36
169279,2026-07-15T00:37:24.256803,cinnamon,22170500,3,42.81,24.87,38448812,3,43.2,24.63,54431892,3,43.89,24.14,27097788,3,43.91,23.93,35890472,3,43.84,24.84,46861636,3,43.69,24.46,18859280,3,43.16,25.55,17360530,3,43.29,25.4
169629,2026-07-15T00:37:24.607105,cinnamon,22170500,3,42.8,24.92,38448812,3,43.19,24.66,54431892,3,43.87,24.22,27097788,3,43.9,23.95,35890472,3,43.83,24.89,46861636,3,43.68,24.51,18859280,3,43.16,25.58,17360530,3,43.28,25.45
169979,2026-07-15T00:37:25.013484,cinnamon,22170500,3,42.8,24.95,38448812,3,43.18,24.72,54431892,3,43.85,24.26,27097788,3,43.89,23.99,35890472,3,43.82,24.91,46861636,3,43.67,24.58,18859280,3,43.15,25.6,17360530,3,43.27,25.47
170329,2026-07-15T00:37:25.311431,cinnamon,22170500,3,42.79,24.97,38448812,3,43.17,24.77,54431892,3,43.84,24.33,27097788,3,43.87,24.02,35890472,3,43.81,24.94,46861636,3,43.66,24.61,18859280,3,43.14,25.64,17360530,3,43.27,25.52
170679,2026-07-15T00:37:25.662242,cinnamon,22170500,3,42.78,24.99,38448812,3,43.16,24.8,54431892,3,43.82,24.36,27097788,3,43.86,24.07,35890472,3,43.8,24.97,46861636,3,43.65,24.64,18859280,3,43.14,25.69,17360530,3,43.26,25.56
171029,2026-07-15T00:37:26.010517,cinnamon,22170500,3,42.77,25.03,38448812,3,43.15,24.84,54431892,3,43.81,24.42,27097788,3,43.85,24.09,35890472,3,43.8,25.02,46861636,3,43.64,24.7,18859280,3,43.12,25.69,17360530,3,43.25,25.59
171379,2026-07-15T00:37:26.357467,cinnamon,22170500,3,42.77,25.04,38448812,3,43.14,24.87,54431892,3,43.8,24.45,27097788,3,43.84,24.11,35890472,3,43.79,25.04,46861636,3,43.63,24.74,18859280,3,43.12,25.73,17360530,3,43.24,25.61
171729,2026-07-15T00:37:26.711152,cinnamon,22170500,3,42.76,25.1,38448812,3,43.14,24.9,54431892,3,43.79,24.49,27097788,3,43.83,24.14,35890472,3,43.77,25.07,46861636,3,43.62,24.75,18859280,3,43.12,25.76,17360530,3,43.23,25.64
172079,2026-07-15T00:37:27.060465,cinnamon,22170500,3,42.77,25.09,38448812,3,43.13,24.96,54431892,3,43.78,24.54,27097788,3,43.83,24.18,35890472,3,43.77,25.1,46861636,3,43.61,24.79,18859280,3,43.1,25.79,17360530,3,43.22,25.67
172429,2026-07-15T00:37:27.406611,cinnamon,22170500,3,42.75,25.13,38448812,3,43.12,24.96,54431892,3,43.78,24.56,27097788,3,43.82,24.2,35890472,3,43.77,25.14,46861636,3,43.6,24.82,18859280,3,43.1,25.79,17360530,3,43.22,25.69
172779,2026-07-15T00:37:27.758883,cinnamon,22170500,3,42.75,25.14,38448812,3,43.12,25.01,54431892,3,43.77,24.6,27097788,3,43.82,24.22,35890472,3,43.77,25.14,46861636,3,43.6,24.86,18859280,3,43.1,25.83,17360530,3,43.21,25.72
173129,2026-07-15T00:37:28.110528,cinnamon,22170500,3,42.74,25.16,38448812,3,43.11,25.02,54431892,3,43.76,24.62,27097788,3,43.81,24.26,35890472,3,43.75,25.15,46861636,3,43.59,24.89,18859280,3,43.08,25.85,17360530,3,43.2,25.73
173479,2026-07-15T00:37:28.447537,cinnamon,22170500,3,42.73,25.19,38448812,3,43.1,25.05,54431892,3,43.75,24.66,27097788,3,43.81,24.28,35890472,3,43.75,25.2,46861636,3,43.59,24.89,18859280,3,43.08,25.87,17360530,3,43.2,25.77
173829,2026-07-15T00:37:28.809337,cinnamon,22170500,3,42.73,25.18,38448812,3,43.1,25.09,54431892,3,43.75,24.68,27097788,3,43.79,24.29,35890472,3,43.74,25.2,46861636,3,43.58,24.93,18859280,3,43.07,25.89,17360530,3,43.19,25.79
174179,2026-07-15T00:37:29.160411,cinnamon,22170500,3,42.72,25.21,38448812,3,43.09,25.1,54431892,3,43.74,24.71,27097788,3,43.79,24.31,35890472,3,43.73,25.23,46861636,3,43.57,24.96,18859280,3,43.07,25.89,17360530,3,43.18,25.8
174529,2026-07-15T00:37:29.502525,cinnamon,22170500,3,42.72,25.22,38448812,3,43.09,25.13,54431892,3,43.73,24.72,27097788,3,43.79,24.34,35890472,3,43.73,25.25,46861636,3,43.57,24.99,18859280,3,43.06,25.93,17360530,3,43.18,25.83
174879,2026-07-15T00:37:29.860384,cinnamon,22170500,3,42.72,25.24,38448812,3,43.09,25.15,54431892,3,43.72,24.77,27097788,3,43.78,24.34,35890472,3,43.72,25.24,46861636,3,43.57,25.01,18859280,3,43.05,25.94,17360530,3,43.17,25.85
175229,2026-07-15T00:37:30.210532,cinnamon,22170500,3,42.71,25.25,38448812,3,43.08,25.16,54431892,3,43.72,24.78,27097788,3,43.77,24.37,35890472,3,43.72,25.27,46861636,3,43.56,25.03,18859280,3,43.05,25.95,17360530,3,43.17,25.86
175579,2026-07-15T00:37:30.555203,cinnamon,22170500,3,42.7,25.26,38448812,3,43.08,25.17,54431892,3,43.71,24.79,27097788,3,43.77,24.38,35890472,3,43.71,25.3,46861636,3,43.56,25.03,18859280,3,43.05,25.96,17360530,3,43.17,25.88
175929,2026-07-15T00:37:30.913269,cinnamon,22170500,3,42.71,25.29,38448812,3,43.07,25.18,54431892,3,43.71,24.82,27097788,3,43.77,24.41,35890472,3,43.7,25.32,46861636,3,43.55,25.04,18859280,3,43.05,25.98,17360530,3,43.17,25.9
176279,2026-07-15T00:37:31.246610,cinnamon,22170500,3,42.7,25.3,38448812,3,43.07,25.22,54431892,3,43.7,24.83,27097788,3,43.77,24.4,35890472,3,43.71,25.35,46861636,3,43.55,25.07,18859280,3,43.04,26.0,17360530,3,43.16,25.94
176629,2026-07-15T00:37:31.609278,cinnamon,22170500,3,42.69,25.32,38448812,3,43.06,25.22,54431892,3,43.7,24.85,27097788,3,43.76,24.43,3351882,3,43.7,25.35,46861636,3,43.55,25.08,1005153,3,43.03,26.0,17360530,3,43.16,25.93
176979,2026-07-15T00:37:31.958551,cinnamon,22170500,3,42.7,25.33,38448812,3,43.06,25.24,54431892,3,43.69,24.86,27097788,3,43.76,24.42,3351882,4,44.16,25.41,46861636,3,43.54,25.1,1005153,4,43.46,26.09,17360530,3,43.15,25.95
177329,2026-07-15T00:37:32.295256,cinnamon,1238584,3,42.69,25.32,38448812,3,43.05,25.24,54431892,3,43.7,24.84,1260307,3,43.75,24.44,3351882,4,44.49,25.44,46861636,3,43.54,25.11,1005153,4,43.76,26.11,1002938,3,43.15,25.95
177679,2026-07-15T00:37:32.652254,cinnamon,1238584,4,43.12,25.39,38448812,3,43.05,25.27,54431892,3,43.69,24.89,1260307,4,44.18,24.51,3351882,4,44.67,25.42,46861636,3,43.54,25.13,1005153,4,43.92,26.08,1002938,4,43.57,26.03
178029,2026-07-15T00:37:33.005753,cinnamon,1238584,4,43.43,25.4,38448812,3,43.04,25.27,54431892,3,43.69,24.89,1260307,4,44.5,24.53,3351882,4,44.77,25.38,46861636,3,43.53,25.13,1005153,4,44.02,26.04,1002938,4,43.88,26.02
178379,2026-07-15T00:37:33.360551,cinnamon,1238584,4,43.58,25.38,2486191,3,43.04,25.28,54431892,3,43.69,24.9,1260307,4,44.66,24.51,589352,4,44.84,25.32,3900023,3,43.53,25.15,237973,4,44.08,26.01,1002938,4,44.03,26.02
178729,2026-07-15T00:37:33.716192,cinnamon,1238584,4,43.67,25.33,2486191,4,43.48,25.34,54431892,3,43.68,24.92,1260307,4,44.77,24.47,589352,5,44.89,25.27,3900023,4,43.97,25.2,237973,5,44.12,25.96,1002938,4,44.13,25.99
179079,2026-07-15T00:37:34.062741,cinnamon,289674,4,43.73,25.28,2486191,4,43.79,25.34,54431892,3,43.68,24.93,291157,4,44.83,24.42,589352,5,44.93,25.21,3900023,4,44.3,25.25,237973,5,44.16,25.9,260692,4,44.19,25.94
179429,2026-07-15T00:37:34.396028,cinnamon,289674,5,43.76,25.23,2486191,4,43.95,25.35,5470451,3,43.68,24.94,291157,5,44.89,24.37,589352,5,44.97,25.15,3900023,4,44.46,25.2,237973,5,44.19,25.85,260692,5,44.23,25.88
179779,2026-07-15T00:37:34.758368,cinnamon,289674,5,43.78,25.18,2486191,4,44.05,25.29,5470451,4,44.12,25.0,291157,5,44.92,24.32,589352,5,44.99,25.09,3900023,4,44.58,25.18,237973,5,44.22,25.8,260692,5,44.27,25.81
180129,2026-07-15T00:37:35.110612,cinnamon,289674,5,43.8,25.12,463978,4,44.1,25.24,5470451,4,44.43,25.01,291157,5,44.95,24.27,613724,5,45.0,25.05,742567,4,44.64,25.1,250000,5,44.23,25.72,260692,5,44.3,25.77
180479,2026-07-15T00:37:35.458869,cinnamon,289674,5,43.82,25.07,463978,5,44.15,25.19,5470451,4,44.6,24.99,291157,5,44.97,24.21,613724,6,45.02,24.99,742567,5,44.69,25.07,250000,6,44.24,25.7,260692,5,44.32,25.72
180829,2026-07-15T00:37:35.801035,cinnamon,314206,5,43.84,25.02,463978,5,44.2,25.14,5470451,4,44.7,24.93,315076,5,45.0,24.17,613724,6,45.05,24.96,742567,5,44.73,25.0,250000,6,44.26,25.65,278109,5,44.35,25.68
181179,2026-07-15T00:37:36.149966,cinnamon,314206,6,43.86,24.96,463978,5,44.22,25.09,779151,4,44.77,24.88,315076,6,45.01,24.12,613724,6,45.07,24.9,742567,5,44.77,24.94,250000,6,44.27,25.6,278109,6,44.37,25.64
181529,2026-07-15T00:37:36.509760,cinnamon,314206,6,43.87,24.93,463978,5,44.24,25.02,779151,5,44.82,24.84,315076,6,45.04,24.09,613724,6,45.08,24.88,742567,5,44.79,24.91,250000,6,44.28,25.55,278109,6,44.38,25.6
181879,2026-07-15T00:37:36.860273,cinnamon,314206,6,43.88,24.89,490656,5,44.27,24.97,779151,5,44.86,24.78,315076,6,45.05,24.03,603951,6,45.1,24.83,787692,5,44.82,24.86,249269,6,44.3,25.53,278109,6,44.4,25.55
182229,2026-07-15T00:37:37.208634,cinnamon,314206,6,43.89,24.85,490656,6,44.28,24.92,779151,5,44.88,24.71,315076,6,45.06,24.0,603951,7,45.35,24.81,787692,6,44.84,24.8,249269,7,44.53,25.55,278109,6,44.41,25.51
182579,2026-07-15T00:37:37.545090,cinnamon,316831,6,43.9,24.83,490656,6,44.3,24.88,779151,5,44.91,24.66,315076,6,45.08,23.96,603951,7,45.57,24.79,787692,6,44.86,24.75,249269,7,44.75,25.51,277657,6,44.42,25.48
182929,2026-07-15T00:37:37.911199,cinnamon,316831,7,44.13,24.83,490656,6,44.32,24.84,810126,5,44.93,24.58,315076,7,45.32,23.95,603951,7,45.7,24.75,787692,6,44.88,24.7,249269,7,44.88,25.46,277657,7,44.66,25.47
183279,2026-07-15T00:37:38.258156,cinnamon,316831,7,44.33,24.79,490656,6,44.34,24.81,810126,6,44.96,24.58,315076,7,45.53,23.94,603951,7,45.78,24.71,787692,6,44.89,24.67,249269,7,44.96,25.42,277657,7,44.87,25.44
183629,2026-07-15T00:37:38.608668,cinnamon,316831,7,44.44,24.76,485423,6,44.35,24.76,810126,6,44.97,24.53,315076,7,45.66,23.9,522982,7,45.85,24.65,774291,6,44.91,24.64,316831,7,45.02,25.35,277657,7,44.99,25.4
183979,2026-07-15T00:37:38.955343,cinnamon,316831,7,44.51,24.73,485423,7,44.6,24.77,810126,6,44.98,24.47,315076,7,45.74,23.86,522982,8,45.91,24.57,774291,7,45.17,24.64,316831,8,45.07,25.29,277657,7,45.07,25.35
184329,2026-07-15T00:37:39.310515,cinnamon,380669,7,44.55,24.66,485423,7,44.81,24.74,810126,6,45.01,24.45,424720,7,45.81,23.79,522982,8,45.94,24.53,774291,7,45.4,24.61,316831,8,45.1,25.25,342246,7,45.14,25.3
184679,2026-07-15T00:37:39.650644,cinnamon,380669,8,44.6,24.62,485423,7,44.95,24.72,798751,6,45.02,24.41,424720,8,45.86,23.74,522982,8,45.98,24.46,774291,7,45.54,24.57,316831,8,45.14,25.17,342246,8,45.18,25.24
185029,2026-07-15T00:37:40.011115,cinnamon,380669,8,44.62,24.56,485423,7,45.04,24.65,798751,7,45.29,24.41,424720,8,45.9,23.7,522982,8,46.01,24.41,774291,7,45.63,24.53,316831,8,45.17,25.13,342246,8,45.22,25.18
185379,2026-07-15T00:37:40.361494,cinnamon,380669,8,44.65,24.51,484733,7,45.09,24.6,798751,7,45.5,24.39,424720,8,45.93,23.65,651814,8,46.03,24.35,690026,7,45.69,24.46,398676,8,45.19,25.07,342246,8,45.25,25.13
185729,2026-07-15T00:37:40.707202,cinnamon,380669,8,44.68,24.46,484733,8,45.14,24.53,798751,7,45.63,24.34,424720,8,45.96,23.59,651814,9,46.06,24.3,690026,8,45.75,24.41,398676,9,45.21,25.08,342246,8,45.27,25.08
186079,2026-07-15T00:37:41.054896,cinnamon,472979,8,44.71,24.42,484733,8,45.18,24.49,798751,7,45.72,24.28,532778,8,45.99,23.53,651814,9,46.08,24.26,690026,8,45.79,24.36,398676,9,45.26,24.94,433898,8,45.3,25.03
186429,2026-07-15T00:37:41.408393,cinnamon,472979,9,44.72,24.37,484733,8,45.22,24.42,576901,7,45.79,24.24,532778,9,46.02,23.5,651814,9,46.1,24.24,690026,8,45.83,24.3,398676,9,45.28,24.9,433898,9,45.32,24.99
186779,2026-07-15T00:37:41.750442,cinnamon,472979,9,44.74,24.36,484733,8,45.25,24.39,576901,8,45.83,24.18,532778,9,46.04,23.56,651814,9,46.12,24.19,690026,8,45.86,24.24,437513,9,45.3,24.87,433898,9,45.35,24.96
187129,2026-07-15T00:37:42.103923,cinnamon,472979,9,44.76,24.31,587830,8,45.27,24.33,576901,8,45.87,24.11,532778,9,46.07,23.51,719101,9,46.15,24.15,861771,8,45.88,24.19,437513,0,45.32,24.83,433898,9,45.37,24.91
187479,2026-07-15T00:37:42.448869,cinnamon,472979,9,44.78,24.29,587830,9,45.3,24.29,576901,8,45.92,24.08,589352,9,46.1,23.36,719101,0,46.17,24.13,861771,9,45.91,24.15,437513,0,45.34,24.8,433898,9,45.4,24.87
187829,2026-07-15T00:37:42.802852,cinnamon,519006,9,44.79,24.21,587830,9,45.32,24.26,576901,8,45.95,24.03,589352,0,46.13,23.32,719101,0,46.18,24.09,861771,9,45.94,24.11,437513,0,45.36,24.77,476279,9,45.42,24.83
188179,2026-07-15T00:37:43.159427,cinnamon,519006,0,44.81,24.2,587830,9,45.34,24.21,711605,8,45.98,23.97,589352,0,46.15,23.3,719101,0,46.2,24.09,861771,9,45.97,24.07,437513,0,45.37,24.75,476279,0,45.43,24.79
188529,2026-07-15T00:37:43.508397,cinnamon,519006,0,44.83,24.21,587830,9,45.36,24.19,711605,9,46.0,23.94,589352,0,46.17,23.28,719101,0,46.21,24.03,861771,9,45.98,24.03,462406,0,45.38,24.73,476279,0,45.45,24.76
188879,2026-07-15T00:37:43.850752,cinnamon,519006,0,44.86,24.16,637212,9,45.38,24.15,711605,9,46.03,23.9,589352,0,46.2,23.25,766037,0,46.23,24.01,955223,9,46.0,24.0,462406,1,44.74,24.62,476279,0,45.47,24.75
189229,2026-07-15T00:37:44.209858,cinnamon,551278,0,44.88,24.14,637212,0,45.4,24.14,711605,9,46.05,23.87,624961,0,46.21,23.22,766037,1,45.53,23.93,955223,0,46.02,23.96,102400000,1,44.23,24.59,476279,0,45.48,24.71
189579,2026-07-15T00:37:44.558573,cinnamon,551278,1,44.21,24.05,637212,0,45.42,24.09,711605,9,46.07,23.82,624961,1,45.54,23.14,102400000,1,44.99,23.88,955223,0,46.04,23.92,102400000,2,43.98,24.59,502206,0,45.5,24.69
189929,2026-07-15T00:37:44.912105,cinnamon,102400000,1,43.71,24.03,637212,0,45.44,24.07,785426,9,46.09,23.79,102400000,1,45.02,23.09,102400000,2,44.72,23.89,955223,0,46.06,23.9,102400000,2,43.82,24.64,502206,1,44.84,24.59
190279,2026-07-15T00:37:45.257856,cinnamon,102400000,2,43.47,24.02,637212,0,45.46,24.05,785426,0,46.12,23.76,102400000,2,44.76,23.1,102400000,2,44.56,23.95,955223,0,46.07,23.86,102400000,2,43.73,24.71,102400000,1,44.34,24.55
190629,2026-07-15T00:37:45.609850,cinnamon,102400000,2,43.35,24.1,672357,0,45.47,24.03,785426,0,46.13,23.73,102400000,2,44.61,23.15,102400000,2,44.46,24.03,1010360,0,46.09,23.85,102400000,2,43.65,24.79,102400000,2,44.1,24.55
190979,2026-07-15T00:37:45.960197,cinnamon,102400000,2,43.29,24.17,672357,1,44.79,23.91,785426,0,46.15,23.71,102400000,2,44.53,23.22,102400000,2,44.38,24.09,1010360,1,45.38,23.73,102400000,2,43.6,24.85,102400000,2,43.95,24.61
191329,2026-07-15T00:37:46.308051,cinnamon,102400000,2,43.24,24.26,102400000,1,44.25,23.87,785426,0,46.16,23.69,102400000,2,44.45,23.3,102400000,2,44.32,24.18,102400000,1,44.83,23.71,102400000,2,43.57,24.95,102400000,2,43.85,24.65
191679,2026-07-15T00:37:46.662006,cinnamon,102400000,2,43.2,24.33,102400000,2,44.0,23.88,839000,0,46.17,23.64,102400000,2,44.4,23.35,102400000,2,44.28,24.27,102400000,2,44.54,23.71,102400000,2,43.53,25.01,102400000,2,43.78,24.72
192029,2026-07-15T00:37:47.003886,cinnamon,102400000,2,43.18,24.4,102400000,2,43.85,23.94,839000,1,45.47,23.57,102400000,2,44.35,23.42,102400000,2,44.24,24.33,102400000,2,44.37,23.77,102400000,2,43.5,25.08,102400000,2,43.72,24.81
192379,2026-07-15T00:37:47.360139,cinnamon,102400000,2,43.15,24.45,102400000,2,43.74,23.99,102400000,1,44.95,23.53,102400000,2,44.33,23.51,102400000,2,44.21,24.42,102400000,2,44.26,23.83,102400000,2,43.48,25.16,102400000,2,43.68,24.88
192729,2026-07-15T00:37:47.709564,cinnamon,102400000,2,43.14,24.52,102400000,2,43.69,24.08,102400000,2,44.69,23.55,102400000,2,44.3,23.59,102400000,2,44.18,24.49,102400000,2,44.18,23.91,15667224,2,43.46,25.23,102400000,2,43.64,24.96
193079,2026-07-15T00:37:48.051148,cinnamon,102400000,2,43.12,24.57,102400000,2,43.63,24.15,102400000,2,44.52,23.62,102400000,2,44.28,23.65,31111322,2,44.16,24.55,102400000,2,44.14,24.0,15667224,3,43.44,25.28,102400000,2,43.62,25.04
193429,2026-07-15T00:37:48.410143,cinnamon,19925814,2,43.11,24.66,102400000,2,43.59,24.22,102400000,2,44.41,23.68,21368112,2,44.25,23.71,31111322,3,44.14,24.62,102400000,2,44.09,24.06,15667224,3,43.43,25.34,102400000,2,43.59,25.1
193779,2026-07-15T00:37:48.761920,cinnamon,19925814,3,43.1,24.7,102400000,2,43.56,24.29,102400000,2,44.33,23.74,21368112,3,44.24,23.77,31111322,3,44.12,24.68,102400000,2,44.05,24.14,15667224,3,43.42,25.4,14707361,2,43.57,25.19
194129,2026-07-15T00:37:49.103680,cinnamon,19925814,3,43.09,24.74,102400000,2,43.53,24.37,102400000,2,44.29,23.85,21368112,3,44.22,23.83,31111322,3,44.11,24.74,102400000,2,44.01,24.2,15667224,3,43.41,25.43,14707361,3,43.56,25.24
194479,2026-07-15T00:37:49.461031,cinnamon,19925814,3,43.08,24.8,102400000,2,43.51,24.43,102400000,2,44.25,23.92,21368112,3,44.2,23.89,31111322,3,44.1,24.79,102400000,2,43.98,24.27,15667224,3,43.4,25.5,14707361,3,43.53,25.29
194829,2026-07-15T00:37:49.809700,cinnamon,19925814,3,43.07,24.86,30847728,2,43.48,24.51,102400000,2,44.21,24.0,21368112,3,44.18,23.94,31111322,3,44.08,24.83,39455748,2,43.97,24.35,15667224,3,43.38,25.53,14707361,3,43.52,25.34
195179,2026-07-15T00:37:50.154740,cinnamon,19925814,3,43.06,24.89,30847728,3,43.47,24.55,102400000,2,44.18,24.09,21368112,3,44.17,23.97,31111322,3,44.07,24.88,39455748,3,43.94,24.41,15667224,3,43.37,25.57,14707361,3,43.5,25.36
195529,2026-07-15T00:37:50.507135,cinnamon,19925814,3,43.04,24.92,30847728,3,43.45,24.62,102400000,2,44.15,24.13,21368112,3,44.15,24.03,31111322,3,44.05,24.93,39455748,3,43.92,24.46,15667224,3,43.36,25.62,14707361,3,43.48,25.5
195879,2026-07-15T00:37:50.860597,cinnamon,19925814,3,43.04,24.96,30847728,3,43.44,24.67,45781348,2,44.14,24.2,21368112,3,44.14,24.05,31111322,3,44.05,24.97,39455748,3,43.92,24.53,15667224,3,43.35,25.65,14707361,3,43.47,25.52
196229,2026-07-15T00:37:51.209240,cinnamon,19925814,3,43.03,24.99,30847728,3,43.42,24.72,45781348,3,44.12,24.27,21368112,3,44.13,24.08,31111322,3,44.03,25.01,39455748,3,43.89,24.56,15667224,3,43.33,25.68,14707361,3,43.46,25.56
196579,2026-07-15T00:37:51.563126,cinnamon,19925814,3,43.03,25.03,30847728,3,43.42,24.74,45781348,3,44.1,24.33,21368112,3,44.12,24.11,31111322,3,44.02,25.04,39455748,3,43.88,24.62,15667224,3,43.33,25.71,14707361,3,43.45,25.59
196929,2026-07-15T00:37:51.911288,cinnamon,19925814,3,43.01,25.07,30847728,3,43.41,24.79,45781348,3,44.08,24.37,21368112,3,44.11,24.15,31111322,3,44.01,25.08,39455748,3,43.87,24.68,15667224,3,43.32,25.74,14707361,3,43.44,25.63
197279,2026-07-15T00:37:52.255399,cinnamon,19925814,3,43.01,25.08,30847728,3,43.4,24.84,45781348,3,44.07,24.43,21368112,3,44.1,24.19,31111322,3,44.0,25.11,39455748,3,43.85,24.72,15667224,3,43.31,25.78,14707361,3,43.43,25.65
197629,2026-07-15T00:37:52.609337,cinnamon,19925814,3,43.0,25.1,30847728,3,43.38,24.87,45781348,3,44.06,24.47,21368112,3,44.09,24.2,31111322,3,43.99,25.14,39455748,3,43.84,24.75,15667224,3,43.31,25.81,14707361,3,43.42,25.67
197979,2026-07-15T00:37:52.955076,cinnamon,19925814,3,42.99,25.11,30847728,3,43.38,24.9,45781348,3,44.04,24.51,21368112,3,44.08,24.23,31111322,3,43.99,25.17,39455748,3,43.84,24.78,15667224,3,43.3,25.81,14707361,3,43.42,25.69
198329,2026-07-15T00:37:53.321533,cinnamon,19925814,3,42.99,25.14,30847728,3,43.37,24.93,45781348,3,44.03,24.56,21368112,3,44.07,24.26,31111322,3,43.98,25.2,39455748,3,43.83,24.83,15667224,3,43.3,25.83,14707361,3,43.41,25.73
198679,2026-07-15T00:37:53.661308,cinnamon,19925814,3,42.97,25.14,30847728,3,43.36,24.96,45781348,3,44.03,24.58,21368112,3,44.07,24.27,31111322,3,43.97,25.21,39455748,3,43.82,24.84,15667224,3,43.3,25.85,14707361,3,43.4,25.77
199029,2026-07-15T00:37:54.002913,cinnamon,19925814,3,42.97,25.16,30847728,3,43.35,24.96,45781348,3,44.01,24.62,21368112,3,44.06,24.3,31111322,3,43.97,25.23,39455748,3,43.82,24.87,15667224,3,43.28,25.88,14707361,3,43.39,25.78
199379,2026-07-15T00:37:54.356706,cinnamon,19925814,3,42.96,25.19,30847728,3,43.35,25.01,45781348,3,44.01,24.64,21368112,3,44.05,24.31,31111322,3,43.96,25.25,39455748,3,43.8,24.92,15667224,3,43.28,25.89,14707361,3,43.39,25.81
199729,2026-07-15T00:37:54.709349,cinnamon,19925814,3,42.96,25.18,30847728,3,43.34,25.03,45781348,3,44.0,24.68,21368112,3,44.04,24.32,31111322,3,43.95,25.26,39455748,3,43.8,24.93,15667224,3,43.28,25.92,14707361,3,43.38,25.81
200079,2026-07-15T00:37:55.067338,cinnamon,19925814,3,42.96,25.21,30847728,3,43.33,25.04,45781348,3,43.99,24.7,21368112,3,44.03,24.35,31111322,3,43.95,25.28,39455748,3,43.8,24.97,15667224,3,43.27,25.93,14707361,3,43.38,25.85
200429,2026-07-15T00:37:55.447990,cinnamon,19925814,3,42.95,25.22,30847728,3,43.33,25.06,45781348,3,43.98,24.71,21368112,3,44.03,24.35,31111322,3,43.95,25.31,39455748,3,43.79,24.98,15667224,3,43.26,25.95,14707361,3,43.37,25.86
200779,2026-07-15T00:37:55.751040,cinnamon,19925814,3,42.95,25.24,30847728,3,43.32,25.09,45781348,3,43.97,24.74,21368112,3,44.02,24.37,31111322,3,43.93,25.32,39455748,3,43.78,25.01,15667224,3,43.25,25.96,14707361,3,43.36,25.88
201129,2026-07-15T00:37:56.109700,cinnamon,19925814,3,42.94,25.25,30847728,3,43.31,25.09,45781348,3,43.97,24.75,21368112,3,44.01,24.37,31111322,3,43.93,25.33,39455748,3,43.78,25.03,15667224,3,43.26,25.97,14707361,3,43.35,25.89
201479,2026-07-15T00:37:56.460694,cinnamon,19925814,3,42.94,25.25,30847728,3,43.31,25.11,45781348,3,43.97,24.79,21368112,3,44.01,24.39,31111322,3,43.93,25.35,39455748,3,43.78,25.05,15667224,3,43.25,25.98,14707361,3,43.35,25.91
201829,2026-07-15T00:37:56.811194,cinnamon,19925814,3,42.93,25.26,30847728,3,43.3,25.13,45781348,3,43.95,24.8,21368112,3,44.0,24.4,31111322,3,43.93,25.34,39455748,3,43.77,25.07,15667224,3,43.24,26.01,14707361,3,43.34,25.93
202179,2026-07-15T00:37:57.159176,cinnamon,19925814,3,42.93,25.27,30847728,3,43.3,25.15,45781348,3,43.94,24.83,21368112,3,44.0,24.4,31111322,3,43.92,25.36,39455748,3,43.77,25.08,15667224,3,43.23,26.02,14707361,3,43.35,25.94
202529,2026-07-15T00:37:57.506837,cinnamon,19925814,3,42.93,25.28,30847728,3,43.3,25.15,45781348,3,43.94,24.84,21368112,3,43.99,24.42,31111322,3,43.92,25.36,39455748,3,43.76,25.08,15667224,3,43.24,26.03,14707361,3,43.34,25.96
202879,2026-07-15T00:37:57.859483,cinnamon,19925814,3,42.92,25.29,30847728,3,43.29,25.16,45781348,3,43.94,24.83,21368112,3,43.99,24.43,31111322,3,43.92,25.39,39455748,3,43.75,25.1,15667224,3,43.23,26.05,14707361,3,43.33,25.97
203229,2026-07-15T00:37:58.209069,cinnamon,19925814,3,42.91,25.29,30847728,3,43.29,25.17,45781348,3,43.94,24.85,21368112,3,43.98,24.44,2660604,3,43.91,25.38,39455748,3,43.76,25.1,783623,3,43.23,26.05,14707361,3,43.33,25.97
203579,2026-07-15T00:37:58.556679,cinnamon,19925814,3,42.91,25.29,30847728,3,43.28,25.17,45781348,3,43.93,24.88,21368112,3,43.98,24.45,2660604,4,44.35,25.45,39455748,3,43.75,25.13,783623,4,43.64,26.12,14707361,3,43.32,25.99
203929,2026-07-15T00:37:58.904433,cinnamon,1021701,3,42.91,25.31,30847728,3,43.28,25.17,45781348,3,43.92,24.87,968779,3,43.97,24.48,2660604,4,44.7,25.48,39455748,3,43.74,25.14,783623,4,43.95,26.14,803452,3,43.32,25.99
204279,2026-07-15T00:37:59.258840,cinnamon,1021701,4,43.35,25.38,30847728,3,43.28,25.21,45781348,3,43.92,24.91,968779,4,44.42,24.51,2660604,4,44.88,25.47,39455748,3,43.74,25.16,783623,4,44.12,26.13,803452,4,43.76,26.06
204629,2026-07-15T00:37:59.711568,cinnamon,1021701,4,43.65,25.36,30847728,3,43.27,25.22,45781348,3,43.91,24.9,968779,4,44.74,24.54,2660604,4,44.97,25.41,39455748,3,43.74,25.18,783623,4,44.21,26.07,803452,4,44.06,26.08
204979,2026-07-15T00:38:00.084122,cinnamon,1021701,4,43.81,25.35,30847728,3,43.26,25.21,45781348,3,43.91,24.9,968779,4,44.9,24.51,531120,4,45.05,25.36,39455748,3,43.75,25.18,211046,4,44.27,26.03,803452,4,44.22,26.08
205329,2026-07-15T00:38:00.296410,cinnamon,1021701,4,43.89,25.29,1914466,3,43.28,25.22,45781348,3,43.9,24.92,968779,4,44.99,24.47,531120,5,45.1,25.29,3139900,3,43.73,25.18,211046,5,44.31,25.97,803452,4,44.31,26.02
205679,2026-07-15T00:38:00.656613,cinnamon,262901,4,43.94,25.25,1914466,4,43.71,25.29,45781348,3,43.91,24.94,259306,4,45.07,24.44,531120,5,45.13,25.24,3139900,4,44.18,25.26,211046,5,44.35,25.91,232780,4,44.39,25.98
206029,2026-07-15T00:38:01.007926,cinnamon,262901,5,43.96,25.19,1914466,4,44.01,25.31,45781348,3,43.91,24.94,259306,5,45.12,24.37,531120,5,45.17,25.18,3139900,4,44.5,25.29,211046,5,44.38,25.87,232780,5,44.42,25.92
206379,2026-07-15T00:38:01.357800,cinnamon,262901,5,44.0,25.16,1914466,4,44.17,25.27,4527217,3,43.91,24.95,259306,5,45.15,24.32,531120,5,45.2,25.11,3139900,4,44.68,25.24,211046,5,44.4,25.8,232780,5,44.46,25.87
206729,2026-07-15T00:38:01.708218,cinnamon,262901,5,44.01,25.08,1914466,4,44.26,25.23,4527217,4,44.34,25.01,259306,5,45.18,24.25,560328,5,45.22,25.07,3139900,4,44.78,25.2,226598,5,44.42,25.72,232780,5,44.49,25.81
207079,2026-07-15T00:38:02.058037,cinnamon,262901,5,44.04,25.02,410914,4,44.32,25.18,4527217,4,44.66,25.01,259306,5,45.2,24.21,560328,6,45.24,25.01,667753,4,44.85,25.14,226598,6,44.44,25.65,232780,5,44.51,25.76
207429,2026-07-15T00:38:02.401370,cinnamon,288694,5,44.05,24.96,410914,5,44.38,25.13,4527217,4,44.83,25.0,283185,5,45.23,24.16,560328,6,45.26,24.97,667753,5,44.91,25.1,226598,6,44.46,25.61,252030,5,44.53,25.71
207779,2026-07-15T00:38:02.759707,cinnamon,288694,6,44.06,24.94,410914,5,44.42,25.08,4527217,4,44.92,24.93,283185,6,45.24,24.11,560328,6,45.27,24.91,667753,5,44.95,25.04,226598,6,44.47,25.57,252030,6,44.55,25.67
208129,2026-07-15T00:38:03.106517,cinnamon,288694,6,44.07,24.89,410914,5,44.45,25.03,708650,4,44.99,24.89,283185,6,45.25,24.03,560328,6,45.3,24.87,667753,5,44.98,25.0,226749,6,44.48,25.53,252030,6,44.57,25.61
208479,2026-07-15T00:38:03.456108,cinnamon,288694,6,44.08,24.85,410914,5,44.47,24.95,708650,5,45.04,24.82,283185,6,45.27,24.02,554412,6,45.3,24.83,667753,5,45.01,24.91,226749,7,44.73,25.54,252030,6,44.58,25.57
208829,2026-07-15T00:38:03.807938,cinnamon,288694,6,44.08,24.82,441474,5,44.49,24.91,708650,5,45.08,24.77,283185,6,45.29,23.98,554412,7,45.56,24.84,704264,5,45.03,24.86,226749,7,44.94,25.52,252030,6,44.59,25.53
209179,2026-07-15T00:38:04.157780,cinnamon,291157,6,44.09,24.79,441474,6,44.51,24.86,708650,5,45.11,24.73,284365,6,45.3,23.95,554412,7,45.78,24.8,704264,6,45.04,24.84,226749,7,45.07,25.46,253528,6,44.61,25.51
209529,2026-07-15T00:38:04.514648,cinnamon,291157,7,44.34,24.79,441474,6,44.52,24.82,708650,5,45.13,24.68,284365,7,45.54,23.95,554412,7,45.91,24.77,704264,6,45.07,24.77,226749,7,45.15,25.42,253528,7,44.84,25.49
209879,2026-07-15T00:38:04.857901,cinnamon,291157,7,44.54,24.77,441474,6,44.54,24.78,733787,5,45.16,24.6,284365,7,45.75,23.9,554412,7,45.99,24.71,704264,6,45.08,24.73,310209,7,45.21,25.36,253528,7,45.05,25.47
210229,2026-07-15T00:38:05.207398,cinnamon,291157,7,44.64,24.73,441474,6,44.55,24.75,733787,6,45.17,24.56,284365,7,45.88,23.88,508188,7,46.06,24.65,704264,6,45.1,24.7,310209,8,45.26,25.29,253528,7,45.18,25.42
210579,2026-07-15T00:38:05.548346,cinnamon,291157,7,44.71,24.68,442046,6,44.57,24.72,733787,6,45.2,24.53,284365,7,45.96,23.83,508188,8,46.11,24.59,700650,6,45.12,24.67,310209,8,45.29,25.25,253528,7,45.26,25.36
210929,2026-07-15T00:38:05.907690,cinnamon,376055,7,44.76,24.64,442046,7,44.82,24.71,733787,6,45.22,24.45,417448,7,46.02,23.77,508188,8,46.15,24.52,700650,7,45.39,24.64,310209,8,45.33,25.19,334859,7,45.31,25.31
211279,2026-07-15T00:38:06.257778,cinnamon,376055,8,44.8,24.57,442046,7,45.04,24.67,733787,6,45.24,24.42,417448,8,46.07,23.71,508188,8,46.18,24.49,700650,7,45.61,24.63,310209,8,45.36,25.11,334859,8,45.37,25.25
211629,2026-07-15T00:38:06.607611,cinnamon,376055,8,44.83,24.52,442046,7,45.16,24.64,726756,6,45.25,24.39,417448,8,46.11,23.66,508188,8,46.21,24.4,700650,7,45.75,24.59,390467,8,45.39,25.06,334859,8,45.4,25.2
211979,2026-07-15T00:38:06.956702,cinnamon,376055,8,44.86,24.47,442046,7,45.25,24.6,726756,7,45.51,24.39,417448,8,46.15,23.61,638404,8,46.24,24.35,700650,7,45.83,24.52,390467,9,45.41,25.01,334859,8,45.44,25.13
212329,2026-07-15T00:38:07.327575,cinnamon,376055,8,44.88,24.42,474623,7,45.31,24.52,726756,7,45.74,24.36,417448,8,46.18,23.55,638404,9,46.27,24.3,668407,7,45.9,24.48,390467,9,45.43,24.95,334859,8,45.47,25.1
212679,2026-07-15T00:38:07.652574,cinnamon,469724,8,44.9,24.37,474623,8,45.35,24.45,726756,7,45.86,24.32,531120,8,46.21,23.49,638404,9,46.28,24.26,668407,8,45.96,24.41,390467,9,45.45,24.91,424720,8,45.49,25.02
213029,2026-07-15T00:38:08.007938,cinnamon,469724,9,44.93,24.33,474623,8,45.4,24.39,726756,7,45.96,24.25,531120,9,46.23,23.43,638404,9,46.3,24.19,668407,8,46.0,24.34,390467,9,45.48,24.87,424720,9,45.51,24.96
213379,2026-07-15T00:38:08.357732,cinnamon,469724,9,44.94,24.28,474623,8,45.44,24.35,565902,7,46.02,24.2,531120,9,46.26,23.38,638404,9,46.34,24.16,668407,8,46.04,24.27,435281,9,45.49,24.81,424720,9,45.54,24.91
213729,2026-07-15T00:38:08.706956,cinnamon,469724,9,44.97,24.25,474623,8,45.46,24.31,565902,8,46.07,24.13,531120,9,46.28,23.35,714584,9,46.35,24.12,668407,8,46.07,24.21,435281,0,45.52,24.8,424720,9,45.56,24.87
214079,2026-07-15T00:38:09.054249,cinnamon,469724,9,44.99,24.21,579349,8,45.48,24.24,565902,8,46.11,24.07,531120,9,46.3,23.28,714584,0,46.37,24.08,847857,8,46.1,24.16,435281,0,45.53,24.76,424720,9,45.58,24.81
214429,2026-07-15T00:38:09.406773,cinnamon,520193,9,45.0,24.16,579349,9,45.51,24.21,565902,8,46.15,24.01,585812,9,46.33,23.39,714584,0,46.38,24.03,847857,9,46.13,24.1,435281,0,45.54,24.7,468435,9,45.6,24.79
214779,2026-07-15T00:38:09.757759,cinnamon,520193,0,45.02,24.12,579349,9,45.54,24.14,565902,8,46.18,23.94,585812,0,46.37,23.21,714584,0,46.41,23.99,847857,9,46.15,24.06,435281,0,45.56,24.69,468435,0,45.62,24.74
215129,2026-07-15T00:38:10.092977,cinnamon,520193,0,45.03,24.09,579349,9,45.56,24.09,704264,8,46.21,23.89,585812,0,46.39,23.18,714584,0,46.42,23.97,847857,9,46.18,24.01,458678,0,45.57,24.66,468435,0,45.63,24.72
215479,2026-07-15T00:38:10.454191,cinnamon,520193,0,45.05,24.07,579349,9,45.58,24.05,704264,9,46.23,23.84,585812,0,46.41,23.14,760066,0,46.44,23.96,847857,9,46.2,23.95,458678,1,44.93,24.54,468435,0,45.66,24.67
215829,2026-07-15T00:38:10.907519,cinnamon,520193,0,45.07,24.05,645039,9,45.6,24.01,704264,9,46.26,23.81,623819,0,46.43,23.1,760066,1,45.74,23.84,945958,9,46.21,23.9,102400000,1,44.41,24.5,468435,0,45.67,24.65
216179,2026-07-15T00:38:11.158428,cinnamon,550389,0,45.09,24.01,645039,0,45.62,23.95,704264,9,46.28,23.75,623819,1,45.76,23.01,102400000,1,45.2,23.8,945958,0,46.24,23.87,102400000,2,44.17,24.51,499634,0,45.69,24.62
216529,2026-07-15T00:38:11.508380,cinnamon,550389,1,44.41,23.82,645039,0,45.64,23.93,704264,9,46.3,23.72,102400000,1,45.24,22.97,102400000,2,44.92,23.79,945958,0,46.26,23.83,102400000,2,44.01,24.54,499634,1,45.04,24.5
216879,2026-07-15T00:38:11.860810,cinnamon,102400000,1,43.92,23.99,645039,0,45.66,23.88,782725,9,46.32,23.65,102400000,2,44.98,22.98,102400000,2,44.76,23.85,945958,0,46.27,23.81,102400000,2,43.91,24.61,102400000,1,44.53,24.44
217229,2026-07-15T00:38:12.199246,cinnamon,102400000,2,43.7,23.89,645039,0,45.67,23.85,782725,0,46.34,23.64,102400000,2,44.82,23.01,102400000,2,44.67,23.93,945958,0,46.28,23.77,102400000,2,43.84,24.7,102400000,2,44.28,24.46
217579,2026-07-15T00:38:12.553130,cinnamon,102400000,2,43.5,24.01,678370,0,45.69,23.83,782725,0,46.35,23.59,102400000,2,44.73,23.07,102400000,2,44.59,24.0,1006635,0,46.29,23.75,102400000,2,43.79,24.76,102400000,2,44.14,24.51
217929,2026-07-15T00:38:12.906864,cinnamon,102400000,2,43.46,24.09,678370,1,45.01,23.73,782725,0,46.37,23.55,102400000,2,44.67,23.14,102400000,2,44.53,24.09,1006635,1,45.6,23.63,102400000,2,43.75,24.83,102400000,2,44.03,24.58
218279,2026-07-15T00:38:13.253573,cinnamon,102400000,2,43.42,24.17,102400000,1,44.48,23.69,782725,0,46.39,23.54,102400000,2,44.62,23.2,102400000,2,44.48,24.16,102400000,1,45.03,23.58,102400000,2,43.72,24.91,102400000,2,43.96,24.65
218629,2026-07-15T00:38:13.602831,cinnamon,102400000,2,43.4,24.22,102400000,2,44.22,23.62,832858,0,46.4,23.5,102400000,2,44.57,23.28,102400000,2,44.45,24.06,102400000,2,44.75,23.6,102400000,2,43.69,25.0,102400000,2,43.91,24.72
218979,2026-07-15T00:38:13.955967,cinnamon,102400000,2,43.39,24.31,102400000,2,44.07,23.87,832858,1,45.7,23.4,102400000,2,44.55,23.35,102400000,2,44.39,24.4,102400000,2,44.58,23.66,102400000,2,43.67,25.07,102400000,2,43.87,24.8
219329,2026-07-15T00:38:14.319360,cinnamon,102400000,2,43.36,24.34,102400000,2,43.97,23.71,102400000,1,45.17,23.34,102400000,2,44.52,23.41,30825964,2,44.37,24.44,102400000,2,44.46,23.71,15262226,2,43.65,25.13,102400000,2,43.84,24.88
219679,2026-07-15T00:38:14.658286,cinnamon,102400000,2,43.35,24.42,102400000,2,43.89,23.83,102400000,2,44.9,23.38,102400000,2,44.5,23.48,30825964,3,44.35,24.51,102400000,2,44.37,23.78,15262226,3,43.63,25.2,102400000,2,43.8,24.95
220029,2026-07-15T00:38:15.000437,cinnamon,22629834,2,43.34,24.47,102400000,2,43.85,23.95,102400000,2,44.75,23.43,24349248,2,44.48,23.53,30825964,3,44.33,24.57,102400000,2,44.34,23.87,15262226,3,43.62,25.26,102400000,2,43.78,25.01
220379,2026-07-15T00:38:15.346158,cinnamon,22629834,3,43.33,24.51,102400000,2,43.78,24.09,102400000,2,44.64,23.5,24349248,3,44.46,23.59,30825964,3,44.31,24.63,102400000,2,44.29,23.96,15262226,3,43.61,25.29,14531264,2,43.77,25.07
220729,2026-07-15T00:38:15.709138,cinnamon,22629834,3,43.32,24.57,102400000,2,43.75,24.15,102400000,2,44.55,23.56,24349248,3,44.44,23.65,30825964,3,44.29,24.68,102400000,2,44.25,24.04,15262226,3,43.6,25.38,14531264,3,43.75,25.15
221079,2026-07-15T00:38:16.060965,cinnamon,22629834,3,43.31,24.62,102400000,2,43.73,24.22,102400000,2,44.5,23.64,24349248,3,44.43,23.7,30825964,3,44.28,24.73,102400000,2,44.22,24.1,15262226,3,43.59,25.4,14531264,3,43.72,25.2
221429,2026-07-15T00:38:16.412344,cinnamon,22629834,3,43.3,24.66,36859392,2,43.71,24.29,102400000,2,44.47,23.73,24349248,3,44.42,23.74,30825964,3,44.27,24.77,102400000,2,44.18,24.19,15262226,3,43.58,25.46,14531264,3,43.71,25.26
221779,2026-07-15T00:38:16.749750,cinnamon,22629834,3,43.29,24.68,36859392,3,43.69,24.35,102400000,2,44.44,23.81,24349248,3,44.4,23.79,30825964,3,44.27,24.81,40819684,2,44.17,24.22,15262226,3,43.57,25.51,14531264,3,43.7,25.31
222129,2026-07-15T00:38:17.095437,cinnamon,22629834,3,43.28,24.71,36859392,3,43.67,24.4,102400000,2,44.4,23.89,24349248,3,44.39,23.83,30825964,3,44.25,24.87,40819684,3,44.15,24.23,15262226,3,43.56,25.53,14531264,3,43.69,25.34
222479,2026-07-15T00:38:17.461273,cinnamon,22629834,3,43.27,24.76,36859392,3,43.66,24.47,102400000,2,44.37,23.94,24349248,3,44.37,23.86,30825964,3,44.24,24.9,40819684,3,44.13,24.43,15262226,3,43.55,25.59,14531264,3,43.67,25.39
222829,2026-07-15T00:38:17.811434,cinnamon,22629834,3,43.26,24.79,36859392,3,43.64,24.49,49837264,2,44.35,24.02,24349248,3,44.36,23.89,30825964,3,44.23,24.95,40819684,3,44.1,24.47,15262226,3,43.54,25.61,14531264,3,43.66,25.45
223179,2026-07-15T00:38:18.157659,cinnamon,22629834,3,43.27,24.82,36859392,3,43.64,24.55,49837264,3,44.33,24.09,24349248,3,44.34,23.91,30825964,3,44.22,24.97,40819684,3,44.09,24.54,15262226,3,43.53,25.65,14531264,3,43.65,25.5
223529,2026-07-15T00:38:18.510385,cinnamon,22629834,3,43.26,24.86,36859392,3,43.62,24.59,49837264,3,44.32,24.13,24349248,3,44.33,23.96,30825964,3,44.21,25.01,40819684,3,44.08,24.57,15262226,3,43.52,25.67,14531264,3,43.64,25.56
223879,2026-07-15T00:38:18.859997,cinnamon,22629834,3,43.24,24.86,36859392,3,43.62,24.64,49837264,3,44.3,24.19,24349248,3,44.32,23.97,30825964,3,44.2,25.04,40819684,3,44.05,24.63,15262226,3,43.51,25.71,14531264,3,43.62,25.6
224229,2026-07-15T00:38:19.208978,cinnamon,22629834,3,43.23,24.9,36859392,3,43.6,24.69,49837264,3,44.29,24.24,24349248,3,44.31,24.01,30825964,3,44.19,25.06,40819684,3,44.05,24.67,15262226,3,43.51,25.75,14531264,3,43.61,25.62
224579,2026-07-15T00:38:19.561419,cinnamon,22629834,3,43.23,24.92,36859392,3,43.6,24.71,49837264,3,44.28,24.28,24349248,3,44.3,24.04,30825964,3,44.19,25.09,40819684,3,44.03,24.72,15262226,3,43.5,25.78,14531264,3,43.6,25.64
224929,2026-07-15T00:38:19.906619,cinnamon,22629834,3,43.22,24.95,36859392,3,43.59,24.75,49837264,3,44.26,24.34,24349248,3,44.29,24.07,30825964,3,44.18,25.11,40819684,3,44.03,24.74,15262226,3,43.49,25.81,14531264,3,43.6,25.67
225279,2026-07-15T00:38:20.259582,cinnamon,22629834,3,43.22,24.96,36859392,3,43.58,24.79,49837264,3,44.25,24.37,24349248,3,44.29,24.09,30825964,3,44.18,25.14,40819684,3,44.02,24.78,15262226,3,43.49,25.84,14531264,3,43.6,25.71
225629,2026-07-15T00:38:20.608723,cinnamon,22629834,3,43.22,24.98,36859392,3,43.58,24.81,49837264,3,44.24,24.41,24349248,3,44.28,24.13,30825964,3,44.17,25.17,40819684,3,44.01,24.8,15262226,3,43.48,25.84,14531264,3,43.58,25.74
225979,2026-07-15T00:38:20.952519,cinnamon,22629834,3,43.21,25.01,36859392,3,43.57,24.84,49837264,3,44.23,24.43,24349248,3,44.27,24.12,30825964,3,44.16,25.18,40819684,3,44.0,24.84,15262226,3,43.47,25.87,14531264,3,43.58,25.75
226329,2026-07-15T00:38:21.308239,cinnamon,22629834,3,43.2,25.02,36859392,3,43.57,24.87,49837264,3,44.22,24.47,24349248,3,44.26,24.15,30825964,3,44.16,25.19,40819684,3,43.99,24.86,15262226,3,43.47,25.87,14531264,3,43.57,25.79
226679,2026-07-15T00:38:21.665958,cinnamon,22629834,3,43.2,25.03,36859392,3,43.55,24.9,49837264,3,44.22,24.5,24349248,3,44.26,24.17,30825964,3,44.16,25.22,40819684,3,44.0,24.89,15262226,3,43.46,25.89,14531264,3,43.57,25.79
227029,2026-07-15T00:38:22.011262,cinnamon,22629834,3,43.2,25.05,36859392,3,43.54,24.92,49837264,3,44.21,24.53,24349248,3,44.25,24.19,30825964,3,44.15,25.23,40819684,3,43.98,24.93,15262226,3,43.46,25.9,14531264,3,43.56,25.83
227379,2026-07-15T00:38:22.357793,cinnamon,22629834,3,43.18,25.03,36859392,3,43.54,24.95,49837264,3,44.2,24.56,24349248,3,44.25,24.21,30825964,3,44.14,25.25,40819684,3,43.98,24.94,15262226,3,43.46,25.92,14531264,3,43.56,25.84
227729,2026-07-15T00:38:22.708370,cinnamon,22629834,3,43.18,25.07,36859392,3,43.54,24.96,49837264,3,44.2,24.57,24349248,3,44.24,24.24,30825964,3,44.14,25.27,40819684,3,43.97,24.95,15262226,3,43.44,25.96,14531264,3,43.55,25.87
228079,2026-07-15T00:38:23.059298,cinnamon,22629834,3,43.18,25.08,36859392,3,43.54,24.99,49837264,3,44.19,24.63,24349248,3,44.23,24.25,30825964,3,44.14,25.28,40819684,3,43.97,24.99,15262226,3,43.44,26.0,14531264,3,43.55,25.87
228429,2026-07-15T00:38:23.407989,cinnamon,22629834,3,43.17,25.11,36859392,3,43.54,25.0,49837264,3,44.19,24.64,24349248,3,44.23,24.26,30825964,3,44.13,25.3,40819684,3,43.96,25.0,15262226,3,43.44,26.0,14531264,3,43.54,25.88
228779,2026-07-15T00:38:23.757597,cinnamon,22629834,3,43.17,25.11,36859392,3,43.53,25.0,49837264,3,44.18,24.65,24349248,3,44.22,24.28,30825964,3,44.13,25.33,40819684,3,43.96,25.03,15262226,3,43.43,26.01,14531264,3,43.53,25.91
229129,2026-07-15T00:38:24.104808,cinnamon,22629834,3,43.17,25.11,36859392,3,43.53,25.03,49837264,3,44.17,24.67,24349248,3,44.21,24.31,30825964,3,44.12,25.33,40819684,3,43.95,25.05,15262226,3,43.42,26.03,14531264,3,43.52,25.93
229479,2026-07-15T00:38:24.457702,cinnamon,22629834,3,43.16,25.14,36859392,3,43.52,25.04,49837264,3,44.17,24.69,24349248,3,44.21,24.3,30825964,3,44.12,25.34,40819684,3,43.95,25.06,748264,3,43.42,26.05,14531264,3,43.52,25.95
229829,2026-07-15T00:38:24.809644,cinnamon,22629834,3,43.15,25.14,36859392,3,43.52,25.06,49837264,3,44.17,24.7,24349248,3,44.2,24.32,2629855,3,44.11,25.35,40819684,3,43.95,25.07,748264,4,43.84,26.1,14531264,3,43.52,25.97
230179,2026-07-15T00:38:25.151807,cinnamon,22629834,3,43.16,25.14,36859392,3,43.52,25.09,49837264,3,44.16,24.72,24349248,3,44.2,24.33,2629855,4,44.57,25.42,40819684,3,43.94,25.09,748264,4,44.14,26.12,14531264,3,43.51,25.96
230529,2026-07-15T00:38:25.507353,cinnamon,1371734,3,43.15,25.16,36859392,3,43.51,25.09,49837264,3,44.16,24.74,1124348,3,44.2,24.35,2629855,4,44.91,25.45,40819684,3,43.94,25.11,748264,4,44.3,26.11,797818,3,43.51,25.99
230879,2026-07-15T00:38:25.857599,cinnamon,1371734,4,43.58,25.23,36859392,3,43.51,25.1,49837264,3,44.15,24.76,1124348,4,44.64,24.4,2629855,4,45.08,25.42,40819684,3,43.94,25.12,748264,4,44.4,26.08,797818,4,43.94,26.06
231229,2026-07-15T00:38:26.204158,cinnamon,1371734,4,43.91,25.23,36859392,3,43.5,25.11,49837264,3,44.15,24.76,1124348,4,44.96,24.42,2629855,4,45.18,25.37,40819684,3,43.94,25.14,205087,4,44.45,26.03,797818,4,44.25,26.07
231579,2026-07-15T00:38:26.557521,cinnamon,1371734,4,44.05,25.22,36859392,3,43.5,25.14,49837264,3,44.14,24.78,1124348,4,45.13,24.42,529062,4,45.26,25.34,40819684,3,43.93,25.15,205087,5,44.5,25.97,797818,4,44.41,26.06
231929,2026-07-15T00:38:26.907720,cinnamon,1371734,4,44.13,25.17,2463759,3,43.5,25.13,49837264,3,44.15,24.8,1124348,4,45.23,24.37,529062,5,45.31,25.26,3156232,3,43.93,25.15,205087,5,44.53,25.91,797818,4,44.5,26.03
232279,2026-07-15T00:38:27.254508,cinnamon,304671,4,44.18,25.12,2463759,4,43.93,25.19,49837264,3,44.14,24.81,276981,4,45.29,24.33,529062,5,45.35,25.21,3156232,4,44.38,25.21,205087,5,44.56,25.87,231203,4,44.57,25.97
232629,2026-07-15T00:38:27.598038,cinnamon,304671,5,44.21,25.07,2463759,4,44.26,25.2,49837264,3,44.14,24.81,276981,5,45.34,24.27,529062,5,45.38,25.14,3156232,4,44.71,25.25,205087,5,44.58,25.8,231203,5,44.61,25.9
232979,2026-07-15T00:38:27.947019,cinnamon,304671,5,44.24,25.01,2463759,4,44.41,25.18,49837264,3,44.15,24.82,276981,5,45.37,24.21,529062,5,45.41,25.1,3156232,4,44.89,25.22,218756,5,44.6,25.75,231203,5,44.65,25.86
233329,2026-07-15T00:38:28.309453,cinnamon,304671,5,44.26,24.95,2463759,4,44.51,25.12,4879094,3,44.15,24.83,276981,5,45.41,24.16,551278,5,45.42,25.04,3156232,4,44.99,25.17,218756,6,44.62,25.7,231203,5,44.68,25.79
233679,2026-07-15T00:38:28.656575,cinnamon,304671,5,44.27,24.91,466833,4,44.58,25.08,4879094,4,44.58,24.9,276981,5,45.42,24.11,551278,6,45.44,24.98,671035,4,45.06,25.13,218756,6,44.64,25.65,231203,5,44.7,25.75
234029,2026-07-15T00:38:29.006540,cinnamon,329366,5,44.29,24.86,466833,5,44.62,25.03,4879094,4,44.9,24.92,298542,5,45.45,24.05,551278,6,45.46,24.95,671035,5,45.11,25.06,218756,6,44.66,25.62,248182,5,44.72,25.69
234379,2026-07-15T00:38:29.444639,cinnamon,329366,6,44.31,24.81,466833,5,44.66,24.98,4879094,4,45.07,24.88,298542,6,45.46,24.0,551278,6,45.48,24.9,671035,5,45.15,25.01,218756,6,44.67,25.59,248182,6,44.74,25.64
234729,2026-07-15T00:38:29.697026,cinnamon,329366,6,44.32,24.76,466833,5,44.69,24.92,4879094,4,45.16,24.84,298542,6,45.48,23.97,551278,6,45.49,24.86,671035,5,45.19,24.96,219178,6,44.68,25.55,248182,6,44.75,25.61
235079,2026-07-15T00:38:30.050195,cinnamon,329366,6,44.33,24.73,466833,5,44.71,24.86,734576,4,45.24,24.81,298542,6,45.49,23.92,544680,6,45.51,24.82,671035,5,45.22,24.89,219178,7,44.92,25.55,248182,6,44.76,25.57
235429,2026-07-15T00:38:30.406679,cinnamon,329366,6,44.34,24.69,490656,5,44.73,24.82,734576,5,45.29,24.73,298542,6,45.51,23.89,544680,7,45.76,24.82,701369,5,45.23,24.85,219178,7,45.13,25.52,248182,6,44.78,25.54
235779,2026-07-15T00:38:30.754338,cinnamon,329048,6,44.35,24.65,490656,6,44.75,24.77,734576,5,45.32,24.67,299590,6,45.53,23.86,544680,7,45.98,24.78,701369,6,45.25,24.8,219178,7,45.25,25.46,248543,6,44.79,25.5
236129,2026-07-15T00:38:31.134981,cinnamon,329048,7,44.58,24.66,490656,6,44.77,24.73,734576,5,45.35,24.62,299590,7,45.77,23.84,544680,7,46.11,24.75,701369,6,45.28,24.77,219178,7,45.35,25.42,248543,7,45.04,25.5
236479,2026-07-15T00:38:31.455835,cinnamon,329048,7,44.79,24.64,490656,6,44.79,24.7,734576,5,45.38,24.55,299590,7,45.98,23.83,544680,7,46.2,24.68,701369,6,45.29,24.72,305762,7,45.4,25.37,248543,7,45.25,25.45
236829,2026-07-15T00:38:31.806135,cinnamon,329048,7,44.89,24.61,490656,6,44.8,24.65,756277,5,45.4,24.51,299590,7,46.1,23.79,501101,7,46.26,24.64,701369,6,45.31,24.67,305762,8,45.45,25.31,248543,7,45.37,25.43
237179,2026-07-15T00:38:32.156993,cinnamon,329048,7,44.97,24.57,485768,6,44.81,24.61,756277,6,45.43,24.47,299590,7,46.19,23.75,501101,8,46.3,24.57,698499,6,45.33,24.63,305762,8,45.48,25.25,248543,7,45.44,25.36
237529,2026-07-15T00:38:32.508416,cinnamon,382589,7,45.01,24.52,485768,7,45.07,24.61,756277,6,45.45,24.44,418985,7,46.25,23.69,501101,8,46.35,24.5,698499,7,45.6,24.62,305762,8,45.52,25.2,330322,7,45.51,25.31
237879,2026-07-15T00:38:32.856406,cinnamon,382589,8,45.05,24.46,485768,7,45.29,24.59,756277,6,45.46,24.37,418985,8,46.3,23.65,501101,8,46.38,24.45,698499,7,45.82,24.62,305762,8,45.54,25.13,330322,8,45.55,25.27
238229,2026-07-15T00:38:33.250602,cinnamon,382589,8,45.08,24.41,485768,7,45.4,24.55,756277,6,45.48,24.35,418985,8,46.35,23.58,501101,8,46.41,24.39,698499,7,45.96,24.57,386488,8,45.57,25.07,330322,8,45.59,25.21
238579,2026-07-15T00:38:33.548744,cinnamon,382589,8,45.1,24.36,485768,7,45.49,24.5,746627,6,45.49,24.31,418985,8,46.38,23.54,633663,8,46.45,24.35,698499,7,46.06,24.52,386488,9,45.59,25.03,330322,8,45.62,25.14
238929,2026-07-15T00:38:33.906350,cinnamon,382589,8,45.13,24.29,483703,7,45.56,24.44,746627,7,45.76,24.29,418985,8,46.41,23.49,633663,9,46.46,24.3,663857,7,46.12,24.46,386488,9,45.61,24.98,330322,8,45.65,25.09
239279,2026-07-15T00:38:34.246341,cinnamon,474953,8,45.15,24.26,483703,8,45.61,24.38,746627,7,45.98,24.26,529062,8,46.43,23.43,633663,9,46.49,24.25,663857,8,46.18,24.4,386488,9,45.63,24.93,421052,8,45.68,25.05
239629,2026-07-15T00:38:34.602810,cinnamon,474953,9,45.18,24.23,483703,8,45.66,24.35,746627,7,46.11,24.24,529062,9,46.46,23.39,633663,9,46.51,24.2,663857,8,46.22,24.35,386488,9,45.65,24.88,421052,9,45.71,24.98
239979,2026-07-15T00:38:34.956377,cinnamon,474953,9,45.19,24.19,483703,8,45.68,24.28,746627,7,46.2,24.18,529062,9,46.48,23.34,633663,9,46.53,24.24,663857,8,46.25,24.27,428183,9,45.67,24.83,421052,9,45.73,24.94
240329,2026-07-15T00:38:35.298689,cinnamon,474953,9,45.21,24.15,483703,8,45.72,24.22,570155,7,46.27,24.12,529062,9,46.51,23.29,702091,0,46.57,24.09,663857,8,46.28,24.22,428183,0,45.69,24.82,421052,9,45.74,24.88
240679,2026-07-15T00:38:35.652785,cinnamon,474953,9,45.23,24.12,582314,8,45.75,24.18,570155,8,46.32,24.07,529062,9,46.53,23.28,702091,0,46.59,24.08,829317,8,46.32,24.17,428183,0,45.71,24.77,421052,9,45.78,24.85
241029,2026-07-15T00:38:36.006775,cinnamon,523785,9,45.25,24.1,582314,9,45.77,24.14,570155,8,46.37,24.01,582811,9,46.55,23.23,702091,0,46.61,24.02,829317,9,46.34,24.11,428183,0,45.72,24.76,462093,9,45.79,24.81
241379,2026-07-15T00:38:36.356807,cinnamon,523785,0,45.27,24.05,582314,9,45.79,24.09,570155,8,46.4,23.95,582811,0,46.57,23.21,702091,0,46.62,24.0,829317,9,46.36,24.05,428183,0,45.74,24.7,462093,0,45.8,24.77
241729,2026-07-15T00:38:36.706611,cinnamon,523785,0,45.29,24.03,582314,9,45.82,24.05,570155,8,46.43,23.9,582811,0,46.59,23.18,749085,0,46.64,23.97,829317,9,46.38,24.04,451101,0,45.76,24.68,462093,0,45.83,24.74
242079,2026-07-15T00:38:37.054644,cinnamon,523785,0,45.3,24.0,582314,9,45.84,24.02,704264,8,46.45,23.83,582811,0,46.61,23.09,749085,1,45.95,23.88,829317,9,46.41,23.95,451101,1,45.1,24.59,462093,0,45.84,24.7
242429,2026-07-15T00:38:37.407220,cinnamon,523785,0,45.31,23.98,640200,9,45.86,23.96,704264,9,46.48,23.8,619292,0,46.65,23.09,102400000,1,45.4,23.84,929219,9,46.42,23.93,101566832,1,44.59,24.53,462093,0,45.86,24.67
242779,2026-07-15T00:38:37.756667,cinnamon,553962,0,45.34,23.96,640200,0,45.88,23.95,704264,9,46.5,23.76,619292,1,45.98,22.99,102400000,2,45.12,23.85,929219,0,46.44,23.9,101566832,2,44.35,24.54,489249,0,45.87,24.64
243129,2026-07-15T00:38:38.107319,cinnamon,553962,1,44.67,23.87,640200,0,45.9,23.91,704264,9,46.53,23.73,102400000,1,45.46,22.95,102400000,2,44.97,23.9,929219,0,46.46,23.85,101566832,2,44.19,24.6,489249,1,45.23,24.54
243479,2026-07-15T00:38:38.453055,cinnamon,102400000,1,44.17,23.84,640200,0,45.92,23.87,704264,9,46.54,23.68,102400000,2,45.21,22.97,102400000,2,44.86,23.97,929219,0,46.47,23.82,101566832,2,44.09,24.65,97705552,1,44.71,24.5
243829,2026-07-15T00:38:38.809544,cinnamon,102400000,2,43.94,23.85,640200,0,45.93,23.85,768624,9,46.58,23.64,102400000,2,45.05,23.02,102400000,2,44.78,24.04,929219,0,46.48,23.78,101566832,2,44.03,24.74,97705552,2,44.47,24.51
244179,2026-07-15T00:38:39.157241,cinnamon,102400000,2,43.81,23.91,671035,0,45.93,23.82,768624,0,46.6,23.6,102400000,2,44.96,23.09,102400000,2,44.72,24.13,991287,0,46.5,23.77,101566832,2,43.96,24.82,97705552,2,44.31,24.54
244529,2026-07-15T00:38:39.507876,cinnamon,102400000,2,43.75,23.99,671035,1,45.25,23.72,768624,0,46.61,23.58,102400000,2,44.89,23.15,102400000,2,44.69,24.21,991287,1,45.79,23.66,101566832,2,43.93,24.9,97705552,2,44.21,24.62
244879,2026-07-15T00:38:39.863190,cinnamon,102400000,2,43.69,24.21,102400000,1,44.73,23.69,768624,0,46.61,23.53,102400000,2,44.84,23.22,102400000,2,44.65,24.3,102400000,1,45.24,23.62,101566832,2,43.9,24.98,97705552,2,44.14,24.69
245229,2026-07-15T00:38:40.208618,cinnamon,102400000,2,43.67,24.1,102400000,2,44.47,23.7,768624,0,46.63,23.52,102400000,2,44.79,23.29,102400000,2,44.62,24.37,102400000,2,44.95,23.62,101566832,2,43.87,25.05,97705552,2,44.08,24.77
245579,2026-07-15T00:38:40.558400,cinnamon,102400000,2,43.64,24.2,102400000,2,44.31,23.75,826806,0,46.64,23.48,102400000,2,44.76,23.38,102400000,2,44.6,24.45,102400000,2,44.78,23.68,101566832,2,43.85,25.12,97705552,2,44.05,24.83
245929,2026-07-15T00:38:40.907802,cinnamon,102400000,2,43.6,24.37,102400000,2,44.21,23.83,826806,1,45.95,23.38,102400000,2,44.75,23.45,27787152,2,44.57,24.51,102400000,2,44.66,23.76,13252983,2,43.82,25.19,97705552,2,44.01,24.92
246279,2026-07-15T00:38:41.258070,cinnamon,102400000,2,43.6,24.42,102400000,2,44.16,23.91,102400000,1,45.42,23.34,102400000,2,44.72,23.52,27787152,3,44.55,24.57,102400000,2,44.59,23.84,13252983,3,43.81,25.25,97705552,2,43.98,24.99
246629,2026-07-15T00:38:41.602942,cinnamon,22653302,2,43.59,24.49,102400000,2,44.1,24.0,102400000,2,45.14,23.37,20877986,2,44.7,23.58,27787152,3,44.53,24.63,102400000,2,44.53,23.91,13252983,3,43.8,25.32,97705552,2,43.96,25.06
246979,2026-07-15T00:38:41.958893,cinnamon,22653302,3,43.58,24.55,102400000,2,44.07,24.07,102400000,2,44.97,23.44,20877986,3,44.69,23.65,27787152,3,44.52,24.71,102400000,2,44.48,23.99,13252983,3,43.78,25.36,12445120,2,43.94,25.13
247329,2026-07-15T00:38:42.293811,cinnamon,22653302,3,43.57,24.59,102400000,2,44.03,24.17,102400000,2,44.87,23.52,20877986,3,44.68,23.71,27787152,3,44.51,24.76,102400000,2,44.44,24.08,13252983,3,43.77,25.41,12445120,3,43.93,25.2
247679,2026-07-15T00:38:42.656940,cinnamon,22653302,3,43.56,24.64,102400000,2,44.0,24.23,102400000,2,44.8,23.6,20877986,3,44.66,23.76,27787152,3,44.49,24.81,102400000,2,44.41,24.16,13252983,3,43.76,25.47,12445120,3,43.9,25.25
248029,2026-07-15T00:38:43.005395,cinnamon,22653302,3,43.55,24.68,102400000,2,43.97,24.31,102400000,2,44.75,23.68,20877986,3,44.64,23.79,27787152,3,44.48,24.84,102400000,2,44.38,24.22,13252983,3,43.75,25.45,12445120,3,43.89,25.32
248379,2026-07-15T00:38:43.357851,cinnamon,22653302,3,43.55,24.74,32718922,2,43.96,24.39,102400000,2,44.7,23.77,20877986,3,44.63,23.85,27787152,3,44.47,24.9,36551032,2,44.35,24.31,13252983,3,43.73,25.6,12445120,3,43.88,25.37
248729,2026-07-15T00:38:43.702745,cinnamon,22653302,3,43.54,24.79,32718922,3,43.94,24.45,102400000,2,44.67,23.85,20877986,3,44.62,23.9,27787152,3,44.46,24.95,36551032,3,44.34,24.37,13252983,3,43.72,25.65,12445120,3,43.86,25.4
249079,2026-07-15T00:38:44.059026,cinnamon,22653302,3,43.53,24.82,32718922,3,43.93,24.5,102400000,2,44.64,23.92,20877986,3,44.6,23.93,27787152,3,44.45,24.97,36551032,3,44.32,24.43,13252983,3,43.7,25.67,12445120,3,43.85,25.47
249429,2026-07-15T00:38:44.399958,cinnamon,22653302,3,43.52,24.86,32718922,3,43.91,24.58,102400000,2,44.61,24.0,20877986,3,44.6,23.97,27787152,3,44.43,25.02,36551032,3,44.3,24.49,13252983,3,43.71,25.73,12445120,3,43.84,25.52
249779,2026-07-15T00:38:44.760914,cinnamon,22653302,3,43.51,24.88,32718922,3,43.89,24.62,44028216,2,44.58,24.06,20877986,3,44.58,23.99,27787152,3,44.42,25.03,36551032,3,44.29,24.54,13252983,3,43.69,25.76,12445120,3,43.82,25.53
250129,2026-07-15T00:38:45.108609,cinnamon,22653302,3,43.5,24.92,32718922,3,43.89,24.68,44028216,3,44.57,24.13,20877986,3,44.57,24.06,27787152,3,44.41,25.08,36551032,3,44.28,24.61,13252983,3,43.69,25.79,12445120,3,43.82,25.57
250479,2026-07-15T00:38:45.457774,cinnamon,22653302,3,43.5,24.95,32718922,3,43.89,24.73,44028216,3,44.55,24.19,20877986,3,44.57,24.09,27787152,3,44.41,25.1,36551032,3,44.26,24.63,13252983,3,43.68,25.81,12445120,3,43.81,25.63
250829,2026-07-15T00:38:45.808325,cinnamon,22653302,3,43.49,24.97,32718922,3,43.87,24.77,44028216,3,44.54,24.25,20877986,3,44.55,24.11,27787152,3,44.4,25.15,36551032,3,44.25,24.7,13252983,3,43.67,25.84,12445120,3,43.81,25.66
251179,2026-07-15T00:38:46.146674,cinnamon,22653302,3,43.48,24.98,32718922,3,43.86,24.81,44028216,3,44.52,24.31,20877986,3,44.55,24.14,27787152,3,44.38,25.16,36551032,3,44.24,24.72,13252983,3,43.66,25.86,12445120,3,43.79,25.68
251529,2026-07-15T00:38:46.504352,cinnamon,22653302,3,43.47,25.02,32718922,3,43.85,24.84,44028216,3,44.51,24.37,20877986,3,44.53,24.18,27787152,3,44.38,25.2,36551032,3,44.23,24.78,13252983,3,43.66,25.89,12445120,3,43.78,25.72
251879,2026-07-15T00:38:46.919332,cinnamon,22653302,3,43.47,25.03,32718922,3,43.84,24.88,44028216,3,44.5,24.4,20877986,3,44.53,24.21,27787152,3,44.37,25.21,36551032,3,44.22,24.8,13252983,3,43.66,25.91,12445120,3,43.77,25.68
252229,2026-07-15T00:38:47.207893,cinnamon,22653302,3,43.46,25.06,32718922,3,43.84,24.91,44028216,3,44.49,24.46,20877986,3,44.52,24.22,27787152,3,44.36,25.23,36551032,3,44.21,24.84,13252983,3,43.65,25.92,12445120,3,43.77,25.82
252579,2026-07-15T00:38:47.559377,cinnamon,22653302,3,43.46,25.09,32718922,3,43.83,24.97,44028216,3,44.48,24.49,20877986,3,44.51,24.25,27787152,3,44.36,25.24,36551032,3,44.21,24.86,13252983,3,43.64,25.94,12445120,3,43.76,25.84
252929,2026-07-15T00:38:47.909762,cinnamon,22653302,3,43.45,25.08,32718922,3,43.81,24.98,44028216,3,44.47,24.53,20877986,3,44.51,24.28,27787152,3,44.35,25.28,36551032,3,44.2,24.91,13252983,3,43.63,25.97,12445120,3,43.75,25.84
253279,2026-07-15T00:38:48.258523,cinnamon,22653302,3,43.45,25.11,32718922,3,43.82,25.01,44028216,3,44.46,24.54,20877986,3,44.49,24.28,27787152,3,44.35,25.3,36551032,3,44.2,24.94,13252983,3,43.63,25.98,12445120,3,43.73,25.86
253629,2026-07-15T00:38:48.607554,cinnamon,22653302,3,43.44,25.15,32718922,3,43.8,25.03,44028216,3,44.45,24.61,20877986,3,44.49,24.31,27787152,3,44.34,25.32,36551032,3,44.19,24.96,13252983,3,43.62,26.0,12445120,3,43.73,25.89
253979,2026-07-15T00:38:48.956166,cinnamon,22653302,3,43.43,25.14,32718922,3,43.8,25.06,44028216,3,44.44,24.62,20877986,3,44.48,24.33,27787152,3,44.34,25.33,36551032,3,44.18,24.98,13252983,3,43.62,26.01,12445120,3,43.73,25.9
254329,2026-07-15T00:38:49.311913,cinnamon,22653302,3,43.43,25.16,32718922,3,43.8,25.08,44028216,3,44.43,24.65,20877986,3,44.48,24.33,27787152,3,44.33,25.35,36551032,3,44.18,25.02,13252983,3,43.62,26.03,12445120,3,43.72,25.92
254679,2026-07-15T00:38:49.657720,cinnamon,22653302,3,43.42,25.18,32718922,3,43.78,25.1,44028216,3,44.43,24.68,20877986,3,44.47,24.37,27787152,3,44.33,25.38,36551032,3,44.18,25.04,13252983,3,43.61,26.06,12445120,3,43.71,25.94
255029,2026-07-15T00:38:50.119047,cinnamon,22653302,3,43.42,25.19,32718922,3,43.79,25.13,44028216,3,44.43,24.7,20877986,3,44.47,24.36,27787152,3,44.32,25.37,36551032,3,44.17,25.07,13252983,3,43.61,26.06,12445120,3,43.71,25.95
255379,2026-07-15T00:38:50.354967,cinnamon,22653302,3,43.42,25.21,32718922,3,43.79,25.16,44028216,3,44.42,24.74,20877986,3,44.46,24.4,27787152,3,44.32,25.4,36551032,3,44.17,25.08,13252983,3,43.6,26.09,12445120,3,43.71,25.99
255729,2026-07-15T00:38:50.695821,cinnamon,22653302,3,43.41,25.23,32718922,3,43.78,25.18,44028216,3,44.41,24.76,20877986,3,44.46,24.41,27787152,3,44.32,25.4,36551032,3,44.16,25.12,13252983,3,43.6,26.08,12445120,3,43.7,25.99
256079,2026-07-15T00:38:51.050375,cinnamon,22653302,3,43.41,25.22,32718922,3,43.77,25.19,44028216,3,44.41,24.79,20877986,3,44.45,24.44,27787152,3,44.31,25.44,36551032,3,44.16,25.12,620982,3,43.6,26.11,12445120,3,43.69,25.99
256429,2026-07-15T00:38:51.407962,cinnamon,22653302,3,43.41,25.25,32718922,3,43.77,25.21,44028216,3,44.41,24.8,20877986,3,44.44,24.42,2243154,3,44.31,25.44,36551032,3,44.14,25.13,620982,4,44.0,26.18,12445120,3,43.69,26.01
256779,2026-07-15T00:38:51.746274,cinnamon,22653302,3,43.4,25.26,32718922,3,43.77,25.22,44028216,3,44.4,24.82,20877986,3,44.45,24.46,2243154,4,44.76,25.51,36551032,3,44.14,25.14,620982,4,44.32,26.2,12445120,3,43.68,26.03
257129,2026-07-15T00:38:52.106432,cinnamon,1264978,3,43.4,25.26,32718922,3,43.76,25.22,44028216,3,44.39,24.83,891015,3,44.43,24.47,2243154,4,45.11,25.54,36551032,3,44.14,25.15,620982,4,44.48,26.16,657463,3,43.68,26.04
257479,2026-07-15T00:38:52.456914,cinnamon,1264978,4,43.84,25.34,32718922,3,43.76,25.25,44028216,3,44.39,24.85,891015,4,44.87,24.54,2243154,4,45.28,25.5,36551032,3,44.15,25.18,620982,4,44.57,26.13,657463,4,44.11,26.11
257829,2026-07-15T00:38:52.806901,cinnamon,1264978,4,44.15,25.32,32718922,3,43.76,25.27,44028216,3,44.39,24.86,891015,4,45.2,24.56,2243154,4,45.38,25.46,36551032,3,44.13,25.19,182466,4,44.63,26.08,657463,4,44.43,26.14
258179,2026-07-15T00:38:53.155725,cinnamon,1264978,4,44.28,25.32,32718922,3,43.76,25.27,44028216,3,44.38,24.86,891015,4,45.36,24.54,481995,4,45.46,25.41,36551032,3,44.14,25.2,182466,5,44.68,26.04,657463,4,44.58,26.12
258529,2026-07-15T00:38:53.533736,cinnamon,1264978,4,44.39,25.29,32718922,3,43.75,25.29,44028216,3,44.38,24.89,891015,4,45.45,24.49,481995,5,45.5,25.35,36551032,3,44.14,25.23,182466,5,44.72,25.99,657463,4,44.67,26.07
258879,2026-07-15T00:38:53.857937,cinnamon,295697,4,44.43,25.23,1930709,3,43.76,25.32,44028216,3,44.38,24.92,245328,4,45.53,24.46,481995,5,45.54,25.29,2609748,3,44.14,25.23,182466,5,44.75,25.91,209750,4,44.74,26.03
259229,2026-07-15T00:38:54.206786,cinnamon,295697,5,44.46,25.19,1930709,4,44.19,25.38,44028216,3,44.38,24.91,245328,5,45.57,24.4,481995,5,45.57,25.23,2609748,4,44.58,25.3,182466,5,44.77,25.87,209750,5,44.78,25.97
259579,2026-07-15T00:38:54.564723,cinnamon,295697,5,44.49,25.13,1930709,4,44.51,25.38,44028216,3,44.38,24.94,245328,5,45.61,24.33,481995,5,45.6,25.18,2609748,4,44.91,25.33,200273,5,44.78,25.79,209750,5,44.82,25.93
259929,2026-07-15T00:38:54.902451,cinnamon,295697,5,44.51,25.09,1930709,4,44.66,25.38,44028216,3,44.37,24.94,245328,5,45.64,24.27,507810,5,45.62,25.13,2609748,4,45.08,25.28,200273,6,44.8,25.76,209750,5,44.85,25.87
260279,2026-07-15T00:38:55.256332,cinnamon,295697,5,44.52,25.02,1930709,4,44.76,25.31,4017655,3,44.38,24.96,245328,5,45.66,24.23,507810,6,45.64,25.07,2609748,4,45.18,25.24,200273,6,44.82,25.74,209750,5,44.87,25.81
260629,2026-07-15T00:38:55.606097,cinnamon,315368,5,44.54,24.97,408212,4,44.82,25.25,4017655,4,44.82,25.01,265147,5,45.68,24.19,507810,6,45.66,25.02,608799,4,45.27,25.2,200273,6,44.83,25.68,228265,5,44.9,25.77
260979,2026-07-15T00:38:56.118103,cinnamon,315368,6,44.55,24.93,408212,5,44.87,25.19,4017655,4,45.14,25.03,265147,6,45.7,24.16,507810,6,45.67,24.99,608799,5,45.31,25.15,200273,6,44.84,25.63,228265,6,44.91,25.71
261329,2026-07-15T00:38:56.303638,cinnamon,315368,6,44.56,24.88,408212,5,44.9,25.17,4017655,4,45.31,25.0,265147,6,45.72,24.11,507810,6,45.7,24.91,608799,5,45.35,25.09,200744,6,44.84,25.6,228265,6,44.93,25.67
261679,2026-07-15T00:38:56.656053,cinnamon,315368,6,44.57,24.87,408212,5,44.93,25.1,4017655,4,45.41,24.95,265147,6,45.73,24.06,501101,7,45.96,24.9,608799,5,45.39,25.03,200744,7,45.09,25.61,228265,6,44.94,25.63
262029,2026-07-15T00:38:57.003815,cinnamon,315368,6,44.58,24.82,408212,5,44.96,25.04,662568,4,45.47,24.88,265147,6,45.75,24.03,501101,7,46.17,24.86,608799,5,45.42,24.98,200744,7,45.31,25.56,228265,6,44.96,25.6
262379,2026-07-15T00:38:57.362737,cinnamon,311057,6,44.59,24.8,434727,5,44.99,25.01,662568,5,45.52,24.83,268484,6,45.76,24.0,501101,7,46.3,24.82,644430,5,45.44,24.92,200744,7,45.43,25.53,226298,6,44.96,25.55
262729,2026-07-15T00:38:57.696838,cinnamon,311057,7,44.84,24.78,434727,6,45.01,24.95,662568,5,45.57,24.77,268484,7,46.0,23.98,501101,7,46.4,24.77,644430,6,45.46,24.88,200744,7,45.51,25.48,226298,7,45.22,25.55
263079,2026-07-15T00:38:58.081652,cinnamon,311057,7,45.03,24.77,434727,6,45.02,24.91,662568,5,45.6,24.73,268484,7,46.2,23.97,490304,7,46.45,24.7,644430,6,45.48,24.83,298803,7,45.57,25.43,226298,7,45.42,25.52
263429,2026-07-15T00:38:58.407888,cinnamon,311057,7,45.14,24.72,434727,6,45.03,24.85,662568,5,45.62,24.67,268484,7,46.33,23.93,490304,8,46.51,24.66,644430,6,45.5,24.79,298803,8,45.62,25.37,226298,7,45.54,25.48
263779,2026-07-15T00:38:58.745929,cinnamon,311057,7,45.21,24.68,434727,6,45.05,24.81,683806,5,45.64,24.61,268484,7,46.43,23.88,490304,8,46.55,24.6,644430,6,45.52,24.75,298803,8,45.65,25.3,226298,7,45.63,25.43
264129,2026-07-15T00:38:59.102975,cinnamon,377094,7,45.25,24.61,426844,6,45.07,24.77,683806,6,45.67,24.57,406510,7,46.49,23.84,490304,8,46.58,24.54,636024,6,45.53,24.71,298803,8,45.69,25.25,320701,7,45.69,25.37
264479,2026-07-15T00:38:59.457668,cinnamon,377094,8,45.29,24.59,426844,7,45.32,24.76,683806,6,45.68,24.53,406510,8,46.53,23.79,490304,8,46.6,24.48,636024,7,45.8,24.71,298803,8,45.71,25.18,320701,8,45.73,25.3
264829,2026-07-15T00:38:59.805868,cinnamon,377094,8,45.32,24.51,426844,7,45.54,24.75,683806,6,45.7,24.49,406510,8,46.58,23.7,621547,8,46.64,24.42,636024,7,46.03,24.68,381520,8,45.74,25.15,320701,8,45.77,25.26
265179,2026-07-15T00:39:00.154036,cinnamon,377094,8,45.35,24.47,426844,7,45.67,24.7,683806,6,45.73,24.44,406510,8,46.61,23.66,621547,9,46.66,24.36,636024,7,46.17,24.63,381520,9,45.76,25.07,320701,8,45.8,25.19
265529,2026-07-15T00:39:00.494562,cinnamon,377094,8,45.38,24.43,426844,7,45.76,24.66,677024,6,45.74,24.41,406510,8,46.64,23.59,621547,9,46.68,24.32,636024,7,46.26,24.59,381520,9,45.79,25.04,320701,8,45.83,25.12
265879,2026-07-15T00:39:00.852904,cinnamon,469401,8,45.39,24.37,466833,7,45.82,24.59,677024,7,46.01,24.4,513540,8,46.67,23.55,621547,9,46.71,24.26,647486,7,46.32,24.52,381520,9,45.8,24.97,407968,8,45.86,25.09
266229,2026-07-15T00:39:01.204292,cinnamon,469401,9,45.41,24.33,466833,8,45.87,24.53,677024,7,46.22,24.38,513540,9,46.69,23.52,621547,9,46.72,24.24,647486,8,46.38,24.46,381520,9,45.83,24.95,407968,9,45.88,25.02
266579,2026-07-15T00:39:01.557927,cinnamon,469401,9,45.43,24.29,466833,8,45.91,24.47,677024,7,46.36,24.32,513540,9,46.71,23.47,690725,9,46.75,24.18,647486,8,46.41,24.39,420016,9,45.84,24.89,407968,9,45.91,24.97
266929,2026-07-15T00:39:01.894913,cinnamon,469401,9,45.45,24.24,466833,8,45.94,24.42,677024,7,46.45,24.29,513540,9,46.74,23.41,690725,0,46.75,24.16,647486,8,46.46,24.33,420016,0,45.86,24.86,407968,9,45.93,24.93
267279,2026-07-15T00:39:02.255412,cinnamon,469401,9,45.47,24.22,466833,8,45.96,24.35,549503,7,46.51,24.21,513540,9,46.75,23.36,690725,0,46.78,24.11,647486,8,46.49,24.26,420016,0,45.88,24.83,407968,9,45.94,24.87
267629,2026-07-15T00:39:02.606252,cinnamon,517433,9,45.49,24.18,570155,8,45.99,24.3,549503,8,46.56,24.13,568257,9,46.78,23.34,690725,0,46.79,24.1,825806,8,46.52,24.23,420016,0,45.89,24.81,450208,9,45.96,24.84
267979,2026-07-15T00:39:02.953986,cinnamon,517433,0,45.51,24.14,570155,9,46.01,24.25,549503,8,46.61,24.09,568257,0,46.79,23.29,690725,0,46.81,24.06,825806,9,46.54,24.17,420016,0,45.92,24.77,450208,0,45.98,24.82
268329,2026-07-15T00:39:03.304845,cinnamon,517433,0,45.53,24.12,570155,9,46.03,24.19,549503,8,46.65,24.01,568257,0,46.83,23.27,732213,0,46.82,24.04,825806,9,46.57,24.1,443770,0,45.93,24.7,450208,0,45.99,24.78
268679,2026-07-15T00:39:03.655845,cinnamon,517433,0,45.54,24.09,570155,9,46.06,24.16,549503,8,46.67,23.95,568257,0,46.85,23.23,732213,1,46.12,23.92,825806,9,46.59,24.07,96305656,1,44.77,24.58,450208,0,46.01,24.73
269029,2026-07-15T00:39:04.005777,cinnamon,517433,0,45.56,24.06,570155,9,46.08,24.11,687248,8,46.7,23.91,568257,0,46.86,23.2,102400000,1,45.59,23.88,825806,9,46.61,24.01,96305656,2,44.52,24.58,450208,0,46.03,24.7
269379,2026-07-15T00:39:04.352377,cinnamon,545115,0,45.57,24.01,621547,9,46.1,24.1,687248,9,46.73,23.86,604486,0,46.87,23.23,102400000,2,45.31,23.91,910020,9,46.63,23.97,96305656,2,44.36,24.63,487502,0,46.05,24.67
269729,2026-07-15T00:39:04.705699,cinnamon,545115,1,44.9,23.92,621547,0,46.12,24.04,687248,9,46.75,23.82,604486,1,46.21,23.04,102400000,2,45.16,23.96,910020,0,46.65,23.94,96305656,2,44.26,24.69,487502,1,45.39,24.57
270079,2026-07-15T00:39:05.056822,cinnamon,102400000,1,44.4,23.89,621547,0,46.14,23.99,687248,9,46.78,23.76,102400000,2,45.42,23.05,102400000,2,45.05,24.04,910020,0,46.66,23.9,96305656,2,44.19,24.78,91371208,1,44.88,24.51
270429,2026-07-15T00:39:05.402600,cinnamon,102400000,2,44.17,23.91,621547,0,46.16,23.96,687248,9,46.79,23.74,102400000,2,45.27,23.08,102400000,2,44.96,24.1,910020,0,46.68,23.86,96305656,2,44.14,24.87,91371208,2,44.64,24.55
270779,2026-07-15T00:39:05.851913,cinnamon,102400000,2,44.04,23.97,621547,0,46.17,23.93,760066,9,46.81,23.69,102400000,2,45.18,23.16,102400000,2,44.91,24.19,910020,0,46.69,23.83,96305656,2,44.09,24.93,91371208,2,44.48,24.59
271129,2026-07-15T00:39:06.103930,cinnamon,102400000,2,43.98,24.04,661285,0,46.18,23.89,760066,0,46.84,23.65,102400000,2,45.12,23.21,102400000,2,44.86,24.28,972921,0,46.7,23.8,96305656,2,44.06,25.0,91371208,2,44.38,24.64
271479,2026-07-15T00:39:06.454602,cinnamon,102400000,2,43.94,24.11,661285,1,45.5,23.8,760066,0,46.84,23.6,102400000,2,45.07,23.3,102400000,2,44.82,24.34,972921,1,45.98,23.69,96305656,2,44.04,25.11,91371208,2,44.31,24.73
271829,2026-07-15T00:39:06.806684,cinnamon,102400000,2,43.9,24.2,102400000,1,44.96,23.74,760066,0,46.86,23.6,102400000,2,45.03,23.37,102400000,2,44.8,24.43,102400000,1,45.44,23.65,96305656,2,44.01,25.14,91371208,2,44.26,24.8
272179,2026-07-15T00:39:07.145732,cinnamon,102400000,2,43.88,24.26,102400000,2,44.71,23.74,760066,0,46.86,23.51,102400000,2,44.99,23.44,102400000,2,44.78,24.49,102400000,2,45.14,23.68,11457343,2,44.0,25.23,91371208,2,44.21,24.87
272529,2026-07-15T00:39:07.508361,cinnamon,102400000,2,43.86,24.33,102400000,2,44.55,23.82,807730,0,46.88,23.52,102400000,2,44.97,23.49,24693294,2,44.76,24.57,102400000,2,44.98,23.72,11457343,3,43.98,25.3,91371208,2,44.18,24.96
272879,2026-07-15T00:39:07.855851,cinnamon,102400000,2,43.84,24.45,102400000,2,44.45,23.88,807730,1,46.17,23.4,102400000,2,44.94,23.58,24693294,3,44.74,24.63,102400000,2,44.86,23.79,11457343,3,43.96,25.35,91371208,2,44.15,25.04
273229,2026-07-15T00:39:08.209684,cinnamon,102400000,2,43.83,24.38,102400000,2,44.39,23.95,102400000,1,45.64,23.37,17388166,2,44.93,23.64,24693294,3,44.72,24.69,102400000,2,44.79,23.87,11457343,3,43.95,25.42,91371208,2,44.13,25.1
273579,2026-07-15T00:39:08.548636,cinnamon,20202220,2,43.82,24.5,102400000,2,44.34,24.02,102400000,2,45.37,23.39,17388166,3,44.91,23.69,24693294,3,44.71,24.75,102400000,2,44.73,23.93,11457343,3,43.94,25.47,10853925,2,44.11,25.17
273929,2026-07-15T00:39:08.898845,cinnamon,20202220,3,43.81,24.62,102400000,2,44.29,24.11,102400000,2,45.21,23.46,17388166,3,44.9,23.74,24693294,3,44.69,24.78,102400000,2,44.68,24.02,11457343,3,43.93,25.51,10853925,3,44.09,25.23
274279,2026-07-15T00:39:09.257395,cinnamon,20202220,3,43.79,24.67,102400000,2,44.25,24.18,102400000,2,45.09,23.53,17388166,3,44.89,23.78,24693294,3,44.68,24.84,102400000,2,44.64,24.11,11457343,3,43.92,25.56,10853925,3,44.07,25.28
274629,2026-07-15T00:39:09.602846,cinnamon,20202220,3,43.78,24.7,102400000,2,44.23,24.24,102400000,2,45.02,23.6,17388166,3,44.88,23.81,24693294,3,44.67,24.9,102400000,2,44.6,24.19,11457343,3,43.91,25.6,10853925,3,44.06,25.34
274979,2026-07-15T00:39:09.958815,cinnamon,20202220,3,43.77,24.74,102400000,2,44.21,24.32,102400000,2,44.98,23.69,17388166,3,44.86,23.85,24693294,3,44.66,24.94,102400000,2,44.57,24.25,11457343,3,43.9,25.64,10853925,3,44.04,25.39
275329,2026-07-15T00:39:10.308013,cinnamon,20202220,3,43.77,24.76,28662148,2,44.19,24.37,102400000,2,44.93,23.76,17388166,3,44.85,23.92,24693294,3,44.65,24.98,32792594,2,44.56,24.33,11457343,3,43.89,25.68,10853925,3,44.02,25.45
275679,2026-07-15T00:39:10.658199,cinnamon,20202220,3,43.77,24.79,28662148,3,44.17,24.41,102400000,2,44.9,23.84,17388166,3,44.83,23.94,24693294,3,44.64,25.02,32792594,3,44.52,24.39,11457343,3,43.89,25.7,10853925,3,44.02,25.5
276029,2026-07-15T00:39:11.006757,cinnamon,20202220,3,43.75,24.81,28662148,3,44.15,24.48,102400000,2,44.86,23.91,17388166,3,44.82,23.96,24693294,3,44.63,25.04,32792594,3,44.51,24.44,11457343,3,43.88,25.75,10853925,3,44.01,25.53
276379,2026-07-15T00:39:11.347508,cinnamon,20202220,3,43.75,24.83,28662148,3,44.14,24.52,102400000,2,44.84,23.99,17388166,3,44.8,24.0,24693294,3,44.62,25.08,32792594,3,44.49,24.51,11457343,3,43.86,25.78,10853925,3,43.99,25.57
276729,2026-07-15T00:39:11.706402,cinnamon,20202220,3,43.74,24.88,28662148,3,44.12,24.57,39742876,2,44.81,24.05,17388166,3,44.79,24.0,24693294,3,44.61,25.1,32792594,3,44.48,24.57,11457343,3,43.85,25.8,10853925,3,43.98,25.6
277079,2026-07-15T00:39:12.056774,cinnamon,20202220,3,43.73,24.89,28662148,3,44.12,24.61,39742876,3,44.8,24.12,17388166,3,44.78,24.04,24693294,3,44.6,25.12,32792594,3,44.46,24.6,11457343,3,43.85,25.82,10853925,3,43.98,25.65
277429,2026-07-15T00:39:12.403506,cinnamon,20202220,3,43.71,24.9,28662148,3,44.1,24.65,39742876,3,44.78,24.17,17388166,3,44.78,24.08,24693294,3,44.59,25.15,32792594,3,44.46,24.65,11457343,3,43.84,25.84,10853925,3,43.96,25.66
277779,2026-07-15T00:39:12.756501,cinnamon,20202220,3,43.71,24.92,28662148,3,44.09,24.69,39742876,3,44.76,24.19,17388166,3,44.77,24.09,24693294,3,44.58,25.17,32792594,3,44.44,24.7,11457343,3,43.84,25.86,10853925,3,43.95,25.7
278129,2026-07-15T00:39:13.101133,cinnamon,20202220,3,43.71,24.93,28662148,3,44.08,24.71,39742876,3,44.75,24.26,17388166,3,44.75,24.14,24693294,3,44.58,25.19,32792594,3,44.43,24.75,11457343,3,43.83,25.9,10853925,3,43.95,25.73
278479,2026-07-15T00:39:13.456460,cinnamon,20202220,3,43.71,24.93,28662148,3,44.08,24.75,39742876,3,44.74,24.3,17388166,3,44.75,24.12,24693294,3,44.57,25.23,32792594,3,44.42,24.79,11457343,3,43.82,25.91,10853925,3,43.94,25.75
278829,2026-07-15T00:39:13.806561,cinnamon,20202220,3,43.69,24.95,28662148,3,44.07,24.77,39742876,3,44.72,24.35,17388166,3,44.74,24.15,24693294,3,44.57,25.25,32792594,3,44.41,24.81,11457343,3,43.81,25.94,10853925,3,43.94,25.78
279179,2026-07-15T00:39:14.158275,cinnamon,20202220,3,43.69,24.96,28662148,3,44.06,24.79,39742876,3,44.71,24.39,17388166,3,44.73,24.18,24693294,3,44.56,25.26,32792594,3,44.4,24.84,11457343,3,43.81,25.96,10853925,3,43.93,25.77
279529,2026-07-15T00:39:14.505244,cinnamon,20202220,3,43.68,25.0,28662148,3,44.05,24.83,39742876,3,44.7,24.4,17388166,3,44.73,24.19,24693294,3,44.55,25.27,32792594,3,44.39,24.87,11457343,3,43.81,25.96,10853925,3,43.92,25.84
279879,2026-07-15T00:39:14.849816,cinnamon,20202220,3,43.68,25.01,28662148,3,44.05,24.85,39742876,3,44.7,24.45,17388166,3,44.72,24.21,24693294,3,44.55,25.31,32792594,3,44.39,24.91,11457343,3,43.79,25.99,10853925,3,43.92,25.85
280229,2026-07-15T00:39:15.206839,cinnamon,20202220,3,43.67,25.01,28662148,3,44.04,24.85,39742876,3,44.69,24.48,17388166,3,44.72,24.21,24693294,3,44.53,25.3,32792594,3,44.38,24.92,11457343,3,43.79,26.02,10853925,3,43.91,25.87
280579,2026-07-15T00:39:15.557095,cinnamon,20202220,3,43.66,25.03,28662148,3,44.03,24.88,39742876,3,44.68,24.5,17388166,3,44.71,24.23,24693294,3,44.53,25.32,32792594,3,44.38,24.96,11457343,3,43.79,26.01,10853925,3,43.91,25.93
280929,2026-07-15T00:39:15.907515,cinnamon,20202220,3,43.66,25.04,28662148,3,44.02,24.9,39742876,3,44.67,24.54,17388166,3,44.7,24.25,24693294,3,44.53,25.33,32792594,3,44.37,24.97,11457343,3,43.78,26.02,10853925,3,43.89,25.92
281279,2026-07-15T00:39:16.257090,cinnamon,20202220,3,43.66,25.04,28662148,3,44.02,24.92,39742876,3,44.66,24.55,17388166,3,44.7,24.24,24693294,3,44.52,25.35,32792594,3,44.37,25.0,11457343,3,43.78,26.05,10853925,3,43.88,25.94
281629,2026-07-15T00:39:16.603702,cinnamon,20202220,3,43.65,25.06,28662148,3,44.01,24.94,39742876,3,44.66,24.58,17388166,3,44.69,24.25,24693294,3,44.52,25.35,32792594,3,44.36,25.04,11457343,3,43.77,26.05,10853925,3,43.88,25.96
281979,2026-07-15T00:39:16.958263,cinnamon,20202220,3,43.64,25.05,28662148,3,44.01,24.95,39742876,3,44.66,24.6,17388166,3,44.68,24.28,24693294,3,44.51,25.36,32792594,3,44.35,25.04,11457343,3,43.76,26.09,10853925,3,43.87,25.95
282329,2026-07-15T00:39:17.306368,cinnamon,20202220,3,43.64,25.05,28662148,3,44.01,24.96,39742876,3,44.65,24.62,17388166,3,44.68,24.28,24693294,3,44.51,25.45,32792594,3,44.36,25.21,11457343,3,43.76,26.09,10853925,3,43.87,25.98
282679,2026-07-15T00:39:17.656797,cinnamon,20202220,3,43.63,25.04,28662148,3,44.0,24.94,39742876,3,44.64,24.62,17388166,3,44.67,24.29,1913124,3,44.5,25.4,32792594,3,44.35,25.18,527020,3,43.76,26.1,10853925,3,43.86,26.0
283029,2026-07-15T00:39:18.007675,cinnamon,20202220,3,43.62,25.06,28662148,3,44.0,24.97,39742876,3,44.65,24.64,17388166,3,44.67,24.3,1913124,4,44.95,25.46,32792594,3,44.34,24.96,527020,4,44.17,26.15,10853925,3,43.86,26.01
283379,2026-07-15T00:39:18.356993,cinnamon,20202220,3,43.62,25.05,28662148,3,43.99,24.98,39742876,3,44.63,24.67,17388166,3,44.66,24.31,1913124,4,45.29,25.5,32792594,3,44.33,25.11,527020,4,44.48,26.18,10853925,3,43.86,26.02
283729,2026-07-15T00:39:18.705348,cinnamon,1165623,3,43.62,25.08,28662148,3,43.99,25.0,39742876,3,44.63,24.67,743375,3,44.66,24.31,1913124,4,45.46,25.44,32792594,3,44.33,25.12,527020,4,44.64,26.15,563101,3,43.85,26.02
284079,2026-07-15T00:39:19.056520,cinnamon,1165623,4,44.07,25.12,28662148,3,43.99,24.98,39742876,3,44.63,24.7,743375,4,45.1,24.36,1913124,4,45.57,25.4,32792594,3,44.33,25.14,527020,4,44.74,26.1,563101,4,44.27,26.07
284429,2026-07-15T00:39:19.401675,cinnamon,1165623,4,44.38,25.13,28662148,3,43.98,25.0,39742876,3,44.63,24.71,743375,4,45.42,24.38,444637,4,45.64,25.34,32792594,3,44.33,25.15,169088,4,44.8,26.07,563101,4,44.59,26.1
284779,2026-07-15T00:39:19.755315,cinnamon,1165623,4,44.53,25.1,28662148,3,43.98,24.99,39742876,3,44.62,24.69,743375,4,45.58,24.34,444637,5,45.7,25.29,32792594,3,44.32,25.15,169088,5,44.85,26.0,563101,4,44.74,26.07
285129,2026-07-15T00:39:20.090898,cinnamon,1165623,4,44.61,25.03,28662148,3,43.98,25.0,39742876,3,44.62,24.69,743375,4,45.69,24.3,444637,5,45.73,25.21,32792594,3,44.33,25.16,169088,5,44.88,25.95,563101,4,44.84,26.05
285479,2026-07-15T00:39:20.455246,cinnamon,286033,4,44.67,24.97,28662148,3,43.98,25.0,39742876,3,44.61,24.7,226298,4,45.76,24.25,444637,5,45.76,25.15,2276820,3,44.33,25.16,169088,5,44.9,25.88,194012,4,44.9,25.98
285829,2026-07-15T00:39:20.804176,cinnamon,286033,5,44.7,24.92,1762478,3,43.97,25.0,39742876,3,44.6,24.71,226298,5,45.8,24.19,444637,5,45.79,25.09,2276820,4,44.76,25.22,169088,5,44.92,25.82,194012,5,44.95,25.91
286179,2026-07-15T00:39:21.154571,cinnamon,286033,5,44.72,24.84,1762478,4,44.42,24.99,39742876,3,44.6,24.7,226298,5,45.84,24.12,472979,5,45.8,25.02,2276820,4,45.1,25.22,181689,5,44.94,25.76,194012,5,44.99,25.86
286529,2026-07-15T00:39:21.495588,cinnamon,286033,5,44.74,24.76,1762478,4,44.73,24.87,39742876,3,44.6,24.7,226298,5,45.86,24.05,472979,6,45.83,24.98,2276820,4,45.28,25.2,181689,6,44.96,25.71,194012,5,45.02,25.81
286879,2026-07-15T00:39:21.847046,cinnamon,286033,5,44.75,24.7,1762478,4,44.89,25.1,39742876,3,44.6,24.71,226298,5,45.88,24.0,472979,6,45.84,24.93,2276820,4,45.38,25.16,181689,6,44.98,25.66,194012,5,45.05,25.75
287229,2026-07-15T00:39:22.206682,cinnamon,306862,5,44.77,24.64,1762478,4,45.0,25.08,3676840,3,44.6,24.71,251658,5,45.91,23.94,472979,6,45.86,24.9,565433,4,45.45,25.09,181689,6,44.98,25.61,210008,5,45.07,25.68
287579,2026-07-15T00:39:22.554908,cinnamon,306862,6,44.77,24.6,395214,4,45.06,24.83,3676840,4,45.05,24.76,251658,6,45.92,23.88,472979,6,45.87,24.83,565433,5,45.5,25.03,181689,6,45.0,25.57,210008,6,45.08,25.62
287929,2026-07-15T00:39:22.905144,cinnamon,306862,6,44.78,24.55,395214,5,45.1,24.81,3676840,4,45.38,24.79,251658,6,45.94,23.83,469079,6,45.89,24.79,565433,5,45.55,24.97,181495,6,45.01,25.53,210008,6,45.1,25.59
288279,2026-07-15T00:39:23.249634,cinnamon,306862,6,44.79,24.48,395214,5,45.17,24.67,3676840,4,45.53,24.73,251658,6,45.95,23.79,469079,7,46.13,24.78,565433,5,45.58,24.91,181495,7,45.25,25.52,210008,6,45.11,25.53
288629,2026-07-15T00:39:23.603040,cinnamon,306862,6,44.8,24.46,395214,5,45.19,24.6,3676840,4,45.63,24.68,251658,6,45.96,23.74,469079,7,46.36,24.74,565433,5,45.61,24.85,181495,7,45.46,25.49,210008,6,45.12,25.49
288979,2026-07-15T00:39:23.951336,cinnamon,312195,6,44.81,24.43,423140,5,45.21,24.54,628992,4,45.69,24.61,256384,6,45.97,23.7,469079,7,46.49,24.71,602884,5,45.63,24.79,181495,7,45.58,25.44,212227,6,45.14,25.47
289329,2026-07-15T00:39:24.304691,cinnamon,312195,7,45.05,24.41,423140,6,45.23,24.49,628992,5,45.74,24.56,256384,7,46.22,23.7,469079,7,46.57,24.65,602884,6,45.65,24.73,294168,7,45.73,25.32,212227,7,45.37,25.45
289679,2026-07-15T00:39:24.655099,cinnamon,312195,7,45.25,24.39,423140,6,45.24,24.43,628992,5,45.79,24.5,256384,7,46.43,23.66,482677,7,46.63,24.57,602884,6,45.66,24.69,294168,8,45.78,25.27,212227,7,45.58,25.42
290029,2026-07-15T00:39:25.005816,cinnamon,312195,7,45.36,24.31,423140,6,45.26,24.37,628992,5,45.83,24.44,256384,7,46.55,23.62,482677,8,46.68,24.53,602884,6,45.69,24.65,294168,8,45.81,25.19,212227,7,45.71,25.36
290379,2026-07-15T00:39:25.350780,cinnamon,312195,7,45.42,24.26,423140,6,45.27,24.33,628992,5,45.85,24.38,256384,7,46.64,23.57,482677,8,46.72,24.44,602884,6,45.7,24.6,294168,8,45.85,25.14,212227,7,45.79,25.31
290729,2026-07-15T00:39:25.705061,cinnamon,379189,7,45.48,24.19,424720,6,45.29,24.29,658732,5,45.87,24.29,404823,7,46.7,23.49,482677,8,46.75,24.39,602884,6,45.72,24.55,294168,8,45.87,25.07,316831,7,45.85,25.25
291079,2026-07-15T00:39:26.053696,cinnamon,379189,8,45.51,24.14,424720,7,45.54,24.27,658732,6,45.9,24.27,404823,8,46.75,23.44,482677,8,46.79,24.31,602884,7,45.99,24.55,375435,8,45.9,25.0,316831,8,45.89,25.19
291429,2026-07-15T00:39:26.406907,cinnamon,379189,8,45.53,24.09,424720,7,45.76,24.22,658732,6,45.92,24.21,404823,8,46.79,23.38,612623,8,46.81,24.24,602884,7,46.22,24.51,375435,9,45.93,24.95,316831,8,45.94,25.13
291779,2026-07-15T00:39:26.747729,cinnamon,379189,8,45.56,24.01,424720,7,45.89,24.17,658732,6,45.95,24.15,404823,8,46.82,23.31,612623,9,46.83,24.19,602884,7,46.36,24.46,375435,9,45.95,24.9,316831,8,45.96,25.05
292129,2026-07-15T00:39:27.105841,cinnamon,379189,8,45.58,23.95,424720,7,45.97,24.13,658732,6,45.95,24.09,404823,8,46.85,23.25,612623,9,46.86,24.14,602884,7,46.45,24.39,375435,9,45.98,24.85,316831,8,45.99,25.0
292479,2026-07-15T00:39:27.452538,cinnamon,474953,8,45.61,23.9,471998,7,46.03,24.03,658097,6,45.97,24.07,512000,8,46.88,23.2,612623,9,46.87,24.11,637807,7,46.51,24.33,375435,9,45.98,24.8,408212,8,46.01,24.94
292829,2026-07-15T00:39:27.804983,cinnamon,474953,9,45.63,23.85,471998,8,46.08,23.96,658097,7,46.23,24.05,512000,9,46.9,23.13,612623,9,46.89,24.06,637807,8,46.57,24.27,417448,9,46.02,24.77,408212,9,46.04,24.89
293179,2026-07-15T00:39:28.146286,cinnamon,474953,9,45.65,23.8,471998,8,46.12,23.89,658097,7,46.45,24.02,512000,9,46.92,23.09,681077,9,46.91,24.02,637807,8,46.61,24.19,417448,0,46.02,24.7,408212,9,46.06,24.82
293529,2026-07-15T00:39:28.492186,cinnamon,474953,9,45.66,23.77,471998,8,46.15,23.83,658097,7,46.6,23.97,512000,9,46.95,23.04,681077,0,46.93,23.97,637807,8,46.64,24.12,417448,0,46.04,24.69,408212,9,46.08,24.78
293879,2026-07-15T00:39:28.847050,cinnamon,474953,9,45.68,23.72,471998,8,46.19,23.76,658097,7,46.68,23.91,512000,9,46.97,23.02,681077,0,46.95,23.93,637807,8,46.68,24.08,417448,0,46.06,24.63,408212,9,46.11,24.73
294229,2026-07-15T00:39:29.205553,cinnamon,525802,9,45.7,23.68,577878,8,46.21,23.69,545551,7,46.74,23.84,573027,9,47.0,22.94,681077,0,46.97,23.89,809646,8,46.71,24.0,417448,0,46.07,24.61,454706,9,46.12,24.69
294579,2026-07-15T00:39:29.545354,cinnamon,525802,0,45.72,23.64,577878,9,46.23,23.65,545551,8,46.8,23.77,573027,0,47.01,22.91,681077,0,46.99,23.86,809646,9,46.74,23.97,440051,0,46.09,24.58,454706,0,46.14,24.63
294929,2026-07-15T00:39:29.904242,cinnamon,525802,0,45.73,23.62,577878,9,46.27,23.6,545551,8,46.83,23.71,573027,0,47.04,22.87,733787,0,47.01,23.81,809646,9,46.76,23.9,440051,1,45.43,24.45,454706,0,46.16,24.63
295279,2026-07-15T00:39:30.254716,cinnamon,525802,0,45.75,23.58,577878,9,46.28,23.57,545551,8,46.87,23.64,573027,0,47.05,22.83,733787,1,46.3,23.7,809646,9,46.77,23.83,95255816,1,44.91,24.42,454706,0,46.18,24.58
295629,2026-07-15T00:39:30.605161,cinnamon,525802,0,45.77,23.57,577878,9,46.31,23.52,545551,8,46.9,23.58,573027,0,47.07,22.79,102400000,1,45.76,23.67,809646,9,46.8,23.8,95255816,2,44.67,24.43,454706,0,46.19,24.54
295979,2026-07-15T00:39:30.953426,cinnamon,556673,0,45.79,23.52,636617,9,46.32,23.49,684492,8,46.93,23.53,609886,0,47.1,22.78,102400000,2,45.49,23.68,906395,9,46.82,23.74,95255816,2,44.51,24.46,476944,0,46.21,24.5
296329,2026-07-15T00:39:31.306258,cinnamon,556673,1,45.11,23.41,636617,0,46.34,23.45,684492,9,46.95,23.47,609886,1,46.42,22.67,102400000,2,45.33,23.73,906395,0,46.83,23.69,95255816,2,44.4,24.52,476944,1,45.55,24.39
296679,2026-07-15T00:39:31.664049,cinnamon,102400000,1,44.61,23.39,636617,0,46.36,23.41,684492,9,46.98,23.41,102400000,1,45.9,22.6,102400000,2,45.22,23.8,906395,0,46.85,23.67,95255816,2,44.33,24.6,90145808,1,45.05,24.36
297029,2026-07-15T00:39:32.005717,cinnamon,102400000,2,44.38,23.41,636617,0,46.38,23.41,684492,9,47.0,23.36,102400000,2,45.64,22.53,102400000,2,45.14,23.88,906395,0,46.86,23.62,95255816,2,44.28,24.68,90145808,2,44.8,24.36
297379,2026-07-15T00:39:32.356738,cinnamon,102400000,2,44.25,23.47,636617,0,46.39,23.35,684492,9,47.02,23.32,102400000,2,45.48,22.53,102400000,2,45.08,23.96,906395,0,46.87,23.61,95255816,2,44.24,24.75,90145808,2,44.64,24.4
297729,2026-07-15T00:39:32.706050,cinnamon,102400000,2,44.19,23.54,678370,0,46.39,23.32,761338,9,47.04,23.28,102400000,2,45.31,22.79,102400000,2,45.03,24.03,978499,0,46.88,23.57,95255816,2,44.21,24.83,90145808,2,44.55,24.47
298079,2026-07-15T00:39:33.055689,cinnamon,102400000,2,44.14,23.61,678370,1,45.71,23.24,761338,0,47.05,23.24,102400000,2,45.27,22.88,102400000,2,45.0,24.1,978499,1,46.17,23.46,95255816,2,44.19,24.89,90145808,2,44.46,24.53
298429,2026-07-15T00:39:33.409617,cinnamon,102400000,2,44.11,23.67,102400000,1,45.18,23.17,761338,0,47.06,23.2,102400000,2,45.23,22.94,102400000,2,44.96,24.17,102400000,1,45.61,23.41,95255816,2,44.17,24.96,90145808,2,44.42,24.62
298779,2026-07-15T00:39:33.756449,cinnamon,102400000,2,44.08,23.75,102400000,2,44.91,23.18,761338,0,47.07,23.17,102400000,2,45.2,22.99,102400000,2,44.95,24.24,102400000,2,45.31,23.42,11029283,2,44.15,25.04,90145808,2,44.36,24.67
299129,2026-07-15T00:39:34.150995,cinnamon,102400000,2,44.06,23.81,102400000,2,44.76,23.23,761338,0,47.08,23.12,102400000,2,45.18,23.06,24430942,2,44.93,24.31,102400000,2,45.14,23.48,11029283,3,44.13,25.11,90145808,2,44.34,24.74
299479,2026-07-15T00:39:34.451981,cinnamon,102400000,2,44.06,23.88,102400000,2,44.65,23.3,817891,0,47.09,23.11,102400000,2,45.16,23.12,24430942,3,44.91,24.38,102400000,2,45.03,23.53,11029283,3,44.13,25.16,90145808,2,44.3,24.82
299829,2026-07-15T00:39:34.794274,cinnamon,102400000,2,44.04,23.94,102400000,2,44.59,23.35,817891,1,46.38,23.0,20699936,2,45.14,23.17,24430942,3,44.89,24.43,102400000,2,44.96,23.61,11029283,3,44.11,25.2,90145808,2,44.28,24.9
300179,2026-07-15T00:39:35.152299,cinnamon,24735234,2,44.03,24.0,102400000,2,44.55,23.43,102400000,1,45.85,22.96,20699936,3,45.12,23.21,24430942,3,44.88,24.49,102400000,2,44.9,23.7,11029283,3,44.09,25.25,10580562,2,44.25,24.95
300529,2026-07-15T00:39:35.507513,cinnamon,24735234,3,44.02,24.03,102400000,2,44.51,23.51,102400000,2,45.57,22.99,20699936,3,45.11,23.28,24430942,3,44.87,24.53,102400000,2,44.85,23.77,11029283,3,44.09,25.3,10580562,3,44.25,25.01
300879,2026-07-15T00:39:35.856157,cinnamon,24735234,3,44.01,24.1,102400000,2,44.47,23.59,102400000,2,45.42,23.04,20699936,3,45.1,23.32,24430942,3,44.85,24.58,102400000,2,44.81,23.83,11029283,3,44.07,25.35,10580562,3,44.22,25.08
301229,2026-07-15T00:39:36.192317,cinnamon,24735234,3,44.01,24.14,102400000,2,44.44,23.66,102400000,2,45.31,23.1,20699936,3,45.09,23.35,24430942,3,44.83,24.61,102400000,2,44.78,23.92,11029283,3,44.06,25.4,10580562,3,44.21,25.13
301579,2026-07-15T00:39:36.557658,cinnamon,24735234,3,44.0,24.18,102400000,2,44.42,23.71,102400000,2,45.22,23.19,20699936,3,45.07,23.41,24430942,3,44.83,24.65,102400000,2,44.75,23.98,11029283,3,44.05,25.42,10580562,3,44.2,25.19
301929,2026-07-15T00:39:36.906267,cinnamon,24735234,3,43.99,24.11,34721060,2,44.39,23.79,102400000,2,45.18,23.26,20699936,3,45.06,23.45,24430942,3,44.82,24.69,32379446,2,44.72,24.06,11029283,3,44.04,25.46,10580562,3,44.17,25.22
302279,2026-07-15T00:39:37.255206,cinnamon,24735234,3,43.97,24.22,34721060,3,44.38,23.85,102400000,2,45.14,23.34,20699936,3,45.05,23.47,24430942,3,44.81,24.72,32379446,3,44.69,24.13,11029283,3,44.04,25.48,10580562,3,44.16,25.27
302629,2026-07-15T00:39:37.605892,cinnamon,24735234,3,43.97,24.29,34721060,3,44.37,23.88,102400000,2,45.1,23.4,20699936,3,45.04,23.5,24430942,3,44.8,24.77,32379446,3,44.68,24.18,11029283,3,44.02,25.52,10580562,3,44.15,25.31
302979,2026-07-15T00:39:37.956138,cinnamon,24735234,3,43.95,24.32,34721060,3,44.35,23.95,102400000,2,45.07,23.5,20699936,3,45.02,23.54,24430942,3,44.78,24.78,32379446,3,44.65,24.25,11029283,3,44.01,25.52,10580562,3,44.14,25.33
303329,2026-07-15T00:39:38.306195,cinnamon,24735234,3,43.94,24.35,34721060,3,44.33,24.0,102400000,2,45.04,23.56,20699936,3,45.01,23.57,24430942,3,44.78,24.82,32379446,3,44.65,24.29,11029283,3,44.01,25.56,10580562,3,44.13,25.37
303679,2026-07-15T00:39:38.654917,cinnamon,24735234,3,43.94,24.4,34721060,3,44.32,24.05,42569664,2,45.01,23.63,20699936,3,45.0,23.59,24430942,3,44.77,24.94,32379446,3,44.63,24.33,11029283,3,44.0,25.59,10580562,3,44.12,25.4
304029,2026-07-15T00:39:38.999851,cinnamon,24735234,3,43.93,24.39,34721060,3,44.32,24.09,42569664,3,45.0,23.66,20699936,3,44.99,23.61,24430942,3,44.75,24.88,32379446,3,44.62,24.37,11029283,3,43.99,25.62,10580562,3,44.11,25.44
304379,2026-07-15T00:39:39.354671,cinnamon,24735234,3,43.92,24.42,34721060,3,44.3,24.13,42569664,3,44.98,23.73,20699936,3,44.98,23.63,24430942,3,44.75,24.88,32379446,3,44.61,24.42,11029283,3,43.98,25.64,10580562,3,44.11,25.45
304729,2026-07-15T00:39:39.700743,cinnamon,24735234,3,43.92,24.44,34721060,3,44.29,24.15,42569664,3,44.96,23.79,20699936,3,44.97,23.64,24430942,3,44.74,24.93,32379446,3,44.6,24.45,11029283,3,43.98,25.68,10580562,3,44.1,25.5
305079,2026-07-15T00:39:40.057057,cinnamon,24735234,3,43.91,24.44,34721060,3,44.28,24.19,42569664,3,44.95,23.84,20699936,3,44.96,23.67,24430942,3,44.74,24.93,32379446,3,44.59,24.49,11029283,3,43.97,25.66,10580562,3,44.09,25.52
305429,2026-07-15T00:39:40.405212,cinnamon,24735234,3,43.91,24.48,34721060,3,44.27,24.23,42569664,3,44.94,23.9,20699936,3,44.95,23.69,24430942,3,44.72,24.95,32379446,3,44.58,24.53,11029283,3,43.97,25.68,10580562,3,44.08,25.53
305779,2026-07-15T00:39:40.763226,cinnamon,24735234,3,43.9,24.49,34721060,3,44.28,24.27,42569664,3,44.93,23.94,20699936,3,44.94,23.71,24430942,3,44.73,24.96,32379446,3,44.57,24.57,11029283,3,43.95,25.7,10580562,3,44.07,25.55
306129,2026-07-15T00:39:41.106214,cinnamon,24735234,3,43.89,24.49,34721060,3,44.26,24.3,42569664,3,44.91,23.97,20699936,3,44.93,23.73,24430942,3,44.72,24.98,32379446,3,44.56,24.58,11029283,3,43.95,25.71,10580562,3,44.06,25.58
306479,2026-07-15T00:39:41.452545,cinnamon,24735234,3,43.89,24.52,34721060,3,44.25,24.31,42569664,3,44.9,24.01,20699936,3,44.93,23.76,24430942,3,44.71,25.0,32379446,3,44.56,24.62,11029283,3,43.94,25.72,10580562,3,44.06,25.61
306829,2026-07-15T00:39:41.806372,cinnamon,24735234,3,43.89,24.53,34721060,3,44.24,24.35,42569664,3,44.89,24.03,20699936,3,44.92,23.76,24430942,3,44.71,25.01,32379446,3,44.55,24.63,11029283,3,43.93,25.75,10580562,3,44.04,25.64
307179,2026-07-15T00:39:42.146704,cinnamon,24735234,3,43.88,24.54,34721060,3,44.24,24.37,42569664,3,44.88,24.07,20699936,3,44.91,23.78,24430942,3,44.7,25.01,32379446,3,44.54,24.67,11029283,3,43.93,25.77,10580562,3,44.04,25.65
307529,2026-07-15T00:39:42.506021,cinnamon,24735234,3,43.87,24.56,34721060,3,44.24,24.41,42569664,3,44.88,24.09,20699936,3,44.9,23.79,24430942,3,44.7,25.03,32379446,3,44.54,24.69,11029283,3,43.93,25.78,10580562,3,44.04,25.66
307879,2026-07-15T00:39:42.855792,cinnamon,24735234,3,43.87,24.57,34721060,3,44.23,24.42,42569664,3,44.87,24.13,20699936,3,44.9,23.81,24430942,3,44.69,25.04,32379446,3,44.52,24.72,11029283,3,43.93,25.8,10580562,3,44.03,25.65
308229,2026-07-15T00:39:43.193257,cinnamon,24735234,3,43.86,24.59,34721060,3,44.23,24.45,42569664,3,44.86,24.15,20699936,3,44.9,23.82,24430942,3,44.69,25.08,32379446,3,44.53,24.71,11029283,3,43.92,25.8,10580562,3,44.03,25.67
308579,2026-07-15T00:39:43.555501,cinnamon,24735234,3,43.86,24.61,34721060,3,44.22,24.47,42569664,3,44.85,24.18,20699936,3,44.89,23.83,24430942,3,44.68,25.05,32379446,3,44.51,24.74,11029283,3,43.91,25.8,10580562,3,44.02,25.7
308929,2026-07-15T00:39:43.906973,cinnamon,24735234,3,43.86,24.62,34721060,3,44.21,24.49,42569664,3,44.85,24.2,20699936,3,44.88,23.84,24430942,3,44.68,25.08,32379446,3,44.51,24.76,11029283,3,43.91,25.82,10580562,3,44.02,25.82
309279,2026-07-15T00:39:44.245833,cinnamon,24735234,3,43.85,24.64,34721060,3,44.21,24.51,42569664,3,44.84,24.23,20699936,3,44.87,23.87,1927983,3,44.68,25.1,32379446,3,44.5,24.79,533611,3,43.91,25.71,10580562,3,44.01,25.86
309629,2026-07-15T00:39:44.604873,cinnamon,24735234,3,43.84,24.66,34721060,3,44.2,24.53,42569664,3,44.84,24.24,20699936,3,44.87,23.88,1927983,4,45.12,25.16,32379446,3,44.5,24.8,533611,4,44.63,25.9,10580562,3,44.0,25.76
309979,2026-07-15T00:39:44.954404,cinnamon,24735234,3,43.83,24.66,34721060,3,44.2,24.54,42569664,3,44.83,24.27,20699936,3,44.87,23.9,1927983,4,45.47,25.17,32379446,3,44.5,24.82,533611,4,44.8,25.9,10580562,3,44.0,25.76
310329,2026-07-15T00:39:45.302714,cinnamon,1512555,3,43.83,24.67,34721060,3,44.19,24.56,42569664,3,44.83,24.29,940096,3,44.86,23.92,1927983,4,45.63,25.15,32379446,3,44.49,24.83,533611,4,44.88,25.84,569205,3,43.99,25.77
310679,2026-07-15T00:39:45.655288,cinnamon,1512555,4,44.27,24.74,34721060,3,44.19,24.58,42569664,3,44.82,24.31,940096,4,45.3,23.97,1927983,4,45.75,25.11,32379446,3,44.48,24.84,167265,4,44.95,25.79,569205,4,44.42,25.83
311029,2026-07-15T00:39:46.002860,cinnamon,1512555,4,44.58,24.75,34721060,3,44.19,24.59,42569664,3,44.82,24.33,940096,4,45.62,23.99,450208,4,45.81,25.06,32379446,3,44.49,24.85,167265,5,45.0,25.74,569205,4,44.74,25.85
311379,2026-07-15T00:39:46.340830,cinnamon,1512555,4,44.73,24.74,34721060,3,44.18,24.61,42569664,3,44.81,24.34,940096,4,45.79,23.98,450208,5,45.87,25.01,32379446,3,44.5,24.85,167265,5,45.03,25.68,569205,4,44.89,25.84
311729,2026-07-15T00:39:46.705331,cinnamon,1512555,4,44.82,24.71,34721060,3,44.18,24.63,42569664,3,44.82,24.36,940096,4,45.89,23.94,450208,5,45.91,24.93,32379446,3,44.49,24.88,167265,5,45.05,25.62,569205,4,44.98,25.78
312079,2026-07-15T00:39:47.058006,cinnamon,319800,4,44.87,24.65,34721060,3,44.18,24.64,42569664,3,44.82,24.37,253339,4,45.95,23.89,450208,5,45.94,24.87,32379446,3,44.48,24.9,167265,5,45.07,25.56,195569,4,45.06,25.74
312429,2026-07-15T00:39:47.403847,cinnamon,319800,5,44.9,24.6,2241313,3,44.18,24.67,42569664,3,44.81,24.4,253339,5,46.0,23.85,450208,5,45.96,24.83,2363531,3,44.49,24.9,180154,5,45.09,25.51,195569,5,45.11,25.69
312779,2026-07-15T00:39:47.755932,cinnamon,319800,5,44.93,24.53,2241313,4,44.63,24.72,42569664,3,44.8,24.41,253339,5,46.03,23.78,477611,5,45.99,24.76,2363531,4,44.94,24.96,180154,6,45.11,25.47,195569,5,45.14,25.65
313129,2026-07-15T00:39:48.094622,cinnamon,319800,5,44.95,24.48,2241313,4,44.94,24.74,42569664,3,44.8,24.43,253339,5,46.07,23.76,477611,6,46.0,24.73,2363531,4,45.27,24.96,180154,6,45.12,25.43,195569,5,45.17,25.57
313479,2026-07-15T00:39:48.454570,cinnamon,319800,5,44.96,24.44,2241313,4,45.11,24.73,42569664,3,44.81,24.43,253339,5,46.08,23.7,477611,6,46.02,24.68,2363531,4,45.44,24.97,180154,6,45.14,25.39,195569,5,45.19,25.51
313829,2026-07-15T00:39:48.800225,cinnamon,342246,5,44.97,24.39,2241313,4,45.2,24.7,42569664,3,44.81,24.45,273212,5,46.11,23.66,477611,6,46.03,24.62,2363531,4,45.55,24.92,180154,6,45.15,25.36,212624,5,45.21,25.47
314179,2026-07-15T00:39:49.153844,cinnamon,342246,6,44.98,24.38,440335,4,45.27,24.65,3939408,3,44.81,24.45,273212,6,46.12,23.59,477611,6,46.04,24.58,580334,4,45.62,24.87,180535,6,45.16,25.31,212624,6,45.23,25.41
314529,2026-07-15T00:39:49.503885,cinnamon,342246,6,45.0,24.33,440335,5,45.31,24.6,3939408,4,45.25,24.51,273212,6,46.14,23.56,474953,6,46.05,24.55,580334,5,45.67,24.8,180535,7,45.4,25.32,212624,6,45.24,25.37
314879,2026-07-15T00:39:49.854412,cinnamon,342246,6,45.0,24.29,440335,5,45.35,24.55,3939408,4,45.57,24.52,273212,6,46.14,23.52,474953,7,46.31,24.55,580334,5,45.71,24.73,180535,7,45.61,25.28,212624,6,45.25,25.35
315229,2026-07-15T00:39:50.203730,cinnamon,342246,6,45.01,24.27,440335,5,45.38,24.5,3939408,4,45.73,24.49,273212,6,46.17,23.51,474953,7,46.53,24.53,580334,5,45.75,24.7,180535,7,45.74,25.24,212624,6,45.27,25.29
315579,2026-07-15T00:39:50.550407,cinnamon,342589,6,45.02,24.25,440335,5,45.4,24.44,3939408,4,45.84,24.46,275416,6,46.17,23.47,474953,7,46.65,24.48,580334,5,45.78,24.64,180535,7,45.82,25.18,214765,6,45.28,25.24
315929,2026-07-15T00:39:50.889870,cinnamon,342589,7,45.26,24.25,461469,5,45.42,24.41,654940,4,45.9,24.39,275416,7,46.42,23.44,474953,7,46.74,24.44,616496,5,45.8,24.58,295697,7,45.88,25.14,214765,7,45.52,25.25
316279,2026-07-15T00:39:51.245001,cinnamon,342589,7,45.45,24.22,461469,6,45.43,24.37,654940,5,45.96,24.33,275416,7,46.63,23.45,483018,7,46.8,24.35,616496,6,45.82,24.54,295697,8,45.94,25.07,214765,7,45.73,25.23
316629,2026-07-15T00:39:51.604091,cinnamon,342589,7,45.56,24.18,461469,6,45.46,24.31,654940,5,46.0,24.28,275416,7,46.75,23.41,483018,8,46.85,24.29,616496,6,45.84,24.49,295697,8,45.97,25.02,214765,7,45.85,25.19
316979,2026-07-15T00:39:51.941608,cinnamon,342589,7,45.64,24.15,461469,6,45.47,24.27,654940,5,46.03,24.24,275416,7,46.84,23.36,483018,8,46.89,24.23,616496,6,45.86,24.46,295697,8,46.0,24.95,214765,7,45.94,25.13
317329,2026-07-15T00:39:52.297096,cinnamon,385179,7,45.68,24.1,461469,6,45.48,24.25,654940,5,46.06,24.18,408700,7,46.9,23.31,483018,8,46.92,24.19,616496,6,45.88,24.41,295697,8,46.03,24.91,321305,7,45.99,25.08
317679,2026-07-15T00:39:52.654233,cinnamon,385179,8,45.72,24.05,453800,6,45.51,24.22,680398,5,46.08,24.13,408700,8,46.95,23.25,483018,8,46.95,24.12,617611,6,45.89,24.38,376886,8,46.06,24.84,321305,8,46.04,25.02
318029,2026-07-15T00:39:52.991424,cinnamon,385179,8,45.75,24.01,453800,7,45.77,24.21,680398,6,46.1,24.1,408700,8,47.0,23.22,615939,8,46.97,24.08,617611,7,46.16,24.36,376886,9,46.08,24.78,321305,8,46.08,24.96
318379,2026-07-15T00:39:53.353750,cinnamon,385179,8,45.77,23.96,453800,7,45.98,24.21,680398,6,46.13,24.05,408700,8,47.03,23.18,615939,9,47.0,24.04,617611,7,46.4,24.34,376886,9,46.1,24.75,321305,8,46.11,24.89
318729,2026-07-15T00:39:53.703839,cinnamon,385179,8,45.8,23.9,453800,7,46.1,24.17,680398,6,46.15,24.01,408700,8,47.05,23.13,615939,9,47.02,23.97,617611,7,46.53,24.28,376886,9,46.11,24.7,321305,8,46.14,24.82
319079,2026-07-15T00:39:54.062324,cinnamon,480977,8,45.82,23.86,453800,7,46.19,24.13,680398,6,46.16,23.96,517825,8,47.08,23.07,615939,9,47.04,23.93,617611,7,46.62,24.23,376886,9,46.13,24.66,404823,8,46.16,24.8
319429,2026-07-15T00:39:54.402785,cinnamon,480977,9,45.84,23.83,471998,7,46.26,24.08,671035,6,46.18,23.92,517825,9,47.11,23.01,615939,9,47.06,23.89,640801,7,46.69,24.19,416429,9,46.15,24.61,404823,9,46.18,24.73
319779,2026-07-15T00:39:54.753702,cinnamon,480977,9,45.85,23.8,471998,8,46.3,24.0,671035,7,46.44,23.93,517825,9,47.13,22.99,686557,9,47.09,23.86,640801,8,46.74,24.12,416429,0,46.17,24.57,404823,9,46.21,24.69
320129,2026-07-15T00:39:55.100001,cinnamon,480977,9,45.86,23.77,471998,8,46.34,23.95,671035,7,46.67,23.91,517825,9,47.15,22.93,686557,0,47.1,23.82,640801,8,46.78,24.05,416429,0,46.18,24.54,404823,9,46.23,24.64
320479,2026-07-15T00:39:55.453218,cinnamon,480977,9,45.88,23.72,471998,8,46.38,23.88,671035,7,46.8,23.87,517825,9,47.17,22.91,686557,0,47.12,23.78,640801,8,46.82,23.99,416429,0,46.2,24.52,404823,9,46.25,24.61
320829,2026-07-15T00:39:55.804711,cinnamon,524187,9,45.9,23.71,471998,8,46.4,23.85,671035,7,46.88,23.81,572546,9,47.19,22.89,686557,0,47.14,23.77,640801,8,46.85,23.93,416429,0,46.21,24.47,446966,9,46.27,24.57
321179,2026-07-15T00:39:56.154043,cinnamon,524187,0,45.92,23.67,576414,8,46.43,23.8,552170,7,46.95,23.74,572546,0,47.21,22.84,686557,0,47.16,23.73,810607,8,46.88,23.88,440619,0,46.23,24.43,446966,0,46.3,24.53
321529,2026-07-15T00:39:56.503919,cinnamon,524187,0,45.94,23.62,576414,9,46.46,23.76,552170,8,46.99,23.69,572546,0,47.22,22.8,731428,0,47.18,23.69,810607,9,46.9,23.83,440619,1,45.58,24.33,446966,0,46.31,24.49
321879,2026-07-15T00:39:56.853252,cinnamon,524187,0,45.95,23.61,576414,9,46.48,23.69,552170,8,47.04,23.63,572546,0,47.25,22.77,731428,1,46.47,23.61,810607,9,46.93,23.77,94330336,1,45.06,24.3,446966,0,46.33,24.46
322229,2026-07-15T00:39:57.203784,cinnamon,524187,0,45.97,23.59,576414,9,46.49,23.66,552170,8,47.08,23.58,572546,0,47.27,22.75,102400000,1,45.93,23.55,810607,9,46.95,23.73,94330336,2,44.81,24.3,446966,0,46.35,24.43
322579,2026-07-15T00:39:57.555204,cinnamon,555314,0,45.99,23.56,576414,9,46.52,23.62,552170,8,47.1,23.51,606635,0,47.29,22.73,102400000,2,45.63,23.57,810607,9,46.96,23.68,94330336,2,44.66,24.36,474293,0,46.36,24.41
322929,2026-07-15T00:39:57.904410,cinnamon,555314,1,45.31,23.49,634841,9,46.54,23.58,684492,8,47.14,23.47,606635,1,46.61,22.64,102400000,2,45.49,23.64,908204,9,46.98,23.64,94330336,2,44.56,24.43,474293,1,45.7,24.29
323279,2026-07-15T00:39:58.260847,cinnamon,102400000,1,44.8,23.46,634841,0,46.56,23.53,684492,9,47.16,23.42,102400000,1,46.09,22.57,102400000,2,45.38,23.69,908204,0,47.0,23.59,94330336,2,44.48,24.5,90145808,1,45.19,24.23
323629,2026-07-15T00:39:58.605085,cinnamon,102400000,2,44.57,23.46,634841,0,46.57,23.52,684492,9,47.18,23.36,102400000,2,45.83,22.59,102400000,2,45.3,23.76,908204,0,47.01,23.57,94330336,2,44.42,24.58,90145808,2,44.94,24.27
323979,2026-07-15T00:39:58.954979,cinnamon,102400000,2,44.44,23.5,634841,0,46.59,23.47,684492,9,47.2,23.32,102400000,2,45.67,22.66,102400000,2,45.25,23.86,908204,0,47.02,23.54,94330336,2,44.39,24.64,90145808,2,44.78,24.31
324329,2026-07-15T00:39:59.305965,cinnamon,102400000,2,44.38,23.57,634841,0,46.6,23.46,684492,9,47.23,23.27,102400000,2,45.58,22.72,102400000,2,45.2,23.93,908204,0,47.04,23.5,94330336,2,44.36,24.71,90145808,2,44.67,24.38
324679,2026-07-15T00:39:59.655135,cinnamon,102400000,2,44.33,23.68,668407,0,46.61,23.42,751283,9,47.24,23.24,102400000,2,45.51,22.86,102400000,2,45.16,23.99,972921,0,47.04,23.48,94330336,2,44.34,24.81,90145808,2,44.61,24.44
325029,2026-07-15T00:40:00.005575,cinnamon,102400000,2,44.3,23.76,668407,1,45.91,23.31,751283,0,47.26,23.2,102400000,2,45.42,22.93,102400000,2,45.13,24.0,972921,1,46.33,23.37,94330336,2,44.31,24.88,90145808,2,44.55,24.51
325379,2026-07-15T00:40:00.349597,cinnamon,102400000,2,44.28,23.82,102400000,1,45.38,23.28,751283,0,47.27,23.18,102400000,2,45.4,23.0,23157598,2,45.09,24.23,102400000,1,45.78,23.32,10800264,2,44.29,24.93,90145808,2,44.51,24.6
325729,2026-07-15T00:40:00.705902,cinnamon,102400000,2,44.26,23.88,102400000,2,45.12,23.3,751283,0,47.27,23.14,102400000,2,45.37,23.08,23157598,3,45.08,24.3,102400000,2,45.48,23.34,10800264,3,44.28,25.02,90145808,2,44.48,24.67
326079,2026-07-15T00:40:01.054998,cinnamon,102400000,2,44.25,23.95,102400000,2,44.97,23.32,751283,0,47.28,23.11,102400000,2,45.35,23.13,23157598,3,45.06,24.35,102400000,2,45.3,23.4,10800264,3,44.26,25.05,90145808,2,44.45,24.74
326429,2026-07-15T00:40:01.405358,cinnamon,102400000,2,44.24,24.02,102400000,2,44.85,23.41,805348,0,47.28,23.1,17828074,2,45.33,23.19,23157598,3,45.04,24.42,102400000,2,45.19,23.46,10800264,3,44.25,25.12,90145808,2,44.43,24.82
326779,2026-07-15T00:40:01.749747,cinnamon,21969830,2,44.23,24.08,102400000,2,44.8,23.48,805348,1,46.59,22.99,17828074,3,45.32,23.24,23157598,3,45.03,24.47,102400000,2,45.12,23.54,10800264,3,44.24,25.17,10359785,2,44.41,24.88
327129,2026-07-15T00:40:02.103697,cinnamon,21969830,3,44.22,24.13,102400000,2,44.75,23.57,102400000,1,46.05,22.94,17828074,3,45.31,23.29,23157598,3,45.01,24.52,102400000,2,45.05,23.63,10800264,3,44.23,25.2,10359785,3,44.39,24.95
327479,2026-07-15T00:40:02.443089,cinnamon,21969830,3,44.22,24.17,102400000,2,44.7,23.63,102400000,2,45.77,22.98,17828074,3,45.29,23.35,23157598,3,45.0,24.55,102400000,2,45.0,23.7,10800264,3,44.22,25.26,10359785,3,44.38,25.0
327829,2026-07-15T00:40:02.795459,cinnamon,21969830,3,44.21,24.22,102400000,2,44.68,23.72,102400000,2,45.6,23.03,17828074,3,45.28,23.38,23157598,3,44.99,24.6,102400000,2,44.96,23.79,10800264,3,44.21,25.3,10359785,3,44.34,25.06
328179,2026-07-15T00:40:03.153025,cinnamon,21969830,3,44.2,24.25,102400000,2,44.64,23.77,102400000,2,45.49,23.11,17828074,3,45.27,23.43,23157598,3,44.98,24.63,102400000,2,44.94,23.86,10800264,3,44.2,25.34,10359785,3,44.34,25.09
328529,2026-07-15T00:40:03.504159,cinnamon,21969830,3,44.19,24.28,102400000,2,44.62,23.85,102400000,2,45.42,23.19,17828074,3,45.26,23.48,23157598,3,44.98,24.67,102400000,2,44.91,23.95,10800264,3,44.19,25.38,10359785,3,44.32,25.16
328879,2026-07-15T00:40:03.847546,cinnamon,21969830,3,44.18,24.31,29674440,2,44.6,23.91,102400000,2,45.38,23.26,17828074,3,45.25,23.51,23157598,3,44.97,24.69,31629344,2,44.88,24.0,10800264,3,44.18,25.42,10359785,3,44.32,25.21
329229,2026-07-15T00:40:04.205624,cinnamon,21969830,3,44.17,24.36,29674440,3,44.59,23.95,102400000,2,45.33,23.36,17828074,3,45.25,23.54,23157598,3,44.95,24.74,31629344,3,44.86,24.07,10800264,3,44.17,25.42,10359785,3,44.3,25.25
329579,2026-07-15T00:40:04.550436,cinnamon,21969830,3,44.17,24.36,29674440,3,44.57,24.02,102400000,2,45.29,23.41,17828074,3,45.23,23.57,23157598,3,44.94,24.75,31629344,3,44.84,24.12,10800264,3,44.16,25.46,10359785,3,44.29,25.28
329929,2026-07-15T00:40:04.903876,cinnamon,21969830,3,44.15,24.41,29674440,3,44.55,24.06,102400000,2,45.26,23.49,17828074,3,45.22,23.6,23157598,3,44.94,24.79,31629344,3,44.82,24.16,10800264,3,44.15,25.51,10359785,3,44.28,25.31
330279,2026-07-15T00:40:05.248687,cinnamon,21969830,3,44.15,24.41,29674440,3,44.54,24.1,102400000,2,45.23,23.57,17828074,3,45.21,23.62,23157598,3,44.92,24.81,31629344,3,44.8,24.24,10800264,3,44.15,25.54,10359785,3,44.27,25.33
330629,2026-07-15T00:40:05.605019,cinnamon,21969830,3,44.14,24.43,29674440,3,44.53,24.15,38824644,2,45.2,23.62,17828074,3,45.2,23.63,23157598,3,44.93,24.84,31629344,3,44.79,24.27,10800264,3,44.13,25.56,10359785,3,44.26,25.36
330979,2026-07-15T00:40:05.955080,cinnamon,21969830,3,44.13,24.35,29674440,3,44.51,24.18,38824644,3,45.19,23.68,17828074,3,45.18,23.65,23157598,3,44.91,24.84,31629344,3,44.77,24.34,10800264,3,44.13,25.58,10359785,3,44.25,25.4
331329,2026-07-15T00:40:06.301414,cinnamon,21969830,3,44.12,24.5,29674440,3,44.5,24.21,38824644,3,45.17,23.74,17828074,3,45.18,23.68,23157598,3,44.91,24.87,31629344,3,44.77,24.36,10800264,3,44.12,25.61,10359785,3,44.24,25.44
331679,2026-07-15T00:40:06.651160,cinnamon,21969830,3,44.11,24.49,29674440,3,44.5,24.24,38824644,3,45.15,23.8,17828074,3,45.16,23.67,23157598,3,44.9,24.88,31629344,3,44.75,24.41,10800264,3,44.11,25.62,10359785,3,44.23,25.44
332029,2026-07-15T00:40:07.003098,cinnamon,21969830,3,44.11,24.51,29674440,3,44.49,24.27,38824644,3,45.14,23.83,17828074,3,45.15,23.7,23157598,3,44.89,24.9,31629344,3,44.74,24.43,10800264,3,44.11,25.63,10359785,3,44.23,25.47
332379,2026-07-15T00:40:07.355935,cinnamon,21969830,3,44.1,24.53,29674440,3,44.48,24.3,38824644,3,45.13,23.91,17828074,3,45.15,23.72,23157598,3,44.88,24.93,31629344,3,44.74,24.48,10800264,3,44.1,25.65,10359785,3,44.22,25.5
332729,2026-07-15T00:40:07.705118,cinnamon,21969830,3,44.09,24.53,29674440,3,44.47,24.32,38824644,3,45.12,23.93,17828074,3,45.14,23.73,23157598,3,44.88,24.93,31629344,3,44.72,24.51,10800264,3,44.09,25.66,10359785,3,44.21,25.53
333079,2026-07-15T00:40:08.055009,cinnamon,21969830,3,44.08,24.55,29674440,3,44.46,24.34,38824644,3,45.11,23.96,17828074,3,45.13,23.75,23157598,3,44.87,24.94,31629344,3,44.73,24.53,10800264,3,44.1,25.69,10359785,3,44.21,25.55
333429,2026-07-15T00:40:08.406180,cinnamon,21969830,3,44.09,24.54,29674440,3,44.46,24.35,38824644,3,45.09,23.99,17828074,3,45.13,23.78,23157598,3,44.86,24.97,31629344,3,44.71,24.57,10800264,3,44.09,25.7,10359785,3,44.2,25.56
333779,2026-07-15T00:40:08.740655,cinnamon,21969830,3,44.07,24.55,29674440,3,44.45,24.37,38824644,3,45.09,24.02,17828074,3,45.12,23.78,23157598,3,44.86,24.97,31629344,3,44.7,24.58,10800264,3,44.08,25.71,10359785,3,44.19,25.59
334129,2026-07-15T00:40:09.105273,cinnamon,21969830,3,44.07,24.55,29674440,3,44.44,24.38,38824644,3,45.07,24.05,17828074,3,45.11,23.79,23157598,3,44.85,24.98,31629344,3,44.7,24.62,10800264,3,44.07,25.71,10359785,3,44.18,25.58
334479,2026-07-15T00:40:09.455367,cinnamon,21969830,3,44.06,24.57,29674440,3,44.44,24.4,38824644,3,45.07,24.08,17828074,3,45.1,23.79,23157598,3,44.85,24.99,31629344,3,44.69,24.64,10800264,3,44.07,25.72,10359785,3,44.17,25.61
334829,2026-07-15T00:40:09.801438,cinnamon,21969830,3,44.06,24.57,29674440,3,44.43,24.41,38824644,3,45.07,24.09,17828074,3,45.1,23.8,23157598,3,44.84,24.99,31629344,3,44.68,24.63,10800264,3,44.07,25.72,10359785,3,44.17,25.63
335179,2026-07-15T00:40:10.152031,cinnamon,21969830,3,44.05,24.59,29674440,3,44.43,24.42,38824644,3,45.05,24.11,17828074,3,45.09,23.8,23157598,3,44.84,25.02,31629344,3,44.68,24.67,10800264,3,44.06,25.75,10359785,3,44.16,25.63
335529,2026-07-15T00:40:10.507741,cinnamon,21969830,3,44.05,24.56,29674440,3,44.42,24.43,38824644,3,45.04,24.16,17828074,3,45.09,23.82,23157598,3,44.85,25.02,31629344,3,44.67,24.67,489952,3,44.06,25.77,10359785,3,44.16,25.65
335879,2026-07-15T00:40:10.852059,cinnamon,21969830,3,44.04,24.58,29674440,3,44.42,24.43,38824644,3,45.03,24.15,17828074,3,45.08,23.82,1807989,3,44.83,25.03,31629344,3,44.67,24.7,489952,4,44.47,25.83,10359785,3,44.16,25.66
336229,2026-07-15T00:40:11.200717,cinnamon,21969830,3,44.04,24.6,29674440,3,44.41,24.45,38824644,3,45.03,24.17,17828074,3,45.07,23.84,1807989,4,45.3,25.09,31629344,3,44.66,24.7,489952,4,44.78,25.82,10359785,3,44.15,25.67
336579,2026-07-15T00:40:11.563140,cinnamon,21969830,3,44.03,24.59,29674440,3,44.4,24.47,38824644,3,45.03,24.18,17828074,3,45.07,23.82,1807989,4,45.62,25.11,31629344,3,44.65,24.74,489952,4,44.94,25.81,10359785,3,44.15,25.69
336929,2026-07-15T00:40:11.904264,cinnamon,1294973,3,44.02,24.6,29674440,3,44.4,24.48,38824644,3,45.02,24.21,782725,3,45.06,23.86,1807989,4,45.79,25.07,31629344,3,44.65,24.74,489952,4,45.03,25.77,10359785,3,44.14,25.69
337279,2026-07-15T00:40:12.252170,cinnamon,1294973,4,44.46,24.66,29674440,3,44.39,24.49,38824644,3,45.01,24.21,782725,4,45.49,23.91,1807989,4,45.9,25.01,31629344,3,44.65,24.75,162488,4,45.1,25.73,549061,3,44.14,25.72
337629,2026-07-15T00:40:12.604097,cinnamon,1294973,4,44.78,24.67,29674440,3,44.39,24.48,38824644,3,45.01,24.22,782725,4,45.83,23.91,436115,4,45.98,24.97,31629344,3,44.64,24.78,162488,5,45.15,25.67,549061,4,44.57,25.78
337979,2026-07-15T00:40:12.954799,cinnamon,1294973,4,44.93,24.64,29674440,3,44.38,24.49,38824644,3,45.0,24.24,782725,4,45.99,23.89,436115,5,46.03,24.91,31629344,3,44.64,24.78,162488,5,45.17,25.58,549061,4,44.88,25.8
338329,2026-07-15T00:40:13.302011,cinnamon,1294973,4,45.02,24.58,29674440,3,44.38,24.5,38824644,3,45.0,24.25,782725,4,46.08,23.84,436115,5,46.06,24.85,31629344,3,44.64,24.79,162488,5,45.2,25.53,549061,4,45.14,25.72
338679,2026-07-15T00:40:13.653589,cinnamon,300645,4,45.06,24.53,29674440,3,44.38,24.5,38824644,3,45.0,24.27,232780,4,46.15,23.77,436115,5,46.1,24.78,31629344,3,44.64,24.78,162488,5,45.22,25.48,191616,4,45.21,25.67
339029,2026-07-15T00:40:14.003938,cinnamon,300645,5,45.09,24.45,29674440,3,44.38,24.52,38824644,3,45.0,24.28,232780,5,46.2,23.73,436115,5,46.13,24.73,31629344,3,44.64,24.82,177531,5,45.24,25.43,191616,5,45.25,25.62
339379,2026-07-15T00:40:14.349995,cinnamon,300645,5,45.13,24.42,1898493,3,44.39,24.53,38824644,3,44.99,24.28,232780,5,46.23,23.67,462093,5,46.15,24.66,2224877,3,44.64,24.8,177531,6,45.25,25.38,191616,5,45.28,25.55
339729,2026-07-15T00:40:14.705662,cinnamon,300645,5,45.14,24.35,1898493,4,44.81,24.56,38824644,3,45.0,24.29,232780,5,46.26,23.61,462093,6,46.16,24.62,2224877,4,45.09,24.86,177531,6,45.27,25.33,191616,5,45.31,25.5
340079,2026-07-15T00:40:15.042982,cinnamon,300645,5,45.15,24.3,1898493,4,45.15,24.59,38824644,3,45.0,24.3,232780,5,46.29,23.56,462093,6,46.18,24.57,2224877,4,45.43,24.87,177531,6,45.29,25.28,191616,5,45.33,25.45
340429,2026-07-15T00:40:15.403444,cinnamon,325285,5,45.16,24.25,1898493,4,45.3,24.56,38824644,3,45.0,24.31,256770,5,46.31,23.51,462093,6,46.19,24.52,2224877,4,45.6,24.85,177531,6,45.3,25.24,208596,5,45.35,25.4
340779,2026-07-15T00:40:15.752773,cinnamon,325285,6,45.17,24.22,1898493,4,45.39,24.52,38824644,3,45.0,24.32,256770,6,46.33,23.45,462093,6,46.21,24.47,2224877,4,45.71,24.81,178086,6,45.31,25.21,208596,6,45.37,25.35
341129,2026-07-15T00:40:16.101296,cinnamon,325285,6,45.18,24.17,408945,4,45.46,24.45,3547856,3,45.0,24.32,256770,6,46.34,23.41,460846,6,46.21,24.44,560788,4,45.78,24.77,178086,7,45.54,25.19,208596,6,45.38,25.29
341479,2026-07-15T00:40:16.453348,cinnamon,325285,6,45.19,24.12,408945,5,45.51,24.39,3547856,4,45.45,24.37,256770,6,46.35,23.36,460846,7,46.46,24.44,560788,5,45.83,24.69,178086,7,45.76,25.18,208596,6,45.4,25.23
341829,2026-07-15T00:40:16.802796,cinnamon,325285,6,45.21,24.09,408945,5,45.54,24.33,3547856,4,45.77,24.37,256770,6,46.36,23.34,460846,7,46.68,24.4,560788,5,45.88,24.63,178086,7,45.88,25.12,208596,6,45.41,25.19
342179,2026-07-15T00:40:17.141485,cinnamon,326530,6,45.21,24.06,408945,5,45.57,24.29,3547856,4,45.95,24.33,260493,6,46.37,23.3,460846,7,46.81,24.37,560788,5,45.91,24.58,178086,7,45.98,25.09,211046,6,45.43,25.17
342529,2026-07-15T00:40:17.504204,cinnamon,326530,7,45.45,24.07,408945,5,45.59,24.23,3547856,4,46.04,24.3,260493,7,46.61,23.27,460846,7,46.9,24.3,560788,5,45.94,24.51,293662,7,46.03,25.02,211046,7,45.67,25.14
342879,2026-07-15T00:40:17.852521,cinnamon,326530,7,45.65,24.01,438356,5,45.62,24.18,619292,4,46.11,24.23,260493,7,46.82,23.27,477946,7,46.96,24.24,600234,5,45.96,24.48,293662,8,46.08,24.96,211046,7,45.87,25.13
343229,2026-07-15T00:40:18.194331,cinnamon,326530,7,45.76,23.98,438356,6,45.64,24.12,619292,5,46.16,24.17,260493,7,46.94,23.22,477946,8,47.01,24.19,600234,6,45.98,24.42,293662,8,46.11,24.88,211046,7,46.01,25.09
343579,2026-07-15T00:40:18.553136,cinnamon,326530,7,45.83,23.94,438356,6,45.66,24.09,619292,5,46.2,24.1,260493,7,47.03,23.18,477946,8,47.05,24.14,600234,6,46.0,24.37,293662,8,46.15,24.83,211046,7,46.08,25.01
343929,2026-07-15T00:40:18.891703,cinnamon,384528,7,45.87,23.9,438356,6,45.67,24.05,619292,5,46.23,24.05,407968,7,47.09,23.12,477946,8,47.08,24.07,600234,6,46.02,24.33,293662,8,46.17,24.78,319800,7,46.14,24.98
344279,2026-07-15T00:40:19.249007,cinnamon,384528,8,45.91,23.85,438356,6,45.7,24.0,619292,5,46.25,24.01,407968,8,47.14,23.07,477946,8,47.11,24.02,600234,6,46.04,24.29,376470,8,46.2,24.73,319800,8,46.19,24.9
