timestamp,received_time,label,sensor_0_gas,sensor_0_gas_index,sensor_0_temp,sensor_0_humidity,sensor_1_gas,sensor_1_gas_index,sensor_1_temp,sensor_1_humidity,sensor_2_gas,sensor_2_gas_index,sensor_2_temp,sensor_2_humidity,sensor_3_gas,sensor_3_gas_index,sensor_3_temp,sensor_3_humidity,sensor_4_gas,sensor_4_gas_index,sensor_4_temp,sensor_4_humidity,sensor_5_gas,sensor_5_gas_index,sensor_5_temp,sensor_5_humidity,sensor_6_gas,sensor_6_gas_index,sensor_6_temp,sensor_6_humidity,sensor_7_gas,sensor_7_gas_index,sensor_7_temp,sensor_7_humidity
278478,2026-07-15T15:10:50.211412,corrianderpowder,211832,3,42.13,27.33,167265,3,42.52,27.44,155104,3,42.79,26.88,252777,3,42.81,27.01,444927,3,42.05,28.61,378558,3,41.81,27.95,139395,3,41.25,29.38,211177,3,41.32,28.9
278828,2026-07-15T15:10:50.567716,corrianderpowder,211832,3,42.13,27.37,167265,3,42.51,27.5,155104,3,42.78,26.88,252777,3,42.81,27.04,444927,3,42.04,28.64,378558,3,41.8,28.0,139395,3,41.24,29.39,211177,3,41.32,28.95
279178,2026-07-15T15:10:50.908181,corrianderpowder,211832,3,42.12,27.39,167265,3,42.5,27.52,155104,3,42.77,26.99,252777,3,42.8,27.07,444927,3,42.04,28.68,378558,3,41.8,28.02,139395,3,41.24,29.41,211177,3,41.31,28.95
279528,2026-07-15T15:10:51.267865,corrianderpowder,211832,3,42.11,27.42,167265,3,42.49,27.57,155104,3,42.75,27.09,252777,3,42.79,27.11,444927,3,42.03,28.68,378558,3,41.77,28.06,139395,3,41.23,29.45,211177,3,41.29,29.0
279878,2026-07-15T15:10:51.618128,corrianderpowder,211832,3,42.1,27.43,167265,3,42.49,27.6,155104,3,42.75,27.07,252777,3,42.79,27.12,444927,3,42.02,28.71,378558,3,41.77,28.1,139395,3,41.22,29.46,211177,3,41.29,29.01
280228,2026-07-15T15:10:51.969429,corrianderpowder,211832,3,42.09,27.44,167265,3,42.48,27.61,155104,3,42.74,27.09,252777,3,42.78,27.14,444927,3,42.01,28.73,378558,3,41.77,28.13,139395,3,41.21,29.48,211177,3,41.28,29.02
280578,2026-07-15T15:10:52.319308,corrianderpowder,211832,3,42.08,27.47,167265,3,42.47,27.64,155104,3,42.73,27.15,252777,3,42.77,27.15,444927,3,42.01,28.75,378558,3,41.76,28.14,139395,3,41.2,29.5,211177,3,41.27,29.06
280928,2026-07-15T15:10:52.666312,corrianderpowder,211832,3,42.08,27.48,167265,3,42.47,27.67,155104,3,42.72,27.17,252777,3,42.76,27.07,444927,3,42.01,28.77,378558,3,41.75,28.17,139395,3,41.19,29.51,211177,3,41.26,29.08
281278,2026-07-15T15:10:53.017135,corrianderpowder,211832,3,42.07,27.48,167265,3,42.46,27.69,155104,3,42.7,27.24,252777,3,42.75,27.27,444927,3,42.0,28.79,378558,3,41.75,28.19,139395,3,41.2,29.54,211177,3,41.26,29.1
281628,2026-07-15T15:10:53.358313,corrianderpowder,211832,3,42.06,27.49,167265,3,42.45,27.71,155104,3,42.69,27.27,252777,3,42.74,27.23,444927,3,41.99,28.79,378558,3,41.74,28.21,139395,3,41.2,29.56,211177,3,41.26,29.13
281978,2026-07-15T15:10:53.716340,corrianderpowder,211832,3,42.05,27.52,167265,3,42.44,27.72,155104,3,42.68,27.28,252777,3,42.73,27.25,444927,3,41.99,28.8,378558,3,41.73,28.23,139395,3,41.19,29.57,211177,3,41.26,29.14
282328,2026-07-15T15:10:54.068044,corrianderpowder,211832,3,42.04,27.53,167265,3,42.44,27.75,155104,3,42.67,27.31,252777,3,42.73,27.26,444927,3,41.98,28.83,378558,3,41.73,28.27,139395,3,41.18,29.54,211177,3,41.25,29.18
282678,2026-07-15T15:10:54.419730,corrianderpowder,211832,3,42.05,27.64,167265,3,42.44,27.78,155104,3,42.67,27.33,252777,3,42.72,27.3,444927,3,41.99,28.83,378558,3,41.72,28.28,139395,3,41.17,29.6,211177,3,41.24,29.17
283028,2026-07-15T15:10:54.767224,corrianderpowder,211832,3,42.03,27.5,167265,3,42.43,27.78,155104,3,42.65,27.37,252777,3,42.72,27.3,214091,3,41.98,28.83,378558,3,41.72,28.29,56017,3,41.16,29.6,211177,3,41.24,29.19
283378,2026-07-15T15:10:55.110197,corrianderpowder,211832,3,42.03,27.59,167265,3,42.42,27.8,155104,3,42.65,27.39,252777,3,42.7,27.3,214091,4,42.41,28.89,378558,3,41.72,28.31,56017,4,41.57,29.67,211177,3,41.23,29.2
283728,2026-07-15T15:10:55.464892,corrianderpowder,106444,3,42.02,27.59,167265,3,42.42,27.81,155104,3,42.64,27.4,110297,3,42.7,27.33,214091,4,42.75,28.9,378558,3,41.71,28.33,56017,4,41.87,29.69,211177,3,41.23,29.2
284078,2026-07-15T15:10:55.820310,corrianderpowder,106444,4,42.44,27.67,167265,3,42.41,27.83,155104,3,42.64,27.41,110297,4,43.14,27.38,214091,4,42.91,28.89,378558,3,41.71,28.34,56017,4,42.03,29.67,90172,3,41.22,29.22
284428,2026-07-15T15:10:56.167627,corrianderpowder,106444,4,42.76,27.66,167265,3,42.4,27.83,155104,3,42.63,27.42,110297,4,43.46,27.4,214091,4,43.01,28.83,378558,3,41.71,28.34,56017,4,42.12,29.62,90172,4,41.62,29.27
284778,2026-07-15T15:10:56.513986,corrianderpowder,106444,4,42.91,27.64,167265,3,42.4,27.86,155104,3,42.63,27.42,110297,4,43.62,27.38,103917,4,43.08,28.78,378558,3,41.7,28.36,42524,4,42.19,29.58,90172,4,41.94,29.31
285128,2026-07-15T15:10:56.868541,corrianderpowder,106444,4,42.98,27.57,167265,3,42.39,27.87,155104,3,42.62,27.46,110297,4,43.71,27.34,103917,5,43.13,28.7,378558,3,41.7,28.38,42524,5,42.23,29.5,90172,4,42.09,29.28
285478,2026-07-15T15:10:57.217401,corrianderpowder,62226,4,43.04,27.53,167265,3,42.4,27.89,155104,3,42.62,27.47,65928,4,43.79,27.26,103917,5,43.18,28.63,219459,3,41.7,28.37,42524,5,42.26,29.44,90172,4,42.18,29.24
285828,2026-07-15T15:10:57.567557,corrianderpowder,62226,5,43.07,27.48,95273,3,42.39,27.88,155104,3,42.62,27.47,65928,5,43.83,27.2,103917,5,43.2,28.57,219459,4,42.13,28.45,42524,5,42.29,29.37,58756,4,42.23,29.19
286178,2026-07-15T15:10:57.909687,corrianderpowder,62226,5,43.09,27.41,95273,4,42.82,27.95,155104,3,42.62,27.48,65928,5,43.86,27.14,103917,5,43.23,28.5,219459,4,42.45,28.47,42524,5,42.3,29.31,58756,5,42.28,29.15
286528,2026-07-15T15:10:58.269534,corrianderpowder,62226,5,43.11,27.34,95273,4,43.13,27.96,155104,3,42.62,27.49,65928,5,43.89,27.08,105068,5,43.25,28.44,219459,4,42.62,28.44,43790,5,42.33,29.27,58756,5,42.32,29.06
286878,2026-07-15T15:10:58.618836,corrianderpowder,62226,5,43.12,27.31,95273,4,43.29,27.93,104362,3,42.62,27.5,65928,5,43.91,27.04,105068,6,43.27,28.38,219459,4,42.72,28.39,43790,6,42.34,29.18,58756,5,42.35,28.99
287228,2026-07-15T15:10:58.964013,corrianderpowder,62914,5,43.13,27.24,95273,4,43.38,27.9,104362,4,43.05,27.55,67599,5,43.93,26.96,105068,6,43.29,28.31,114209,4,42.8,28.33,43790,6,42.35,29.14,58756,5,42.37,28.94
287578,2026-07-15T15:10:59.314953,corrianderpowder,62914,6,43.14,27.2,60764,4,43.45,27.84,104362,4,43.37,27.58,67599,6,43.95,26.93,105068,6,43.3,28.26,114209,5,42.85,28.26,43790,6,42.37,29.1,60037,5,42.39,28.88
287928,2026-07-15T15:10:59.664388,corrianderpowder,62914,6,43.15,27.16,60764,5,43.49,27.77,104362,4,43.53,27.54,67599,6,43.96,26.87,105068,6,43.31,28.23,114209,5,42.88,28.25,43790,6,42.38,29.05,60037,6,42.4,28.83
288278,2026-07-15T15:11:00.017204,corrianderpowder,62914,6,43.16,27.1,60764,5,43.52,27.69,104362,4,43.62,27.49,67599,6,43.98,26.81,101265,6,43.33,28.18,114209,5,42.92,28.29,42398,6,42.39,29.02,60037,6,42.42,28.78
288628,2026-07-15T15:11:00.352770,corrianderpowder,62914,6,43.17,27.07,60764,5,43.55,27.65,60037,4,43.69,27.43,67599,6,43.99,26.78,101265,7,43.57,28.15,114209,5,42.94,28.15,42398,7,42.63,29.01,60037,6,42.44,28.73
288978,2026-07-15T15:11:00.716185,corrianderpowder,60206,6,43.18,27.02,60764,5,43.58,27.59,60037,5,43.74,27.35,65272,6,43.99,26.74,101265,7,43.79,28.13,114132,6,42.98,27.97,42398,7,42.84,28.97,60037,6,42.45,28.68
289328,2026-07-15T15:11:01.065155,corrianderpowder,60206,7,43.42,27.03,61112,5,43.59,27.55,60037,5,43.78,27.3,65272,7,44.23,26.73,101265,7,43.92,28.09,114132,6,43.0,27.91,42398,7,42.96,28.93,58594,6,42.46,28.63
289678,2026-07-15T15:11:01.417172,corrianderpowder,60206,7,43.61,27.01,61112,6,43.62,27.47,60037,5,43.82,27.25,65272,7,44.44,26.7,101265,7,44.0,28.03,114132,6,43.02,27.88,42398,7,43.04,28.87,58594,7,42.69,28.65
290028,2026-07-15T15:11:01.765356,corrianderpowder,60206,7,43.71,26.96,61112,6,43.62,27.42,60037,5,43.83,27.16,65272,7,44.57,26.66,212492,7,44.06,27.97,114132,6,43.04,27.82,159900,7,43.1,28.81,58594,7,42.89,28.62
290378,2026-07-15T15:11:02.113070,corrianderpowder,60206,7,43.78,26.91,61112,6,43.64,27.39,58474,5,43.86,27.13,65272,7,44.65,26.61,212492,8,44.12,27.89,108751,6,43.05,27.79,159900,8,43.14,28.74,58594,7,43.02,28.54
290728,2026-07-15T15:11:02.460180,corrianderpowder,179397,7,43.82,26.86,61112,6,43.66,27.33,58474,6,43.87,27.07,208469,7,44.7,26.54,212492,8,44.15,27.84,108751,7,43.31,27.77,159900,8,43.18,28.67,171294,7,43.16,28.45
291078,2026-07-15T15:11:02.816277,corrianderpowder,179397,8,43.87,26.79,58354,6,43.66,27.3,58474,6,43.89,27.02,208469,8,44.75,26.48,212492,8,44.18,27.77,108751,7,43.54,27.76,159900,8,43.21,28.62,171294,8,43.2,28.39
291428,2026-07-15T15:11:03.161579,corrianderpowder,179397,8,43.89,26.73,58354,7,43.93,27.28,58474,6,43.91,26.97,208469,8,44.79,26.43,212492,8,44.21,27.68,108751,7,43.67,27.67,159900,8,43.25,28.53,171294,8,43.24,28.32
291778,2026-07-15T15:11:03.517115,corrianderpowder,179397,8,43.92,26.69,58354,7,44.14,27.26,58474,6,43.93,26.94,208469,8,44.83,26.37,262295,8,44.24,27.64,108751,7,43.76,27.63,194455,8,43.27,28.48,171294,8,43.27,28.26
292128,2026-07-15T15:11:03.865824,corrianderpowder,179397,8,43.94,26.64,58354,7,44.26,27.21,54900,6,43.94,26.88,208469,8,44.86,26.3,262295,9,44.26,27.58,270398,7,43.82,27.58,194455,9,43.29,28.41,171294,8,43.3,28.2
292478,2026-07-15T15:11:04.209334,corrianderpowder,219459,8,43.96,26.58,58354,7,44.35,27.14,54900,7,44.21,26.88,250183,8,44.88,26.26,262295,9,44.29,27.54,270398,8,43.87,27.5,194455,9,43.31,28.37,209235,8,43.32,28.13
292828,2026-07-15T15:11:04.567023,corrianderpowder,219459,9,43.98,26.54,204472,7,44.41,27.1,54900,7,44.42,26.85,250183,9,44.9,26.17,262295,9,44.31,27.46,270398,8,43.92,27.44,194455,9,43.33,28.32,209235,9,43.34,28.09
293178,2026-07-15T15:11:04.919656,corrianderpowder,219459,9,43.99,26.51,204472,8,44.47,27.04,54900,7,44.55,26.81,250183,9,44.93,26.15,262295,9,44.33,27.42,270398,8,43.95,27.36,194455,9,43.35,28.26,209235,9,43.37,28.04
293528,2026-07-15T15:11:05.266967,corrianderpowder,219459,9,44.02,26.47,204472,8,44.5,26.96,54900,7,44.65,26.74,250183,9,44.95,26.09,279247,9,44.34,27.38,270398,8,43.98,27.29,205333,9,43.37,28.21,209235,9,43.39,27.97
293878,2026-07-15T15:11:05.613463,corrianderpowder,219459,9,44.03,26.42,204472,8,44.54,26.89,164842,7,44.7,26.69,250183,9,44.96,26.04,279247,0,44.36,27.32,319800,8,44.0,27.25,205333,0,43.4,28.17,209235,9,43.41,27.94
294228,2026-07-15T15:11:05.967087,corrianderpowder,235024,9,44.04,26.38,204472,8,44.57,26.83,164842,8,44.75,26.59,268907,9,44.98,26.01,279247,0,44.37,27.28,319800,9,44.04,27.19,205333,0,43.42,28.11,220737,9,43.43,27.87
294578,2026-07-15T15:11:06.317259,corrianderpowder,235024,0,44.06,26.35,244976,8,44.59,26.78,164842,8,44.8,26.54,268907,0,45.0,25.99,279247,0,44.39,27.25,319800,9,44.06,27.13,205333,0,43.43,28.08,220737,0,43.44,27.85
294928,2026-07-15T15:11:06.653790,corrianderpowder,235024,0,44.08,26.31,244976,9,44.61,26.73,164842,8,44.83,26.48,268907,0,45.04,25.94,279247,0,44.41,27.21,319800,9,44.08,27.08,205333,0,43.44,28.07,220737,0,43.47,27.8
295278,2026-07-15T15:11:07.010754,corrianderpowder,235024,0,44.1,26.29,244976,9,44.64,26.68,164842,8,44.86,26.44,268907,0,45.06,25.89,288450,0,44.43,27.18,319800,9,44.1,27.02,213422,0,43.46,28.02,220737,0,43.48,27.78
295628,2026-07-15T15:11:07.364505,corrianderpowder,235024,0,44.12,26.25,244976,9,44.65,26.61,196696,8,44.87,26.36,268907,0,45.07,25.86,288450,1,43.74,27.07,335517,9,44.12,26.96,213422,1,42.82,27.92,220737,0,43.49,27.74
295978,2026-07-15T15:11:07.714345,corrianderpowder,240658,0,44.13,26.23,244976,9,44.68,26.59,196696,9,44.91,26.31,279019,0,45.09,25.85,5454061,1,43.23,27.02,335517,0,44.14,26.92,3701762,1,42.32,27.85,229802,0,43.5,27.69
296328,2026-07-15T15:11:08.067637,corrianderpowder,240658,1,43.47,26.12,257545,9,44.7,26.56,196696,9,44.93,26.25,279019,1,44.43,25.73,5454061,2,42.95,27.03,335517,0,44.16,26.89,3701762,2,42.06,27.86,229802,1,42.86,27.57
296678,2026-07-15T15:11:08.418768,corrianderpowder,4017655,1,42.98,26.08,257545,0,44.72,26.46,196696,9,44.96,26.2,6046872,1,43.94,25.69,5454061,2,42.79,27.1,335517,0,44.17,26.85,3701762,2,41.91,27.91,4145749,1,42.38,27.53
297028,2026-07-15T15:11:08.764327,corrianderpowder,4017655,2,42.76,26.11,257545,0,44.73,26.47,196696,9,44.98,26.14,6046872,2,43.67,25.7,5454061,2,42.68,27.14,335517,0,44.18,26.81,3701762,2,41.81,27.97,4145749,2,42.14,27.54
297378,2026-07-15T15:11:09.114752,corrianderpowder,4017655,2,42.64,26.17,257545,0,44.75,26.48,205457,9,44.99,26.13,6046872,2,43.52,25.74,5454061,2,42.61,27.24,342933,0,44.19,26.76,3701762,2,41.75,28.04,4145749,2,41.98,27.59
297728,2026-07-15T15:11:09.467028,corrianderpowder,4017655,2,42.56,26.23,257545,0,44.76,26.38,205457,0,45.0,26.07,6046872,2,43.42,25.79,5454061,2,42.54,27.33,342933,1,43.5,26.63,3701762,2,41.69,28.13,4145749,2,41.89,27.64
298078,2026-07-15T15:11:09.909898,corrianderpowder,4017655,2,42.5,26.32,264941,1,44.06,26.22,205457,0,45.02,26.02,6046872,2,43.34,25.89,5454061,2,42.5,27.43,3877869,1,42.98,26.59,3701762,2,41.65,28.21,4145749,2,41.81,27.73
298428,2026-07-15T15:11:10.153851,corrianderpowder,4017655,2,42.48,26.42,3196878,1,43.58,26.16,205457,0,45.02,26.0,6046872,2,43.3,25.95,5454061,2,42.47,27.51,3877869,2,42.7,26.61,3701762,2,41.63,28.28,4145749,2,41.76,27.8
298778,2026-07-15T15:11:10.517860,corrianderpowder,4017655,2,42.45,26.47,3196878,2,43.32,26.18,205457,0,45.04,25.94,6046872,2,43.26,26.04,5454061,2,42.44,27.59,3877869,2,42.53,26.67,3701762,2,41.6,28.38,4145749,2,41.71,27.88
299128,2026-07-15T15:11:10.857056,corrianderpowder,4017655,2,42.43,26.56,3196878,2,43.17,26.25,210916,0,45.04,25.92,6046872,2,43.23,26.12,5454061,2,42.41,27.66,3877869,2,42.42,26.73,3701762,2,41.57,28.46,4145749,2,41.69,27.96
299478,2026-07-15T15:11:11.217488,corrianderpowder,4017655,2,42.42,26.62,3196878,2,43.08,26.33,210916,1,44.37,25.83,6046872,2,43.21,26.19,449912,2,42.4,27.75,3877869,2,42.34,26.83,140543,2,41.56,28.53,4145749,2,41.65,28.05
299828,2026-07-15T15:11:11.560515,corrianderpowder,4017655,2,42.41,26.69,3196878,2,43.0,26.4,1237462,1,43.86,25.78,6046872,2,43.19,26.26,449912,3,42.38,27.8,3877869,2,42.28,26.89,140543,3,41.54,28.61,4145749,2,41.64,28.1
300178,2026-07-15T15:11:11.917867,corrianderpowder,214091,2,42.4,26.76,3196878,2,42.94,26.48,1237462,2,43.59,25.79,251473,2,43.17,26.33,449912,3,42.36,27.88,3877869,2,42.23,26.99,140543,3,41.53,28.67,211308,2,41.61,28.18
300528,2026-07-15T15:11:12.267305,corrianderpowder,214091,3,42.4,26.81,3196878,2,42.9,26.56,1237462,2,43.43,25.85,251473,3,43.15,26.4,449912,3,42.34,27.98,3877869,2,42.19,27.07,140543,3,41.51,28.73,211308,3,41.6,28.24
300878,2026-07-15T15:11:12.615665,corrianderpowder,214091,3,42.37,26.87,3196878,2,42.86,26.65,1237462,2,43.32,25.95,251473,3,43.14,26.45,449912,3,42.33,28.0,3877869,2,42.16,27.15,140543,3,41.49,28.78,211308,3,41.58,28.33
301228,2026-07-15T15:11:12.970165,corrianderpowder,214091,3,42.37,26.91,3196878,2,42.84,26.73,1237462,2,43.23,26.02,251473,3,43.13,26.51,449912,3,42.3,28.11,3877869,2,42.13,27.24,140543,3,41.48,28.85,211308,3,41.57,28.38
301578,2026-07-15T15:11:13.309518,corrianderpowder,214091,3,42.36,26.96,3196878,2,42.81,26.82,1237462,2,43.18,26.1,251473,3,43.12,26.54,449912,3,42.3,28.14,384962,2,42.1,27.3,140543,3,41.47,28.88,211308,3,41.55,28.43
301928,2026-07-15T15:11:13.668281,corrianderpowder,214091,3,42.35,26.99,169592,2,42.79,26.87,1237462,2,43.13,26.21,251473,3,43.1,26.6,449912,3,42.28,28.17,384962,3,42.07,27.37,140543,3,41.46,28.91,211308,3,41.53,28.46
302278,2026-07-15T15:11:14.013815,corrianderpowder,214091,3,42.34,27.04,169592,3,42.78,26.94,1237462,2,43.09,26.3,251473,3,43.09,26.62,449912,3,42.27,28.23,384962,3,42.06,27.43,140543,3,41.45,28.97,211308,3,41.53,28.53
302628,2026-07-15T15:11:14.367743,corrianderpowder,214091,3,42.33,27.07,169592,3,42.77,26.99,1237462,2,43.07,26.35,251473,3,43.07,26.68,449912,3,42.26,28.26,384962,3,42.05,27.51,140543,3,41.44,29.01,211308,3,41.52,28.58
302978,2026-07-15T15:11:14.719228,corrianderpowder,214091,3,42.32,27.11,169592,3,42.74,27.05,1237462,2,43.04,26.42,251473,3,43.06,26.7,449912,3,42.26,28.31,384962,3,42.03,27.56,140543,3,41.43,29.04,211308,3,41.5,28.63
303328,2026-07-15T15:11:15.069144,corrianderpowder,214091,3,42.32,27.14,169592,3,42.74,27.1,156670,2,43.02,26.52,251473,3,43.05,26.76,449912,3,42.24,28.33,384962,3,42.03,27.62,140543,3,41.42,29.09,211308,3,41.49,28.66
303678,2026-07-15T15:11:15.417210,corrianderpowder,214091,3,42.31,27.15,169592,3,42.73,27.16,156670,3,43.0,26.59,251473,3,43.04,26.79,449912,3,42.24,28.37,384962,3,42.01,27.67,140543,3,41.41,29.12,211308,3,41.49,28.69
304028,2026-07-15T15:11:15.767101,corrianderpowder,214091,3,42.3,27.19,169592,3,42.72,27.23,156670,3,42.98,26.65,251473,3,43.03,26.82,449912,3,42.23,28.39,384962,3,42.0,27.73,140543,3,41.4,29.15,211308,3,41.48,28.74
304378,2026-07-15T15:11:16.112790,corrianderpowder,214091,3,42.3,27.2,169592,3,42.71,27.25,156670,3,42.96,26.7,251473,3,43.01,26.84,449912,3,42.22,28.42,384962,3,42.0,27.77,140543,3,41.4,29.2,211308,3,41.47,28.75
304728,2026-07-15T15:11:16.452611,corrianderpowder,214091,3,42.29,27.23,169592,3,42.7,27.29,156670,3,42.95,26.75,251473,3,43.01,26.87,449912,3,42.21,28.45,384962,3,41.97,27.81,140543,3,41.39,29.23,211308,3,41.46,28.8
305078,2026-07-15T15:11:16.816889,corrianderpowder,214091,3,42.28,27.25,169592,3,42.69,27.32,156670,3,42.94,26.79,251473,3,43.0,26.9,449912,3,42.21,28.46,384962,3,41.97,27.83,140543,3,41.38,29.24,211308,3,41.45,28.84
305428,2026-07-15T15:11:17.156509,corrianderpowder,214091,3,42.27,27.26,169592,3,42.68,27.36,156670,3,42.93,26.87,251473,3,43.0,26.91,449912,3,42.2,28.49,384962,3,41.96,27.88,140543,3,41.38,29.27,211308,3,41.44,28.87
305778,2026-07-15T15:11:17.507112,corrianderpowder,214091,3,42.27,27.28,169592,3,42.67,27.41,156670,3,42.92,26.9,251473,3,42.98,26.93,449912,3,42.2,28.52,384962,3,41.95,27.91,140543,3,41.37,29.3,211308,3,41.44,28.88
306128,2026-07-15T15:11:17.858076,corrianderpowder,214091,3,42.26,27.31,169592,3,42.67,27.43,156670,3,42.9,26.93,251473,3,42.98,26.97,449912,3,42.19,28.53,384962,3,41.94,27.95,140543,3,41.36,29.33,211308,3,41.43,28.91
306478,2026-07-15T15:11:18.216200,corrianderpowder,214091,3,42.25,27.31,169592,3,42.66,27.46,156670,3,42.9,26.98,251473,3,42.97,26.98,449912,3,42.19,28.54,384962,3,41.94,27.99,140543,3,41.35,29.34,211308,3,41.42,28.94
306828,2026-07-15T15:11:18.557103,corrianderpowder,214091,3,42.25,27.34,169592,3,42.65,27.48,156670,3,42.89,27.0,251473,3,42.97,26.99,449912,3,42.19,28.57,384962,3,41.93,28.01,140543,3,41.35,29.37,211308,3,41.42,28.95
307178,2026-07-15T15:11:18.917576,corrianderpowder,214091,3,42.24,27.33,169592,3,42.65,27.5,156670,3,42.89,27.07,251473,3,42.96,27.01,449912,3,42.17,28.58,384962,3,41.92,28.03,140543,3,41.34,29.38,211308,3,41.42,28.98
307528,2026-07-15T15:11:19.263120,corrianderpowder,214091,3,42.23,27.36,169592,3,42.65,27.5,156670,3,42.88,27.07,251473,3,42.96,27.03,449912,3,42.17,28.61,384962,3,41.92,28.06,140543,3,41.35,29.4,211308,3,41.4,29.01
307878,2026-07-15T15:11:19.618045,corrianderpowder,214091,3,42.23,27.38,169592,3,42.64,27.54,156670,3,42.87,27.1,251473,3,42.95,27.03,449912,3,42.16,28.62,384962,3,41.92,28.09,140543,3,41.33,29.42,211308,3,41.4,29.04
308228,2026-07-15T15:11:19.954402,corrianderpowder,214091,3,42.23,27.39,169592,3,42.64,27.56,156670,3,42.86,27.13,251473,3,42.94,27.06,449912,3,42.16,28.63,384962,3,41.91,28.1,140543,3,41.34,29.44,211308,3,41.4,29.05
308578,2026-07-15T15:11:20.311202,corrianderpowder,214091,3,42.22,27.4,169592,3,42.63,27.59,156670,3,42.86,27.15,251473,3,42.94,27.07,449912,3,42.16,28.64,384962,3,41.9,28.11,140543,3,41.33,29.46,211308,3,41.39,29.06
308928,2026-07-15T15:11:20.667283,corrianderpowder,214091,3,42.22,27.41,169592,3,42.63,27.57,156670,3,42.85,27.18,251473,3,42.94,27.1,449912,3,42.15,28.66,384962,3,41.89,28.13,140543,3,41.32,29.46,211308,3,41.39,29.07
309278,2026-07-15T15:11:21.018747,corrianderpowder,214091,3,42.21,27.42,169592,3,42.62,27.63,156670,3,42.85,27.19,251473,3,42.93,27.12,449912,3,42.15,28.68,384962,3,41.89,28.16,140543,3,41.31,29.46,211308,3,41.38,29.09
309628,2026-07-15T15:11:21.366788,corrianderpowder,214091,3,42.21,27.44,169592,3,42.61,27.64,156670,3,42.85,27.22,251473,3,42.92,27.12,215442,3,42.15,28.69,384962,3,41.89,28.18,55579,3,41.31,29.48,211308,3,41.37,29.1
309978,2026-07-15T15:11:21.703621,corrianderpowder,214091,3,42.21,27.44,169592,3,42.61,27.64,156670,3,42.84,27.24,251473,3,42.91,27.01,215442,4,42.59,28.74,384962,3,41.89,28.19,55579,4,41.72,29.56,211308,3,41.37,29.12
310328,2026-07-15T15:11:22.068633,corrianderpowder,214091,3,42.2,27.45,169592,3,42.61,27.67,156670,3,42.83,27.24,109238,3,42.91,27.13,215442,4,42.92,28.75,384962,3,41.89,28.21,55579,4,42.02,29.61,211308,3,41.37,29.14
310678,2026-07-15T15:11:22.416244,corrianderpowder,106444,3,42.2,27.45,169592,3,42.61,27.66,156670,3,42.82,27.28,109238,4,43.35,27.2,215442,4,43.09,28.75,384962,3,41.88,28.24,55579,4,42.19,29.55,90077,3,41.37,29.16
311028,2026-07-15T15:11:22.761950,corrianderpowder,106444,4,42.63,27.52,169592,3,42.6,27.68,156670,3,42.82,27.28,109238,4,43.67,27.23,215442,4,43.19,28.7,384962,3,41.88,28.23,55579,4,42.28,29.5,90077,4,41.77,29.21
311378,2026-07-15T15:11:23.193965,corrianderpowder,106444,4,42.93,27.52,169592,3,42.6,27.69,156670,3,42.82,27.3,109238,4,43.83,27.2,103163,4,43.26,28.63,384962,3,41.88,28.25,42063,4,42.34,29.47,90077,4,42.08,29.25
311728,2026-07-15T15:11:23.465473,corrianderpowder,106444,4,43.08,27.5,169592,3,42.6,27.7,156670,3,42.81,27.29,109238,4,43.93,27.15,103163,5,43.31,28.57,384962,3,41.87,28.26,42063,5,42.37,29.4,90077,4,42.24,29.21
312078,2026-07-15T15:11:23.809723,corrianderpowder,106444,4,43.16,27.49,169592,3,42.6,27.7,156670,3,42.81,27.32,64875,4,44.0,27.09,103163,5,43.35,28.49,220167,3,41.88,28.27,42063,5,42.41,29.35,90077,4,42.33,29.18
312428,2026-07-15T15:11:24.164985,corrianderpowder,61597,4,43.22,27.38,95540,3,42.59,27.73,156670,3,42.82,27.35,64875,5,44.04,27.04,103163,5,43.38,28.42,220167,4,42.31,28.33,42063,5,42.44,29.28,58115,4,42.39,29.13
312778,2026-07-15T15:11:24.525866,corrianderpowder,61597,5,43.27,27.27,95540,4,43.03,27.78,156670,3,42.82,27.34,64875,5,44.08,26.99,103163,5,43.4,28.38,220167,4,42.64,28.35,42063,5,42.46,29.22,58115,5,42.43,29.08
313128,2026-07-15T15:11:24.865992,corrianderpowder,61597,5,43.29,27.2,95540,4,43.34,27.79,156670,3,42.81,27.35,64875,5,44.11,26.92,104298,5,43.43,28.3,220167,4,42.8,28.33,43835,5,42.48,29.15,58115,5,42.48,29.0
313478,2026-07-15T15:11:25.212878,corrianderpowder,61597,5,43.3,27.15,95540,4,43.5,27.77,156670,3,42.82,27.38,64875,5,44.13,26.86,104298,6,43.45,28.24,220167,4,42.91,28.29,43835,6,42.5,29.09,58115,5,42.51,28.94
313828,2026-07-15T15:11:25.566313,corrianderpowder,62822,5,43.32,27.11,95540,4,43.6,27.71,106180,3,42.82,27.37,66910,5,44.15,26.81,104298,6,43.46,28.18,114209,4,42.98,28.24,43835,6,42.5,29.03,58115,5,42.53,28.88
314178,2026-07-15T15:11:25.916745,corrianderpowder,62822,6,43.32,27.05,60850,4,43.66,27.66,106180,4,43.25,27.43,66910,6,44.17,26.74,104298,6,43.48,28.13,114209,5,43.03,28.17,43835,6,42.52,28.98,59869,5,42.55,28.82
314528,2026-07-15T15:11:26.265231,corrianderpowder,62822,6,43.34,27.0,60850,5,43.71,27.6,106180,4,43.56,27.45,66910,6,44.18,26.7,104298,6,43.49,28.1,114209,5,43.07,28.1,43835,6,42.53,28.94,59869,6,42.56,28.77
314878,2026-07-15T15:11:26.616652,corrianderpowder,62822,6,43.35,26.98,60850,5,43.74,27.54,106180,4,43.73,27.4,66910,6,44.2,26.64,102053,6,43.5,28.05,114209,5,43.1,28.03,42398,6,42.55,28.9,59869,6,42.58,28.72
315228,2026-07-15T15:11:26.957868,corrianderpowder,62822,6,43.36,26.92,60850,5,43.77,27.46,106180,4,43.83,27.35,66910,6,44.21,26.61,102053,7,43.75,28.03,114209,5,43.13,27.98,42398,7,42.79,28.88,59869,6,42.6,28.68
315578,2026-07-15T15:11:27.304768,corrianderpowder,60377,6,43.37,26.89,60850,5,43.79,27.39,60721,4,43.9,27.3,64581,6,44.22,26.56,102053,7,43.97,27.99,114438,5,43.15,27.94,42398,7,43.0,28.85,59869,6,42.61,28.62
315928,2026-07-15T15:11:27.660867,corrianderpowder,60377,7,43.6,26.88,61200,5,43.81,27.34,60721,5,43.95,27.22,64581,7,44.47,26.54,102053,7,44.1,27.95,114438,6,43.17,27.87,42398,7,43.12,28.82,57879,6,42.62,28.59
316278,2026-07-15T15:11:28.016262,corrianderpowder,60377,7,43.8,26.86,61200,6,43.84,27.28,60721,5,44.0,27.16,64581,7,44.67,26.53,102053,7,44.18,27.88,114438,6,43.18,27.81,42398,7,43.19,28.76,57879,7,42.85,28.57
316628,2026-07-15T15:11:28.374401,corrianderpowder,60377,7,43.91,26.81,61200,6,43.85,27.24,60721,5,44.02,27.09,64581,7,44.8,26.48,212492,7,44.24,27.82,114438,6,43.21,27.76,158563,7,43.26,28.68,57879,7,43.05,28.55
316978,2026-07-15T15:11:28.709542,corrianderpowder,60377,7,43.97,26.76,61200,6,43.88,27.2,60721,5,44.04,27.02,64581,7,44.88,26.42,212492,8,44.29,27.74,114438,6,43.21,27.7,158563,8,43.31,28.62,57879,7,43.18,28.5
317328,2026-07-15T15:11:29.057651,corrianderpowder,179397,7,44.02,26.7,61200,6,43.89,27.13,59081,5,44.08,26.99,206326,7,44.94,26.35,212492,8,44.32,27.67,109589,6,43.24,27.68,158563,8,43.34,28.53,57879,7,43.26,28.44
317678,2026-07-15T15:11:29.417026,corrianderpowder,179397,8,44.06,26.65,58314,6,43.9,27.09,59081,6,44.09,26.92,206326,8,44.99,26.29,212492,8,44.36,27.61,109589,7,43.5,27.67,158563,8,43.37,28.47,169930,7,43.31,28.39
318028,2026-07-15T15:11:29.756863,corrianderpowder,179397,8,44.08,26.58,58314,7,44.16,27.09,59081,6,44.12,26.88,206326,8,45.03,26.24,212492,8,44.39,27.54,109589,7,43.73,27.63,158563,8,43.41,28.41,169930,8,43.36,28.31
318378,2026-07-15T15:11:30.114166,corrianderpowder,179397,8,44.11,26.53,58314,7,44.38,27.07,59081,6,44.13,26.82,206326,8,45.07,26.17,261892,8,44.43,27.49,109589,7,43.86,27.59,191401,8,43.44,28.36,169930,8,43.4,28.25
318728,2026-07-15T15:11:30.466488,corrianderpowder,179397,8,44.13,26.48,58314,7,44.52,27.01,59081,6,44.15,26.78,206326,8,45.09,26.12,261892,9,44.45,27.42,109589,7,43.95,27.52,191401,9,43.46,28.3,169930,8,43.42,28.18
319078,2026-07-15T15:11:30.801683,corrianderpowder,219459,8,44.15,26.43,58314,7,44.59,26.94,55761,6,44.17,26.75,247462,8,45.12,26.06,261892,9,44.47,27.36,270613,7,44.01,27.45,191401,9,43.48,28.24,169930,8,43.46,28.12
319428,2026-07-15T15:11:31.165396,corrianderpowder,219459,9,44.17,26.37,203376,7,44.65,26.87,55761,7,44.42,26.72,247462,9,45.15,25.99,261892,9,44.49,27.3,270613,8,44.06,27.38,191401,9,43.5,28.18,206952,8,43.48,28.14
319778,2026-07-15T15:11:31.516804,corrianderpowder,219459,9,44.19,26.34,203376,8,44.7,26.82,55761,7,44.65,26.69,247462,9,45.17,25.97,261892,9,44.5,27.25,270613,8,44.12,27.31,191401,9,43.51,28.13,206952,9,43.52,27.96
320128,2026-07-15T15:11:31.859725,corrianderpowder,219459,9,44.21,26.29,203376,8,44.74,26.74,55761,7,44.77,26.64,247462,9,45.21,25.89,278563,9,44.53,27.22,270613,8,44.15,27.24,205829,9,43.54,28.08,206952,9,43.54,27.89
320478,2026-07-15T15:11:32.216613,corrianderpowder,219459,9,44.23,26.25,203376,8,44.77,26.68,55761,7,44.86,26.57,247462,9,45.21,25.85,278563,0,44.55,27.17,270613,8,44.18,27.19,205829,0,43.55,28.04,206952,9,43.57,27.85
320828,2026-07-15T15:11:32.556258,corrianderpowder,233576,9,44.25,26.21,203376,8,44.8,26.61,164842,7,44.93,26.51,266805,9,45.23,25.8,278563,0,44.57,27.12,319800,8,44.22,27.12,205829,0,43.57,28.01,220880,9,43.59,27.81
321178,2026-07-15T15:11:32.916956,corrianderpowder,233576,0,44.26,26.17,242366,8,44.83,26.55,164842,8,44.98,26.45,266805,0,45.26,25.76,278563,0,44.58,27.09,319800,9,44.23,27.05,205829,0,43.59,27.93,220880,0,43.6,27.78
321528,2026-07-15T15:11:33.266340,corrianderpowder,233576,0,44.28,26.14,242366,9,44.86,26.49,164842,8,45.01,26.37,266805,0,45.28,25.72,278563,0,44.6,27.04,319800,9,44.26,26.99,205829,0,43.6,27.91,220880,0,43.62,27.73
321878,2026-07-15T15:11:33.605530,corrianderpowder,233576,0,44.31,26.12,242366,9,44.88,26.44,164842,8,45.06,26.31,266805,0,45.3,25.68,286513,0,44.61,27.01,319800,9,44.28,26.92,211701,0,43.62,27.86,220880,0,43.64,27.68
322228,2026-07-15T15:11:33.962684,corrianderpowder,233576,0,44.32,26.06,242366,9,44.9,26.38,164842,8,45.09,26.25,266805,0,45.31,25.63,286513,1,43.93,26.89,319800,9,44.31,26.9,211701,1,42.98,27.74,220880,0,43.66,27.66
322578,2026-07-15T15:11:34.306630,corrianderpowder,240150,0,44.34,26.06,242366,9,44.92,26.33,196582,8,45.12,26.18,274751,0,45.34,25.63,5537005,1,43.41,26.84,336178,9,44.32,26.84,3762976,1,42.49,27.69,227656,0,43.67,27.6
322928,2026-07-15T15:11:34.666787,corrianderpowder,240150,1,43.67,25.95,256192,9,44.94,26.27,196582,9,45.15,26.12,274751,1,44.68,25.51,5537005,2,43.13,26.85,336178,0,44.34,26.79,3762976,2,42.23,27.71,227656,1,43.02,27.49
323278,2026-07-15T15:11:35.016522,corrianderpowder,4145749,1,43.2,25.91,256192,0,44.96,26.23,196582,9,45.17,26.06,6053574,1,44.18,25.47,5537005,2,42.98,26.92,336178,0,44.35,26.76,3762976,2,42.07,27.75,4242361,1,42.55,27.43
323628,2026-07-15T15:11:35.363076,corrianderpowder,4145749,2,42.96,25.93,256192,0,44.99,26.2,196582,9,45.18,26.02,6053574,2,43.93,25.46,5537005,2,42.87,26.98,336178,0,44.36,26.71,3762976,2,41.97,27.81,4242361,2,42.3,27.45
323978,2026-07-15T15:11:35.715428,corrianderpowder,4145749,2,42.84,25.97,256192,0,45.01,26.18,196582,9,45.2,25.96,6053574,2,43.77,25.54,5537005,2,42.79,27.05,336178,0,44.38,26.68,3762976,2,41.91,27.9,4242361,2,42.15,27.51
324328,2026-07-15T15:11:36.055668,corrianderpowder,4145749,2,42.76,26.04,256192,0,45.01,26.12,207961,9,45.23,25.93,6053574,2,43.67,25.59,5537005,2,42.69,27.23,347118,0,44.39,26.63,3762976,2,41.85,27.96,4242361,2,42.05,27.55
324678,2026-07-15T15:11:36.414764,corrianderpowder,4145749,2,42.72,26.13,263306,0,45.02,26.07,207961,0,45.24,25.89,6053574,2,43.6,25.66,5537005,2,42.66,27.32,347118,1,43.7,26.52,3762976,2,41.81,28.04,4242361,2,41.98,27.62
325028,2026-07-15T15:11:36.767902,corrianderpowder,4145749,2,42.69,26.23,263306,1,44.33,25.97,207961,0,45.25,25.84,6053574,2,43.55,25.72,5537005,2,42.63,27.4,4020613,1,43.17,26.47,3762976,2,41.78,28.14,4242361,2,41.93,27.7
325378,2026-07-15T15:11:37.107827,corrianderpowder,4145749,2,42.67,26.28,3303225,1,43.83,25.92,207961,0,45.27,25.81,6053574,2,43.51,25.8,5537005,2,42.61,27.46,4020613,2,42.89,26.47,3762976,2,41.75,28.21,4242361,2,41.89,27.79
325728,2026-07-15T15:11:37.462285,corrianderpowder,4145749,2,42.65,26.37,3303225,2,43.58,25.93,207961,0,45.27,25.77,6053574,2,43.49,25.88,454404,2,42.58,27.55,4020613,2,42.72,26.54,3762976,2,41.74,28.31,4242361,2,41.85,27.88
326078,2026-07-15T15:11:37.816376,corrianderpowder,4145749,2,42.64,26.43,3303225,2,43.42,25.99,213288,0,45.29,25.72,6053574,2,43.46,25.95,454404,3,42.56,27.61,4020613,2,42.6,26.58,142538,2,41.72,28.34,4242361,2,41.82,27.94
326428,2026-07-15T15:11:38.166955,corrianderpowder,4145749,2,42.63,26.49,3303225,2,43.31,26.06,213288,1,44.59,25.62,6053574,2,43.44,26.02,454404,3,42.55,27.68,4020613,2,42.53,26.67,142538,3,41.7,28.44,4242361,2,41.79,28.01
326778,2026-07-15T15:11:38.503111,corrianderpowder,218197,2,42.62,26.56,3303225,2,43.25,26.13,1313662,1,44.09,25.59,253339,2,43.43,26.08,454404,3,42.54,27.75,4020613,2,42.46,26.77,142538,3,41.69,28.49,216124,2,41.78,28.07
327128,2026-07-15T15:11:38.864334,corrianderpowder,218197,3,42.61,26.6,3303225,2,43.2,26.22,1313662,2,43.81,25.62,253339,3,43.42,26.14,454404,3,42.51,27.81,4020613,2,42.42,26.83,142538,3,41.67,28.56,216124,3,41.76,28.15
327478,2026-07-15T15:11:39.214533,corrianderpowder,218197,3,42.6,26.66,3303225,2,43.16,26.31,1313662,2,43.66,25.67,253339,3,43.41,26.21,454404,3,42.51,27.86,4020613,2,42.38,26.94,142538,3,41.66,28.62,216124,3,41.74,28.21
327828,2026-07-15T15:11:39.562603,corrianderpowder,218197,3,42.6,26.69,3303225,2,43.12,26.4,1313662,2,43.54,25.75,253339,3,43.39,26.24,454404,3,42.5,27.9,4020613,2,42.35,27.01,142538,3,41.66,28.67,216124,3,41.73,28.28
328178,2026-07-15T15:11:39.916614,corrianderpowder,218197,3,42.59,26.75,3303225,2,43.1,26.47,1313662,2,43.48,25.84,253339,3,43.38,26.32,454404,3,42.48,27.94,4020613,2,42.33,27.09,142538,3,41.64,28.71,216124,3,41.72,28.34
328528,2026-07-15T15:11:40.267427,corrianderpowder,218197,3,42.59,26.78,3303225,2,43.07,26.53,1313662,2,43.41,25.9,253339,3,43.36,26.38,454404,3,42.47,27.98,392487,2,42.3,27.15,142538,3,41.63,28.75,216124,3,41.71,28.37
328878,2026-07-15T15:11:40.617411,corrianderpowder,218197,3,42.58,26.82,171294,2,43.05,26.6,1313662,2,43.37,26.01,253339,3,43.36,26.39,454404,3,42.46,28.03,392487,3,42.28,27.23,142538,3,41.62,28.79,216124,3,41.69,28.42
329228,2026-07-15T15:11:40.964416,corrianderpowder,218197,3,42.57,26.85,171294,3,43.04,26.66,1313662,2,43.33,26.1,253339,3,43.34,26.42,454404,3,42.46,28.08,392487,3,42.27,27.32,142538,3,41.61,28.87,216124,3,41.68,28.49
329578,2026-07-15T15:11:41.308958,corrianderpowder,218197,3,42.56,26.88,171294,3,43.02,26.72,1313662,2,43.3,26.17,253339,3,43.33,26.46,454404,3,42.45,28.1,392487,3,42.24,27.35,142538,3,41.59,28.91,216124,3,41.68,28.53
329928,2026-07-15T15:11:41.667379,corrianderpowder,218197,3,42.56,26.91,171294,3,43.01,26.79,1313662,2,43.28,26.23,253339,3,43.33,26.49,454404,3,42.43,28.12,392487,3,42.23,27.4,142538,3,41.59,28.95,216124,3,41.66,28.56
330278,2026-07-15T15:11:42.016293,corrianderpowder,218197,3,42.54,26.93,171294,3,42.99,26.84,161565,2,43.24,26.3,253339,3,43.32,26.52,454404,3,42.43,28.15,392487,3,42.22,27.47,142538,3,41.57,28.97,216124,3,41.65,28.59
330628,2026-07-15T15:11:42.365786,corrianderpowder,218197,3,42.54,26.96,171294,3,42.98,26.88,161565,3,43.23,26.37,253339,3,43.3,26.55,454404,3,42.42,28.18,392487,3,42.2,27.52,142538,3,41.57,29.01,216124,3,41.64,28.62
330978,2026-07-15T15:11:42.703623,corrianderpowder,218197,3,42.53,26.96,171294,3,42.97,26.94,161565,3,43.22,26.43,253339,3,43.3,26.57,454404,3,42.41,28.21,392487,3,42.2,27.56,142538,3,41.57,29.02,216124,3,41.63,28.67
331328,2026-07-15T15:11:43.066061,corrianderpowder,218197,3,42.52,26.99,171294,3,42.96,26.97,161565,3,43.21,26.5,253339,3,43.29,26.61,454404,3,42.4,28.24,392487,3,42.18,27.62,142538,3,41.56,29.03,216124,3,41.63,28.7
331678,2026-07-15T15:11:43.416361,corrianderpowder,218197,3,42.52,27.01,171294,3,42.96,27.01,161565,3,43.19,26.55,253339,3,43.28,26.62,454404,3,42.4,28.26,392487,3,42.17,27.66,142538,3,41.55,29.08,216124,3,41.61,28.72
332028,2026-07-15T15:11:43.764180,corrianderpowder,218197,3,42.51,27.05,171294,3,42.95,27.06,161565,3,43.18,26.61,253339,3,43.27,26.65,454404,3,42.39,28.28,392487,3,42.16,27.69,142538,3,41.55,29.09,216124,3,41.61,28.75
332378,2026-07-15T15:11:44.116240,corrianderpowder,218197,3,42.5,27.04,171294,3,42.94,27.09,161565,3,43.17,26.64,253339,3,43.27,26.67,454404,3,42.39,28.31,392487,3,42.16,27.74,142538,3,41.54,29.1,216124,3,41.61,28.79
332728,2026-07-15T15:11:44.462852,corrianderpowder,218197,3,42.5,27.08,171294,3,42.93,27.1,161565,3,43.16,26.68,253339,3,43.26,26.71,454404,3,42.39,28.32,392487,3,42.15,27.76,142538,3,41.54,29.13,216124,3,41.6,28.77
333078,2026-07-15T15:11:44.815746,corrianderpowder,218197,3,42.49,27.08,171294,3,42.93,27.13,161565,3,43.15,26.71,253339,3,43.26,26.71,454404,3,42.37,28.33,392487,3,42.15,27.8,142538,3,41.53,29.15,216124,3,41.59,28.82
333428,2026-07-15T15:11:45.163723,corrianderpowder,218197,3,42.49,27.11,171294,3,42.92,27.18,161565,3,43.14,26.76,253339,3,43.24,26.73,454404,3,42.37,28.36,392487,3,42.13,27.81,142538,3,41.53,29.17,216124,3,41.59,28.85
333778,2026-07-15T15:11:45.505282,corrianderpowder,218197,3,42.48,27.13,171294,3,42.92,27.19,161565,3,43.13,26.78,253339,3,43.24,26.73,454404,3,42.37,28.35,392487,3,42.12,27.85,142538,3,41.52,29.2,216124,3,41.58,28.87
334128,2026-07-15T15:11:45.867850,corrianderpowder,218197,3,42.47,27.14,171294,3,42.91,27.21,161565,3,43.13,26.81,253339,3,43.24,26.73,454404,3,42.36,28.38,392487,3,42.11,27.96,142538,3,41.52,29.21,216124,3,41.57,28.89
334478,2026-07-15T15:11:46.218578,corrianderpowder,218197,3,42.47,27.14,171294,3,42.91,27.21,161565,3,43.12,26.83,253339,3,43.23,26.77,454404,3,42.36,28.38,392487,3,42.11,27.97,142538,3,41.51,29.2,216124,3,41.57,28.89
334828,2026-07-15T15:11:46.562163,corrianderpowder,218197,3,42.48,27.13,171294,3,42.9,27.24,161565,3,43.11,26.88,253339,3,43.22,26.79,454404,3,42.36,28.41,392487,3,42.1,27.94,142538,3,41.5,29.23,216124,3,41.56,28.92
335178,2026-07-15T15:11:46.913280,corrianderpowder,218197,3,42.47,27.15,171294,3,42.9,27.27,161565,3,43.11,26.9,253339,3,43.22,26.81,454404,3,42.35,28.42,392487,3,42.11,27.95,142538,3,41.5,29.24,216124,3,41.56,28.94
335528,2026-07-15T15:11:47.256042,corrianderpowder,218197,3,42.46,27.18,171294,3,42.89,27.3,161565,3,43.11,26.92,253339,3,43.22,26.79,454404,3,42.35,28.43,392487,3,42.1,27.97,142538,3,41.49,29.26,216124,3,41.55,28.94
335878,2026-07-15T15:11:47.609827,corrianderpowder,218197,3,42.46,27.19,171294,3,42.89,27.32,161565,3,43.09,26.96,253339,3,43.21,26.83,454404,3,42.34,28.44,392487,3,42.09,27.98,142538,3,41.49,29.27,216124,3,41.54,28.98
336228,2026-07-15T15:11:47.954608,corrianderpowder,218197,3,42.44,27.19,171294,3,42.89,27.31,161565,3,43.09,26.95,253339,3,43.2,26.83,216536,3,42.34,28.43,392487,3,42.09,28.02,55761,3,41.48,29.28,216124,3,41.54,28.99
336578,2026-07-15T15:11:48.323222,corrianderpowder,218197,3,42.44,27.19,171294,3,42.88,27.34,161565,3,43.08,26.98,253339,3,43.2,26.84,216536,4,42.79,28.54,392487,3,42.08,28.03,55761,4,41.89,29.35,216124,3,41.53,29.0
336928,2026-07-15T15:11:48.651610,corrianderpowder,218197,3,42.44,27.19,171294,3,42.88,27.33,161565,3,43.07,27.0,253339,3,43.2,26.87,216536,4,43.12,28.52,392487,3,42.09,28.05,55761,4,42.2,29.37,216124,3,41.53,29.0
337278,2026-07-15T15:11:49.015754,corrianderpowder,107112,3,42.44,27.19,171294,3,42.88,27.36,161565,3,43.07,27.02,110726,3,43.2,26.87,216536,4,43.29,28.5,392487,3,42.08,28.06,55761,4,42.35,29.35,90747,3,41.53,29.03
337628,2026-07-15T15:11:49.360331,corrianderpowder,107112,4,42.87,27.25,171294,3,42.87,27.36,161565,3,43.07,27.02,110726,4,43.63,26.92,216536,4,43.39,28.46,392487,3,42.09,28.07,55761,4,42.45,29.31,90747,4,41.95,29.09
337978,2026-07-15T15:11:49.707798,corrianderpowder,107112,4,43.18,27.27,171294,3,42.87,27.36,161565,3,43.06,27.04,110726,4,43.95,26.94,104298,4,43.46,28.41,392487,3,42.08,28.08,42105,4,42.5,29.25,90747,4,42.24,29.11
338328,2026-07-15T15:11:50.066286,corrianderpowder,107112,4,43.33,27.25,171294,3,42.87,27.37,161565,3,43.06,27.06,110726,4,44.11,26.91,104298,5,43.51,28.32,392487,3,42.08,28.11,42105,5,42.55,29.18,90747,4,42.4,29.09
338678,2026-07-15T15:11:50.415614,corrianderpowder,107112,4,43.41,27.2,171294,3,42.87,27.4,161565,3,43.06,27.07,110726,4,44.21,26.77,104298,5,43.54,28.25,224070,3,42.08,28.11,42105,5,42.58,29.13,90747,4,42.5,29.06
339028,2026-07-15T15:11:50.750627,corrianderpowder,61776,4,43.47,27.15,171294,3,42.87,27.4,161565,3,43.06,27.08,64925,4,44.28,26.82,104298,5,43.57,28.18,224070,4,42.52,28.18,42105,5,42.61,29.06,57918,4,42.56,29.0
339378,2026-07-15T15:11:51.116131,corrianderpowder,61776,5,43.49,27.07,96403,3,42.87,27.42,161565,3,43.06,27.09,64925,5,44.37,26.69,104298,5,43.6,28.13,224070,4,42.85,28.19,42105,5,42.63,28.98,57918,5,42.61,28.95
339728,2026-07-15T15:11:51.464917,corrianderpowder,61776,5,43.52,27.01,96403,4,43.31,27.48,161565,3,43.06,27.1,64925,5,44.4,26.61,105393,5,43.63,28.08,224070,4,43.01,28.18,43567,5,42.65,28.94,57918,5,42.65,28.88
340078,2026-07-15T15:11:51.814041,corrianderpowder,61776,5,43.53,26.96,96403,4,43.62,27.49,161565,3,43.06,27.12,64925,5,44.42,26.56,105393,6,43.64,28.03,224070,4,43.11,28.13,43567,6,42.67,28.9,57918,5,42.67,28.82
340428,2026-07-15T15:11:52.168243,corrianderpowder,61776,5,43.55,26.9,96403,4,43.79,27.46,161565,3,43.07,27.12,66649,5,44.44,26.52,105393,6,43.66,27.96,115367,4,43.18,28.07,43567,6,42.68,28.84,57918,5,42.69,28.77
340778,2026-07-15T15:11:52.509514,corrianderpowder,63334,5,43.56,26.95,96403,4,43.87,27.39,108612,3,43.07,27.13,66649,6,44.45,26.46,105393,6,43.68,27.94,115367,5,43.23,28.0,43567,6,42.69,28.78,59785,5,42.71,28.7
341128,2026-07-15T15:11:52.850790,corrianderpowder,63334,6,43.58,26.66,60764,4,43.94,27.34,108612,4,43.51,27.19,66649,6,44.48,26.41,105393,6,43.69,27.88,115367,5,43.28,27.93,43567,6,42.7,28.75,59785,6,42.73,28.65
341478,2026-07-15T15:11:53.214361,corrianderpowder,63334,6,43.59,26.73,60764,5,43.99,27.28,108612,4,43.82,27.21,66649,6,44.49,26.36,102236,6,43.7,27.83,115367,5,43.31,27.88,42524,6,42.72,28.71,59785,6,42.75,28.59
341828,2026-07-15T15:11:53.565428,corrianderpowder,63334,6,43.6,26.68,60764,5,44.03,27.22,108612,4,44.0,27.18,66649,6,44.51,26.31,102236,7,43.96,27.82,115367,5,43.34,27.81,42524,7,42.96,28.68,59785,6,42.76,28.55
342178,2026-07-15T15:11:53.916682,corrianderpowder,60462,6,43.62,26.63,60764,5,44.06,27.16,108612,4,44.09,27.12,64434,6,44.52,26.27,102236,7,44.17,27.78,115523,5,43.36,27.76,42524,7,43.16,28.66,59785,6,42.78,28.51
342528,2026-07-15T15:11:54.265198,corrianderpowder,60462,7,43.86,26.62,60764,5,44.08,27.1,61597,4,44.16,27.06,64434,7,44.75,26.27,102236,7,44.29,27.72,115523,6,43.37,27.69,42524,7,43.29,28.64,58195,6,42.79,28.48
342878,2026-07-15T15:11:54.615202,corrianderpowder,60462,7,44.05,26.61,61288,5,44.1,27.04,61597,5,44.21,26.99,64434,7,44.95,26.23,102236,7,44.38,27.67,115523,6,43.39,27.63,42524,7,43.37,28.54,58195,7,43.03,28.45
343228,2026-07-15T15:11:54.962297,corrianderpowder,60462,7,44.15,26.56,61288,6,44.12,26.97,61597,5,44.25,26.9,64434,7,45.09,26.19,212757,7,44.45,27.6,115523,6,43.42,27.59,157393,7,43.44,28.5,58195,7,43.23,28.43
343578,2026-07-15T15:11:55.314795,corrianderpowder,60462,7,44.22,26.51,61288,6,44.14,26.95,61597,5,44.28,26.84,64434,7,45.17,26.15,212757,8,44.5,27.52,115523,6,43.44,27.53,157393,8,43.48,28.43,58195,7,43.35,28.38
343928,2026-07-15T15:11:55.656917,corrianderpowder,177716,7,44.27,26.45,61288,6,44.15,26.88,61597,5,44.3,26.79,204106,7,45.23,26.08,212757,8,44.53,27.47,110440,6,43.46,27.5,157393,8,43.52,28.36,58195,7,43.42,28.32
344278,2026-07-15T15:11:56.011920,corrianderpowder,177716,8,44.31,26.39,61288,6,44.17,26.84,60249,5,44.33,26.74,204106,8,45.28,26.01,212757,8,44.57,27.39,110440,7,43.71,27.51,157393,8,43.55,28.28,168421,7,43.48,28.27
344628,2026-07-15T15:11:56.366598,corrianderpowder,177716,8,44.33,26.32,58756,6,44.18,26.8,60249,6,44.36,26.67,204106,8,45.32,25.95,212757,8,44.61,27.34,110440,7,43.94,27.47,157393,8,43.58,28.21,168421,8,43.53,28.21
344978,2026-07-15T15:11:56.715395,corrianderpowder,177716,8,44.36,26.29,58756,7,44.45,26.81,60249,6,44.38,26.62,204106,8,45.34,25.88,259700,8,44.63,27.28,110440,7,44.06,27.43,186861,8,43.61,28.16,168421,8,43.57,28.13
345328,2026-07-15T15:11:57.065823,corrianderpowder,177716,8,44.38,26.22,58756,7,44.66,26.76,60249,6,44.4,26.58,204106,8,45.38,25.83,259700,9,44.65,27.21,110440,7,44.17,27.35,186861,9,43.62,28.11,168421,8,43.6,28.06
345678,2026-07-15T15:11:57.406558,corrianderpowder,217640,8,44.41,26.18,58756,7,44.79,26.71,60249,6,44.42,26.54,246746,8,45.41,25.79,259700,9,44.67,27.14,271474,7,44.24,27.27,186861,9,43.64,28.05,168421,8,43.63,28.0
346028,2026-07-15T15:11:57.756604,corrianderpowder,217640,9,44.42,26.13,58756,7,44.88,26.64,56612,6,44.43,26.5,246746,9,45.43,25.71,259700,9,44.69,27.09,271474,8,44.29,27.23,186861,9,43.67,27.99,203255,8,43.66,27.95
346378,2026-07-15T15:11:58.115955,corrianderpowder,217640,9,44.44,26.09,202772,7,44.94,26.57,56612,7,44.7,26.48,246746,9,45.45,25.65,259700,9,44.72,27.03,271474,8,44.33,27.14,186861,9,43.69,27.94,203255,9,43.68,27.88
346728,2026-07-15T15:11:58.461849,corrianderpowder,217640,9,44.46,26.05,202772,8,44.99,26.49,56612,7,44.92,26.47,246746,9,45.48,25.63,276756,9,44.74,27.01,271474,8,44.36,27.06,203740,9,43.71,27.88,203255,9,43.7,27.84
347078,2026-07-15T15:11:58.800573,corrianderpowder,217640,9,44.48,26.01,202772,8,45.03,26.44,56612,7,45.04,26.41,246746,9,45.5,25.58,276756,0,44.75,26.93,271474,8,44.4,27.0,203740,0,43.72,27.84,203255,9,43.73,27.8
347428,2026-07-15T15:11:59.165675,corrianderpowder,232146,9,44.51,25.96,202772,8,45.07,26.38,56612,7,45.13,26.34,264531,9,45.53,25.53,276756,0,44.79,26.87,319800,8,44.42,26.95,203740,0,43.74,27.8,203255,9,43.75,27.74
347778,2026-07-15T15:11:59.516183,corrianderpowder,232146,0,44.52,25.92,202772,8,45.09,26.31,164842,7,45.2,26.27,264531,0,45.55,25.49,276756,0,44.8,26.81,319800,9,44.45,26.89,203740,0,43.76,27.75,219459,9,43.77,27.63
348128,2026-07-15T15:11:59.865246,corrianderpowder,232146,0,44.54,25.91,239812,8,45.12,26.24,164842,8,45.25,26.2,264531,0,45.56,25.45,289183,0,44.82,26.79,319800,9,44.47,26.81,203740,0,43.77,27.72,219459,0,43.79,27.45
348478,2026-07-15T15:12:00.215811,corrianderpowder,232146,0,44.55,25.88,239812,9,45.15,26.18,164842,8,45.31,26.14,264531,0,45.58,25.4,289183,1,44.14,26.7,319800,9,44.49,26.75,210396,0,43.79,27.68,219459,0,43.82,27.57
348828,2026-07-15T15:12:00.557441,corrianderpowder,232146,0,44.57,25.86,239812,9,45.17,26.13,164842,8,45.34,26.07,264531,0,45.6,25.38,5663325,1,43.61,26.63,319800,9,44.51,26.72,210396,1,43.15,27.55,219459,0,43.85,27.52
349178,2026-07-15T15:12:00.915436,corrianderpowder,238305,0,44.59,25.8,239812,9,45.2,26.07,164842,8,45.36,26.0,273212,0,45.62,25.34,5663325,2,43.34,26.66,336842,9,44.54,26.67,3820895,1,42.66,27.51,225550,0,43.85,27.49
349528,2026-07-15T15:12:01.261647,corrianderpowder,238305,1,43.92,25.71,239812,9,45.21,26.03,197950,8,45.39,25.95,273212,1,44.96,25.22,5663325,2,43.18,26.73,336842,0,44.56,26.62,3820895,2,42.4,27.51,225550,1,43.21,27.37
349878,2026-07-15T15:12:01.615619,corrianderpowder,4242361,1,43.44,25.66,253339,9,45.23,25.98,197950,9,45.42,25.87,6010271,1,44.47,25.19,5663325,2,43.06,26.79,336842,0,44.57,26.59,3820895,2,42.26,27.56,4326379,1,42.73,27.33
350228,2026-07-15T15:12:01.956571,corrianderpowder,4242361,2,43.21,25.71,253339,0,45.25,25.94,197950,9,45.44,25.82,6010271,2,44.2,25.19,5663325,2,42.99,26.87,336842,0,44.59,26.54,3820895,2,42.15,27.63,4326379,2,42.47,27.34
350578,2026-07-15T15:12:02.315344,corrianderpowder,4242361,2,43.09,25.75,253339,0,45.27,25.91,197950,9,45.47,25.79,6010271,2,44.05,25.24,5663325,2,42.93,26.94,336842,0,44.6,26.5,3820895,2,42.07,27.72,4326379,2,42.32,27.36
350928,2026-07-15T15:12:02.666078,corrianderpowder,4242361,2,43.01,25.81,253339,0,45.29,25.86,197950,9,45.49,25.73,6010271,2,43.95,25.31,5663325,2,42.89,27.03,348180,0,44.61,26.47,3820895,2,42.02,27.81,4326379,2,42.21,27.44
351278,2026-07-15T15:12:03.005089,corrianderpowder,4242361,2,42.97,25.91,253339,0,45.3,25.83,208979,9,45.49,25.69,6010271,2,43.89,25.38,5663325,2,42.86,27.1,348180,1,43.92,26.36,3820895,2,41.98,27.87,4326379,2,42.15,27.52
351628,2026-07-15T15:12:03.366104,corrianderpowder,4242361,2,42.93,25.99,259503,0,45.31,25.79,208979,0,45.51,25.64,6010271,2,43.84,25.46,5663325,2,42.83,27.2,4158375,1,43.38,26.3,3820895,2,41.95,27.96,4326379,2,42.09,27.61
351978,2026-07-15T15:12:03.710070,corrianderpowder,4242361,2,42.91,26.04,259503,1,44.62,25.68,208979,0,45.53,25.61,6010271,2,43.8,25.52,5663325,2,42.81,27.28,4158375,2,43.1,26.31,3820895,2,41.93,28.05,4326379,2,42.05,27.67
352328,2026-07-15T15:12:04.064171,corrianderpowder,4242361,2,42.9,26.13,3399875,1,44.12,25.62,208979,0,45.53,25.55,6010271,2,43.77,25.61,464926,2,42.78,27.34,4158375,2,42.94,26.36,143739,2,41.88,28.18,4326379,2,42.02,27.75
352678,2026-07-15T15:12:04.416148,corrianderpowder,4242361,2,42.88,26.2,3399875,2,43.85,25.65,208979,0,45.54,25.53,6010271,2,43.76,25.68,464926,3,42.77,27.42,4158375,2,42.83,26.43,143739,3,41.87,28.25,4326379,2,42.0,27.84
353028,2026-07-15T15:12:04.765831,corrianderpowder,4242361,2,42.88,26.25,3399875,2,43.7,25.7,214900,0,45.55,25.49,6010271,2,43.74,25.74,464926,3,42.75,27.48,4158375,2,42.74,26.51,143739,3,41.86,28.32,4326379,2,41.97,27.91
353378,2026-07-15T15:12:05.115702,corrianderpowder,222463,2,42.86,26.3,3399875,2,43.6,25.76,214900,1,44.86,25.4,255808,2,43.71,25.8,464926,3,42.74,27.54,4158375,2,42.68,26.6,143739,3,41.85,28.36,218616,2,41.96,27.98
353728,2026-07-15T15:12:05.455834,corrianderpowder,222463,3,42.86,26.35,3399875,2,43.52,25.83,1380053,1,44.34,25.35,255808,3,43.7,25.87,464926,3,42.73,27.59,4158375,2,42.63,26.68,143739,3,41.83,28.44,218616,3,41.94,28.04
354078,2026-07-15T15:12:05.815791,corrianderpowder,222463,3,42.85,26.41,3399875,2,43.48,25.93,1380053,2,44.08,25.37,255808,3,43.69,25.91,464926,3,42.72,27.64,4158375,2,42.58,26.75,143739,3,41.82,28.49,218616,3,41.92,28.08
354428,2026-07-15T15:12:06.166874,corrianderpowder,222463,3,42.85,26.47,3399875,2,43.43,26.02,1380053,2,43.92,25.43,255808,3,43.68,25.98,464926,3,42.71,27.69,4158375,2,42.56,26.84,143739,3,41.81,28.52,218616,3,41.91,28.18
354778,2026-07-15T15:12:06.507134,corrianderpowder,222463,3,42.84,26.5,3399875,2,43.4,26.09,1380053,2,43.81,25.5,255808,3,43.67,26.03,464926,3,42.69,27.73,4158375,2,42.53,26.92,143739,3,41.8,28.56,218616,3,41.9,28.21
355128,2026-07-15T15:12:06.865406,corrianderpowder,222463,3,42.84,26.54,3399875,2,43.37,26.19,1380053,2,43.73,25.57,255808,3,43.66,26.06,464926,3,42.69,27.78,401726,2,42.51,27.0,143739,3,41.79,28.63,218616,3,41.88,28.26
355478,2026-07-15T15:12:07.215703,corrianderpowder,222463,3,42.82,26.56,3399875,2,43.35,26.25,1380053,2,43.67,25.68,255808,3,43.65,26.11,464926,3,42.68,27.83,401726,3,42.48,27.07,143739,3,41.78,28.66,218616,3,41.87,28.32
355828,2026-07-15T15:12:07.557193,corrianderpowder,222463,3,42.82,26.6,174446,2,43.33,26.31,1380053,2,43.63,25.76,255808,3,43.63,26.14,464926,3,42.67,27.87,401726,3,42.47,27.14,143739,3,41.77,28.68,218616,3,41.86,28.35
356178,2026-07-15T15:12:07.915355,corrianderpowder,222463,3,42.81,26.64,174446,3,43.33,26.39,1380053,2,43.6,25.84,255808,3,43.62,26.17,464926,3,42.66,27.89,401726,3,42.45,27.18,143739,3,41.77,28.71,218616,3,41.84,28.4
356528,2026-07-15T15:12:08.265355,corrianderpowder,222463,3,42.8,26.65,174446,3,43.3,26.44,1380053,2,43.57,25.93,255808,3,43.61,26.21,464926,3,42.65,27.91,401726,3,42.43,27.26,143739,3,41.76,28.76,218616,3,41.83,28.44
356878,2026-07-15T15:12:08.612644,corrianderpowder,222463,3,42.79,26.69,174446,3,43.29,26.49,1380053,2,43.54,26.01,255808,3,43.61,26.23,464926,3,42.64,27.93,401726,3,42.42,27.29,143739,3,41.74,28.78,218616,3,41.82,28.47
357228,2026-07-15T15:12:08.966193,corrianderpowder,222463,3,42.79,26.69,174446,3,43.28,26.55,166612,2,43.52,26.07,255808,3,43.59,26.24,464926,3,42.63,27.96,401726,3,42.41,27.33,143739,3,41.75,28.81,218616,3,41.81,28.53
357578,2026-07-15T15:12:09.315409,corrianderpowder,222463,3,42.78,26.7,174446,3,43.27,26.58,166612,3,43.5,26.13,255808,3,43.59,26.28,464926,3,42.62,27.99,401726,3,42.4,27.4,143739,3,41.74,28.84,218616,3,41.81,28.54
357928,2026-07-15T15:12:09.663803,corrianderpowder,222463,3,42.78,26.75,174446,3,43.25,26.63,166612,3,43.49,26.19,255808,3,43.58,26.32,464926,3,42.62,28.01,401726,3,42.39,27.44,143739,3,41.73,28.85,218616,3,41.79,28.56
358278,2026-07-15T15:12:10.015273,corrianderpowder,222463,3,42.78,26.77,174446,3,43.25,26.67,166612,3,43.46,26.25,255808,3,43.57,26.34,464926,3,42.61,28.03,401726,3,42.38,27.48,143739,3,41.72,28.88,218616,3,41.79,28.61
358628,2026-07-15T15:12:10.359705,corrianderpowder,222463,3,42.76,26.76,174446,3,43.24,26.72,166612,3,43.46,26.29,255808,3,43.56,26.34,464926,3,42.61,28.06,401726,3,42.38,27.52,143739,3,41.72,28.88,218616,3,41.78,28.63
358978,2026-07-15T15:12:10.715086,corrianderpowder,222463,3,42.75,26.79,174446,3,43.24,26.77,166612,3,43.45,26.36,255808,3,43.55,26.38,464926,3,42.59,28.07,401726,3,42.37,27.54,143739,3,41.71,28.93,218616,3,41.77,28.66
359328,2026-07-15T15:12:11.065240,corrianderpowder,222463,3,42.75,26.8,174446,3,43.22,26.77,166612,3,43.43,26.39,255808,3,43.55,26.39,464926,3,42.59,28.08,401726,3,42.37,27.57,143739,3,41.71,28.94,218616,3,41.77,28.69
359678,2026-07-15T15:12:11.414723,corrianderpowder,222463,3,42.75,26.81,174446,3,43.21,26.79,166612,3,43.42,26.43,255808,3,43.54,26.4,464926,3,42.58,28.1,401726,3,42.36,27.61,143739,3,41.7,28.96,218616,3,41.76,28.71
360028,2026-07-15T15:12:11.752573,corrianderpowder,222463,3,42.74,26.82,174446,3,43.21,26.8,166612,3,43.41,26.46,255808,3,43.53,26.41,464926,3,42.58,28.12,401726,3,42.35,27.66,143739,3,41.7,28.97,218616,3,41.75,28.72
360378,2026-07-15T15:12:12.102536,corrianderpowder,222463,3,42.73,26.84,174446,3,43.21,26.83,166612,3,43.41,26.49,255808,3,43.52,26.44,464926,3,42.57,28.1,401726,3,42.35,27.66,143739,3,41.69,28.98,218616,3,41.75,28.73
360728,2026-07-15T15:12:12.464390,corrianderpowder,222463,3,42.73,26.84,174446,3,43.2,26.87,166612,3,43.4,26.54,255808,3,43.52,26.43,464926,3,42.57,28.14,401726,3,42.34,27.68,143739,3,41.68,29.0,218616,3,41.74,28.75
361078,2026-07-15T15:12:12.810203,corrianderpowder,222463,3,42.73,26.86,174446,3,43.19,26.83,166612,3,43.39,26.56,255808,3,43.51,26.46,464926,3,42.56,28.14,401726,3,42.34,27.72,143739,3,41.68,29.01,218616,3,41.74,28.77
361428,2026-07-15T15:12:13.160336,corrianderpowder,222463,3,42.72,26.85,174446,3,43.19,26.89,166612,3,43.38,26.58,255808,3,43.51,26.47,464926,3,42.56,28.16,401726,3,42.33,27.73,143739,3,41.67,29.02,218616,3,41.73,28.78
361778,2026-07-15T15:12:13.515344,corrianderpowder,222463,3,42.72,26.86,174446,3,43.19,26.89,166612,3,43.38,26.62,255808,3,43.5,26.48,464926,3,42.56,28.17,401726,3,42.33,27.75,143739,3,41.67,29.03,218616,3,41.73,28.8
362128,2026-07-15T15:12:13.852062,corrianderpowder,222463,3,42.71,26.89,174446,3,43.18,27.09,166612,3,43.37,26.65,255808,3,43.51,26.5,464926,3,42.56,28.18,401726,3,42.32,27.76,143739,3,41.66,29.03,218616,3,41.72,28.81
362478,2026-07-15T15:12:14.206384,corrianderpowder,222463,3,42.7,26.89,174446,3,43.18,26.95,166612,3,43.36,26.66,255808,3,43.5,26.48,464926,3,42.55,28.19,401726,3,42.32,27.79,143739,3,41.67,29.05,218616,3,41.72,28.82
362828,2026-07-15T15:12:14.564942,corrianderpowder,222463,3,42.7,26.9,174446,3,43.17,26.96,166612,3,43.37,26.67,255808,3,43.49,26.51,219742,3,42.54,28.2,401726,3,42.31,27.8,56239,3,41.66,29.04,218616,3,41.71,28.83
363178,2026-07-15T15:12:14.915491,corrianderpowder,222463,3,42.7,26.89,174446,3,43.17,26.99,166612,3,43.35,26.69,255808,3,43.48,26.49,219742,4,42.99,28.26,401726,3,42.31,27.8,56239,4,42.06,29.11,218616,3,41.71,28.85
363528,2026-07-15T15:12:15.264823,corrianderpowder,222463,3,42.7,26.89,174446,3,43.16,26.99,166612,3,43.35,26.71,255808,3,43.48,26.51,219742,4,43.33,28.28,401726,3,42.31,27.82,56239,4,42.37,29.12,218616,3,41.71,28.85
363878,2026-07-15T15:12:15.612723,corrianderpowder,108474,3,42.69,26.9,174446,3,43.15,26.98,166612,3,43.34,26.72,111449,3,43.48,26.52,219742,4,43.5,28.23,401726,3,42.3,27.82,56239,4,42.52,29.11,91624,3,41.71,28.87
364228,2026-07-15T15:12:15.964809,corrianderpowder,108474,4,43.13,26.95,174446,3,43.16,26.99,166612,3,43.35,26.73,111449,4,43.92,26.57,219742,4,43.6,28.17,401726,3,42.3,27.85,56239,4,42.62,29.06,91624,4,42.12,28.94
364578,2026-07-15T15:12:16.310706,corrianderpowder,108474,4,43.44,26.97,174446,3,43.15,26.99,166612,3,43.33,26.75,111449,4,44.23,26.59,104682,4,43.67,28.12,401726,3,42.29,27.85,42146,4,42.68,29.0,91624,4,42.42,28.95
364928,2026-07-15T15:12:16.664669,corrianderpowder,108474,4,43.59,26.94,174446,3,43.15,27.01,166612,3,43.33,26.75,111449,4,44.41,26.56,104682,5,43.71,28.06,401726,3,42.3,27.86,42146,5,42.72,28.94,91624,4,42.59,28.95
365278,2026-07-15T15:12:17.007637,corrianderpowder,108474,4,43.66,26.89,174446,3,43.16,27.02,166612,3,43.33,26.76,111449,4,44.5,26.52,104682,5,43.76,27.98,401726,3,42.3,27.88,42146,5,42.76,28.87,91624,4,42.68,28.9
365628,2026-07-15T15:12:17.364676,corrianderpowder,62362,4,43.71,26.84,174446,3,43.15,27.03,166612,3,43.33,26.78,64581,4,44.57,26.46,104682,5,43.79,27.92,227960,3,42.3,27.88,42146,5,42.79,28.81,57918,4,42.74,28.85
365978,2026-07-15T15:12:17.704546,corrianderpowder,62362,5,43.74,26.75,97116,3,43.15,27.04,166612,3,43.33,26.78,64581,5,44.61,26.4,104682,5,43.82,27.84,227960,4,42.74,27.94,42146,5,42.81,28.75,57918,5,42.78,28.77
366328,2026-07-15T15:12:18.060232,corrianderpowder,62362,5,43.77,26.7,97116,4,43.59,27.1,166612,3,43.33,26.78,64581,5,44.66,26.31,106312,5,43.83,27.78,227960,4,43.06,27.96,43835,5,42.83,28.67,57918,5,42.82,28.7
366678,2026-07-15T15:12:18.409267,corrianderpowder,62362,5,43.79,26.64,97116,4,43.9,27.09,166612,3,43.33,26.82,64581,5,44.68,26.25,106312,6,43.85,27.72,227960,4,43.22,27.95,43835,6,42.84,28.63,57918,5,42.85,28.65
367028,2026-07-15T15:12:18.754190,corrianderpowder,62362,5,43.8,26.57,97116,4,44.06,27.07,166612,3,43.33,26.8,64581,5,44.71,26.2,106312,6,43.86,27.67,227960,4,43.33,27.89,43835,6,42.86,28.57,57918,5,42.87,28.59
367378,2026-07-15T15:12:19.115293,corrianderpowder,63665,5,43.81,26.53,97116,4,44.16,27.03,166612,3,43.34,26.79,67332,5,44.72,26.1,106312,6,43.89,27.6,115837,4,43.41,27.82,43835,6,42.87,28.53,59953,5,42.89,28.53
367728,2026-07-15T15:12:19.465750,corrianderpowder,63665,6,43.82,26.47,61288,4,44.23,26.95,111087,3,43.33,26.82,67332,6,44.74,26.13,106312,6,43.9,27.57,115837,5,43.46,27.77,43835,6,42.88,28.48,59953,6,42.9,28.46
368078,2026-07-15T15:12:19.814728,corrianderpowder,63665,6,43.84,26.4,61288,5,44.27,26.87,111087,4,43.77,26.87,67332,6,44.77,25.99,102976,6,43.91,27.51,115837,5,43.5,27.69,42695,6,42.89,28.43,59953,6,42.92,28.42
368428,2026-07-15T15:12:20.164496,corrianderpowder,63665,6,43.85,26.37,61288,5,44.3,26.83,111087,4,44.09,26.88,67332,6,44.78,25.95,102976,7,44.16,27.49,115837,5,43.54,27.64,42695,7,43.13,28.42,59953,6,42.94,28.37
368778,2026-07-15T15:12:20.509729,corrianderpowder,63665,6,43.86,26.35,61288,5,44.33,26.77,111087,4,44.26,26.84,64875,6,44.79,25.9,102976,7,44.37,27.46,115837,5,43.56,27.57,42695,7,43.34,28.37,59953,6,42.95,28.33
369128,2026-07-15T15:12:20.864569,corrianderpowder,61025,6,43.87,26.29,61288,5,44.36,26.68,111087,4,44.36,26.8,64875,7,45.03,25.88,102976,7,44.51,27.43,115837,5,43.58,27.49,42695,7,43.47,28.34,58115,6,42.97,28.28
369478,2026-07-15T15:12:21.224402,corrianderpowder,61025,7,44.1,26.19,61731,5,44.38,26.62,62317,4,44.42,26.72,64875,7,45.24,25.85,102976,7,44.6,27.35,115837,6,43.61,27.44,42695,7,43.55,28.29,58115,7,43.21,28.27
369828,2026-07-15T15:12:21.564618,corrianderpowder,61025,7,44.29,26.09,61731,6,44.4,26.55,62317,5,44.47,26.65,64875,7,45.35,25.81,213155,7,44.66,27.37,115837,6,43.62,27.39,157248,7,43.61,28.2,58115,7,43.41,28.24
370178,2026-07-15T15:12:21.913555,corrianderpowder,61025,7,44.46,26.16,61731,6,44.42,26.5,62317,5,44.51,26.61,64875,7,45.44,25.76,213155,8,44.71,27.3,115837,6,43.64,27.33,157248,8,43.65,28.15,58115,7,43.52,28.19
370528,2026-07-15T15:12:22.264418,corrianderpowder,177346,7,44.52,26.12,61731,6,44.44,26.46,62317,5,44.54,26.52,203619,7,45.5,25.7,213155,8,44.78,27.07,115837,6,43.66,27.29,157248,8,43.69,28.07,58115,7,43.6,28.13
370878,2026-07-15T15:12:22.610244,corrianderpowder,177346,8,44.55,26.04,61731,6,44.46,26.4,62317,5,44.57,26.46,203619,8,45.56,25.62,213155,8,44.81,27.0,110798,6,43.68,27.24,157248,8,43.73,28.0,168421,7,43.66,28.06
371228,2026-07-15T15:12:22.964152,corrianderpowder,177346,8,44.57,25.97,59040,6,44.47,26.37,60764,5,44.59,26.41,203619,8,45.6,25.59,259503,8,44.83,26.93,110798,7,43.93,27.22,157248,8,43.75,27.94,168421,8,43.71,28.01
371578,2026-07-15T15:12:23.314639,corrianderpowder,177346,8,44.6,25.93,59040,7,44.73,26.35,60764,6,44.63,26.35,203619,8,45.63,25.49,259503,9,44.86,26.86,110798,7,44.16,27.22,187066,8,43.77,27.86,168421,8,43.76,27.93
371928,2026-07-15T15:12:23.657468,corrianderpowder,177346,8,44.64,25.88,59040,7,44.94,26.33,60764,6,44.65,26.3,203619,8,45.66,25.44,259503,9,44.88,26.8,110798,7,44.3,27.16,187066,9,43.79,27.8,168421,8,43.79,27.87
372278,2026-07-15T15:12:24.012656,corrianderpowder,217363,8,44.65,25.84,59040,7,45.07,26.28,60764,6,44.66,26.23,247104,8,45.69,25.37,259503,9,44.9,26.75,110798,7,44.38,27.07,187066,9,43.82,27.75,168421,8,43.81,27.81
372628,2026-07-15T15:12:24.356724,corrianderpowder,217363,9,44.67,25.78,59040,7,45.16,26.21,60764,6,44.68,26.2,247104,9,45.72,25.31,259503,9,44.92,26.69,271258,7,44.45,27.01,187066,9,43.84,27.68,204840,8,43.84,27.75
372978,2026-07-15T15:12:24.715683,corrianderpowder,217363,9,44.69,25.73,203740,7,45.22,26.16,57605,6,44.7,26.14,247104,9,45.74,25.28,279019,9,44.94,26.66,271258,8,44.49,26.95,187066,9,43.86,27.65,204840,9,43.87,27.68
373328,2026-07-15T15:12:25.066929,corrianderpowder,217363,9,44.71,25.68,203740,8,45.27,26.07,57605,7,44.96,26.15,247104,9,45.76,25.25,279019,0,44.95,26.62,271258,8,44.54,26.87,204106,9,43.88,27.6,204840,9,43.89,27.63
373678,2026-07-15T15:12:25.409311,corrianderpowder,217363,9,44.72,25.65,203740,8,45.3,26.0,57605,7,45.18,26.1,247104,9,45.78,25.17,279019,0,44.97,26.58,271258,8,44.59,26.79,204106,0,43.89,27.55,204840,9,43.9,27.58
374028,2026-07-15T15:12:25.756860,corrianderpowder,231517,9,44.74,25.63,203740,8,45.34,25.94,57605,7,45.31,26.06,263713,9,45.81,25.13,279019,0,44.99,26.54,271258,8,44.62,26.73,204106,0,43.91,27.5,204840,9,43.92,27.51
374378,2026-07-15T15:12:26.115054,corrianderpowder,231517,0,44.75,25.57,203740,8,45.37,25.86,57605,7,45.41,25.99,263713,0,45.82,25.08,279019,0,45.01,26.49,321911,8,44.64,26.66,204106,0,43.93,27.46,218616,9,43.95,27.48
374728,2026-07-15T15:12:26.460020,corrianderpowder,231517,0,44.77,25.53,240997,8,45.39,25.8,165803,7,45.47,25.91,263713,0,45.84,25.05,290414,0,45.03,26.45,321911,9,44.66,26.61,204106,0,43.94,27.4,218616,0,43.96,27.45
375078,2026-07-15T15:12:26.815464,corrianderpowder,231517,0,44.8,25.52,240997,9,45.42,25.74,165803,8,45.51,25.85,263713,0,45.87,25.01,290414,1,44.33,26.32,321911,9,44.69,26.55,208851,0,43.96,27.46,218616,0,43.98,27.39
375428,2026-07-15T15:12:27.164863,corrianderpowder,231517,0,44.81,25.47,240997,9,45.44,25.69,165803,8,45.55,25.78,263713,0,45.88,24.98,5889288,1,43.82,26.29,321911,9,44.71,26.49,3925251,1,42.83,27.2,218616,0,44.0,27.36
375778,2026-07-15T15:12:27.515103,corrianderpowder,238973,0,44.82,25.44,240997,9,45.46,25.65,165803,8,45.59,25.71,272993,0,45.91,24.93,5889288,2,43.55,26.29,321911,9,44.74,26.45,3925251,2,42.57,27.22,218616,0,44.02,27.31
376128,2026-07-15T15:12:27.853463,corrianderpowder,238973,1,44.16,25.35,240997,9,45.48,25.6,165803,8,45.63,25.64,272993,1,45.24,24.83,5889288,2,43.38,26.35,336842,9,44.76,26.38,3925251,2,42.42,27.25,225550,0,44.03,27.27
376478,2026-07-15T15:12:28.206419,corrianderpowder,4431701,1,43.68,25.29,255808,9,45.51,25.55,199687,8,45.65,25.57,6222560,1,44.74,24.79,5889288,2,43.28,26.42,336842,0,44.78,26.34,3925251,2,42.32,27.32,225550,1,43.38,27.16
376828,2026-07-15T15:12:28.557889,corrianderpowder,4431701,2,43.45,25.33,255808,0,45.53,25.52,199687,9,45.68,25.54,6222560,2,44.48,24.8,5889288,2,43.19,26.51,336842,0,44.79,26.3,3925251,2,42.25,27.4,4442516,1,42.9,27.03
377178,2026-07-15T15:12:28.913865,corrianderpowder,4431701,2,43.33,25.37,255808,0,45.54,25.44,199687,9,45.7,25.49,6222560,2,44.32,24.83,5889288,2,43.13,26.58,336842,0,44.8,26.25,3925251,2,42.2,27.47,4442516,2,42.5,27.15
377528,2026-07-15T15:12:29.257089,corrianderpowder,4431701,2,43.25,25.45,255808,0,45.55,25.42,199687,9,45.73,25.43,6222560,2,44.21,24.91,5889288,2,43.09,26.67,336842,0,44.81,26.21,3925251,2,42.16,27.56,4442516,2,42.39,27.21
377878,2026-07-15T15:12:29.610924,corrianderpowder,4431701,2,43.2,25.49,255808,0,45.56,25.38,199687,9,45.73,25.37,6222560,2,44.15,24.98,5889288,2,43.06,26.75,348536,0,44.82,26.19,3925251,2,42.13,27.63,4442516,2,42.33,27.3
378228,2026-07-15T15:12:29.960867,corrianderpowder,4431701,2,43.17,25.59,262093,0,45.57,25.36,211439,9,45.75,25.33,6222560,2,44.1,25.04,5889288,2,43.04,26.82,348536,1,44.13,26.06,3925251,2,42.1,27.71,4442516,2,42.27,27.36
378578,2026-07-15T15:12:30.314602,corrianderpowder,4431701,2,43.15,25.67,262093,1,44.88,25.23,211439,0,45.76,25.28,6222560,2,44.06,25.11,5889288,2,43.01,26.88,4360926,1,43.6,26.0,3925251,2,42.08,27.78,4442516,2,42.24,27.44
378928,2026-07-15T15:12:30.663730,corrianderpowder,4431701,2,43.13,25.74,3509102,1,44.38,25.17,211439,0,45.78,25.23,6222560,2,44.03,25.19,480977,2,43.0,26.98,4360926,2,43.32,26.02,148233,2,42.06,27.85,4442516,2,42.2,27.54
379278,2026-07-15T15:12:31.011759,corrianderpowder,4431701,2,43.13,25.81,3509102,2,44.11,25.22,211439,0,45.79,25.21,6222560,2,44.01,25.26,480977,3,42.98,27.05,4360926,2,43.14,26.08,148233,3,42.04,27.91,4442516,2,42.17,27.61
379628,2026-07-15T15:12:31.364559,corrianderpowder,4431701,2,43.11,25.87,3509102,2,43.97,25.25,211439,0,45.79,25.15,6222560,2,44.0,25.32,480977,3,42.95,27.09,4360926,2,43.03,26.14,148233,3,42.03,27.97,4442516,2,42.15,27.69
379978,2026-07-15T15:12:31.711014,corrianderpowder,229647,2,43.11,25.91,3509102,2,43.86,25.33,217363,0,45.79,25.14,260891,2,43.98,25.39,480977,3,42.95,27.16,4360926,2,42.95,26.22,148233,3,42.02,28.03,224217,2,42.13,27.75
380328,2026-07-15T15:12:32.060851,corrianderpowder,229647,3,43.1,25.96,3509102,2,43.78,25.39,217363,1,45.1,25.04,260891,3,43.97,25.45,480977,3,42.93,27.19,4360926,2,42.89,26.31,148233,3,42.01,28.07,224217,3,42.11,27.82
380678,2026-07-15T15:12:32.410355,corrianderpowder,229647,3,43.1,26.02,3509102,2,43.74,25.47,1450424,1,44.59,25.01,260891,3,43.96,25.5,480977,3,42.92,27.25,4360926,2,42.85,26.4,148233,3,41.99,28.14,224217,3,42.09,27.87
381028,2026-07-15T15:12:32.770377,corrianderpowder,229647,3,43.09,26.08,3509102,2,43.68,25.56,1450424,2,44.32,25.02,260891,3,43.95,25.57,480977,3,42.91,27.29,4360926,2,42.8,26.48,148233,3,41.98,28.17,224217,3,42.08,27.93
381378,2026-07-15T15:12:33.103021,corrianderpowder,229647,3,43.07,26.12,3509102,2,43.65,25.62,1450424,2,44.16,25.09,260891,3,43.94,25.56,480977,3,42.9,27.33,4360926,2,42.77,26.47,148233,3,41.97,28.22,224217,3,42.06,27.99
381728,2026-07-15T15:12:33.463534,corrianderpowder,229647,3,43.07,26.15,3509102,2,43.63,25.7,1450424,2,44.06,25.15,260891,3,43.93,25.64,480977,3,42.88,27.39,4360926,2,42.74,26.65,148233,3,41.96,28.26,224217,3,42.05,28.04
382078,2026-07-15T15:12:33.801165,corrianderpowder,229647,3,43.06,26.19,3509102,2,43.61,25.78,1450424,2,43.98,25.22,260891,3,43.92,25.67,480977,3,42.87,27.42,410174,3,42.69,26.76,148233,3,41.96,28.3,224217,3,42.05,28.08
382428,2026-07-15T15:12:34.155343,corrianderpowder,229647,3,43.05,26.2,179964,2,43.59,25.84,1450424,2,43.92,25.33,260891,3,43.91,25.72,480977,3,42.87,27.45,410174,3,42.67,26.84,148233,3,41.95,28.34,224217,3,42.04,28.13
382778,2026-07-15T15:12:34.513941,corrianderpowder,229647,3,43.04,26.24,179964,3,43.57,25.91,1450424,2,43.88,25.41,260891,3,43.9,25.72,480977,3,42.85,27.47,410174,3,42.66,26.9,148233,3,41.94,28.38,224217,3,42.03,28.17
383128,2026-07-15T15:12:34.864411,corrianderpowder,229647,3,43.04,26.26,179964,3,43.56,25.96,1450424,2,43.84,25.48,260891,3,43.89,25.78,480977,3,42.85,27.52,410174,3,42.65,26.94,148233,3,41.93,28.4,224217,3,42.01,28.2
383478,2026-07-15T15:12:35.203691,corrianderpowder,229647,3,43.04,26.29,179964,3,43.55,26.02,1450424,2,43.81,25.56,260891,3,43.88,25.81,480977,3,42.84,27.55,410174,3,42.64,27.0,148233,3,41.92,28.45,224217,3,42.0,28.24
383828,2026-07-15T15:12:35.564112,corrianderpowder,229647,3,43.03,26.29,179964,3,43.54,26.07,1450424,2,43.78,25.64,260891,3,43.87,25.82,480977,3,42.84,27.56,410174,3,42.62,27.05,148233,3,41.92,28.46,224217,3,42.0,28.28
384178,2026-07-15T15:12:35.907585,corrianderpowder,229647,3,43.02,26.32,179964,3,43.52,26.11,171294,2,43.76,25.69,260891,3,43.85,25.85,480977,3,42.82,27.59,410174,3,42.61,27.09,148233,3,41.91,28.49,224217,3,41.99,28.31
384528,2026-07-15T15:12:36.263116,corrianderpowder,229647,3,43.01,26.35,179964,3,43.51,26.16,171294,3,43.74,25.77,260891,3,43.85,25.88,480977,3,42.82,27.63,410174,3,42.61,27.15,148233,3,41.9,28.52,224217,3,41.99,28.34
384878,2026-07-15T15:12:36.607699,corrianderpowder,229647,3,43.0,26.36,179964,3,43.5,26.19,171294,3,43.73,25.83,260891,3,43.84,25.89,480977,3,42.82,27.65,410174,3,42.59,27.17,148233,3,41.89,28.54,224217,3,41.97,28.37
385228,2026-07-15T15:12:36.959503,corrianderpowder,229647,3,43.0,26.37,179964,3,43.49,26.24,171294,3,43.7,25.89,260891,3,43.83,25.91,480977,3,42.81,27.67,410174,3,42.58,27.22,148233,3,41.89,28.54,224217,3,41.97,28.4
385578,2026-07-15T15:12:37.314693,corrianderpowder,229647,3,42.99,26.39,179964,3,43.49,26.26,171294,3,43.69,25.94,260891,3,43.83,25.93,480977,3,42.81,27.67,410174,3,42.57,27.26,148233,3,41.89,28.59,224217,3,41.96,28.42
385928,2026-07-15T15:12:37.666185,corrianderpowder,229647,3,42.98,26.4,179964,3,43.48,26.3,171294,3,43.68,26.0,260891,3,43.82,25.94,480977,3,42.8,27.68,410174,3,42.57,27.28,148233,3,41.88,28.59,224217,3,41.94,28.43
386278,2026-07-15T15:12:38.017335,corrianderpowder,229647,3,42.97,26.42,179964,3,43.47,26.33,171294,3,43.68,26.04,260891,3,43.81,25.96,480977,3,42.79,27.69,410174,3,42.56,27.31,148233,3,41.87,28.59,224217,3,41.95,28.46
386628,2026-07-15T15:12:38.362676,corrianderpowder,229647,3,42.97,26.42,179964,3,43.47,26.36,171294,3,43.65,26.07,260891,3,43.8,25.97,480977,3,42.79,27.73,410174,3,42.55,27.34,148233,3,41.86,28.63,224217,3,41.94,28.48
386978,2026-07-15T15:12:38.712321,corrianderpowder,229647,3,42.97,26.45,179964,3,43.46,26.39,171294,3,43.66,26.11,260891,3,43.8,26.0,480977,3,42.78,27.72,410174,3,42.55,27.35,148233,3,41.86,28.66,224217,3,41.93,28.49
387328,2026-07-15T15:12:39.064360,corrianderpowder,229647,3,42.96,26.45,179964,3,43.45,26.41,171294,3,43.65,26.15,260891,3,43.79,26.01,480977,3,42.77,27.74,410174,3,42.54,27.39,148233,3,41.86,28.65,224217,3,41.93,28.52
387678,2026-07-15T15:12:39.414607,corrianderpowder,229647,3,42.96,26.48,179964,3,43.45,26.42,171294,3,43.63,26.19,260891,3,43.79,26.04,480977,3,42.77,27.78,410174,3,42.54,27.41,148233,3,41.85,28.65,224217,3,41.92,28.52
388028,2026-07-15T15:12:39.749529,corrianderpowder,229647,3,42.95,26.47,179964,3,43.44,26.43,171294,3,43.63,26.22,260891,3,43.78,26.03,480977,3,42.77,27.78,410174,3,42.53,27.43,148233,3,41.85,28.67,224217,3,41.91,28.54
388378,2026-07-15T15:12:40.109414,corrianderpowder,229647,3,42.95,26.47,179964,3,43.43,26.46,171294,3,43.62,26.23,260891,3,43.77,26.04,480977,3,42.76,27.79,410174,3,42.53,27.44,148233,3,41.85,28.68,224217,3,41.91,28.56
388728,2026-07-15T15:12:40.463313,corrianderpowder,229647,3,42.94,26.49,179964,3,43.44,26.48,171294,3,43.62,26.26,260891,3,43.77,26.06,480977,3,42.77,27.81,410174,3,42.53,27.46,148233,3,41.83,28.69,224217,3,41.91,28.55
389078,2026-07-15T15:12:40.805121,corrianderpowder,229647,3,42.93,26.51,179964,3,43.43,26.5,171294,3,43.61,26.29,260891,3,43.77,26.05,480977,3,42.76,27.8,410174,3,42.52,27.49,148233,3,41.83,28.71,224217,3,41.9,28.59
389428,2026-07-15T15:12:41.152853,corrianderpowder,229647,3,42.93,26.51,179964,3,43.43,26.51,171294,3,43.61,26.3,260891,3,43.76,26.08,223629,3,42.75,27.81,410174,3,42.52,27.48,57066,3,41.83,28.73,224217,3,41.89,28.59
389778,2026-07-15T15:12:41.504924,corrianderpowder,229647,3,42.92,26.51,179964,3,43.42,26.51,171294,3,43.6,26.33,260891,3,43.75,26.09,223629,4,43.21,27.88,410174,3,42.52,27.52,57066,4,42.25,28.78,224217,3,41.89,28.62
390128,2026-07-15T15:12:41.856023,corrianderpowder,229647,3,42.92,26.54,179964,3,43.42,26.52,171294,3,43.59,26.33,260891,3,43.75,26.1,223629,4,43.52,27.89,410174,3,42.51,27.53,57066,4,42.54,28.8,224217,3,41.89,28.64
390478,2026-07-15T15:12:42.210120,corrianderpowder,110297,3,42.92,26.53,179964,3,43.41,26.54,171294,3,43.59,26.35,113601,3,43.75,26.11,223629,4,43.7,27.88,410174,3,42.51,27.52,57066,4,42.7,28.77,94169,3,41.88,28.65
390828,2026-07-15T15:12:42.562149,corrianderpowder,110297,4,43.36,26.58,179964,3,43.41,26.56,171294,3,43.58,26.37,113601,4,44.17,26.16,223629,4,43.8,27.82,410174,3,42.51,27.56,57066,4,42.8,28.73,94169,4,42.3,28.7
391178,2026-07-15T15:12:42.914491,corrianderpowder,110297,4,43.67,26.61,179964,3,43.41,26.57,171294,3,43.58,26.37,113601,4,44.51,26.18,105654,4,43.88,27.76,410174,3,42.51,27.56,42695,4,42.86,28.68,94169,4,42.61,28.73
391528,2026-07-15T15:12:43.263172,corrianderpowder,110297,4,43.81,26.56,179964,3,43.4,26.58,171294,3,43.57,26.41,113601,4,44.65,26.15,105654,5,43.92,27.69,410174,3,42.51,27.57,42695,5,42.9,28.62,94169,4,42.76,28.7
391878,2026-07-15T15:12:43.609532,corrianderpowder,110297,4,43.9,26.51,179964,3,43.41,26.6,171294,3,43.58,26.43,113601,4,44.77,26.1,105654,5,43.97,27.62,410174,3,42.51,27.6,42695,5,42.94,28.55,94169,4,42.86,28.66
392228,2026-07-15T15:12:43.963109,corrianderpowder,62454,4,43.94,26.47,179964,3,43.4,26.58,171294,3,43.57,26.41,65222,4,44.82,26.05,105654,5,44.0,27.55,230578,3,42.51,27.6,42695,5,42.96,28.51,58514,4,42.92,28.61
392578,2026-07-15T15:12:44.355161,corrianderpowder,62454,5,43.98,26.39,179964,3,43.4,26.61,171294,3,43.57,26.44,65222,5,44.88,25.99,105654,5,44.03,27.48,230578,4,42.95,27.64,42695,5,42.99,28.43,58514,5,42.96,28.56
392928,2026-07-15T15:12:44.657904,corrianderpowder,62454,5,44.01,26.34,98689,3,43.41,26.61,171294,3,43.57,26.45,65222,5,44.91,25.94,107653,5,44.05,27.39,230578,4,43.27,27.7,44382,5,43.0,28.37,58514,5,43.0,28.48
393278,2026-07-15T15:12:45.010729,corrianderpowder,62454,5,44.02,26.27,98689,4,43.85,26.66,171294,3,43.57,26.47,65222,5,44.94,25.87,107653,6,44.07,27.32,230578,4,43.44,27.65,44382,6,43.02,28.32,58514,5,43.03,28.43
393628,2026-07-15T15:12:45.360336,corrianderpowder,62454,5,44.04,26.22,98689,4,44.15,26.68,171294,3,43.57,26.47,65222,5,44.96,25.81,107653,6,44.09,27.26,230578,4,43.55,27.62,44382,6,43.03,28.27,58514,5,43.05,28.37
393978,2026-07-15T15:12:45.713585,corrianderpowder,63760,5,44.05,26.18,98689,4,44.31,26.64,171294,3,43.58,26.47,67599,5,44.98,25.76,107653,6,44.1,27.22,116390,4,43.62,27.53,44382,6,43.04,28.22,60334,5,43.07,28.31
394328,2026-07-15T15:12:46.062993,corrianderpowder,63760,6,44.06,26.12,98689,4,44.42,26.6,171294,3,43.58,26.47,67599,6,45.0,25.7,104107,6,44.12,27.18,116390,5,43.67,27.48,44382,6,43.06,28.19,60334,6,43.09,28.25
394678,2026-07-15T15:12:46.400600,corrianderpowder,63760,6,44.06,26.08,61910,4,44.48,26.53,112552,3,43.58,26.5,67599,6,45.01,25.64,104107,7,44.37,27.16,116390,5,43.71,27.41,43170,6,43.07,28.14,60334,6,43.1,28.21
395028,2026-07-15T15:12:46.755524,corrianderpowder,63760,6,44.08,26.03,61910,5,44.53,26.48,112552,4,44.02,26.55,67599,6,45.03,25.6,104107,7,44.59,27.14,116390,5,43.74,27.34,43170,7,43.31,28.12,60334,6,43.12,28.16
395378,2026-07-15T15:12:47.113360,corrianderpowder,63760,6,44.09,25.99,61910,5,44.56,26.42,112552,4,44.34,26.56,67599,6,45.04,25.57,104107,7,44.72,27.05,116390,5,43.77,27.29,43170,7,43.52,28.1,60334,6,43.13,28.11
395728,2026-07-15T15:12:47.463710,corrianderpowder,61686,6,44.09,25.95,61910,5,44.59,26.36,112552,4,44.5,26.53,65272,6,45.05,25.52,104107,7,44.79,27.01,117431,5,43.8,27.23,43170,7,43.64,28.05,58634,6,43.15,28.07
396078,2026-07-15T15:12:47.813959,corrianderpowder,61686,7,44.33,25.96,61910,5,44.62,26.29,112552,4,44.59,26.48,65272,7,45.29,25.56,213555,7,44.86,26.94,117431,6,43.82,27.16,43170,7,43.72,28.01,58634,7,43.39,28.07
396428,2026-07-15T15:12:48.153475,corrianderpowder,61686,7,44.53,25.93,62181,5,44.63,26.23,62961,4,44.67,26.41,65272,7,45.49,25.58,213555,8,44.91,26.88,117431,6,43.84,27.13,156527,7,43.79,27.92,58634,7,43.58,28.04
396778,2026-07-15T15:12:48.513422,corrianderpowder,61686,7,44.64,25.88,62181,6,44.66,26.17,62961,5,44.72,26.35,65272,7,45.7,25.4,213555,8,44.95,26.81,117431,6,43.85,27.09,156527,8,43.83,27.87,58634,7,43.71,27.99
397128,2026-07-15T15:12:48.851293,corrianderpowder,61686,7,44.7,25.86,62181,6,44.67,26.14,62961,5,44.76,26.29,204350,7,45.76,25.34,213555,8,44.98,26.75,117431,6,43.87,27.03,156527,8,43.88,27.8,58634,7,43.79,27.93
397478,2026-07-15T15:12:49.213379,corrianderpowder,177346,7,44.75,25.78,62181,6,44.69,26.08,62961,5,44.8,26.21,204350,8,45.81,25.26,213555,8,45.01,26.69,112108,6,43.89,27.0,156527,8,43.9,27.73,168089,7,43.85,27.87
397828,2026-07-15T15:12:49.552503,corrianderpowder,177346,8,44.79,25.67,62181,6,44.7,26.04,62961,5,44.82,26.16,204350,8,45.85,25.23,262093,8,45.03,26.64,112108,7,44.15,26.98,156527,8,43.92,27.72,168089,8,43.9,27.8
398178,2026-07-15T15:12:49.915474,corrianderpowder,177346,8,44.81,25.69,59743,6,44.72,26.0,61776,5,44.84,26.11,204350,8,45.89,25.16,262093,9,45.06,26.57,112108,7,44.38,26.96,185843,9,43.97,27.54,168089,8,43.93,27.75
398528,2026-07-15T15:12:50.263514,corrianderpowder,177346,8,44.84,25.62,59743,7,44.98,25.98,61776,6,44.87,26.05,204350,8,45.92,25.13,262093,9,45.09,26.54,112108,7,44.51,26.89,185843,9,44.0,27.51,168089,8,43.96,27.66
398878,2026-07-15T15:12:50.611892,corrianderpowder,217502,8,44.88,25.52,59743,7,45.2,25.98,61776,6,44.89,26.0,246746,8,45.94,25.07,262093,9,45.1,26.48,112108,7,44.61,26.83,185843,9,44.02,27.44,168089,8,43.99,27.61
399228,2026-07-15T15:12:50.956149,corrianderpowder,217502,9,44.9,25.48,59743,7,45.32,25.92,61776,6,44.91,25.94,246746,9,45.96,25.01,262093,9,45.12,26.42,272557,7,44.67,26.76,185843,9,44.04,27.4,203740,8,44.02,27.55
399578,2026-07-15T15:12:51.312840,corrianderpowder,217502,9,44.91,25.42,59743,7,45.41,25.86,61776,6,44.93,25.91,246746,9,45.99,24.94,279934,9,45.14,26.37,272557,8,44.73,26.68,202411,9,44.06,27.36,203740,9,44.04,27.49
399928,2026-07-15T15:12:51.660652,corrianderpowder,217502,9,44.94,25.39,202411,7,45.46,25.81,58715,6,44.95,25.87,246746,9,46.02,24.91,279934,0,45.16,26.33,272557,8,44.77,26.62,202411,0,44.08,27.31,203740,9,44.07,27.43
400278,2026-07-15T15:12:52.013724,corrianderpowder,217502,9,44.95,25.37,202411,8,45.52,25.74,58715,7,45.2,25.84,246746,9,46.03,24.86,279934,0,45.19,26.29,272557,8,44.81,26.57,202411,0,44.09,27.28,203740,9,44.08,27.38
400628,2026-07-15T15:12:52.359955,corrianderpowder,230890,9,44.97,25.33,202411,8,45.55,25.65,58715,7,45.43,25.82,264736,9,46.05,24.83,279934,0,45.21,26.25,272557,8,44.84,26.5,202411,0,44.11,27.22,203740,9,44.11,27.34
400978,2026-07-15T15:12:52.707418,corrianderpowder,230890,0,44.99,25.29,202411,8,45.59,25.59,58715,7,45.56,25.77,264736,0,46.07,24.77,279934,0,45.23,26.21,322824,8,44.87,26.42,202411,0,44.12,27.19,219178,9,44.13,27.29
401328,2026-07-15T15:12:53.063190,corrianderpowder,230890,0,45.0,25.26,202411,8,45.62,25.53,58715,7,45.65,25.71,264736,0,46.08,24.74,289429,0,45.23,26.18,322824,9,44.89,26.38,208469,0,44.14,27.14,219178,0,44.14,27.25
401678,2026-07-15T15:12:53.416833,corrianderpowder,230890,0,45.02,25.22,239140,8,45.65,25.48,166938,7,45.72,25.64,264736,0,46.1,24.71,289429,1,44.55,26.08,322824,9,44.91,26.31,208469,1,43.5,27.03,219178,0,44.16,27.21
402028,2026-07-15T15:12:53.763656,corrianderpowder,230890,0,45.04,25.2,239140,9,45.68,25.43,166938,8,45.77,25.58,264736,0,46.12,24.68,6166353,1,44.02,26.03,322824,9,44.94,26.27,4059464,1,43.01,26.97,219178,0,44.18,27.17
402378,2026-07-15T15:12:54.112818,corrianderpowder,238139,0,45.05,25.18,239140,9,45.7,25.37,166938,8,45.81,25.5,272340,0,46.14,24.66,6166353,2,43.74,26.04,322824,9,44.96,26.21,4059464,2,42.75,26.99,219178,0,44.2,27.14
402728,2026-07-15T15:12:54.463991,corrianderpowder,238139,1,44.38,25.08,239140,9,45.72,25.33,166938,8,45.85,25.46,272340,1,45.48,24.55,6166353,2,43.57,26.09,339860,9,44.97,26.16,4059464,2,42.59,27.04,225550,0,44.22,27.11
403078,2026-07-15T15:12:54.812268,corrianderpowder,4565060,1,43.9,25.02,239140,9,45.74,25.29,166938,8,45.87,25.39,6412524,1,44.98,24.5,6166353,2,43.47,26.16,339860,0,44.99,26.11,4059464,2,42.49,27.11,225550,1,43.57,26.98
403428,2026-07-15T15:12:55.158078,corrianderpowder,4565060,2,43.67,25.06,252777,9,45.76,25.23,202052,8,45.9,25.34,6412524,2,44.72,24.52,6166353,2,43.4,26.24,339860,0,45.0,26.07,4059464,2,42.42,27.18,4561247,1,43.08,26.95
403778,2026-07-15T15:12:55.514216,corrianderpowder,4565060,2,43.54,25.11,252777,0,45.77,25.19,202052,9,45.93,25.27,6412524,2,44.57,24.55,6166353,2,43.33,26.33,339860,0,45.02,26.03,4059464,2,42.37,27.25,4561247,2,42.82,26.95
404128,2026-07-15T15:12:55.862159,corrianderpowder,4565060,2,43.47,25.18,252777,0,45.79,25.14,202052,9,45.96,25.21,6412524,2,44.46,24.62,6166353,2,43.3,26.42,339860,0,45.03,25.99,4059464,2,42.34,27.35,4561247,2,42.67,26.99
404478,2026-07-15T15:12:56.207317,corrianderpowder,4565060,2,43.42,25.27,252777,0,45.8,25.12,202052,9,45.97,25.17,6412524,2,44.4,24.7,6166353,2,43.27,26.52,348892,0,45.03,25.97,4059464,2,42.3,27.42,4561247,2,42.58,27.07
404828,2026-07-15T15:12:56.620932,corrianderpowder,4565060,2,43.4,25.35,252777,0,45.81,25.08,202052,9,45.99,25.11,6412524,2,44.34,24.76,6166353,2,43.23,26.59,348892,1,44.33,25.86,4059464,2,42.28,27.49,4561247,2,42.51,27.13
405178,2026-07-15T15:12:56.911363,corrianderpowder,4565060,2,43.37,25.42,261291,0,45.82,25.06,212360,9,46.0,25.07,6412524,2,44.3,24.85,6166353,2,43.21,26.65,4501099,1,43.81,25.82,4059464,2,42.25,27.57,4561247,2,42.46,27.21
405528,2026-07-15T15:12:57.263980,corrianderpowder,4565060,2,43.36,25.5,261291,1,45.13,24.93,212360,0,46.01,25.03,6412524,2,44.28,24.93,495284,2,43.19,26.73,4501099,2,43.52,25.82,151524,2,42.24,27.65,4561247,2,42.41,27.28
405878,2026-07-15T15:12:57.609461,corrianderpowder,4565060,2,43.35,25.56,3635234,1,44.62,24.9,212360,0,46.02,25.0,6412524,2,44.25,25.0,495284,3,43.18,26.79,4501099,2,43.35,25.89,151524,3,42.23,27.7,4561247,2,42.38,27.39
406228,2026-07-15T15:12:57.964134,corrianderpowder,4565060,2,43.34,25.64,3635234,2,44.36,24.92,212360,0,46.03,24.98,6412524,2,44.24,25.06,495284,3,43.16,26.88,4501099,2,43.24,25.95,151524,3,42.21,27.78,4561247,2,42.33,27.52
406578,2026-07-15T15:12:58.310983,corrianderpowder,237311,2,43.33,25.67,3635234,2,44.19,24.98,212360,0,46.03,24.94,268062,2,44.21,25.14,495284,3,43.15,26.94,4501099,2,43.16,26.04,151524,3,42.2,27.84,229647,2,42.31,27.6
406928,2026-07-15T15:12:58.652960,corrianderpowder,237311,3,43.32,25.73,3635234,2,44.09,25.04,218756,0,46.05,24.91,268062,3,44.21,25.19,495284,3,43.14,26.97,4501099,2,43.09,26.11,151524,3,42.19,27.89,229647,3,42.29,27.64
407278,2026-07-15T15:12:59.006803,corrianderpowder,237311,3,43.32,25.78,3635234,2,44.02,25.12,218756,1,45.35,24.8,268062,3,44.2,25.24,495284,3,43.12,27.03,4501099,2,43.04,26.2,151524,3,42.18,27.95,229647,3,42.27,27.7
407628,2026-07-15T15:12:59.363907,corrianderpowder,237311,3,43.31,25.84,3635234,2,43.97,25.21,1558303,1,44.82,24.75,268062,3,44.19,25.28,495284,3,43.11,27.07,4501099,2,43.01,26.28,151524,3,42.17,27.99,229647,3,42.26,27.77
407978,2026-07-15T15:12:59.705949,corrianderpowder,237311,3,43.3,25.89,3635234,2,43.93,25.31,1558303,2,44.56,24.79,268062,3,44.18,25.34,495284,3,43.1,27.12,4501099,2,42.98,26.37,151524,3,42.16,28.04,229647,3,42.24,27.83
408328,2026-07-15T15:13:00.056944,corrianderpowder,237311,3,43.3,25.92,3635234,2,43.9,25.39,1558303,2,44.39,24.85,268062,3,44.17,25.37,495284,3,43.09,27.17,4501099,2,42.94,26.43,151524,3,42.15,28.07,229647,3,42.23,27.89
408678,2026-07-15T15:13:00.413722,corrianderpowder,237311,3,43.29,25.94,3635234,2,43.87,25.46,1558303,2,44.28,24.93,268062,3,44.16,25.43,495284,3,43.07,27.2,423665,2,42.92,26.51,151524,3,42.13,28.11,229647,3,42.22,27.92
409028,2026-07-15T15:13:00.755814,corrianderpowder,237311,3,43.28,25.97,3635234,2,43.85,25.53,1558303,2,44.21,25.02,268062,3,44.15,25.45,495284,3,43.07,27.25,423665,3,42.9,26.57,151524,3,42.12,28.17,229647,3,42.21,27.97
409378,2026-07-15T15:13:01.112741,corrianderpowder,237311,3,43.27,26.0,184438,2,43.83,25.58,1558303,2,44.15,25.12,268062,3,44.14,25.5,495284,3,43.05,27.26,423665,3,42.89,26.65,151524,3,42.12,28.18,229647,3,42.2,28.03
409728,2026-07-15T15:13:01.461633,corrianderpowder,237311,3,43.27,26.03,184438,3,43.81,25.65,1558303,2,44.11,25.2,268062,3,44.13,25.53,495284,3,43.05,27.29,423665,3,42.87,26.71,151524,3,42.11,28.24,229647,3,42.19,28.06
410078,2026-07-15T15:13:01.804850,corrianderpowder,237311,3,43.26,26.06,184438,3,43.8,25.73,1558303,2,44.08,25.28,268062,3,44.12,25.54,495284,3,43.04,27.33,423665,3,42.85,26.76,151524,3,42.1,28.25,229647,3,42.18,28.11
410428,2026-07-15T15:13:02.163823,corrianderpowder,237311,3,43.25,26.1,184438,3,43.78,25.78,1558303,2,44.04,25.36,268062,3,44.11,25.58,495284,3,43.03,27.35,423665,3,42.84,26.83,151524,3,42.09,28.28,229647,3,42.17,28.13
410778,2026-07-15T15:13:02.510588,corrianderpowder,237311,3,43.25,26.09,184438,3,43.77,25.83,1558303,2,44.01,25.43,268062,3,44.1,25.62,495284,3,43.03,27.38,423665,3,42.83,26.87,151524,3,42.08,28.31,229647,3,42.16,28.15
411128,2026-07-15T15:13:02.863161,corrianderpowder,237311,3,43.24,26.13,184438,3,43.76,25.88,176066,2,44.0,25.51,268062,3,44.09,25.64,495284,3,43.02,27.4,423665,3,42.82,26.91,151524,3,42.08,28.32,229647,3,42.16,28.19
411478,2026-07-15T15:13:03.216179,corrianderpowder,237311,3,43.23,26.14,184438,3,43.75,25.92,176066,3,43.97,25.58,268062,3,44.09,25.67,495284,3,43.01,27.43,423665,3,42.82,26.98,151524,3,42.07,28.36,229647,3,42.15,28.21
411828,2026-07-15T15:13:03.557517,corrianderpowder,237311,3,43.23,26.16,184438,3,43.74,25.96,176066,3,43.97,25.62,268062,3,44.08,25.67,495284,3,43.01,27.43,423665,3,42.8,27.02,151524,3,42.07,28.37,229647,3,42.14,28.25
412178,2026-07-15T15:13:03.908336,corrianderpowder,237311,3,43.22,26.17,184438,3,43.73,25.99,176066,3,43.94,25.7,268062,3,44.07,25.69,495284,3,43.0,27.48,423665,3,42.79,27.04,151524,3,42.06,28.4,229647,3,42.14,28.28
412528,2026-07-15T15:13:04.255906,corrianderpowder,237311,3,43.22,26.21,184438,3,43.73,26.04,176066,3,43.93,25.74,268062,3,44.07,25.72,495284,3,43.0,27.48,423665,3,42.79,27.08,151524,3,42.05,28.42,229647,3,42.13,28.3
412878,2026-07-15T15:13:04.611465,corrianderpowder,237311,3,43.21,26.2,184438,3,43.73,26.08,176066,3,43.92,25.79,268062,3,44.05,25.73,495284,3,42.99,27.52,423665,3,42.76,27.11,151524,3,42.05,28.43,229647,3,42.12,28.33
413228,2026-07-15T15:13:04.958483,corrianderpowder,237311,3,43.2,26.21,184438,3,43.71,26.12,176066,3,43.91,25.84,268062,3,44.05,25.76,495284,3,42.99,27.53,423665,3,42.77,27.16,151524,3,42.04,28.47,229647,3,42.12,28.33
413578,2026-07-15T15:13:05.315409,corrianderpowder,237311,3,43.2,26.22,184438,3,43.7,26.15,176066,3,43.9,25.88,268062,3,44.04,25.77,495284,3,42.98,27.53,423665,3,42.77,27.17,151524,3,42.04,28.47,229647,3,42.1,28.36
413928,2026-07-15T15:13:05.656601,corrianderpowder,237311,3,43.2,26.26,184438,3,43.69,26.16,176066,3,43.89,25.93,268062,3,44.03,25.78,495284,3,42.97,27.57,423665,3,42.75,27.2,151524,3,42.03,28.5,229647,3,42.11,28.38
414278,2026-07-15T15:13:06.013230,corrianderpowder,237311,3,43.19,26.26,184438,3,43.69,26.18,176066,3,43.88,25.95,268062,3,44.03,25.79,495284,3,42.97,27.57,423665,3,42.75,27.22,151524,3,42.03,28.49,229647,3,42.1,28.4
414628,2026-07-15T15:13:06.364409,corrianderpowder,237311,3,43.17,26.26,184438,3,43.68,26.21,176066,3,43.87,25.99,268062,3,44.02,25.82,495284,3,42.96,27.58,423665,3,42.74,27.24,151524,3,42.03,28.53,229647,3,42.09,28.4
414978,2026-07-15T15:13:06.713380,corrianderpowder,237311,3,43.17,26.28,184438,3,43.68,26.22,176066,3,43.86,26.02,268062,3,44.01,25.84,495284,3,42.96,27.61,423665,3,42.74,27.27,151524,3,42.02,28.52,229647,3,42.09,28.43
415328,2026-07-15T15:13:07.063281,corrianderpowder,237311,3,43.16,26.3,184438,3,43.67,26.26,176066,3,43.86,26.05,268062,3,44.01,25.85,495284,3,42.97,27.61,423665,3,42.74,27.31,151524,3,42.01,28.56,229647,3,42.08,28.43
415678,2026-07-15T15:13:07.400418,corrianderpowder,237311,3,43.16,26.31,184438,3,43.67,26.26,176066,3,43.84,26.07,268062,3,44.0,25.87,495284,3,42.95,27.82,423665,3,42.73,27.3,151524,3,42.02,28.57,229647,3,42.08,28.46
416028,2026-07-15T15:13:07.762920,corrianderpowder,237311,3,43.16,26.32,184438,3,43.66,26.29,176066,3,43.85,26.11,268062,3,44.0,25.87,228113,4,43.41,27.7,423665,3,42.73,27.34,57840,3,42.01,28.56,229647,3,42.07,28.47
416378,2026-07-15T15:13:08.113065,corrianderpowder,237311,3,43.15,26.32,184438,3,43.66,26.3,176066,3,43.84,26.11,268062,3,43.99,25.88,228113,4,43.73,27.72,423665,3,42.72,27.36,57840,4,42.41,28.65,229647,3,42.07,28.5
416728,2026-07-15T15:13:08.465633,corrianderpowder,237311,3,43.15,26.35,184438,3,43.66,26.32,176066,3,43.83,26.13,268062,3,43.99,25.89,228113,4,43.91,27.71,423665,3,42.72,27.36,57840,4,42.72,28.66,229647,3,42.07,28.51
417078,2026-07-15T15:13:08.809938,corrianderpowder,112182,3,43.13,26.33,184438,3,43.64,26.33,176066,3,43.83,26.17,115133,3,43.98,25.91,228113,4,44.01,27.65,423665,3,42.71,27.38,57840,4,42.89,28.64,95486,3,42.07,28.51
417428,2026-07-15T15:13:09.154354,corrianderpowder,112182,4,43.58,26.39,184438,3,43.64,26.36,176066,3,43.82,26.18,115133,4,44.42,25.96,106048,4,44.09,27.58,423665,3,42.71,27.4,57840,4,42.98,28.61,95486,4,42.48,28.58
417778,2026-07-15T15:13:09.514605,corrianderpowder,112182,4,43.9,26.41,184438,3,43.64,26.35,176066,3,43.81,26.2,115133,4,44.74,25.98,106048,5,44.13,27.53,423665,3,42.71,27.39,42567,4,43.04,28.54,95486,4,42.79,28.59
418128,2026-07-15T15:13:09.859929,corrianderpowder,112182,4,44.04,26.4,184438,3,43.63,26.38,176066,3,43.81,26.22,115133,4,44.91,25.97,106048,5,44.17,27.48,423665,3,42.71,27.41,42567,5,43.08,28.49,95486,4,42.95,28.58
418478,2026-07-15T15:13:10.208088,corrianderpowder,112182,4,44.12,26.35,184438,3,43.63,26.39,176066,3,43.8,26.23,115133,4,45.0,25.92,106048,5,44.2,27.41,423665,3,42.71,27.42,42567,5,43.11,28.42,95486,4,43.04,28.53
418828,2026-07-15T15:13:10.562175,corrianderpowder,63147,4,44.17,26.28,184438,3,43.63,26.4,176066,3,43.81,26.25,65826,4,45.08,25.86,106048,5,44.22,27.34,423665,3,42.71,27.43,42567,5,43.14,28.35,58634,4,43.1,28.49
419178,2026-07-15T15:13:10.913902,corrianderpowder,63147,5,44.21,26.23,184438,3,43.63,26.41,176066,3,43.81,26.27,65826,5,45.12,25.79,108130,5,44.24,27.28,235510,3,42.71,27.46,42567,5,43.16,28.29,58634,5,43.15,28.42
419528,2026-07-15T15:13:11.263380,corrianderpowder,63147,5,44.23,26.19,184438,3,43.63,26.42,176066,3,43.81,26.29,65826,5,45.15,25.75,108130,6,44.26,27.24,235510,4,43.15,27.5,44568,5,43.18,28.26,58634,5,43.19,28.37
419878,2026-07-15T15:13:11.612295,corrianderpowder,63147,5,44.24,26.1,100490,3,43.64,26.43,176066,3,43.81,26.31,65826,5,45.18,25.68,108130,6,44.27,27.15,235510,4,43.49,27.54,44568,6,43.2,28.2,58634,5,43.22,28.33
420228,2026-07-15T15:13:12.026860,corrianderpowder,63147,5,44.26,26.04,100490,4,44.08,26.49,176066,3,43.81,26.31,65826,5,45.21,25.63,108130,6,44.29,27.12,235510,4,43.66,27.52,44568,6,43.21,28.14,58634,5,43.24,28.25
420578,2026-07-15T15:13:12.310609,corrianderpowder,64630,5,44.27,26.0,100490,4,44.39,26.51,176066,3,43.81,26.31,67706,5,45.23,25.58,108130,6,44.31,27.08,235510,4,43.76,27.45,44568,6,43.24,28.05,60548,5,43.27,28.17
420928,2026-07-15T15:13:12.662763,corrianderpowder,64630,6,44.28,25.96,100490,4,44.56,26.49,176066,3,43.81,26.33,67706,6,45.24,25.53,104875,6,44.32,27.05,117269,4,43.82,27.4,43478,6,43.26,28.02,60548,6,43.28,28.11
421278,2026-07-15T15:13:13.009237,corrianderpowder,64630,6,44.29,25.92,100490,4,44.66,26.44,176066,3,43.82,26.34,67706,6,45.25,25.48,104875,7,44.58,27.01,117269,5,43.88,27.35,43478,7,43.49,28.02,60548,6,43.29,28.09
421628,2026-07-15T15:13:13.353725,corrianderpowder,64630,6,44.3,25.88,62135,4,44.72,26.38,115601,3,43.82,26.34,67706,6,45.26,25.45,104875,7,44.79,27.01,117269,5,43.92,27.3,43478,7,43.7,28.0,60548,6,43.3,28.03
421978,2026-07-15T15:13:13.711595,corrianderpowder,64630,6,44.31,25.85,62135,5,44.76,26.32,115601,4,44.25,26.42,67706,6,45.28,25.41,104875,7,44.91,26.97,117269,5,43.95,27.24,43478,7,43.82,27.95,60548,6,43.32,28.0
422328,2026-07-15T15:13:14.058822,corrianderpowder,62591,6,44.32,25.81,62135,5,44.8,26.25,115601,4,44.57,26.42,65573,6,45.28,25.38,104875,7,45.0,26.91,117269,5,43.98,27.16,43478,7,43.91,27.9,59576,6,43.33,27.95
422678,2026-07-15T15:13:14.405111,corrianderpowder,62591,7,44.55,25.82,62135,5,44.82,26.2,115601,4,44.74,26.38,65573,7,45.52,25.37,213957,7,45.06,26.82,118244,5,44.0,27.13,156240,7,43.96,27.83,59576,7,43.57,27.96
423028,2026-07-15T15:13:14.757261,corrianderpowder,62591,7,44.74,25.78,62135,5,44.85,26.13,115601,4,44.84,26.34,65573,7,45.74,25.34,213957,8,45.11,26.76,118244,6,44.01,27.06,156240,8,44.01,27.78,59576,7,43.77,27.93
423378,2026-07-15T15:13:15.112373,corrianderpowder,62591,7,44.85,25.75,62914,5,44.87,26.08,63429,4,44.9,26.28,65573,7,45.86,25.31,213957,8,45.15,26.71,118244,6,44.04,27.0,156240,8,44.05,27.7,59576,7,43.89,27.88
423728,2026-07-15T15:13:15.461733,corrianderpowder,62591,7,44.92,25.7,62914,6,44.89,26.03,63429,5,44.96,26.2,65573,7,45.94,25.24,213957,8,45.19,26.64,118244,6,44.06,26.95,156240,8,44.08,27.63,59576,7,43.97,27.82
424078,2026-07-15T15:13:15.807214,corrianderpowder,176978,7,44.97,25.64,62914,6,44.9,25.99,63429,5,45.0,26.15,203497,7,46.0,25.23,213957,8,45.22,26.58,118244,6,44.08,26.9,156240,8,44.11,27.57,167429,7,44.03,27.75
424428,2026-07-15T15:13:16.162925,corrianderpowder,176978,8,45.01,25.59,62914,6,44.93,25.93,63429,5,45.03,26.07,203497,8,46.09,25.06,262496,8,45.24,26.53,112403,6,44.1,26.86,184438,8,44.14,27.51,167429,8,44.08,27.7
424778,2026-07-15T15:13:16.514388,corrianderpowder,176978,8,45.03,25.54,62914,6,44.94,25.9,63429,5,45.06,26.01,203497,8,46.12,25.01,262496,9,45.27,26.47,112403,7,44.36,26.83,184438,9,44.16,27.45,167429,8,44.11,27.61
425128,2026-07-15T15:13:16.859418,corrianderpowder,176978,8,45.05,25.47,60420,6,44.96,25.87,62961,5,45.08,25.95,203497,8,46.15,24.95,262496,9,45.28,26.41,112403,7,44.6,26.82,184438,9,44.17,27.41,167429,8,44.15,27.56
425478,2026-07-15T15:13:17.212878,corrianderpowder,176978,8,45.08,25.42,60420,7,45.22,25.85,62961,6,45.11,25.9,246568,8,46.18,24.91,262496,9,45.31,26.35,112403,7,44.72,26.76,184438,9,44.2,27.35,167429,8,44.18,27.49
425828,2026-07-15T15:13:17.563020,corrianderpowder,216536,8,45.1,25.38,60420,7,45.43,25.82,62961,6,45.13,25.85,246568,9,46.21,24.86,262496,9,45.33,26.32,112403,7,44.81,26.71,184438,9,44.22,27.31,203376,8,44.2,27.45
426178,2026-07-15T15:13:17.901788,corrianderpowder,216536,9,45.12,25.34,60420,7,45.56,25.78,62961,6,45.15,25.82,246568,9,46.22,24.8,280394,9,45.34,26.26,272775,7,44.88,26.63,200626,9,44.24,27.25,203376,9,44.22,27.39
426528,2026-07-15T15:13:18.262201,corrianderpowder,216536,9,45.13,25.21,60420,7,45.65,25.73,62961,6,45.17,25.76,246568,9,46.24,24.77,280394,0,45.36,26.23,272775,8,44.94,26.56,200626,0,44.26,27.23,203376,9,44.25,27.32
426878,2026-07-15T15:13:18.608646,corrianderpowder,216536,9,45.16,25.16,201813,7,45.71,25.66,59286,6,45.18,25.73,246568,9,46.26,24.72,280394,0,45.38,26.2,272775,8,44.98,26.51,200626,0,44.27,27.17,203376,9,44.27,27.28
427228,2026-07-15T15:13:18.962883,corrianderpowder,216536,9,45.17,25.23,201813,8,45.76,25.59,59286,7,45.45,25.71,262901,9,46.28,24.68,280394,0,45.4,26.17,272775,8,45.02,26.44,200626,0,44.28,27.14,203376,9,44.29,27.23
427578,2026-07-15T15:13:19.306121,corrianderpowder,230423,0,45.21,25.15,201813,8,45.8,25.53,59286,7,45.66,25.68,262901,0,46.3,24.65,280394,0,45.42,26.12,272775,8,45.05,26.37,200626,0,44.3,27.09,216949,9,44.31,27.2
427928,2026-07-15T15:13:19.662179,corrianderpowder,230423,0,45.22,25.14,201813,8,45.83,25.47,59286,7,45.8,25.65,262901,0,46.32,24.61,291654,0,45.43,26.1,321608,8,45.08,26.31,207455,0,44.31,27.08,216949,0,44.33,27.13
428278,2026-07-15T15:13:20.009067,corrianderpowder,230423,0,45.24,25.12,201813,8,45.86,25.41,59286,7,45.89,25.57,262901,0,46.35,24.58,291654,1,44.74,25.98,321608,9,45.09,26.26,207455,1,43.68,26.98,216949,0,44.35,27.1
428628,2026-07-15T15:13:20.359127,corrianderpowder,230423,0,45.25,25.09,239476,8,45.89,25.34,167758,7,45.95,25.51,262901,0,46.36,24.55,6301538,1,44.22,25.94,321608,9,45.12,26.2,4123836,1,43.18,26.91,216949,0,44.36,27.08
428978,2026-07-15T15:13:20.713100,corrianderpowder,237476,0,45.27,25.05,239476,9,45.91,25.3,167758,8,46.01,25.45,270827,0,46.38,24.53,6301538,2,43.94,25.94,321608,9,45.13,26.16,4123836,2,42.92,26.92,216949,0,44.39,27.03
429328,2026-07-15T15:13:21.054486,corrianderpowder,237476,1,44.6,24.97,239476,9,45.93,25.23,167758,8,46.04,25.4,270827,1,45.71,24.42,6301538,2,43.77,26.01,321608,9,45.15,26.1,4123836,2,42.78,26.96,224364,0,44.4,27.0
429678,2026-07-15T15:13:21.410747,corrianderpowder,4731158,1,44.11,24.91,239476,9,45.95,25.19,167758,8,46.08,25.31,6423838,1,45.21,24.37,6301538,2,43.66,26.08,339522,9,45.17,26.08,4123836,2,42.67,27.02,224364,1,43.76,26.9
430028,2026-07-15T15:13:21.751102,corrianderpowder,4731158,2,43.89,24.94,239476,9,45.97,25.16,167758,8,46.12,25.28,6423838,2,44.94,24.41,6301538,2,43.6,26.17,339522,0,45.19,25.91,4123836,2,42.59,27.12,4650582,1,43.26,26.83
430378,2026-07-15T15:13:22.113083,corrianderpowder,4731158,2,43.76,25.02,252403,9,45.99,25.12,200981,8,46.13,25.21,6423838,2,44.79,24.44,6301538,2,43.53,26.26,339522,0,45.21,25.88,4123836,2,42.55,27.18,4650582,2,43.0,26.85
430728,2026-07-15T15:13:22.462919,corrianderpowder,4731158,2,43.69,25.08,252403,0,46.0,25.07,200981,9,46.16,25.15,6423838,2,44.69,24.51,6301538,2,43.5,26.35,339522,0,45.21,25.79,4123836,2,42.51,27.26,4650582,2,42.85,26.91
431078,2026-07-15T15:13:22.814118,corrianderpowder,4731158,2,43.64,25.17,252403,0,46.02,25.03,200981,9,46.18,25.1,6423838,2,44.62,24.58,6301538,2,43.45,26.44,347118,0,45.23,25.88,4123836,2,42.48,27.36,4650582,2,42.76,26.97
431428,2026-07-15T15:13:23.155946,corrianderpowder,4731158,2,43.6,25.24,252403,0,46.03,25.01,200981,9,46.2,25.05,6423838,2,44.58,24.67,6301538,2,43.43,26.51,347118,1,44.52,25.76,4123836,2,42.46,27.43,4650582,2,42.68,27.05
431778,2026-07-15T15:13:23.512972,corrianderpowder,4731158,2,43.58,25.32,252403,0,46.04,24.98,200981,9,46.21,25.02,6423838,2,44.54,24.74,6301538,2,43.41,26.6,4638731,1,44.0,25.71,4123836,2,42.43,27.51,4650582,2,42.63,27.12
432128,2026-07-15T15:13:23.863046,corrianderpowder,4731158,2,43.57,25.41,258520,0,46.04,24.95,214360,9,46.22,24.98,6423838,2,44.51,24.82,505928,2,43.39,26.67,4638731,2,43.72,25.75,154963,2,42.41,27.58,4650582,2,42.59,27.2
432478,2026-07-15T15:13:24.207518,corrianderpowder,4731158,2,43.57,25.46,258520,1,45.35,24.83,214360,0,46.23,24.94,6423838,2,44.48,24.88,505928,3,43.38,26.74,4638731,2,43.55,25.77,154963,3,42.4,27.65,4650582,2,42.56,27.28
432828,2026-07-15T15:13:24.549470,corrianderpowder,4731158,2,43.56,25.55,3786457,1,44.85,24.79,214360,0,46.24,24.89,6423838,2,44.47,24.98,505928,3,43.36,26.8,4638731,2,43.43,25.85,154963,3,42.39,27.71,4650582,2,42.54,27.35
433178,2026-07-15T15:13:24.907825,corrianderpowder,243057,2,43.55,25.58,3786457,2,44.59,24.82,214360,0,46.26,24.85,270613,2,44.45,25.03,505928,3,43.35,26.86,4638731,2,43.35,25.94,154963,3,42.38,27.78,4650582,2,42.52,27.43
433528,2026-07-15T15:13:25.259095,corrianderpowder,243057,3,43.55,25.63,3786457,2,44.43,24.88,214360,0,46.26,24.83,270613,3,44.44,25.08,505928,3,43.33,26.9,4638731,2,43.29,26.01,154963,3,42.36,27.84,235186,2,42.49,27.51
433878,2026-07-15T15:13:25.609595,corrianderpowder,243057,3,43.53,25.69,3786457,2,44.32,24.96,220594,0,46.27,24.79,270613,3,44.42,25.14,505928,3,43.32,26.98,4638731,2,43.24,26.12,154963,3,42.36,27.88,235186,3,42.47,27.56
434228,2026-07-15T15:13:25.958939,corrianderpowder,243057,3,43.53,25.74,3786457,2,44.25,24.93,220594,1,45.57,24.71,270613,3,44.42,25.19,505928,3,43.31,27.02,4638731,2,43.2,26.2,154963,3,42.34,27.92,235186,3,42.45,27.63
434578,2026-07-15T15:13:26.311511,corrianderpowder,243057,3,43.53,25.79,3786457,2,44.19,25.12,1637744,1,45.06,24.65,270613,3,44.42,25.25,505928,3,43.3,27.04,4638731,2,43.16,26.29,154963,3,42.33,27.98,235186,3,42.43,27.7
434928,2026-07-15T15:13:26.662084,corrianderpowder,243057,3,43.52,25.8,3786457,2,44.15,25.22,1637744,2,44.79,24.7,270613,3,44.4,25.29,505928,3,43.29,27.1,4638731,2,43.13,26.36,154963,3,42.32,28.01,235186,3,42.42,27.72
435278,2026-07-15T15:13:27.005116,corrianderpowder,243057,3,43.51,25.86,3786457,2,44.12,25.28,1637744,2,44.62,24.74,270613,3,44.4,25.33,505928,3,43.28,27.13,432797,2,43.12,26.43,154963,3,42.31,28.06,235186,3,42.4,27.85
435628,2026-07-15T15:13:27.362322,corrianderpowder,243057,3,43.5,25.87,3786457,2,44.07,25.44,1637744,2,44.51,24.83,270613,3,44.39,25.37,505928,3,43.27,27.18,432797,3,43.09,26.51,154963,3,42.31,28.08,235186,3,42.39,27.89
435978,2026-07-15T15:13:27.712839,corrianderpowder,243057,3,43.5,25.91,193792,2,44.06,25.48,1637744,2,44.43,24.92,270613,3,44.37,25.41,505928,3,43.27,27.21,432797,3,43.08,26.55,154963,3,42.3,28.13,235186,3,42.38,27.93
436328,2026-07-15T15:13:28.056239,corrianderpowder,243057,3,43.49,25.94,193792,3,44.04,25.56,1637744,2,44.37,25.01,270613,3,44.37,25.43,505928,3,43.26,27.22,432797,3,43.07,26.62,154963,3,42.29,28.18,235186,3,42.38,27.95
436678,2026-07-15T15:13:28.411819,corrianderpowder,243057,3,43.48,25.95,193792,3,44.02,25.62,1637744,2,44.33,25.1,270613,3,44.36,25.46,505928,3,43.25,27.26,432797,3,43.04,26.67,154963,3,42.28,28.19,235186,3,42.36,28.0
437028,2026-07-15T15:13:28.752711,corrianderpowder,243057,3,43.47,25.96,193792,3,44.01,25.68,1637744,2,44.29,25.18,270613,3,44.35,25.49,505928,3,43.23,27.29,432797,3,43.04,26.73,154963,3,42.28,28.21,235186,3,42.35,28.04
437378,2026-07-15T15:13:29.112188,corrianderpowder,243057,3,43.48,26.0,193792,3,44.0,25.74,1637744,2,44.26,25.28,270613,3,44.34,25.52,505928,3,43.23,27.33,432797,3,43.02,26.78,154963,3,42.27,28.25,235186,3,42.34,28.08
437728,2026-07-15T15:13:29.462790,corrianderpowder,243057,3,43.47,26.03,193792,3,43.99,25.78,1637744,2,44.24,25.33,270613,3,44.33,25.54,505928,3,43.22,27.34,432797,3,43.01,26.83,154963,3,42.26,28.26,235186,3,42.34,28.1
438078,2026-07-15T15:13:29.810287,corrianderpowder,243057,3,43.46,26.03,193792,3,43.97,25.81,180154,2,44.22,25.4,270613,3,44.32,25.56,505928,3,43.22,27.37,432797,3,43.0,26.87,154963,3,42.25,28.3,235186,3,42.33,28.12
438428,2026-07-15T15:13:30.161800,corrianderpowder,243057,3,43.45,26.06,193792,3,43.96,25.88,180154,3,44.19,25.47,270613,3,44.31,25.58,505928,3,43.2,27.4,432797,3,42.99,26.92,154963,3,42.25,28.3,235186,3,42.32,28.15
438778,2026-07-15T15:13:30.519325,corrianderpowder,243057,3,43.45,26.09,193792,3,43.96,25.91,180154,3,44.18,25.52,270613,3,44.3,25.6,505928,3,43.2,27.43,432797,3,42.98,26.95,154963,3,42.25,28.34,235186,3,42.32,28.17
439128,2026-07-15T15:13:30.861848,corrianderpowder,243057,3,43.44,26.1,193792,3,43.95,25.94,180154,3,44.17,25.58,270613,3,44.29,25.63,505928,3,43.19,27.42,432797,3,42.97,27.01,154963,3,42.25,28.37,235186,3,42.32,28.21
439478,2026-07-15T15:13:31.201417,corrianderpowder,243057,3,43.43,26.1,193792,3,43.94,25.97,180154,3,44.15,25.63,270613,3,44.28,25.65,505928,3,43.19,27.45,432797,3,42.96,27.03,154963,3,42.24,28.37,235186,3,42.31,28.23
439828,2026-07-15T15:13:31.552781,corrianderpowder,243057,3,43.43,26.11,193792,3,43.93,26.0,180154,3,44.15,25.68,270613,3,44.27,25.66,505928,3,43.18,27.47,432797,3,42.96,27.04,154963,3,42.23,28.37,235186,3,42.3,28.25
440178,2026-07-15T15:13:31.911675,corrianderpowder,243057,3,43.42,26.13,193792,3,43.92,26.04,180154,3,44.13,25.74,270613,3,44.26,25.67,505928,3,43.18,27.49,432797,3,42.95,27.07,154963,3,42.23,28.41,235186,3,42.29,28.27
440528,2026-07-15T15:13:32.375628,corrianderpowder,243057,3,43.42,26.14,193792,3,43.92,26.06,180154,3,44.12,25.78,270613,3,44.26,25.7,505928,3,43.17,27.51,432797,3,42.95,27.11,154963,3,42.22,28.42,235186,3,42.28,28.29
440878,2026-07-15T15:13:32.612129,corrianderpowder,243057,3,43.41,26.16,193792,3,43.92,26.09,180154,3,44.11,25.82,270613,3,44.26,25.69,505928,3,43.17,27.51,432797,3,42.94,27.14,154963,3,42.22,28.43,235186,3,42.27,28.3
441228,2026-07-15T15:13:32.961869,corrianderpowder,243057,3,43.41,26.18,193792,3,43.91,26.1,180154,3,44.11,25.86,270613,3,44.25,25.71,505928,3,43.16,27.52,432797,3,42.93,27.16,154963,3,42.21,28.44,235186,3,42.27,28.32
441578,2026-07-15T15:13:33.308494,corrianderpowder,243057,3,43.4,26.17,193792,3,43.9,26.14,180154,3,44.1,25.88,270613,3,44.25,25.73,505928,3,43.16,27.54,432797,3,42.93,27.18,154963,3,42.21,28.46,235186,3,42.26,28.33
441928,2026-07-15T15:13:33.652901,corrianderpowder,243057,3,43.39,26.17,193792,3,43.91,26.14,180154,3,44.09,25.9,270613,3,44.24,25.72,505928,3,43.15,27.56,432797,3,42.93,27.21,154963,3,42.21,28.48,235186,3,42.26,28.36
442278,2026-07-15T15:13:34.003407,corrianderpowder,243057,3,43.39,26.19,193792,3,43.9,26.15,180154,3,44.09,25.94,270613,3,44.24,25.76,233576,3,43.15,27.57,432797,3,42.92,27.22,154963,3,42.21,28.48,235186,3,42.25,28.37
442628,2026-07-15T15:13:34.358122,corrianderpowder,243057,3,43.39,26.2,193792,3,43.89,26.2,180154,3,44.07,25.96,270613,3,44.23,25.75,233576,4,43.6,27.61,432797,3,42.92,27.24,58675,3,42.19,28.5,235186,3,42.25,28.38
442978,2026-07-15T15:13:34.709400,corrianderpowder,243057,3,43.38,26.21,193792,3,43.88,26.2,180154,3,44.07,25.99,270613,3,44.22,25.8,233576,4,43.93,27.65,432797,3,42.91,27.26,58675,4,42.6,28.57,235186,3,42.25,28.39
443328,2026-07-15T15:13:35.062818,corrianderpowder,243057,3,43.37,26.23,193792,3,43.88,26.2,180154,3,44.06,26.02,270613,3,44.22,25.78,233576,4,44.1,27.62,432797,3,42.91,27.28,58675,4,43.07,28.56,235186,3,42.24,28.39
443678,2026-07-15T15:13:35.410342,corrianderpowder,114669,3,43.37,26.24,193792,3,43.88,26.23,180154,3,44.06,26.04,116231,3,44.21,25.79,233576,4,44.21,27.57,432797,3,42.91,27.28,58675,4,43.16,28.52,96512,3,42.24,28.42
444028,2026-07-15T15:13:35.761689,corrianderpowder,114669,4,43.81,26.29,193792,3,43.87,26.25,180154,3,44.06,26.04,116231,4,44.65,25.86,106711,4,44.28,27.52,432797,3,42.9,27.3,42953,4,43.21,28.46,96512,4,42.66,28.48
444378,2026-07-15T15:13:36.104920,corrianderpowder,114669,4,44.12,26.3,193792,3,43.87,26.27,180154,3,44.05,26.07,116231,4,44.98,25.88,106711,5,44.33,27.45,432797,3,42.9,27.33,42953,5,43.26,28.4,96512,4,42.97,28.52
444728,2026-07-15T15:13:36.462113,corrianderpowder,114669,4,44.27,26.26,193792,3,43.87,26.25,180154,3,44.04,26.08,116231,4,45.14,25.86,106711,5,44.37,27.38,432797,3,42.91,27.32,42953,5,43.3,28.33,96512,4,43.13,28.49
445078,2026-07-15T15:13:36.839390,corrianderpowder,114669,4,44.35,26.23,193792,3,43.86,26.26,180154,3,44.05,26.1,116231,4,45.24,25.82,106711,5,44.4,27.32,432797,3,42.9,27.34,42953,5,43.32,28.26,96512,4,43.22,28.43
445428,2026-07-15T15:13:37.157163,corrianderpowder,63007,4,44.4,26.18,193792,3,43.87,26.28,180154,3,44.03,26.13,65674,4,45.3,25.76,106711,5,44.43,27.25,432797,3,42.91,27.37,42953,5,43.34,28.22,58675,4,43.28,28.4
445778,2026-07-15T15:13:37.511459,corrianderpowder,63007,5,44.43,26.1,193792,3,43.87,26.31,180154,3,44.04,26.12,65674,5,45.34,25.69,108681,5,44.45,27.19,239476,3,42.9,27.35,44849,5,43.37,28.17,58675,5,43.33,28.31
446128,2026-07-15T15:13:37.861427,corrianderpowder,63007,5,44.46,26.04,193792,3,43.87,26.32,180154,3,44.04,26.16,65674,5,45.38,25.63,108681,6,44.46,27.14,239476,4,43.35,27.44,44849,6,43.39,28.11,58675,5,43.36,28.27
446478,2026-07-15T15:13:38.205132,corrianderpowder,63007,5,44.48,25.97,102728,3,43.88,26.31,180154,3,44.03,26.16,65674,5,45.41,25.56,108681,6,44.48,27.08,239476,4,43.67,27.44,44849,6,43.4,28.06,58675,5,43.39,28.19
446828,2026-07-15T15:13:38.561343,corrianderpowder,63007,5,44.49,25.95,102728,4,44.31,26.38,180154,3,44.04,26.18,65674,5,45.43,25.5,108681,6,44.49,27.02,239476,4,43.84,27.41,44849,6,43.41,28.01,58675,5,43.41,28.14
447178,2026-07-15T15:13:38.910301,corrianderpowder,65422,5,44.51,25.88,102728,4,44.63,26.38,180154,3,44.04,26.2,67706,5,45.45,25.46,108681,6,44.5,26.99,239476,4,43.95,27.36,44849,6,43.43,27.96,60548,5,43.43,28.08
447528,2026-07-15T15:13:39.252516,corrianderpowder,65422,6,44.51,25.84,102728,4,44.78,26.37,180154,3,44.04,26.19,67706,6,45.47,25.43,105328,6,44.52,26.94,117999,4,44.02,27.31,43656,6,43.44,27.93,60548,6,43.46,28.03
447878,2026-07-15T15:13:39.619149,corrianderpowder,65422,6,44.52,25.8,102728,4,44.88,26.33,180154,3,44.05,26.22,67706,6,45.48,25.37,105328,7,44.77,26.94,117999,5,44.06,27.25,43656,7,43.66,27.93,60548,6,43.47,27.98
448228,2026-07-15T15:13:39.961452,corrianderpowder,65422,6,44.52,25.76,62822,4,44.95,26.28,180154,3,44.04,26.22,67706,6,45.49,25.33,105328,7,44.98,26.92,117999,5,44.12,27.19,43656,7,43.88,27.89,60548,6,43.48,27.93
448578,2026-07-15T15:13:40.304383,corrianderpowder,65422,6,44.54,25.72,62822,5,45.0,26.19,117836,3,44.05,26.24,67706,6,45.5,25.3,105328,7,45.11,26.87,117999,5,44.15,27.12,43656,7,44.0,27.85,60548,6,43.49,27.89
448928,2026-07-15T15:13:40.659672,corrianderpowder,62591,6,44.54,25.7,62822,5,45.04,26.12,117836,4,44.48,26.28,65775,6,45.51,25.25,105328,7,45.2,26.81,117999,5,44.18,27.06,43656,7,44.1,27.79,60079,6,43.5,27.85
449278,2026-07-15T15:13:41.004516,corrianderpowder,62591,7,44.78,25.69,62822,5,45.06,26.07,117836,4,44.81,26.3,65775,7,45.76,25.25,212757,7,45.27,26.76,118738,5,44.19,27.0,154402,7,44.15,27.72,60079,7,43.75,27.84
449628,2026-07-15T15:13:41.347518,corrianderpowder,62591,7,44.97,25.67,62822,5,45.09,26.02,117836,4,44.97,26.25,65775,7,45.96,25.23,212757,8,45.31,26.69,118738,6,44.22,26.96,154402,8,44.2,27.65,60079,7,43.95,27.82
449978,2026-07-15T15:13:41.711324,corrianderpowder,62591,7,45.08,25.63,63665,5,45.11,25.95,117836,4,45.07,26.21,65775,7,46.08,25.18,212757,8,45.35,26.61,118738,6,44.25,26.89,154402,8,44.24,27.6,60079,7,44.08,27.78
450328,2026-07-15T15:13:42.058786,corrianderpowder,62591,7,45.15,25.58,63665,6,45.12,25.91,64337,4,45.14,26.15,65775,7,46.16,25.13,212757,8,45.39,26.54,118738,6,44.26,26.86,154402,8,44.27,27.52,60079,7,44.15,27.72
450678,2026-07-15T15:13:42.411441,corrianderpowder,176795,7,45.2,25.52,63665,6,45.15,25.85,64337,5,45.19,26.09,202892,7,46.23,25.08,212757,8,45.41,26.48,118738,6,44.27,26.79,154402,8,44.29,27.46,166287,7,44.21,27.64
451028,2026-07-15T15:13:42.759925,corrianderpowder,176795,8,45.24,25.46,63665,6,45.17,25.81,64337,5,45.23,26.02,202892,8,46.27,25.03,261491,8,45.43,26.42,113601,6,44.3,26.77,182857,8,44.31,27.42,166287,8,44.26,27.59
451378,2026-07-15T15:13:43.110759,corrianderpowder,176795,8,45.26,25.4,63665,6,45.17,25.77,64337,5,45.26,25.94,202892,8,46.31,24.95,261491,9,45.45,26.36,113601,7,44.56,26.74,182857,9,44.35,27.35,166287,8,44.29,27.52
451728,2026-07-15T15:13:43.454149,corrianderpowder,176795,8,45.28,25.36,61156,6,45.19,25.73,64337,5,45.29,25.9,202892,8,46.35,24.87,261491,9,45.48,26.31,113601,7,44.79,26.71,182857,9,44.37,27.31,166287,8,44.33,27.46
452078,2026-07-15T15:13:43.989061,corrianderpowder,176795,8,45.31,25.31,61156,7,45.45,25.72,63429,5,45.32,25.83,202892,8,46.38,24.76,261491,9,45.5,26.27,113601,7,44.93,26.65,182857,9,44.38,27.25,166287,8,44.35,27.39
452428,2026-07-15T15:13:44.154925,corrianderpowder,214765,8,45.32,25.26,61156,7,45.67,25.69,63429,6,45.34,25.76,246568,9,46.42,24.75,261491,9,45.52,26.22,113601,7,45.02,26.62,182857,9,44.39,27.21,202052,8,44.39,27.35
452778,2026-07-15T15:13:44.509937,corrianderpowder,214765,9,45.34,25.22,61156,7,45.8,25.66,63429,6,45.37,25.72,246568,9,46.45,24.71,280855,9,45.54,26.18,272340,7,45.08,26.54,199571,9,44.41,27.16,202052,9,44.41,27.29
453128,2026-07-15T15:13:44.854945,corrianderpowder,214765,9,45.36,25.18,61156,7,45.88,25.6,63429,6,45.38,25.67,246568,9,46.46,24.63,280855,0,45.56,26.13,272340,8,45.13,26.46,199571,0,44.43,27.12,202052,9,44.43,27.22
453478,2026-07-15T15:13:45.208632,corrianderpowder,214765,9,45.38,25.13,204350,7,45.94,25.53,63429,6,45.4,25.63,246568,9,46.49,24.61,280855,0,45.58,26.08,272340,8,45.17,26.39,199571,0,44.45,27.06,202052,9,44.45,27.18
453828,2026-07-15T15:13:45.561405,corrianderpowder,214765,9,45.38,25.09,204350,8,45.99,25.45,60037,6,45.43,25.6,261892,9,46.51,24.58,280855,0,45.59,26.06,272340,8,45.21,26.32,199571,0,44.46,27.03,202052,9,44.47,27.14
454178,2026-07-15T15:13:45.911250,corrianderpowder,231046,9,45.41,25.06,204350,8,46.03,25.4,60037,7,45.68,25.58,261892,0,46.53,24.52,280855,0,45.61,26.03,272340,8,45.25,26.26,199571,0,44.48,26.99,216124,9,44.5,27.08
454528,2026-07-15T15:13:46.260974,corrianderpowder,231046,0,45.43,25.03,204350,8,46.06,25.33,60037,7,45.9,25.56,261892,0,46.55,24.5,290909,0,45.63,25.98,325285,8,45.27,26.19,206077,0,44.49,26.95,216124,0,44.51,27.03
454878,2026-07-15T15:13:46.619025,corrianderpowder,231046,0,45.45,25.0,204350,8,46.09,25.27,60037,7,46.04,25.51,261892,0,46.56,24.46,290909,1,44.94,25.9,325285,9,45.29,26.14,206077,1,43.86,26.85,216124,0,44.53,26.99
455228,2026-07-15T15:13:46.959595,corrianderpowder,231046,0,45.46,24.9,238805,8,46.12,25.2,60037,7,46.13,25.45,261892,0,46.58,24.44,6454205,1,44.42,25.84,325285,9,45.31,26.1,4209661,1,43.36,26.8,216124,0,44.55,26.96
455578,2026-07-15T15:13:47.302577,corrianderpowder,231046,0,45.48,24.9,238805,9,46.14,25.16,168421,7,46.19,25.37,271906,0,46.6,24.4,6454205,2,44.13,25.85,325285,9,45.33,26.03,4209661,2,43.1,26.82,216124,0,44.56,26.92
455928,2026-07-15T15:13:47.656135,corrianderpowder,236489,1,44.8,24.82,238805,9,46.17,25.11,168421,8,46.23,25.32,271906,1,45.93,24.29,6454205,2,43.97,25.89,325285,9,45.36,25.97,4209661,2,42.95,26.84,222608,0,44.58,26.88
456278,2026-07-15T15:13:48.011794,corrianderpowder,4887828,1,44.33,24.78,238805,9,46.18,25.07,168421,8,46.28,25.24,6570684,1,45.43,24.26,6454205,2,43.86,25.98,341219,9,45.37,25.96,4209661,2,42.85,26.92,222608,1,43.93,26.77
456628,2026-07-15T15:13:48.361782,corrianderpowder,4887828,2,44.1,24.83,238805,9,46.2,25.02,168421,8,46.32,25.17,6570684,2,45.16,24.27,6454205,2,43.78,26.06,341219,0,45.39,25.9,4209661,2,42.78,26.98,4768335,1,43.44,26.73
456978,2026-07-15T15:13:48.707915,corrianderpowder,4887828,2,43.97,24.88,252030,9,46.22,24.98,168421,8,46.34,25.13,6570684,2,45.0,24.32,6454205,2,43.72,26.13,341219,0,45.41,25.85,4209661,2,42.73,27.08,4768335,2,43.18,26.73
457328,2026-07-15T15:13:49.058283,corrianderpowder,4887828,2,43.9,24.96,252030,0,46.23,24.94,203619,8,46.37,25.07,6570684,2,44.91,24.39,6454205,2,43.68,26.22,341219,0,45.42,25.83,4209661,2,42.69,27.19,4768335,2,43.03,26.8
457678,2026-07-15T15:13:49.403458,corrianderpowder,4887828,2,43.85,25.03,252030,0,46.25,24.9,203619,9,46.39,25.02,6570684,2,44.84,24.47,6454205,2,43.64,26.31,341219,0,45.42,25.8,4209661,2,42.66,27.27,4768335,2,42.93,26.84
458028,2026-07-15T15:13:49.756960,corrianderpowder,4887828,2,43.82,25.11,252030,0,46.26,24.87,203619,9,46.4,24.96,6570684,2,44.79,24.53,6454205,2,43.62,26.4,348536,0,45.43,25.76,4209661,2,42.63,27.32,4768335,2,42.86,26.92
458378,2026-07-15T15:13:50.109355,corrianderpowder,4887828,2,43.8,25.2,252030,0,46.27,24.84,203619,9,46.43,24.9,6570684,2,44.74,24.6,6454205,2,43.59,26.48,348536,1,44.73,25.63,4209661,2,42.61,27.4,4768335,2,42.81,27.01
458728,2026-07-15T15:13:50.453349,corrianderpowder,4887828,2,43.78,25.27,258716,0,46.28,24.81,203619,9,46.43,24.88,6570684,2,44.71,24.7,520589,2,43.59,26.55,4764175,1,44.19,25.58,158563,2,42.59,27.48,4768335,2,42.76,27.08
459078,2026-07-15T15:13:50.812185,corrianderpowder,4887828,2,43.77,25.32,258716,1,45.58,24.68,214765,9,46.45,24.84,6570684,2,44.69,24.78,520589,3,43.57,26.61,4764175,2,43.91,25.61,158563,3,42.57,27.53,4768335,2,42.73,27.17
459428,2026-07-15T15:13:51.157945,corrianderpowder,4887828,2,43.77,25.4,3930902,1,45.07,24.64,214765,0,46.46,24.79,6570684,2,44.68,24.82,520589,3,43.55,26.67,4764175,2,43.74,25.68,158563,3,42.56,27.6,4768335,2,42.7,27.25
459778,2026-07-15T15:13:51.508292,corrianderpowder,251473,2,43.76,25.46,3930902,2,44.8,24.67,214765,0,46.47,24.74,277206,2,44.66,24.89,520589,3,43.54,26.75,4764175,2,43.62,25.73,158563,3,42.54,27.66,4768335,2,42.68,27.33
460128,2026-07-15T15:13:51.858817,corrianderpowder,251473,3,43.75,25.51,3930902,2,44.65,24.73,214765,0,46.47,24.72,277206,3,44.66,24.97,520589,3,43.52,26.79,4764175,2,43.55,25.81,158563,3,42.53,27.71,238305,2,42.67,27.39
460478,2026-07-15T15:13:52.209125,corrianderpowder,251473,3,43.75,25.56,3930902,2,44.54,24.8,214765,0,46.48,24.69,277206,3,44.64,25.02,520589,3,43.51,26.94,4764175,2,43.48,25.91,158563,3,42.53,27.76,238305,3,42.64,27.45
460828,2026-07-15T15:13:52.554746,corrianderpowder,251473,3,43.75,25.58,3930902,2,44.47,24.88,221453,0,46.48,24.65,277206,3,44.63,25.05,520589,3,43.5,26.69,4764175,2,43.43,25.99,158563,3,42.52,27.81,238305,3,42.63,27.54
461178,2026-07-15T15:13:52.911575,corrianderpowder,251473,3,43.73,25.63,3930902,2,44.42,24.97,221453,1,45.78,24.55,277206,3,44.63,25.1,520589,3,43.47,26.97,4764175,2,43.39,26.09,158563,3,42.51,27.86,238305,3,42.61,27.58
461528,2026-07-15T15:13:53.253377,corrianderpowder,251473,3,43.73,25.67,3930902,2,44.38,25.04,1730095,1,45.28,24.53,277206,3,44.61,25.16,520589,3,43.48,27.02,4764175,2,43.35,26.18,158563,3,42.5,27.89,238305,3,42.61,27.64
461878,2026-07-15T15:13:53.604084,corrianderpowder,251473,3,43.72,25.68,3930902,2,44.34,25.12,1730095,2,45.0,24.55,277206,3,44.61,25.2,520589,3,43.46,27.04,4764175,2,43.33,26.24,158563,3,42.49,27.93,238305,3,42.6,27.69
462228,2026-07-15T15:13:53.961477,corrianderpowder,251473,3,43.72,25.75,3930902,2,44.31,25.2,1730095,2,44.83,24.62,277206,3,44.61,25.23,520589,3,43.45,27.08,439484,2,43.31,26.32,158563,3,42.48,27.98,238305,3,42.58,27.73
462578,2026-07-15T15:13:54.311286,corrianderpowder,251473,3,43.71,25.76,3930902,2,44.28,25.29,1730095,2,44.73,24.69,277206,3,44.6,25.27,520589,3,43.44,27.11,439484,3,43.28,26.38,158563,3,42.48,28.02,238305,3,42.57,27.79
462928,2026-07-15T15:13:54.648829,corrianderpowder,251473,3,43.7,25.8,198989,2,44.27,25.35,1730095,2,44.65,24.77,277206,3,44.59,25.3,520589,3,43.44,27.13,439484,3,43.27,26.43,158563,3,42.46,28.05,238305,3,42.55,27.82
463278,2026-07-15T15:13:55.008592,corrianderpowder,251473,3,43.7,25.84,198989,3,44.25,25.43,1730095,2,44.58,24.87,277206,3,44.58,25.32,520589,3,43.43,27.15,439484,3,43.26,26.49,158563,3,42.46,28.07,238305,3,42.55,27.87
463628,2026-07-15T15:13:55.362813,corrianderpowder,251473,3,43.69,25.83,198989,3,44.24,25.48,1730095,2,44.54,24.96,277206,3,44.57,25.35,520589,3,43.42,27.2,439484,3,43.24,26.57,158563,3,42.46,28.08,238305,3,42.53,27.91
463978,2026-07-15T15:13:55.711711,corrianderpowder,251473,3,43.68,25.86,198989,3,44.23,25.53,1730095,2,44.5,25.04,277206,3,44.56,25.36,520589,3,43.41,27.2,439484,3,43.22,26.62,158563,3,42.45,28.12,238305,3,42.53,27.95
464328,2026-07-15T15:13:56.058279,corrianderpowder,251473,3,43.68,25.87,198989,3,44.21,25.6,1730095,2,44.47,25.12,277206,3,44.56,25.39,520589,3,43.41,27.25,439484,3,43.2,26.65,158563,3,42.44,28.15,238305,3,42.51,27.99
464678,2026-07-15T15:13:56.410027,corrianderpowder,251473,3,43.67,25.91,198989,3,44.2,25.63,1730095,2,44.45,25.2,277206,3,44.55,25.42,520589,3,43.4,27.26,439484,3,43.19,26.69,158563,3,42.43,28.18,238305,3,42.52,28.02
465028,2026-07-15T15:13:56.753716,corrianderpowder,251473,3,43.66,25.94,198989,3,44.19,25.68,186046,2,44.43,25.24,277206,3,44.54,25.43,520589,3,43.4,27.27,439484,3,43.19,26.74,158563,3,42.42,28.18,238305,3,42.5,28.04
465378,2026-07-15T15:13:57.107130,corrianderpowder,251473,3,43.65,25.92,198989,3,44.18,25.72,186046,3,44.4,25.34,277206,3,44.53,25.43,520589,3,43.39,27.31,439484,3,43.17,26.8,158563,3,42.42,28.21,238305,3,42.5,28.08
465728,2026-07-15T15:13:57.453580,corrianderpowder,251473,3,43.65,25.94,198989,3,44.17,25.76,186046,3,44.39,25.39,277206,3,44.52,25.48,520589,3,43.39,27.31,439484,3,43.16,26.84,158563,3,42.4,28.25,238305,3,42.49,28.1
466078,2026-07-15T15:13:57.808273,corrianderpowder,251473,3,43.63,25.96,198989,3,44.16,25.8,186046,3,44.37,25.45,277206,3,44.51,25.49,520589,3,43.38,27.33,439484,3,43.16,26.87,158563,3,42.4,28.26,238305,3,42.47,28.11
466428,2026-07-15T15:13:58.158270,corrianderpowder,251473,3,43.63,25.97,198989,3,44.15,25.84,186046,3,44.36,25.5,277206,3,44.5,25.52,520589,3,43.37,27.34,439484,3,43.15,26.9,158563,3,42.4,28.29,238305,3,42.47,28.13
466778,2026-07-15T15:13:58.508092,corrianderpowder,251473,3,43.63,25.97,198989,3,44.14,25.86,186046,3,44.34,25.56,277206,3,44.49,25.53,520589,3,43.37,27.36,439484,3,43.14,26.95,158563,3,42.39,28.3,238305,3,42.46,28.15
467128,2026-07-15T15:13:58.860603,corrianderpowder,251473,3,43.62,26.0,198989,3,44.14,25.88,186046,3,44.33,25.6,277206,3,44.49,25.53,520589,3,43.37,27.37,439484,3,43.14,26.95,158563,3,42.39,28.3,238305,3,42.45,28.16
467478,2026-07-15T15:13:59.208308,corrianderpowder,251473,3,43.61,26.0,198989,3,44.14,25.9,186046,3,44.33,25.65,277206,3,44.48,25.54,520589,3,43.36,27.37,439484,3,43.14,27.0,158563,3,42.38,28.32,238305,3,42.44,28.17
467828,2026-07-15T15:13:59.561218,corrianderpowder,251473,3,43.61,26.02,198989,3,44.12,25.93,186046,3,44.31,25.67,277206,3,44.47,25.57,520589,3,43.35,27.41,439484,3,43.13,27.01,158563,3,42.38,28.34,238305,3,42.44,28.22
468178,2026-07-15T15:13:59.910953,corrianderpowder,251473,3,43.61,26.02,198989,3,44.12,25.97,186046,3,44.3,25.71,277206,3,44.47,25.56,520589,3,43.35,27.41,439484,3,43.12,27.04,158563,3,42.38,28.38,238305,3,42.44,28.22
468528,2026-07-15T15:14:00.256526,corrianderpowder,251473,3,43.6,26.05,198989,3,44.12,25.97,186046,3,44.29,25.74,277206,3,44.46,25.6,520589,3,43.34,27.42,439484,3,43.11,27.07,158563,3,42.38,28.37,238305,3,42.43,28.24
468878,2026-07-15T15:14:00.603394,corrianderpowder,251473,3,43.59,26.07,198989,3,44.11,25.99,186046,3,44.29,25.77,277206,3,44.46,25.6,237807,3,43.34,27.43,439484,3,43.12,27.08,59493,3,42.36,28.37,238305,3,42.43,28.25
469228,2026-07-15T15:14:00.957752,corrianderpowder,251473,3,43.59,26.07,198989,3,44.11,26.03,186046,3,44.28,25.8,277206,3,44.46,25.6,237807,4,43.79,27.48,439484,3,43.11,27.1,59493,4,42.78,28.44,238305,3,42.42,28.27
469578,2026-07-15T15:14:01.309845,corrianderpowder,251473,3,43.58,26.07,198989,3,44.09,26.03,186046,3,44.27,25.81,277206,3,44.44,25.63,237807,4,44.12,27.51,439484,3,43.1,27.11,59493,4,43.08,28.46,238305,3,42.42,28.28
469928,2026-07-15T15:14:01.652377,corrianderpowder,251473,3,43.58,26.09,198989,3,44.1,26.03,186046,3,44.27,25.84,277206,3,44.43,25.64,237807,4,44.3,27.49,439484,3,43.1,27.13,59493,4,43.23,28.45,238305,3,42.41,28.3
470278,2026-07-15T15:14:02.005153,corrianderpowder,116788,3,43.58,26.08,198989,3,44.09,26.07,186046,3,44.26,25.88,118573,3,44.43,25.65,237807,4,44.4,27.43,439484,3,43.1,27.15,59493,4,43.33,28.39,97840,3,42.41,28.3
470628,2026-07-15T15:14:02.358919,corrianderpowder,116788,4,44.02,26.15,198989,3,44.09,26.06,186046,3,44.26,25.89,118573,4,44.87,25.71,107450,4,44.47,27.38,439484,3,43.09,27.17,43170,4,43.4,28.33,97840,4,42.83,28.36
470978,2026-07-15T15:14:02.710606,corrianderpowder,116788,4,44.32,26.14,198989,3,44.08,26.09,186046,3,44.25,25.92,118573,4,45.19,25.73,107450,5,44.52,27.32,439484,3,43.09,27.16,43170,5,43.44,28.28,97840,4,43.14,28.39
471328,2026-07-15T15:14:03.059454,corrianderpowder,116788,4,44.48,26.12,198989,3,44.08,26.11,186046,3,44.24,25.92,118573,4,45.34,25.7,107450,5,44.56,27.26,439484,3,43.1,27.21,43170,5,43.48,28.22,97840,4,43.3,28.36
471678,2026-07-15T15:14:03.406099,corrianderpowder,116788,4,44.56,26.09,198989,3,44.08,26.12,186046,3,44.24,25.96,118573,4,45.45,25.66,107450,5,44.59,27.19,439484,3,43.1,27.23,43170,5,43.5,28.17,97840,4,43.39,28.32
472028,2026-07-15T15:14:03.760069,corrianderpowder,64000,4,44.61,26.02,198989,3,44.08,26.12,186046,3,44.24,25.97,66081,4,45.51,25.61,107450,5,44.62,27.12,439484,3,43.09,27.22,43170,5,43.52,28.1,58959,4,43.46,28.25
472378,2026-07-15T15:14:04.102763,corrianderpowder,64000,5,44.64,25.94,198989,3,44.08,26.14,186046,3,44.23,25.98,66081,5,45.56,25.53,109308,5,44.64,27.07,439484,3,43.09,27.22,45181,5,43.54,28.05,58959,5,43.5,28.2
472728,2026-07-15T15:14:04.451782,corrianderpowder,64000,5,44.67,25.92,198989,3,44.08,26.15,186046,3,44.24,26.0,66081,5,45.59,25.49,109308,6,44.65,27.0,243925,3,43.09,27.23,45181,6,43.56,28.0,58959,5,43.53,28.15
473078,2026-07-15T15:14:04.810292,corrianderpowder,64000,5,44.68,25.85,198989,3,44.08,26.17,186046,3,44.23,26.02,66081,5,45.62,25.41,109308,6,44.67,26.95,243925,4,43.54,27.31,45181,6,43.58,27.94,58959,5,43.56,28.07
473428,2026-07-15T15:14:05.158093,corrianderpowder,64000,5,44.7,25.8,104425,3,44.08,26.17,186046,3,44.23,26.03,66081,5,45.64,25.37,109308,6,44.68,26.92,243925,4,43.87,27.3,45181,6,43.58,27.91,58959,5,43.58,28.03
473778,2026-07-15T15:14:05.510259,corrianderpowder,65674,5,44.71,25.73,104425,4,44.53,26.23,186046,3,44.23,26.04,68303,5,45.66,25.32,109308,6,44.7,26.86,243925,4,44.03,27.29,45181,6,43.6,27.85,61508,5,43.6,27.98
474128,2026-07-15T15:14:05.853252,corrianderpowder,65674,6,44.72,25.7,104425,4,44.83,26.24,186046,3,44.24,26.06,68303,6,45.68,25.27,106711,6,44.71,26.83,243925,4,44.15,27.26,44061,6,43.61,27.81,61508,6,43.62,27.91
474478,2026-07-15T15:14:06.205635,corrianderpowder,65674,6,44.72,25.65,104425,4,45.0,26.21,186046,3,44.24,26.06,68303,6,45.7,25.22,106711,7,44.96,26.8,118821,4,44.21,27.18,44061,7,43.84,27.79,61508,6,43.64,27.86
474828,2026-07-15T15:14:06.561280,corrianderpowder,65674,6,44.73,25.61,104425,4,45.1,26.16,186046,3,44.24,26.06,68303,6,45.71,25.19,106711,7,45.17,26.78,118821,5,44.26,27.12,44061,7,44.06,27.76,61508,6,43.65,27.81
475178,2026-07-15T15:14:06.899485,corrianderpowder,65674,6,44.74,25.6,63476,4,45.17,26.11,186046,3,44.24,26.07,68303,6,45.72,25.13,106711,7,45.3,26.75,118821,5,44.3,27.05,44061,7,44.18,27.74,61508,6,43.67,27.78
475528,2026-07-15T15:14:07.253678,corrianderpowder,64000,6,44.75,25.54,63476,5,45.21,26.05,119570,3,44.25,26.1,65928,6,45.73,25.11,106711,7,45.38,26.69,118821,5,44.33,26.99,44061,7,44.26,27.68,60249,6,43.68,27.74
475878,2026-07-15T15:14:07.611282,corrianderpowder,64000,7,44.99,25.54,63476,5,45.25,25.98,119570,4,44.69,26.15,65928,7,45.97,25.1,212889,7,45.44,26.62,118821,5,44.37,26.93,153569,7,44.32,27.62,60249,7,43.92,27.72
476228,2026-07-15T15:14:07.962255,corrianderpowder,64000,7,45.18,25.53,63476,5,45.27,25.92,119570,4,45.01,26.16,65928,7,46.17,25.09,212889,8,45.5,26.55,119990,5,44.39,26.87,153569,8,44.36,27.56,60249,7,44.12,27.71
476578,2026-07-15T15:14:08.299886,corrianderpowder,64000,7,45.29,25.49,63476,5,45.3,25.86,119570,4,45.17,26.11,65928,7,46.29,25.05,212889,8,45.54,26.48,119990,6,44.41,26.82,153569,8,44.39,27.48,60249,7,44.24,27.66
476928,2026-07-15T15:14:08.661246,corrianderpowder,64000,7,45.35,25.43,64289,5,45.32,25.82,119570,4,45.28,26.05,65928,7,46.38,24.99,212889,8,45.57,26.44,119990,6,44.43,26.77,153569,8,44.43,27.42,60249,7,44.33,27.58
477278,2026-07-15T15:14:09.004392,corrianderpowder,176612,7,45.4,25.37,64289,6,45.34,25.76,65173,4,45.35,26.0,202651,7,46.43,24.93,212889,8,45.6,26.34,119990,6,44.45,26.74,153569,8,44.46,27.35,165642,7,44.38,27.53
477628,2026-07-15T15:14:09.361535,corrianderpowder,176612,8,45.43,25.34,64289,6,45.36,25.7,65173,5,45.4,25.94,202651,8,46.48,24.88,263306,8,45.62,26.3,119990,6,44.47,26.68,182661,8,44.48,27.3,165642,8,44.44,27.47
477978,2026-07-15T15:14:09.708625,corrianderpowder,176612,8,45.46,25.27,64289,6,45.38,25.67,65173,5,45.44,25.88,202651,8,46.52,24.82,263306,9,45.64,26.24,113828,6,44.48,26.63,182661,9,44.51,27.24,165642,8,44.47,27.41
478328,2026-07-15T15:14:10.048669,corrianderpowder,176612,8,45.49,25.22,64289,6,45.39,25.63,65173,5,45.47,25.82,202651,8,46.55,24.75,263306,9,45.67,26.2,113828,7,44.75,26.63,182661,9,44.53,27.18,165642,8,44.51,27.34
478678,2026-07-15T15:14:10.411775,corrianderpowder,176612,8,45.5,25.18,61686,6,45.41,25.59,65173,5,45.5,25.76,202651,8,46.59,24.7,263306,9,45.7,26.15,113828,7,44.97,26.6,182661,9,44.54,27.14,165642,8,44.53,27.29
479028,2026-07-15T15:14:10.752121,corrianderpowder,214630,8,45.52,25.14,61686,7,45.67,25.58,64289,5,45.52,25.69,244800,8,46.6,24.65,263306,9,45.71,26.1,113828,7,45.11,26.56,182661,9,44.56,27.09,202052,8,44.57,27.22
479378,2026-07-15T15:14:11.109760,corrianderpowder,214630,9,45.54,25.08,61686,7,45.88,25.55,64289,6,45.55,25.65,244800,9,46.63,24.61,282249,9,45.72,26.06,113828,7,45.21,26.47,198526,9,44.58,27.07,202052,9,44.58,27.17
479728,2026-07-15T15:14:11.456405,corrianderpowder,214630,9,45.55,25.04,61686,7,46.01,25.51,64289,6,45.57,25.6,244800,9,46.65,24.47,282249,0,45.74,26.01,273650,7,45.27,26.41,198526,0,44.6,27.0,202052,9,44.61,27.11
480078,2026-07-15T15:14:11.812276,corrianderpowder,214630,9,45.57,25.02,61686,7,46.09,25.45,64289,6,45.58,25.54,244800,9,46.67,24.57,282249,0,45.76,25.98,273650,8,45.31,26.34,198526,0,44.62,26.95,202052,9,44.62,27.07
480428,2026-07-15T15:14:12.163386,corrianderpowder,214630,9,45.58,24.98,201932,7,46.15,25.39,64289,6,45.61,25.51,259898,9,46.71,24.44,282249,0,45.77,25.96,273650,8,45.36,26.28,198526,0,44.63,26.93,202052,9,44.65,27.02
480778,2026-07-15T15:14:12.500771,corrianderpowder,229493,9,45.6,24.93,201932,8,46.19,25.32,60937,6,45.63,25.46,259898,0,46.73,24.4,282249,0,45.79,25.9,273650,8,45.4,26.21,198526,0,44.66,26.89,212889,9,44.66,26.98
481128,2026-07-15T15:14:12.860732,corrianderpowder,229493,0,45.62,24.9,201932,8,46.23,25.26,60937,7,45.88,25.46,259898,0,46.74,24.37,290167,0,45.81,25.87,273650,8,45.43,26.15,204718,0,44.67,26.87,212889,0,44.67,26.92
481478,2026-07-15T15:14:13.210255,corrianderpowder,229493,0,45.64,24.88,201932,8,46.28,25.21,60937,7,46.12,25.42,259898,0,46.77,24.33,290167,1,45.12,25.75,322519,8,45.47,26.08,204718,1,44.03,26.75,212889,0,44.69,26.9
481828,2026-07-15T15:14:13.556852,corrianderpowder,229493,0,45.65,24.86,201932,8,46.3,25.15,60937,7,46.24,25.39,259898,0,46.78,24.31,6602458,1,44.6,25.72,322519,9,45.48,26.03,4326379,1,43.53,26.68,212889,0,44.72,26.85
482178,2026-07-15T15:14:13.975890,corrianderpowder,229493,0,45.67,24.82,237642,8,46.32,25.09,60937,7,46.33,25.29,270184,0,46.79,24.29,6602458,2,44.32,25.72,322519,9,45.5,25.97,4326379,2,43.26,26.7,212889,0,44.73,26.84
482528,2026-07-15T15:14:14.260598,corrianderpowder,236162,0,45.69,24.81,237642,9,46.35,25.04,168421,7,46.39,25.25,270184,1,46.12,24.17,6602458,2,44.15,25.79,322519,9,45.53,25.91,4326379,2,43.1,26.76,221023,0,44.75,26.78
482878,2026-07-15T15:14:14.610251,corrianderpowder,236162,1,45.02,24.7,237642,9,46.37,24.98,168421,8,46.44,25.2,6654752,1,45.62,24.14,6602458,2,44.04,25.88,322519,9,45.55,25.86,4326379,2,43.01,26.81,221023,1,44.1,26.67
483228,2026-07-15T15:14:14.957944,corrianderpowder,4995122,1,44.53,24.68,237642,9,46.4,24.94,168421,8,46.49,25.12,6654752,2,45.36,24.17,6602458,2,43.97,25.99,341903,9,45.57,25.87,4326379,2,42.94,26.92,4848772,1,43.6,26.62
483578,2026-07-15T15:14:15.313208,corrianderpowder,4995122,2,44.29,24.71,237642,9,46.42,24.9,168421,8,46.52,25.06,6654752,2,45.21,24.18,6602458,2,43.86,26.11,341903,0,45.58,25.84,4326379,2,42.89,26.98,4848772,2,43.35,26.64
483928,2026-07-15T15:14:15.658242,corrianderpowder,4995122,2,44.17,24.87,250918,9,46.43,24.85,168421,8,46.55,25.01,6654752,2,45.1,24.29,6602458,2,43.83,26.19,341903,0,45.6,25.69,4326379,2,42.85,27.06,4848772,2,43.19,26.7
484278,2026-07-15T15:14:16.011442,corrianderpowder,4995122,2,44.09,24.8,250918,0,46.45,24.8,205829,8,46.58,24.94,6654752,2,45.02,24.34,6602458,2,43.8,26.3,341903,0,45.6,25.67,4326379,2,42.82,27.16,4848772,2,43.09,26.76
484628,2026-07-15T15:14:16.356717,corrianderpowder,4995122,2,44.04,24.91,250918,0,46.45,24.78,205829,9,46.6,24.87,6654752,2,44.98,24.43,6602458,2,43.77,26.38,352860,0,45.61,25.63,4326379,2,42.8,27.23,4848772,2,43.02,26.82
484978,2026-07-15T15:14:16.705895,corrianderpowder,4995122,2,43.99,25.08,250918,0,46.46,24.73,205829,9,46.62,24.83,6654752,2,44.94,24.51,531120,2,43.76,26.45,352860,1,44.91,25.52,4326379,2,42.78,27.31,4848772,2,42.96,26.91
485328,2026-07-15T15:14:17.057872,corrianderpowder,4995122,2,43.97,25.16,250918,0,46.46,24.72,205829,9,46.64,24.79,6654752,2,44.91,24.58,531120,3,43.74,26.52,4905389,1,44.37,25.48,162025,2,42.75,27.37,4848772,2,42.92,26.98
485678,2026-07-15T15:14:17.399823,corrianderpowder,4995122,2,43.97,25.22,256192,0,46.47,24.67,205829,9,46.64,24.73,6654752,2,44.89,24.65,531120,3,43.73,26.57,4905389,2,44.09,25.48,162025,3,42.74,27.44,4848772,2,42.89,27.07
486028,2026-07-15T15:14:17.760543,corrianderpowder,4995122,2,43.96,25.27,256192,1,45.78,24.56,215851,9,46.66,24.68,6654752,2,44.87,24.72,531120,3,43.71,26.63,4905389,2,43.91,25.57,162025,3,42.72,27.49,4848772,2,42.86,27.14
486378,2026-07-15T15:14:18.110295,corrianderpowder,255808,2,43.95,25.35,4044433,1,45.26,24.53,215851,0,46.65,24.68,282015,2,44.85,24.78,531120,3,43.69,26.69,4905389,2,43.8,25.65,162025,3,42.71,27.55,4848772,2,42.84,27.22
486728,2026-07-15T15:14:18.461548,corrianderpowder,255808,3,43.94,25.4,4044433,2,45.0,24.54,215851,0,46.66,24.64,282015,3,44.84,24.85,531120,3,43.69,26.73,4905389,2,43.72,25.72,162025,3,42.7,27.64,243577,2,42.82,27.3
487078,2026-07-15T15:14:18.906646,corrianderpowder,255808,3,43.94,25.45,4044433,2,44.83,24.61,215851,0,46.67,24.6,282015,3,44.83,24.89,531120,3,43.68,26.79,4905389,2,43.66,25.81,162025,3,42.69,27.67,243577,3,42.8,27.37
487428,2026-07-15T15:14:19.161746,corrianderpowder,255808,3,43.93,25.49,4044433,2,44.74,24.69,215851,0,46.67,24.56,282015,3,44.82,24.96,531120,3,43.67,26.83,4905389,2,43.61,25.89,162025,3,42.68,27.7,243577,3,42.79,27.42
487778,2026-07-15T15:14:19.504774,corrianderpowder,255808,3,43.93,25.54,4044433,2,44.66,24.77,222174,0,46.68,24.52,282015,3,44.82,24.99,531120,3,43.66,26.88,4905389,2,43.57,25.98,162025,3,42.66,27.82,243577,3,42.78,27.47
488128,2026-07-15T15:14:19.858285,corrianderpowder,255808,3,43.92,25.56,4044433,2,44.61,24.84,222174,1,45.98,24.45,282015,3,44.81,25.04,531120,3,43.64,26.9,4905389,2,43.53,26.04,162025,3,42.65,27.84,243577,3,42.76,27.53
488478,2026-07-15T15:14:20.210414,corrianderpowder,255808,3,43.92,25.59,4044433,2,44.58,24.95,1813994,1,45.46,24.39,282015,3,44.8,25.09,531120,3,43.64,26.95,4905389,2,43.5,26.13,162025,3,42.64,27.89,243577,3,42.75,27.58
488828,2026-07-15T15:14:20.555065,corrianderpowder,255808,3,43.91,25.62,4044433,2,44.53,25.03,1813994,2,45.18,24.43,282015,3,44.79,25.11,531120,3,43.63,26.97,449912,2,43.48,26.21,162025,3,42.63,27.92,243577,3,42.74,27.63
489178,2026-07-15T15:14:20.910244,corrianderpowder,255808,3,43.91,25.66,4044433,2,44.51,25.09,1813994,2,45.01,24.5,282015,3,44.79,25.15,531120,3,43.62,27.0,449912,3,43.46,26.27,162025,3,42.63,27.95,243577,3,42.72,27.67
489528,2026-07-15T15:14:21.263925,corrianderpowder,255808,3,43.9,25.67,4044433,2,44.49,25.18,1813994,2,44.91,24.58,282015,3,44.78,25.18,531120,3,43.61,27.05,449912,3,43.44,26.34,162025,3,42.61,27.98,243577,3,42.72,27.72
489878,2026-07-15T15:14:21.613209,corrianderpowder,255808,3,43.89,25.69,204840,2,44.47,25.24,1813994,2,44.83,24.69,282015,3,44.78,25.21,531120,3,43.61,27.06,449912,3,43.42,26.42,162025,3,42.61,28.0,243577,3,42.7,27.75
490228,2026-07-15T15:14:21.952219,corrianderpowder,255808,3,43.89,25.73,204840,3,44.45,25.32,1813994,2,44.77,24.77,282015,3,44.77,25.25,531120,3,43.6,27.08,449912,3,43.41,26.46,162025,3,42.61,28.03,243577,3,42.7,27.8
490578,2026-07-15T15:14:22.310242,corrianderpowder,255808,3,43.88,25.76,204840,3,44.44,25.38,1813994,2,44.74,24.86,282015,3,44.76,25.26,531120,3,43.59,27.1,449912,3,43.39,26.5,162025,3,42.6,28.06,243577,3,42.69,27.82
490928,2026-07-15T15:14:22.649288,corrianderpowder,255808,3,43.88,25.77,204840,3,44.42,25.44,1813994,2,44.7,24.94,282015,3,44.74,25.29,531120,3,43.58,27.13,449912,3,43.38,26.55,162025,3,42.58,28.07,243577,3,42.68,27.86
491278,2026-07-15T15:14:23.005437,corrianderpowder,255808,3,43.87,25.8,204840,3,44.41,25.49,1813994,2,44.67,25.03,282015,3,44.74,25.3,531120,3,43.57,27.15,449912,3,43.37,26.61,162025,3,42.58,28.1,243577,3,42.67,27.89
491628,2026-07-15T15:14:23.353672,corrianderpowder,255808,3,43.86,25.8,204840,3,44.4,25.53,1813994,2,44.64,25.09,282015,3,44.73,25.32,531120,3,43.57,27.18,449912,3,43.36,26.64,162025,3,42.57,28.11,243577,3,42.66,27.92
491978,2026-07-15T15:14:23.705801,corrianderpowder,255808,3,43.85,25.83,204840,3,44.39,25.57,195345,2,44.62,25.17,282015,3,44.72,25.34,531120,3,43.56,27.19,449912,3,43.34,26.67,162025,3,42.57,28.14,243577,3,42.66,27.95
492328,2026-07-15T15:14:24.056450,corrianderpowder,255808,3,43.84,25.84,204840,3,44.38,25.62,195345,3,44.59,25.23,282015,3,44.71,25.35,531120,3,43.55,27.21,449912,3,43.35,26.75,162025,3,42.57,28.16,243577,3,42.65,28.01
492678,2026-07-15T15:14:24.411103,corrianderpowder,255808,3,43.84,25.84,204840,3,44.37,25.64,195345,3,44.57,25.27,282015,3,44.7,25.39,531120,3,43.55,27.23,449912,3,43.33,26.77,162025,3,42.56,28.17,243577,3,42.65,27.93
493028,2026-07-15T15:14:24.760200,corrianderpowder,255808,3,43.83,25.85,204840,3,44.37,25.68,195345,3,44.55,25.36,282015,3,44.7,25.41,531120,3,43.54,27.25,449912,3,43.33,26.8,162025,3,42.56,28.19,243577,3,42.62,28.03
493378,2026-07-15T15:14:25.110589,corrianderpowder,255808,3,43.82,25.87,204840,3,44.36,25.72,195345,3,44.54,25.41,282015,3,44.68,25.43,531120,3,43.54,27.25,449912,3,43.32,26.84,162025,3,42.55,28.2,243577,3,42.62,28.05
493728,2026-07-15T15:14:25.458210,corrianderpowder,255808,3,43.81,25.9,204840,3,44.34,25.74,195345,3,44.53,25.44,282015,3,44.68,25.42,531120,3,43.53,27.26,449912,3,43.32,26.86,162025,3,42.54,28.22,243577,3,42.62,28.07
494078,2026-07-15T15:14:25.806664,corrianderpowder,255808,3,43.81,25.91,204840,3,44.33,25.77,195345,3,44.52,25.49,282015,3,44.68,25.44,531120,3,43.53,27.29,449912,3,43.31,26.89,162025,3,42.54,28.23,243577,3,42.62,28.1
494428,2026-07-15T15:14:26.159361,corrianderpowder,255808,3,43.8,25.9,204840,3,44.33,25.8,195345,3,44.51,25.55,282015,3,44.66,25.45,531120,3,43.53,27.29,449912,3,43.31,26.92,162025,3,42.54,28.25,243577,3,42.61,28.1
494778,2026-07-15T15:14:26.508088,corrianderpowder,255808,3,43.79,25.93,204840,3,44.32,25.84,195345,3,44.5,25.57,282015,3,44.66,25.46,531120,3,43.52,27.32,449912,3,43.3,26.94,162025,3,42.53,28.27,243577,3,42.6,28.14
495128,2026-07-15T15:14:26.863517,corrianderpowder,255808,3,43.79,25.92,204840,3,44.31,25.84,195345,3,44.5,25.6,282015,3,44.66,25.48,531120,3,43.52,27.32,449912,3,43.29,26.95,162025,3,42.52,28.28,243577,3,42.6,28.15
495478,2026-07-15T15:14:27.203262,corrianderpowder,255808,3,43.79,25.93,204840,3,44.31,25.87,195345,3,44.49,25.63,282015,3,44.64,25.5,241338,3,43.52,27.33,449912,3,43.29,26.98,60420,3,42.53,28.29,243577,3,42.6,28.16
495828,2026-07-15T15:14:27.554369,corrianderpowder,255808,3,43.78,25.94,204840,3,44.31,25.87,195345,3,44.48,25.68,282015,3,44.64,25.49,241338,4,43.97,27.39,449912,3,43.28,26.99,60420,4,42.94,28.33,243577,3,42.59,28.16
496178,2026-07-15T15:14:27.907298,corrianderpowder,255808,3,43.77,25.95,204840,3,44.3,25.9,195345,3,44.47,25.69,282015,3,44.64,25.51,241338,4,44.29,27.42,449912,3,43.27,27.01,60420,4,43.24,28.37,243577,3,42.58,28.18
496528,2026-07-15T15:14:28.260503,corrianderpowder,255808,3,43.77,25.96,204840,3,44.29,25.91,195345,3,44.46,25.75,282015,3,44.63,25.53,241338,4,44.47,27.39,449912,3,43.28,27.03,60420,4,43.4,28.35,243577,3,42.58,28.18
496878,2026-07-15T15:14:28.610175,corrianderpowder,118821,3,43.77,25.97,204840,3,44.29,25.93,195345,3,44.46,25.75,120413,3,44.63,25.53,241338,4,44.58,27.33,449912,3,43.28,27.04,60420,4,43.5,28.32,99727,3,42.58,28.2
497228,2026-07-15T15:14:28.965404,corrianderpowder,118821,4,44.2,26.03,204840,3,44.28,25.97,195345,3,44.45,25.77,120413,4,45.06,25.6,107994,4,44.65,27.29,449912,3,43.27,27.07,43434,4,43.56,28.25,99727,4,42.99,28.27
497578,2026-07-15T15:14:29.309684,corrianderpowder,118821,4,44.51,26.05,204840,3,44.27,25.97,195345,3,44.44,25.79,120413,4,45.38,25.61,107994,5,44.69,27.21,449912,3,43.27,27.07,43434,5,43.6,28.19,99727,4,43.3,28.29
497928,2026-07-15T15:14:29.659810,corrianderpowder,118821,4,44.66,26.03,204840,3,44.27,25.97,195345,3,44.43,25.82,120413,4,45.55,25.6,107994,5,44.74,27.14,449912,3,43.27,27.08,43434,5,43.63,28.12,99727,4,43.46,28.27
498278,2026-07-15T15:14:30.007854,corrianderpowder,118821,4,44.75,25.98,204840,3,44.27,25.99,195345,3,44.43,25.85,120413,4,45.64,25.54,107994,5,44.77,27.08,449912,3,43.27,27.11,43434,5,43.65,28.06,99727,4,43.56,28.23
498628,2026-07-15T15:14:30.359854,corrianderpowder,64679,4,44.79,25.91,204840,3,44.27,26.0,195345,3,44.43,25.85,65928,4,45.71,25.49,107994,5,44.79,27.01,449912,3,43.26,27.12,43434,5,43.68,28.02,59327,4,43.62,28.17
498978,2026-07-15T15:14:30.710400,corrianderpowder,64679,5,44.83,25.85,204840,3,44.27,26.01,195345,3,44.42,25.86,65928,5,45.77,25.43,110726,5,44.81,26.97,449912,3,43.27,27.14,45567,5,43.69,27.94,59327,5,43.65,28.12
499328,2026-07-15T15:14:31.059483,corrianderpowder,64679,5,44.85,25.8,204840,3,44.26,26.02,195345,3,44.43,25.88,65928,5,45.8,25.39,110726,6,44.83,26.9,248001,3,43.27,27.15,45567,6,43.71,27.89,59327,5,43.7,28.05
499678,2026-07-15T15:14:31.409398,corrianderpowder,64679,5,44.87,25.74,204840,3,44.27,26.04,195345,3,44.43,25.89,65928,5,45.82,25.31,110726,6,44.84,26.86,248001,4,43.71,27.2,45567,6,43.73,27.83,59327,5,43.73,27.97
500028,2026-07-15T15:14:31.760306,corrianderpowder,64679,5,44.88,25.67,204840,3,44.27,26.07,195345,3,44.42,25.91,65928,5,45.84,25.27,110726,6,44.85,26.82,248001,4,44.04,27.22,45567,6,43.74,27.8,59327,5,43.76,27.92
500378,2026-07-15T15:14:32.113014,corrianderpowder,66132,5,44.89,25.63,106644,3,44.27,26.06,195345,3,44.43,25.93,69077,5,45.86,25.21,110726,6,44.87,26.76,248001,4,44.22,27.2,45567,6,43.75,27.76,61865,5,43.77,27.88
500728,2026-07-15T15:14:32.453526,corrianderpowder,66132,6,44.9,25.58,106644,4,44.72,26.13,195345,3,44.44,25.92,69077,6,45.88,25.17,107721,6,44.88,26.73,248001,4,44.32,27.15,44290,6,43.76,27.73,61865,6,43.79,27.82
501078,2026-07-15T15:14:32.804205,corrianderpowder,66132,6,44.91,25.54,106644,4,45.04,26.13,195345,3,44.44,25.94,69077,6,45.89,25.11,107721,7,45.13,26.7,119402,4,44.38,27.08,44290,7,43.99,27.7,61865,6,43.8,27.77
501428,2026-07-15T15:14:33.161321,corrianderpowder,66132,6,44.91,25.5,106644,4,45.2,26.13,195345,3,44.44,25.95,69077,6,45.9,25.08,107721,7,45.34,26.68,119402,5,44.43,27.01,44290,7,44.22,27.68,61865,6,43.82,27.73
501778,2026-07-15T15:14:33.509420,corrianderpowder,66132,6,44.92,25.44,106644,4,45.29,26.06,195345,3,44.44,25.97,69077,6,45.91,25.03,107721,7,45.48,26.65,119402,5,44.47,26.96,44290,7,44.34,27.64,61865,6,43.84,27.69
502128,2026-07-15T15:14:33.858773,corrianderpowder,64144,6,44.93,25.43,64289,4,45.36,26.0,195345,3,44.44,25.98,66963,6,45.93,25.0,107721,7,45.56,26.59,119402,5,44.51,26.88,44290,7,44.41,27.61,60721,6,43.84,27.65
502478,2026-07-15T15:14:34.204864,corrianderpowder,64144,7,45.17,25.42,64289,5,45.4,25.94,122840,3,44.44,25.97,66963,7,46.15,24.98,211439,7,45.62,26.53,119402,5,44.53,26.83,154124,7,44.48,27.52,60721,7,44.08,27.64
502828,2026-07-15T15:14:34.562693,corrianderpowder,64144,7,45.36,25.42,64289,5,45.44,25.88,122840,4,44.88,26.05,66963,7,46.37,24.97,211439,8,45.66,26.44,121701,5,44.56,26.78,154124,8,44.52,27.45,60721,7,44.29,27.62
503178,2026-07-15T15:14:34.917106,corrianderpowder,64144,7,45.47,25.37,64289,5,45.47,25.81,122840,4,45.2,26.05,66963,7,46.49,24.93,211439,8,45.71,26.38,121701,6,44.59,26.72,154124,8,44.56,27.39,60721,7,44.41,27.58
503528,2026-07-15T15:14:35.258755,corrianderpowder,64144,7,45.54,25.32,64289,5,45.49,25.77,122840,4,45.36,26.02,66963,7,46.57,24.88,211439,8,45.74,26.32,121701,6,44.61,26.67,154124,8,44.59,27.34,60721,7,44.49,27.52
503878,2026-07-15T15:14:35.610184,corrianderpowder,176066,7,45.58,25.28,64728,5,45.52,25.71,122840,4,45.47,25.97,202171,7,46.62,24.81,211439,8,45.77,26.28,121701,6,44.63,26.63,154124,8,44.62,27.29,165803,7,44.55,27.45
504228,2026-07-15T15:14:35.960213,corrianderpowder,176066,8,45.62,25.22,64728,6,45.53,25.65,65322,4,45.55,25.91,202171,8,46.67,24.76,262093,8,45.8,26.19,121701,6,44.64,26.56,181495,8,44.64,27.21,165803,8,44.6,27.37
504578,2026-07-15T15:14:36.303993,corrianderpowder,176066,8,45.65,25.17,64728,6,45.55,25.6,65322,5,45.59,25.83,202171,8,46.7,24.71,262093,9,45.82,26.16,114978,6,44.66,26.55,181495,9,44.67,27.15,165803,8,44.63,27.32
504928,2026-07-15T15:14:36.661998,corrianderpowder,176066,8,45.67,25.11,64728,6,45.57,25.56,65322,5,45.64,25.76,202171,8,46.74,24.65,262093,9,45.85,26.1,114978,7,44.93,26.53,181495,9,44.69,27.09,165803,8,44.66,27.24
505278,2026-07-15T15:14:37.010798,corrianderpowder,176066,8,45.69,25.06,64728,6,45.59,25.52,65322,5,45.67,25.7,202171,8,46.78,24.6,262093,9,45.86,26.06,114978,7,45.15,26.49,181495,9,44.71,27.06,165803,8,44.69,27.19
505628,2026-07-15T15:14:37.356218,corrianderpowder,214900,8,45.69,25.03,62090,6,45.61,25.47,65322,5,45.69,25.66,243403,8,46.79,24.55,262093,9,45.89,26.06,114978,7,45.3,26.45,181495,9,44.73,26.99,199804,8,44.72,27.13
505978,2026-07-15T15:14:37.712913,corrianderpowder,214900,9,45.72,24.98,62090,7,45.86,25.47,65272,5,45.73,25.58,243403,9,46.82,24.49,280624,9,45.9,25.94,114978,7,45.39,26.4,196131,9,44.74,26.94,199804,9,44.74,27.07
506328,2026-07-15T15:14:38.056529,corrianderpowder,214900,9,45.74,24.93,62090,7,46.08,25.44,65272,6,45.75,25.54,243403,9,46.84,24.46,280624,0,45.93,25.89,272123,7,45.45,26.32,196131,0,44.77,26.92,199804,9,44.76,27.02
506678,2026-07-15T15:14:38.408455,corrianderpowder,214900,9,45.76,24.9,62090,7,46.2,25.41,65272,6,45.77,25.49,243403,9,46.86,24.43,280624,0,45.95,25.86,272123,8,45.51,26.24,196131,0,44.78,26.87,199804,9,44.78,26.97
507028,2026-07-15T15:14:38.750329,corrianderpowder,214900,9,45.77,24.84,62090,7,46.3,25.34,65272,6,45.79,25.43,243403,9,46.88,24.37,280624,0,45.97,25.82,272123,8,45.55,26.17,196131,0,44.8,26.85,199804,9,44.8,26.94
507378,2026-07-15T15:14:39.111885,corrianderpowder,229339,9,45.79,24.84,202171,7,46.35,25.27,65272,6,45.81,25.4,260493,9,46.89,24.31,290414,0,45.98,25.8,272123,8,45.58,26.1,196131,0,44.82,26.81,213957,9,44.82,26.89
507728,2026-07-15T15:14:39.453703,corrianderpowder,229339,0,45.81,24.81,202171,8,46.4,25.21,61686,6,45.83,25.36,260493,0,46.91,24.27,290414,1,45.29,25.66,272123,8,45.62,26.04,202772,0,44.83,26.75,213957,0,44.84,26.84
508078,2026-07-15T15:14:39.812937,corrianderpowder,229339,0,45.83,24.79,202171,8,46.44,25.17,61686,7,46.1,25.34,260493,0,46.95,24.22,6716130,1,44.76,25.64,321305,8,45.64,25.98,202772,1,44.18,26.66,213957,0,44.86,26.81
508428,2026-07-15T15:14:40.161514,corrianderpowder,229339,0,45.84,24.76,202171,8,46.47,25.11,61686,7,46.31,25.32,260493,0,46.97,24.21,6716130,2,44.48,25.64,321305,9,45.66,25.92,4381920,1,43.68,26.61,213957,0,44.88,26.77
508778,2026-07-15T15:14:40.504587,corrianderpowder,229339,0,45.85,24.73,202171,8,46.5,25.02,61686,7,46.44,25.27,268273,0,46.98,24.19,6716130,2,44.31,25.71,321305,9,45.68,25.87,4381920,2,43.43,26.62,213957,0,44.89,26.73
509128,2026-07-15T15:14:40.859885,corrianderpowder,235836,0,45.87,24.72,237642,8,46.52,24.98,61686,7,46.52,25.21,268273,1,46.32,24.08,6716130,2,44.2,25.77,321305,9,45.7,25.83,4381920,2,43.26,26.67,220880,0,44.9,26.7
509478,2026-07-15T15:14:41.204745,corrianderpowder,235836,1,45.19,24.62,237642,9,46.54,24.93,170099,7,46.6,25.14,6724400,1,45.81,24.03,6716130,2,44.13,25.88,321305,9,45.72,25.78,4381920,2,43.16,26.74,220880,1,44.24,26.59
509828,2026-07-15T15:14:41.560189,corrianderpowder,5107232,1,44.71,24.57,237642,9,46.57,24.87,170099,8,46.65,25.08,6724400,2,45.54,24.05,6716130,2,44.07,25.95,341219,9,45.74,25.73,4381920,2,43.1,26.87,4972382,1,43.76,26.53
510178,2026-07-15T15:14:41.906923,corrianderpowder,5107232,2,44.46,24.62,237642,9,46.59,24.82,170099,8,46.69,25.01,6724400,2,45.39,24.12,6716130,2,44.03,26.03,341219,0,45.75,25.66,4381920,2,43.01,26.99,4972382,2,43.49,26.55
510528,2026-07-15T15:14:42.248242,corrianderpowder,5107232,2,44.34,24.66,237642,9,46.6,24.91,170099,8,46.72,24.95,6724400,2,45.28,24.17,6716130,2,43.99,26.12,341219,0,45.76,25.66,4381920,2,42.98,27.07,4972382,2,43.35,26.59
510878,2026-07-15T15:14:42.609978,corrianderpowder,5107232,2,44.27,24.74,250918,9,46.62,24.84,170099,8,46.75,24.9,6724400,2,45.21,24.25,6716130,2,43.96,26.2,341219,0,45.77,25.61,4381920,2,42.95,27.17,4972382,2,43.25,26.66
511228,2026-07-15T15:14:42.959928,corrianderpowder,5107232,2,44.22,24.82,250918,0,46.63,24.76,206952,8,46.77,24.84,6724400,2,45.16,24.34,6716130,2,43.94,26.29,341219,0,45.77,25.57,4381920,2,42.93,27.23,4972382,2,43.17,26.73
511578,2026-07-15T15:14:43.311501,corrianderpowder,5107232,2,44.19,24.92,250918,0,46.64,24.62,206952,9,46.78,24.77,6724400,2,45.12,24.42,546424,2,43.93,26.36,353957,0,45.78,25.52,165161,2,42.91,27.29,4972382,2,43.12,26.82
511928,2026-07-15T15:14:43.656011,corrianderpowder,5107232,2,44.16,24.97,250918,0,46.65,24.68,206952,9,46.8,24.73,6724400,2,45.09,24.49,546424,3,43.91,26.44,353957,1,45.08,25.41,165161,3,42.9,27.35,4972382,2,43.08,26.92
512278,2026-07-15T15:14:44.010528,corrianderpowder,5107232,2,44.15,25.05,250918,0,46.65,24.68,206952,9,46.81,24.67,6724400,2,45.07,24.54,546424,3,43.9,26.49,5116802,1,44.54,25.38,165161,3,42.88,27.41,4972382,2,43.05,26.98
512628,2026-07-15T15:14:44.360020,corrianderpowder,5107232,2,44.14,25.15,259503,0,46.66,24.46,206952,9,46.82,24.64,6724400,2,45.05,24.61,546424,3,43.88,26.54,5116802,2,44.26,25.41,165161,3,42.87,27.49,4972382,2,43.01,27.06
512978,2026-07-15T15:14:44.697882,corrianderpowder,5107232,2,44.14,25.21,259503,1,45.95,24.47,218616,9,46.83,24.59,288207,2,45.04,24.69,546424,3,43.87,26.61,5116802,2,44.09,25.47,165161,3,42.86,27.55,4972382,2,42.99,27.14
513328,2026-07-15T15:14:45.060449,corrianderpowder,262901,2,44.12,25.25,4161544,2,45.18,24.45,218616,0,46.83,24.54,288207,3,45.03,24.75,546424,3,43.85,26.65,5116802,2,43.96,25.53,165161,3,42.85,27.58,249087,2,42.98,27.21
513678,2026-07-15T15:14:45.401529,corrianderpowder,262901,3,44.12,25.33,4161544,2,45.03,24.5,218616,0,46.85,24.52,288207,3,45.01,24.81,546424,3,43.85,26.71,5116802,2,43.88,25.63,165161,3,42.84,27.63,249087,3,42.96,27.27
514028,2026-07-15T15:14:45.759688,corrianderpowder,262901,3,44.12,25.38,4161544,2,44.91,24.59,218616,0,46.85,24.49,288207,3,45.01,24.86,546424,3,43.83,26.73,5116802,2,43.82,25.71,165161,3,42.83,27.68,249087,3,42.94,27.34
514378,2026-07-15T15:14:46.097509,corrianderpowder,262901,3,44.11,25.42,4161544,2,44.85,24.67,218616,0,46.85,24.45,288207,3,45.0,24.89,546424,3,43.83,26.79,5116802,2,43.78,25.82,165161,3,42.82,27.71,249087,3,42.92,27.39
514728,2026-07-15T15:14:46.460507,corrianderpowder,262901,3,44.1,25.46,4161544,2,44.79,24.77,224807,0,46.87,24.43,288207,3,45.0,24.96,546424,3,43.81,26.82,5116802,2,43.73,25.88,165161,3,42.81,27.76,249087,3,42.91,27.44
515078,2026-07-15T15:14:46.807730,corrianderpowder,262901,3,44.09,25.5,4161544,2,44.75,24.84,224807,1,46.16,24.33,288207,3,44.98,25.0,546424,3,43.81,26.84,5116802,2,43.7,25.96,165161,3,42.8,27.8,249087,3,42.9,27.5
515428,2026-07-15T15:14:47.159282,corrianderpowder,262901,3,44.09,25.53,4161544,2,44.72,24.93,1902461,1,45.64,24.31,288207,3,44.99,25.03,546424,3,43.8,26.89,5116802,2,43.67,26.04,165161,3,42.79,27.84,249087,3,42.89,27.54
515778,2026-07-15T15:14:47.507171,corrianderpowder,262901,3,44.08,25.56,4161544,2,44.69,25.0,1902461,2,45.38,24.35,288207,3,44.98,25.06,546424,3,43.79,26.93,462720,2,43.65,26.12,165161,3,42.78,27.86,249087,3,42.88,27.59
516128,2026-07-15T15:14:47.860221,corrianderpowder,262901,3,44.07,25.58,4161544,2,44.67,25.09,1902461,2,45.21,24.41,288207,3,44.97,25.1,546424,3,43.78,26.93,462720,3,43.63,26.19,165161,3,42.79,27.89,249087,3,42.87,27.63
516478,2026-07-15T15:14:48.209006,corrianderpowder,262901,3,44.07,25.61,211046,2,44.66,25.14,1902461,2,45.1,24.47,288207,3,44.96,25.12,546424,3,43.77,26.96,462720,3,43.62,26.26,165161,3,42.77,27.91,249087,3,42.85,27.66
516828,2026-07-15T15:14:48.558776,corrianderpowder,262901,3,44.07,25.62,211046,3,44.64,25.2,1902461,2,45.01,24.57,288207,3,44.95,25.14,546424,3,43.76,26.99,462720,3,43.59,26.33,165161,3,42.77,27.94,249087,3,42.86,27.69
517178,2026-07-15T15:14:48.909533,corrianderpowder,262901,3,44.06,25.64,211046,3,44.62,25.28,1902461,2,44.96,24.68,288207,3,44.95,25.17,546424,3,43.75,27.02,462720,3,43.58,26.37,165161,3,42.75,27.97,249087,3,42.84,27.75
517528,2026-07-15T15:14:49.258380,corrianderpowder,262901,3,44.05,25.69,211046,3,44.61,25.34,1902461,2,44.91,24.74,288207,3,44.94,25.19,546424,3,43.75,27.05,462720,3,43.57,26.41,165161,3,42.75,27.99,249087,3,42.83,27.76
517878,2026-07-15T15:14:49.599004,corrianderpowder,262901,3,44.04,25.69,211046,3,44.6,25.38,1902461,2,44.87,24.85,288207,3,44.93,25.21,546424,3,43.74,27.05,462720,3,43.56,26.45,165161,3,42.74,28.0,249087,3,42.82,27.81
518228,2026-07-15T15:14:49.950394,corrianderpowder,262901,3,44.04,25.7,211046,3,44.58,25.41,1902461,2,44.84,24.92,288207,3,44.92,25.25,546424,3,43.73,27.09,462720,3,43.54,26.54,165161,3,42.73,28.02,249087,3,42.82,27.83
518578,2026-07-15T15:14:50.297412,corrianderpowder,262901,3,44.03,25.71,211046,3,44.58,25.47,1902461,2,44.82,24.99,288207,3,44.92,25.24,546424,3,43.73,27.09,462720,3,43.54,26.57,165161,3,42.72,28.05,249087,3,42.81,27.85
518928,2026-07-15T15:14:50.659852,corrianderpowder,262901,3,44.02,25.72,211046,3,44.56,25.51,200744,2,44.8,25.07,288207,3,44.91,25.27,546424,3,43.72,27.11,462720,3,43.52,26.59,165161,3,42.72,28.07,249087,3,42.8,27.88
519278,2026-07-15T15:14:50.997376,corrianderpowder,262901,3,44.02,25.76,211046,3,44.56,25.55,200744,3,44.78,25.14,288207,3,44.9,25.27,546424,3,43.71,27.12,462720,3,43.52,26.65,165161,3,42.72,28.08,249087,3,42.79,27.9
519628,2026-07-15T15:14:51.359594,corrianderpowder,262901,3,44.01,25.78,211046,3,44.55,25.59,200744,3,44.76,25.2,288207,3,44.88,25.29,546424,3,43.71,27.16,462720,3,43.5,26.66,165161,3,42.7,28.1,249087,3,42.79,27.93
519978,2026-07-15T15:14:51.699480,corrianderpowder,262901,3,44.0,25.78,211046,3,44.54,25.63,200744,3,44.75,25.25,288207,3,44.88,25.29,546424,3,43.7,27.17,462720,3,43.5,26.71,165161,3,42.71,28.1,249087,3,42.79,27.95
520328,2026-07-15T15:14:52.055229,corrianderpowder,262901,3,43.99,25.78,211046,3,44.54,25.66,200744,3,44.74,25.3,288207,3,44.87,25.33,546424,3,43.7,27.18,462720,3,43.5,26.75,165161,3,42.7,28.13,249087,3,42.78,27.97
520678,2026-07-15T15:14:52.402366,corrianderpowder,262901,3,43.99,25.79,211046,3,44.52,25.66,200744,3,44.71,25.34,288207,3,44.86,25.33,546424,3,43.69,27.19,462720,3,43.49,26.76,165161,3,42.7,28.13,249087,3,42.77,27.98
521028,2026-07-15T15:14:52.755240,corrianderpowder,262901,3,43.98,25.8,211046,3,44.52,25.71,200744,3,44.71,25.4,288207,3,44.85,25.36,546424,3,43.69,27.19,462720,3,43.48,26.8,165161,3,42.69,28.16,249087,3,42.76,27.98
521378,2026-07-15T15:14:53.108146,corrianderpowder,262901,3,43.98,25.81,211046,3,44.51,25.71,200744,3,44.7,25.44,288207,3,44.85,25.36,546424,3,43.68,27.21,462720,3,43.47,26.83,165161,3,42.69,28.17,249087,3,42.76,28.01
521728,2026-07-15T15:14:53.446533,corrianderpowder,262901,3,43.97,25.84,211046,3,44.51,25.76,200744,3,44.69,25.47,288207,3,44.84,25.36,546424,3,43.68,27.23,462720,3,43.47,26.84,165161,3,42.68,28.2,249087,3,42.75,28.11
522078,2026-07-15T15:14:53.809644,corrianderpowder,262901,3,43.98,25.82,211046,3,44.5,25.77,200744,3,44.68,25.5,288207,3,44.84,25.39,247642,3,43.68,27.24,462720,3,43.46,26.88,61376,3,42.68,28.19,249087,3,42.74,28.06
522428,2026-07-15T15:14:54.161469,corrianderpowder,262901,3,43.96,25.84,211046,3,44.5,25.78,200744,3,44.67,25.56,288207,3,44.83,25.41,247642,4,44.13,27.32,462720,3,43.46,26.88,61376,4,43.09,28.25,249087,3,42.74,28.09
522778,2026-07-15T15:14:54.507611,corrianderpowder,262901,3,43.96,25.86,211046,3,44.49,25.79,200744,3,44.67,25.58,288207,3,44.82,25.4,247642,4,44.47,27.31,462720,3,43.46,26.91,61376,4,43.4,28.3,249087,3,42.74,28.08
523128,2026-07-15T15:14:54.857673,corrianderpowder,262901,3,43.96,25.87,211046,3,44.48,25.82,200744,3,44.66,25.6,288207,3,44.82,25.42,247642,4,44.63,27.31,462720,3,43.45,26.93,61376,4,43.57,28.26,249087,3,42.73,28.11
523478,2026-07-15T15:14:55.207306,corrianderpowder,120075,3,43.95,25.88,211046,3,44.48,25.84,200744,3,44.65,25.63,122312,3,44.81,25.42,247642,4,44.74,27.25,462720,3,43.45,26.93,61376,4,43.65,28.21,101688,3,42.73,28.12
523828,2026-07-15T15:14:55.560441,corrianderpowder,120075,4,44.39,25.92,211046,3,44.47,25.87,200744,3,44.65,25.64,122312,4,45.25,25.49,109238,4,44.81,27.18,462720,3,43.44,26.95,43700,4,43.71,28.16,101688,4,43.15,28.19
524178,2026-07-15T15:14:55.896503,corrianderpowder,120075,4,44.7,25.94,211046,3,44.47,25.88,200744,3,44.64,25.67,122312,4,45.57,25.51,109238,5,44.86,27.11,462720,3,43.44,26.97,43700,5,43.75,28.11,101688,4,43.46,28.19
524528,2026-07-15T15:14:56.253947,corrianderpowder,120075,4,44.85,25.92,211046,3,44.46,25.87,200744,3,44.64,25.69,122312,4,45.74,25.48,109238,5,44.9,27.06,462720,3,43.43,26.98,43700,5,43.78,28.02,101688,4,43.61,28.18
524878,2026-07-15T15:14:56.608333,corrianderpowder,120075,4,44.93,25.87,211046,3,44.47,25.9,200744,3,44.63,25.71,122312,4,45.83,25.44,109238,5,44.93,26.99,462720,3,43.45,26.99,43700,5,43.81,27.97,101688,4,43.7,28.12
525228,2026-07-15T15:14:56.960047,corrianderpowder,64728,4,44.98,25.8,211046,3,44.46,25.91,200744,3,44.62,25.76,66910,4,45.9,25.38,109238,5,44.95,26.93,462720,3,43.44,27.01,43700,5,43.83,27.91,59911,4,43.78,28.09
525578,2026-07-15T15:14:57.309197,corrianderpowder,64728,5,45.01,25.74,211046,3,44.46,25.91,200744,3,44.62,25.76,66910,5,45.94,25.33,110798,5,44.97,26.86,462720,3,43.44,27.02,45665,5,43.85,27.84,59911,5,43.83,28.02
525928,2026-07-15T15:14:57.665692,corrianderpowder,64728,5,45.03,25.67,211046,3,44.46,25.94,200744,3,44.61,25.77,66910,5,45.98,25.26,110798,6,44.99,26.81,462720,3,43.44,27.02,45665,6,43.87,27.8,59911,5,43.85,27.97
526278,2026-07-15T15:14:58.010025,corrianderpowder,64728,5,45.05,25.62,211046,3,44.46,25.94,200744,3,44.62,25.78,66910,5,46.01,25.18,110798,6,45.01,26.77,253339,3,43.44,27.05,45665,6,43.89,27.75,59911,5,43.89,27.91
526628,2026-07-15T15:14:58.357795,corrianderpowder,64728,5,45.06,25.57,211046,3,44.46,25.96,200744,3,44.62,25.79,66910,5,46.03,25.13,110798,6,45.01,26.71,253339,4,43.89,27.1,45665,6,43.9,27.69,59911,5,43.91,27.84
526978,2026-07-15T15:14:58.709254,corrianderpowder,66910,5,45.08,25.54,108889,3,44.47,25.96,200744,3,44.61,25.81,68965,5,46.05,25.1,110798,6,45.02,26.65,253339,4,44.22,27.12,45665,6,43.91,27.67,62045,5,43.93,27.77
527328,2026-07-15T15:14:59.044430,corrianderpowder,66910,6,45.08,25.48,108889,4,44.9,26.01,200744,3,44.62,25.81,68965,6,46.06,25.04,108336,6,45.04,26.63,253339,4,44.38,27.11,44896,6,43.92,27.62,62045,6,43.95,27.74
527678,2026-07-15T15:14:59.408420,corrianderpowder,66910,6,45.09,25.42,108889,4,45.23,26.03,200744,3,44.62,25.83,68965,6,46.07,25.0,108336,7,45.3,26.62,253339,4,44.48,27.04,44896,7,44.15,27.62,62045,6,43.96,27.68
528028,2026-07-15T15:14:59.758195,corrianderpowder,66910,6,45.08,25.39,108889,4,45.38,26.0,200744,3,44.63,25.84,68965,6,46.08,24.97,108336,7,45.5,26.6,119738,4,44.55,26.97,44896,7,44.37,27.59,62045,6,43.97,27.63
528378,2026-07-15T15:15:00.098186,corrianderpowder,66910,6,45.1,25.36,108889,4,45.47,25.95,200744,3,44.63,25.86,68965,6,46.09,24.93,108336,7,45.63,26.62,119738,5,44.6,26.93,44896,7,44.5,27.56,62045,6,43.98,27.58
528728,2026-07-15T15:15:00.451616,corrianderpowder,64826,6,45.11,25.33,64581,4,45.54,25.88,200744,3,44.64,25.86,67173,6,46.1,24.87,213555,7,45.78,26.4,119738,5,44.65,26.86,44896,7,44.57,27.49,60721,6,43.99,27.53
529078,2026-07-15T15:15:00.804156,corrianderpowder,64826,7,45.35,25.34,64581,5,45.59,25.83,200744,3,44.63,25.87,67173,7,46.35,24.88,213555,8,45.82,26.35,119738,5,44.68,26.78,152471,7,44.64,27.44,60721,7,44.24,27.53
529428,2026-07-15T15:15:01.149619,corrianderpowder,64826,7,45.54,25.31,64581,5,45.63,25.76,124908,3,44.63,25.87,67173,7,46.54,24.85,213555,8,45.88,26.3,119738,5,44.71,26.73,152471,8,44.69,27.35,60721,7,44.44,27.51
529778,2026-07-15T15:15:01.505584,corrianderpowder,64826,7,45.65,25.25,64581,5,45.66,25.72,124908,4,45.07,25.92,67173,7,46.67,24.8,213555,8,45.91,26.21,122840,5,44.74,26.68,152471,8,44.72,27.32,60721,7,44.56,27.47
530128,2026-07-15T15:15:01.853724,corrianderpowder,64826,7,45.72,25.24,64581,5,45.69,25.64,124908,4,45.4,25.94,67173,7,46.75,24.77,213555,8,45.94,26.16,122840,6,44.76,26.61,152471,8,44.75,27.24,60721,7,44.64,27.42
530478,2026-07-15T15:15:02.198783,corrianderpowder,176612,7,45.76,25.17,65422,5,45.71,25.59,124908,4,45.56,25.89,202411,7,46.8,24.71,261291,8,45.96,26.11,122840,6,44.79,26.56,152471,8,44.77,27.17,164207,7,44.7,27.34
530828,2026-07-15T15:15:02.559536,corrianderpowder,176612,8,45.8,25.13,65422,6,45.73,25.54,124908,4,45.66,25.85,202411,8,46.85,24.66,261291,9,45.98,26.06,122840,6,44.8,26.51,181303,8,44.8,27.13,164207,8,44.75,27.29
531178,2026-07-15T15:15:02.902387,corrianderpowder,176612,8,45.82,25.05,65422,6,45.75,25.48,66390,4,45.73,25.8,202411,8,46.89,24.59,261291,9,46.0,25.99,122840,6,44.82,26.48,181303,9,44.82,27.06,164207,8,44.79,27.2
531528,2026-07-15T15:15:03.246682,corrianderpowder,176612,8,45.85,25.01,65422,6,45.76,25.44,66390,5,45.79,25.72,202411,8,46.92,24.55,261291,9,46.02,25.95,117350,6,44.84,26.44,181303,9,44.85,27.01,164207,8,44.82,27.16
531878,2026-07-15T15:15:03.608432,corrianderpowder,176612,8,45.87,24.95,65422,6,45.78,25.4,66390,5,45.83,25.66,202411,8,46.95,24.48,261291,9,46.04,25.91,117350,7,45.1,26.43,181303,9,44.86,26.95,164207,8,44.85,27.1
532228,2026-07-15T15:15:03.957830,corrianderpowder,214630,8,45.88,24.92,62683,6,45.8,25.36,66390,5,45.86,25.58,242366,8,46.98,24.44,282482,9,46.06,25.86,117350,7,45.32,26.39,181303,9,44.88,26.89,198757,8,44.88,27.04
532578,2026-07-15T15:15:04.301308,corrianderpowder,214630,9,45.9,24.87,62683,7,46.05,25.36,66390,5,45.89,25.53,242366,9,47.01,24.38,282482,0,46.07,25.81,117350,7,45.46,26.36,196923,0,44.91,26.83,198757,9,44.9,26.96
532928,2026-07-15T15:15:04.659958,corrianderpowder,214630,9,45.91,24.82,62683,7,46.27,25.33,65725,5,45.91,25.47,242366,9,47.03,24.34,282482,0,46.09,25.78,117350,7,45.56,26.3,196923,0,44.93,26.79,198757,9,44.92,26.92
533278,2026-07-15T15:15:05.009677,corrianderpowder,214630,9,45.93,24.78,62683,7,46.4,25.28,65725,6,45.95,25.42,242366,9,47.04,24.31,282482,0,46.11,25.74,273212,7,45.62,26.21,196923,0,44.94,26.75,198757,9,44.93,26.86
533628,2026-07-15T15:15:05.359710,corrianderpowder,214630,9,45.95,24.75,62683,7,46.48,25.2,65725,6,45.96,25.37,242366,9,47.06,24.25,282482,0,46.12,25.71,273212,8,45.67,26.15,196923,0,44.96,26.71,198757,9,44.96,26.83
533978,2026-07-15T15:15:05.707000,corrianderpowder,228571,9,45.97,24.74,203255,7,46.54,25.17,65725,6,45.98,25.33,259109,9,47.08,24.23,291405,0,46.14,25.67,273212,8,45.72,26.06,203376,0,44.97,26.67,212096,9,44.97,26.79
534328,2026-07-15T15:15:06.058176,corrianderpowder,228571,0,45.98,24.7,203255,8,46.59,25.11,65725,6,46.0,25.3,259109,0,47.1,24.2,291405,1,45.44,25.58,273212,8,45.75,26.02,203376,1,44.33,26.57,212096,0,45.0,26.74
534678,2026-07-15T15:15:06.398850,corrianderpowder,228571,0,46.0,24.67,203255,8,46.62,25.05,62500,6,46.01,25.24,259109,0,47.12,24.16,6803986,1,44.92,25.54,273212,8,45.78,25.96,4446133,1,43.83,26.51,212096,0,45.02,26.71
535028,2026-07-15T15:15:06.759326,corrianderpowder,228571,0,46.02,24.65,203255,8,46.66,24.97,62500,7,46.28,25.23,259109,0,47.13,24.13,6803986,2,44.64,25.56,322824,8,45.81,25.89,4446133,2,43.57,26.52,212096,0,45.04,26.67
535378,2026-07-15T15:15:07.133334,corrianderpowder,228571,0,46.03,24.62,203255,8,46.7,24.92,62500,7,46.5,25.2,259109,0,47.14,24.1,6803986,2,44.48,25.61,322824,9,45.83,25.83,4446133,2,43.42,26.58,212096,0,45.05,26.63
535728,2026-07-15T15:15:07.458605,corrianderpowder,236325,0,46.05,24.6,237642,8,46.72,24.87,62500,7,46.64,25.15,270827,1,46.47,23.97,6803986,2,44.36,25.67,322824,9,45.85,25.77,4446133,2,43.31,26.65,220025,0,45.06,26.6
536078,2026-07-15T15:15:07.808560,corrianderpowder,236325,1,45.37,24.5,237642,9,46.73,24.79,62500,7,46.73,25.1,6863846,1,45.97,23.94,6803986,2,44.28,25.77,322824,9,45.87,25.72,4446133,2,43.24,26.73,220025,1,44.4,26.49
536428,2026-07-15T15:15:08.160758,corrianderpowder,5244558,1,44.88,24.48,237642,9,46.76,24.76,170269,7,46.78,25.03,6863846,2,45.72,23.95,6803986,2,44.22,25.86,322824,9,45.89,25.66,4446133,2,43.19,26.8,5097697,1,43.91,26.43
536778,2026-07-15T15:15:08.509678,corrianderpowder,5244558,2,44.64,24.51,237642,9,46.77,24.69,170269,8,46.83,24.95,6863846,2,45.55,24.0,6803986,2,44.18,25.94,342246,9,45.9,25.62,4446133,2,43.15,26.9,5097697,2,43.65,26.45
537128,2026-07-15T15:15:08.859084,corrianderpowder,5244558,2,44.52,24.56,237642,9,46.79,24.66,170269,8,46.87,24.91,6863846,2,45.45,24.06,6803986,2,44.15,26.03,342246,0,45.92,25.53,4446133,2,43.12,26.97,5097697,2,43.49,26.51
537478,2026-07-15T15:15:09.211714,corrianderpowder,5244558,2,44.44,24.64,249451,9,46.81,24.63,170269,8,46.91,24.82,6863846,2,45.38,24.15,6803986,2,44.12,26.11,342246,0,45.92,25.53,4446133,2,43.1,27.04,5097697,2,43.39,26.56
537828,2026-07-15T15:15:09.559172,corrianderpowder,5244558,2,44.38,24.72,249451,0,46.82,24.58,170269,8,46.93,24.76,6863846,2,45.33,24.23,6803986,2,44.1,26.19,342246,0,45.93,25.51,4446133,2,43.07,27.14,5097697,2,43.32,26.65
538178,2026-07-15T15:15:09.899924,corrianderpowder,5244558,2,44.36,24.8,249451,0,46.82,24.54,207581,8,46.94,24.72,6863846,2,45.29,24.31,559410,2,44.08,26.25,353957,0,45.94,25.44,169761,2,43.06,27.23,5097697,2,43.27,26.72
538528,2026-07-15T15:15:10.254342,corrianderpowder,5244558,2,44.34,24.9,249451,0,46.84,24.52,207581,9,46.97,24.66,6863846,2,45.27,24.38,559410,3,44.07,26.34,353957,1,45.23,25.31,169761,3,43.04,27.27,5097697,2,43.23,26.82
538878,2026-07-15T15:15:10.608422,corrianderpowder,5244558,2,44.33,24.94,249451,0,46.84,24.48,207581,9,46.98,24.61,6863846,2,45.24,24.44,559410,3,44.05,26.4,5264781,1,44.69,25.3,169761,3,43.02,27.33,5097697,2,43.2,26.88
539228,2026-07-15T15:15:10.955464,corrianderpowder,5244558,2,44.31,25.02,258520,0,46.84,24.44,207581,9,46.99,24.57,6863846,2,45.23,24.52,559410,3,44.04,26.45,5264781,2,44.41,25.3,169761,3,43.01,27.39,5097697,2,43.17,26.97
539578,2026-07-15T15:15:11.293767,corrianderpowder,5244558,2,44.3,25.09,258520,1,46.14,24.35,207581,9,47.01,24.51,292655,2,45.21,24.58,559410,3,44.02,26.5,5264781,2,44.24,25.36,169761,3,43.0,27.44,5097697,2,43.15,27.05
539928,2026-07-15T15:15:11.658111,corrianderpowder,268484,2,44.3,25.15,4367902,1,45.64,24.3,219459,9,47.02,24.46,292655,3,45.19,24.65,559410,3,44.01,26.56,5264781,2,44.12,25.43,169761,3,42.99,27.48,254853,2,43.13,27.12
540278,2026-07-15T15:15:12.011271,corrianderpowder,268484,3,44.3,25.19,4367902,2,45.36,24.34,219459,0,47.01,24.43,292655,3,45.19,24.7,559410,3,44.01,26.61,5264781,2,44.04,25.53,169761,3,42.98,27.54,254853,3,43.1,27.17
540628,2026-07-15T15:15:12.356833,corrianderpowder,268484,3,44.3,25.23,4367902,2,45.21,24.4,219459,0,47.03,24.39,292655,3,45.18,24.74,559410,3,43.99,26.65,5264781,2,43.97,25.62,169761,3,42.96,27.57,254853,3,43.08,27.24
540978,2026-07-15T15:15:12.710712,corrianderpowder,268484,3,44.28,25.29,4367902,2,45.1,24.47,219459,0,47.04,24.35,292655,3,45.17,24.82,559410,3,43.98,26.68,5264781,2,43.92,25.7,169761,3,42.97,27.63,254853,3,43.07,27.31
541328,2026-07-15T15:15:13.058474,corrianderpowder,268484,3,44.28,25.2,4367902,2,45.03,24.55,219459,0,47.04,24.35,292655,3,45.18,24.84,559410,3,43.97,26.71,5264781,2,43.89,25.8,169761,3,42.96,27.68,254853,3,43.06,27.37
541678,2026-07-15T15:15:13.409444,corrianderpowder,268484,3,44.27,25.41,4367902,2,44.96,24.63,225252,0,47.05,24.32,292655,3,45.16,24.87,559410,3,43.97,26.76,5264781,2,43.85,25.86,169761,3,42.95,27.71,254853,3,43.05,27.39
542028,2026-07-15T15:15:13.758930,corrianderpowder,268484,3,44.26,25.38,4367902,2,44.93,24.73,225252,1,46.33,24.2,292655,3,45.16,24.91,559410,3,43.96,26.78,5264781,2,43.82,25.94,169761,3,42.94,27.73,254853,3,43.04,27.44
542378,2026-07-15T15:15:14.108458,corrianderpowder,268484,3,44.25,25.46,4367902,2,44.89,24.8,2007351,1,45.81,24.17,292655,3,45.15,24.96,559410,3,43.95,26.82,472979,2,43.8,26.01,169761,3,42.93,27.75,254853,3,43.02,27.49
542728,2026-07-15T15:15:14.458634,corrianderpowder,268484,3,44.26,25.47,4367902,2,44.86,24.89,2007351,2,45.55,24.23,292655,3,45.15,24.98,559410,3,43.94,26.84,472979,3,43.78,26.08,169761,3,42.92,27.79,254853,3,43.01,27.54
543078,2026-07-15T15:15:14.808580,corrianderpowder,268484,3,44.24,25.49,4367902,2,44.84,24.97,2007351,2,45.39,24.31,292655,3,45.14,25.02,559410,3,43.94,26.87,472979,3,43.76,26.15,169761,3,42.92,27.82,254853,3,43.01,27.58
543428,2026-07-15T15:15:15.158161,corrianderpowder,268484,3,44.24,25.53,217779,2,44.82,25.04,2007351,2,45.28,24.38,292655,3,45.13,25.04,559410,3,43.92,26.87,472979,3,43.74,26.22,169761,3,42.91,27.83,254853,3,43.0,27.6
543778,2026-07-15T15:15:15.508778,corrianderpowder,268484,3,44.23,25.54,217779,3,44.81,25.1,2007351,2,45.19,24.46,292655,3,45.13,25.04,559410,3,43.92,26.91,472979,3,43.73,26.27,169761,3,42.9,27.86,254853,3,42.99,27.65
544128,2026-07-15T15:15:15.853776,corrianderpowder,268484,3,44.23,25.56,217779,3,44.79,25.15,2007351,2,45.13,24.55,292655,3,45.11,25.08,559410,3,43.91,26.93,472979,3,43.72,26.32,169761,3,42.89,27.88,254853,3,42.98,27.7
544478,2026-07-15T15:15:16.208207,corrianderpowder,268484,3,44.22,25.56,217779,3,44.78,25.2,2007351,2,45.08,24.64,292655,3,45.11,25.08,559410,3,43.9,26.96,472979,3,43.7,26.39,169761,3,42.88,27.91,254853,3,42.96,27.71
544828,2026-07-15T15:15:16.558639,corrianderpowder,268484,3,44.21,25.59,217779,3,44.76,25.27,2007351,2,45.04,24.73,292655,3,45.1,25.13,559410,3,43.9,26.97,472979,3,43.69,26.43,169761,3,42.88,27.94,254853,3,42.96,27.73
545178,2026-07-15T15:15:16.909607,corrianderpowder,268484,3,44.2,25.6,217779,3,44.75,25.29,2007351,2,45.01,24.83,292655,3,45.09,25.15,559410,3,43.89,26.99,472979,3,43.69,26.46,169761,3,42.88,27.94,254853,3,42.96,27.76
545528,2026-07-15T15:15:17.256431,corrianderpowder,268484,3,44.2,25.63,217779,3,44.75,25.36,2007351,2,44.99,24.89,292655,3,45.09,25.14,559410,3,43.88,27.01,472979,3,43.68,26.5,169761,3,42.87,27.96,254853,3,42.94,27.8
545878,2026-07-15T15:15:17.594800,corrianderpowder,268484,3,44.19,25.63,217779,3,44.74,25.41,206576,2,44.96,24.96,292655,3,45.08,25.16,559410,3,43.88,27.03,472979,3,43.67,26.55,169761,3,42.86,27.99,254853,3,42.94,27.81
546228,2026-07-15T15:15:17.959091,corrianderpowder,268484,3,44.19,25.64,217779,3,44.73,25.44,206576,3,44.94,25.03,292655,3,45.07,25.18,559410,3,43.87,27.05,472979,3,43.66,26.58,169761,3,42.86,27.98,254853,3,42.93,27.83
546578,2026-07-15T15:15:18.299855,corrianderpowder,268484,3,44.18,25.65,217779,3,44.72,25.47,206576,3,44.93,25.08,292655,3,45.06,25.21,559410,3,43.86,27.04,472979,3,43.65,26.61,169761,3,42.86,28.01,254853,3,42.93,27.86
546928,2026-07-15T15:15:18.658292,corrianderpowder,268484,3,44.17,25.67,217779,3,44.72,25.51,206576,3,44.91,25.13,292655,3,45.05,25.21,559410,3,43.85,27.06,472979,3,43.65,26.64,169761,3,42.85,28.04,254853,3,42.92,27.88
547278,2026-07-15T15:15:18.994731,corrianderpowder,268484,3,44.16,25.68,217779,3,44.71,25.54,206576,3,44.9,25.19,292655,3,45.05,25.22,559410,3,43.85,27.08,472979,3,43.64,26.66,169761,3,42.84,28.04,254853,3,42.92,27.89
547628,2026-07-15T15:15:19.360192,corrianderpowder,268484,3,44.16,25.69,217779,3,44.69,25.56,206576,3,44.89,25.24,292655,3,45.04,25.23,559410,3,43.85,27.08,472979,3,43.64,26.67,169761,3,42.84,28.06,254853,3,42.9,27.91
547978,2026-07-15T15:15:19.708005,corrianderpowder,268484,3,44.15,25.7,217779,3,44.68,25.59,206576,3,44.88,25.28,292655,3,45.03,25.24,559410,3,43.84,27.1,472979,3,43.62,26.71,169761,3,42.83,28.06,254853,3,42.9,27.92
548328,2026-07-15T15:15:20.054142,corrianderpowder,268484,3,44.15,25.72,217779,3,44.69,25.61,206576,3,44.86,25.32,292655,3,45.01,25.28,559410,3,43.83,27.13,472979,3,43.62,26.75,169761,3,42.83,28.07,254853,3,42.9,27.95
548678,2026-07-15T15:15:20.401189,corrianderpowder,268484,3,44.14,25.72,217779,3,44.68,25.64,206576,3,44.85,25.36,292655,3,45.01,25.26,251288,3,43.83,27.11,472979,3,43.61,26.77,62135,3,42.83,28.09,254853,3,42.89,27.97
549028,2026-07-15T15:15:20.744736,corrianderpowder,268484,3,44.13,25.72,217779,3,44.67,25.65,206576,3,44.85,25.39,292655,3,45.0,25.28,251288,4,44.28,27.19,472979,3,43.61,26.79,62135,4,43.22,28.14,254853,3,42.89,27.98
549378,2026-07-15T15:15:21.095161,corrianderpowder,268484,3,44.13,25.74,217779,3,44.66,25.68,206576,3,44.83,25.42,292655,3,45.0,25.3,251288,4,44.62,27.2,472979,3,43.61,26.8,62135,4,43.55,28.18,254853,3,42.88,27.98
549728,2026-07-15T15:15:21.459463,corrianderpowder,268484,3,44.13,25.73,217779,3,44.66,25.7,206576,3,44.83,25.45,292655,3,44.99,25.31,251288,4,44.8,27.19,472979,3,43.61,26.84,62135,4,43.7,28.16,254853,3,42.88,28.0
550078,2026-07-15T15:15:21.808104,corrianderpowder,123106,3,44.12,25.76,217779,3,44.65,25.71,206576,3,44.82,25.5,124000,3,44.98,25.32,251288,4,44.9,27.14,472979,3,43.6,26.84,62135,4,43.8,28.13,254853,3,42.88,28.02
550428,2026-07-15T15:15:22.144088,corrianderpowder,123106,4,44.55,25.83,217779,3,44.65,25.71,206576,3,44.81,25.51,124000,4,45.42,25.37,109659,4,44.97,27.06,472979,3,43.6,26.85,43925,4,43.86,28.05,102728,3,42.87,28.03
550778,2026-07-15T15:15:22.506347,corrianderpowder,123106,4,44.87,25.83,217779,3,44.64,25.74,206576,3,44.81,25.53,124000,4,45.75,25.41,109659,5,45.01,27.02,472979,3,43.59,26.88,43925,5,43.9,28.0,102728,4,43.29,28.05
551128,2026-07-15T15:15:22.857967,corrianderpowder,123106,4,45.02,25.79,217779,3,44.64,25.75,206576,3,44.81,25.56,124000,4,45.91,25.38,109659,5,45.06,26.87,472979,3,43.59,26.88,43925,5,43.93,27.93,102728,4,43.76,28.1
551478,2026-07-15T15:15:23.204812,corrianderpowder,123106,4,45.1,25.75,217779,3,44.63,25.77,206576,3,44.8,25.57,124000,4,46.01,25.33,109659,5,45.11,26.83,472979,3,43.59,26.91,43925,5,43.96,27.86,102728,4,43.86,28.03
551828,2026-07-15T15:15:23.556076,corrianderpowder,65573,4,45.15,25.68,217779,3,44.63,25.79,206576,3,44.8,25.59,67121,4,46.07,25.28,112403,5,45.13,26.76,472979,3,43.6,26.92,43925,5,43.98,27.8,59953,4,43.92,28.0
552178,2026-07-15T15:15:23.894450,corrianderpowder,65573,5,45.19,25.61,217779,3,44.63,25.8,206576,3,44.79,25.61,67121,5,46.12,25.21,112403,6,45.15,26.71,472979,3,43.6,26.92,46209,5,44.0,27.75,59953,5,43.97,27.93
552528,2026-07-15T15:15:24.259654,corrianderpowder,65573,5,45.21,25.57,217779,3,44.63,25.8,206576,3,44.79,25.65,67121,5,46.15,25.15,112403,6,45.16,26.66,472979,3,43.6,26.94,46209,6,44.02,27.7,59953,5,44.0,27.86
552878,2026-07-15T15:15:24.606128,corrianderpowder,65573,5,45.23,25.52,217779,3,44.63,25.8,206576,3,44.79,25.65,67121,5,46.18,25.1,112403,6,45.18,26.61,257157,3,43.6,26.94,46209,6,44.03,27.64,59953,5,44.03,27.81
553228,2026-07-15T15:15:24.946308,corrianderpowder,65573,5,45.24,25.45,217779,3,44.63,25.83,206576,3,44.79,25.68,67121,5,46.21,25.01,112403,6,45.2,26.58,257157,4,44.04,27.01,46209,6,44.05,27.61,59953,5,44.05,27.74
553578,2026-07-15T15:15:25.307539,corrianderpowder,67332,5,45.26,25.4,217779,3,44.64,25.84,206576,3,44.79,25.69,69640,5,46.23,24.98,109098,6,45.2,26.52,257157,4,44.37,27.03,46209,6,44.06,27.57,62545,5,44.08,27.69
553928,2026-07-15T15:15:25.657801,corrianderpowder,67332,6,45.26,25.38,110942,3,44.64,25.85,206576,3,44.78,25.71,69640,6,46.24,24.93,109098,7,45.45,26.51,257157,4,44.54,26.99,45181,6,44.06,27.52,62545,6,44.09,27.64
554278,2026-07-15T15:15:25.994831,corrianderpowder,67332,6,45.27,25.34,110942,4,45.08,25.9,206576,3,44.79,25.71,69640,6,46.25,24.89,109098,7,45.66,26.47,257157,4,44.65,26.96,45181,7,44.3,27.52,62545,6,44.11,27.58
554628,2026-07-15T15:15:26.346359,corrianderpowder,67332,6,45.27,25.27,110942,4,45.4,25.93,206576,3,44.79,25.72,69640,6,46.26,24.85,109098,7,45.8,26.45,121788,4,44.71,26.88,45181,7,44.52,27.49,62545,6,44.11,27.53
554978,2026-07-15T15:15:26.707750,corrianderpowder,67332,6,45.28,25.26,110942,4,45.55,25.89,206576,3,44.8,25.74,69640,6,46.27,24.82,109098,7,45.88,26.38,121788,5,44.77,26.82,45181,7,44.72,27.4,62545,6,44.13,27.49
555328,2026-07-15T15:15:27.059511,corrianderpowder,65272,6,45.28,25.21,110942,4,45.66,25.82,206576,3,44.79,25.74,67868,6,46.28,24.77,212889,7,45.95,26.31,121788,5,44.81,26.76,151658,7,44.79,27.32,61376,6,44.14,27.46
555678,2026-07-15T15:15:27.399870,corrianderpowder,65272,7,45.52,25.23,64679,4,45.72,25.78,206576,3,44.8,25.75,67868,7,46.52,24.77,212889,8,45.99,26.25,121788,5,44.84,26.69,151658,8,44.83,27.27,61376,7,44.38,27.44
556028,2026-07-15T15:15:27.742862,corrianderpowder,65272,7,45.71,25.2,64679,5,45.77,25.72,206576,3,44.8,25.75,67868,7,46.72,24.75,212889,8,46.03,26.19,121788,5,44.87,26.64,151658,8,44.86,27.2,61376,7,44.59,27.42
556378,2026-07-15T15:15:28.102912,corrianderpowder,65272,7,45.82,25.17,64679,5,45.8,25.65,126669,3,44.8,25.77,67868,7,46.84,24.71,212889,8,46.06,26.12,123731,5,44.9,26.57,151658,8,44.89,27.14,61376,7,44.71,27.38
556728,2026-07-15T15:15:28.444736,corrianderpowder,65272,7,45.89,25.11,64679,5,45.84,25.6,126669,4,45.24,25.83,67868,7,46.92,24.66,212889,8,46.08,26.08,123731,6,44.92,26.5,151658,8,44.92,27.08,61376,7,44.79,27.33
557078,2026-07-15T15:15:28.795231,corrianderpowder,176066,7,45.94,25.07,64679,5,45.86,25.56,126669,4,45.56,25.84,200981,7,46.99,24.6,260692,8,46.11,26.0,123731,6,44.94,26.47,181110,8,44.94,27.01,163892,7,44.85,27.25
557428,2026-07-15T15:15:29.144038,corrianderpowder,176066,8,45.97,25.01,65725,5,45.88,25.47,126669,4,45.74,25.79,200981,8,47.03,24.55,260692,9,46.14,25.95,123731,6,44.96,26.41,181110,9,44.97,26.96,163892,8,44.89,27.2
557778,2026-07-15T15:15:29.495208,corrianderpowder,176066,8,45.99,24.94,65725,6,45.9,25.41,126669,4,45.84,25.73,200981,8,47.07,24.48,260692,9,46.15,25.9,123731,6,44.97,26.37,181110,9,44.99,26.91,163892,8,44.93,27.13
558128,2026-07-15T15:15:29.857207,corrianderpowder,176066,8,46.01,24.9,65725,6,45.92,25.4,67068,4,45.9,25.68,200981,8,47.11,24.44,260692,9,46.18,25.86,118903,6,45.0,26.33,181110,9,45.01,26.87,163892,8,44.97,27.06
558478,2026-07-15T15:15:30.195925,corrianderpowder,176066,8,46.04,24.85,65725,6,45.93,25.33,67068,5,45.96,25.61,200981,8,47.12,24.38,260692,9,46.19,25.81,118903,7,45.26,26.33,181110,9,45.02,26.82,163892,8,44.99,27.02
558828,2026-07-15T15:15:30.557031,corrianderpowder,215442,8,46.05,24.81,65725,6,45.96,25.29,67068,5,46.0,25.54,243403,8,47.15,24.33,279247,9,46.21,25.76,118903,7,45.49,26.3,195681,9,45.04,26.76,200156,8,45.03,26.94
559178,2026-07-15T15:15:30.907719,corrianderpowder,215442,9,46.07,24.76,63382,6,45.96,25.25,67068,5,46.04,25.5,243403,9,47.17,24.29,279247,0,46.23,25.72,118903,7,45.63,26.25,195681,0,45.06,26.73,200156,9,45.05,26.9
559528,2026-07-15T15:15:31.254290,corrianderpowder,215442,9,46.09,24.73,63382,7,46.22,25.24,67068,5,46.06,25.43,243403,9,47.2,24.23,279247,0,46.24,25.68,118903,7,45.72,26.17,195681,0,45.08,26.7,200156,9,45.06,26.83
559878,2026-07-15T15:15:31.600105,corrianderpowder,215442,9,46.1,24.69,63382,7,46.45,25.23,66805,5,46.09,25.35,243403,9,47.2,24.19,279247,0,46.25,25.64,273212,7,45.78,26.12,195681,0,45.09,26.65,200156,9,45.09,26.8
560228,2026-07-15T15:15:31.957485,corrianderpowder,215442,9,46.12,24.66,63382,7,46.58,25.18,66805,6,46.12,25.31,243403,9,47.23,24.17,279247,0,46.27,25.63,273212,8,45.84,26.04,195681,0,45.1,26.62,200156,9,45.1,26.73
560578,2026-07-15T15:15:32.302014,corrianderpowder,226749,9,46.13,24.61,63382,7,46.65,25.13,66805,6,46.14,25.26,258129,9,47.24,24.12,290661,0,46.29,25.58,273212,8,45.87,25.99,201574,0,45.12,26.57,212889,9,45.13,26.69
560928,2026-07-15T15:15:32.655716,corrianderpowder,226749,0,46.15,24.62,201337,7,46.72,25.06,66805,6,46.16,25.21,258129,0,47.26,24.08,290661,1,45.59,25.49,273212,8,45.91,25.93,201574,1,44.47,26.48,212889,0,45.15,26.67
561278,2026-07-15T15:15:32.994613,corrianderpowder,226749,0,46.16,24.57,201337,8,46.77,24.99,66805,6,46.17,25.19,258129,0,47.28,24.07,6986780,1,45.07,25.46,273212,8,45.93,25.85,4557441,1,43.97,26.42,212889,0,45.17,26.62
561628,2026-07-15T15:15:33.355208,corrianderpowder,226749,0,46.17,24.54,201337,8,46.81,24.93,63665,6,46.19,25.14,258129,0,47.3,24.03,6986780,2,44.79,25.47,324667,8,45.97,25.8,4557441,2,43.71,26.43,212889,0,45.18,26.58
561978,2026-07-15T15:15:33.707869,corrianderpowder,226749,0,46.19,24.52,201337,8,46.84,24.88,63665,7,46.45,25.14,258129,0,47.31,23.99,6986780,2,44.62,25.52,324667,9,45.99,25.73,4557441,2,43.56,26.48,212889,0,45.19,26.54
562328,2026-07-15T15:15:34.042917,corrianderpowder,234539,0,46.2,24.51,201337,8,46.86,24.81,63665,7,46.68,25.1,268062,0,47.33,23.97,6986780,2,44.51,25.61,324667,9,46.01,25.68,4557441,2,43.46,26.56,218336,0,45.21,26.52
562678,2026-07-15T15:15:34.393431,corrianderpowder,234539,1,45.52,24.39,236982,8,46.89,24.75,63665,7,46.81,25.05,268062,1,46.65,23.86,6986780,2,44.44,25.69,324667,9,46.03,25.62,4557441,2,43.38,26.62,218336,1,44.55,26.4
563028,2026-07-15T15:15:34.757737,corrianderpowder,5437769,1,45.03,24.35,236982,9,46.92,24.71,63665,7,46.89,24.99,7045366,1,46.14,23.71,6986780,2,44.37,25.77,324667,9,46.05,25.57,4557441,2,43.32,26.74,5126408,1,44.05,26.35
563378,2026-07-15T15:15:35.094958,corrianderpowder,5437769,2,44.8,24.42,236982,9,46.94,24.66,171123,7,46.96,24.92,7045366,2,45.88,23.91,6986780,2,44.33,25.86,344665,9,46.06,25.53,4557441,2,43.29,26.81,5126408,2,43.8,26.36
563728,2026-07-15T15:15:35.458689,corrianderpowder,5437769,2,44.68,24.48,236982,9,46.95,24.59,171123,8,47.0,24.85,7045366,2,45.61,23.98,6986780,2,44.3,25.96,344665,0,46.07,25.5,4557441,2,43.26,26.89,5126408,2,43.64,26.41
564078,2026-07-15T15:15:35.804588,corrianderpowder,5437769,2,44.59,24.53,236982,9,46.97,24.57,171123,8,47.05,24.78,7045366,2,45.54,24.07,6986780,2,44.26,26.02,344665,0,46.08,25.45,4557441,2,43.24,26.98,5126408,2,43.53,26.49
564428,2026-07-15T15:15:36.158141,corrianderpowder,5437769,2,44.54,24.62,250918,9,46.97,24.53,171123,8,47.07,24.74,7045366,2,45.49,24.14,6986780,2,44.25,26.1,344665,0,46.09,25.41,4557441,2,43.21,27.05,5126408,2,43.47,26.57
564778,2026-07-15T15:15:36.507788,corrianderpowder,5437769,2,44.51,24.7,250918,0,46.99,24.5,171123,8,47.1,24.66,7045366,2,45.45,24.23,572546,2,44.22,26.18,344665,0,46.1,25.37,173207,2,43.2,27.12,5126408,2,43.4,26.64
565128,2026-07-15T15:15:36.858281,corrianderpowder,5437769,2,44.49,24.76,250918,0,47.0,24.46,208851,8,47.12,24.62,7045366,2,45.42,24.3,572546,3,44.21,26.26,352860,0,46.1,25.34,173207,3,43.18,27.2,5126408,2,43.36,26.74
565478,2026-07-15T15:15:37.206505,corrianderpowder,5437769,2,44.47,24.86,250918,0,47.0,24.41,208851,9,47.13,24.55,7045366,2,45.4,24.37,572546,3,44.19,26.3,352860,1,45.39,25.24,173207,3,43.16,27.24,5126408,2,43.33,26.81
565828,2026-07-15T15:15:37.555236,corrianderpowder,5437769,2,44.47,24.92,250918,0,47.01,24.38,208851,9,47.15,24.52,7045366,2,45.38,24.45,572546,3,44.18,26.38,5432360,1,44.85,25.2,173207,3,43.16,27.32,5126408,2,43.31,26.88
566178,2026-07-15T15:15:37.907149,corrianderpowder,5437769,2,44.46,25.0,258324,0,47.01,24.36,208851,9,47.15,24.46,297760,2,45.37,24.52,572546,3,44.18,26.44,5432360,2,44.57,25.22,173207,3,43.14,27.35,5126408,2,43.28,26.98
566528,2026-07-15T15:15:38.249038,corrianderpowder,274751,2,44.46,25.06,258324,1,46.31,24.26,208851,9,47.17,24.42,297760,3,45.36,24.56,572546,3,44.17,26.49,5432360,2,44.39,25.27,173207,3,43.13,27.42,256963,2,43.27,27.05
566878,2026-07-15T15:15:38.609297,corrianderpowder,274751,3,44.45,25.12,4489997,1,45.79,24.22,220880,9,47.18,24.38,297760,3,45.35,24.65,572546,3,44.15,26.52,5432360,2,44.27,25.37,173207,3,43.12,27.45,256963,3,43.25,27.09
567228,2026-07-15T15:15:38.957770,corrianderpowder,274751,3,44.45,25.17,4489997,2,45.53,24.27,220880,0,47.18,24.35,297760,3,45.34,24.69,572546,3,44.15,26.56,5432360,2,44.19,25.45,173207,3,43.12,27.51,256963,3,43.24,27.17
567578,2026-07-15T15:15:39.298183,corrianderpowder,274751,3,44.45,25.19,4489997,2,45.36,24.31,220880,0,47.18,24.32,297760,3,45.33,24.72,572546,3,44.13,26.61,5432360,2,44.13,25.53,173207,3,43.11,27.54,256963,3,43.23,27.21
567928,2026-07-15T15:15:39.645961,corrianderpowder,274751,3,44.44,25.24,4489997,2,45.27,24.41,220880,0,47.19,24.28,297760,3,45.33,24.76,572546,3,44.13,26.65,5432360,2,44.07,25.62,173207,3,43.1,27.58,256963,3,43.21,27.28
568278,2026-07-15T15:15:40.008329,corrianderpowder,274751,3,44.43,25.29,4489997,2,45.18,24.49,220880,0,47.19,24.25,297760,3,45.32,24.81,572546,3,44.12,26.68,5432360,2,44.03,25.7,173207,3,43.08,27.6,256963,3,43.19,27.34
568628,2026-07-15T15:15:40.358058,corrianderpowder,274751,3,44.43,25.32,4489997,2,45.13,24.57,228265,0,47.2,24.23,297760,3,45.32,24.85,572546,3,44.11,26.72,5432360,2,44.0,25.81,173207,3,43.07,27.66,256963,3,43.18,27.38
568978,2026-07-15T15:15:40.707070,corrianderpowder,274751,3,44.42,25.33,4489997,2,45.09,24.65,228265,1,46.5,24.12,297760,3,45.31,24.88,572546,3,44.1,26.75,5432360,2,43.97,25.87,173207,3,43.07,27.68,256963,3,43.17,27.44
569328,2026-07-15T15:15:41.057598,corrianderpowder,274751,3,44.42,25.36,4489997,2,45.06,24.73,2093534,1,45.98,24.12,297760,3,45.31,24.9,572546,3,44.09,26.79,483360,2,43.95,25.94,173207,3,43.06,27.72,256963,3,43.16,27.46
569678,2026-07-15T15:15:41.407876,corrianderpowder,274751,3,44.41,25.46,4489997,2,45.03,24.83,2093534,2,45.7,24.14,297760,3,45.3,24.93,572546,3,44.09,26.79,483360,3,43.93,26.01,173207,3,43.05,27.73,256963,3,43.15,27.49
570028,2026-07-15T15:15:41.745473,corrianderpowder,274751,3,44.4,25.45,4489997,2,45.01,24.89,2093534,2,45.54,24.22,297760,3,45.29,24.95,572546,3,44.08,26.82,483360,3,43.91,26.08,173207,3,43.05,27.77,256963,3,43.14,27.54
570378,2026-07-15T15:15:42.106146,corrianderpowder,274751,3,44.4,25.45,222608,2,44.99,24.97,2093534,2,45.43,24.31,297760,3,45.29,24.99,572546,3,44.07,26.84,483360,3,43.89,26.12,173207,3,43.05,27.8,256963,3,43.13,27.57
570728,2026-07-15T15:15:42.449531,corrianderpowder,274751,3,44.38,25.48,222608,3,44.97,25.02,2093534,2,45.35,24.38,297760,3,45.28,25.02,572546,3,44.06,26.86,483360,3,43.87,26.2,173207,3,43.04,27.8,256963,3,43.13,27.61
571078,2026-07-15T15:15:42.798300,corrianderpowder,274751,3,44.38,25.5,222608,3,44.95,25.11,2093534,2,45.29,24.47,297760,3,45.28,25.02,572546,3,44.05,26.89,483360,3,43.86,26.26,173207,3,43.03,27.83,256963,3,43.11,27.62
571428,2026-07-15T15:15:43.156184,corrianderpowder,274751,3,44.37,25.51,222608,3,44.94,25.14,2093534,2,45.24,24.56,297760,3,45.27,25.04,572546,3,44.05,26.89,483360,3,43.85,26.3,173207,3,43.02,27.88,256963,3,43.11,27.66
571778,2026-07-15T15:15:43.500052,corrianderpowder,274751,3,44.36,25.52,222608,3,44.92,25.21,2093534,2,45.2,24.66,297760,3,45.26,25.07,572546,3,44.04,26.92,483360,3,43.84,26.36,173207,3,43.01,27.87,256963,3,43.08,27.69
572128,2026-07-15T15:15:43.847635,corrianderpowder,274751,3,44.36,25.55,222608,3,44.92,25.25,2093534,2,45.17,24.74,297760,3,45.25,25.07,572546,3,44.03,26.94,483360,3,43.83,26.39,173207,3,43.01,27.91,256963,3,43.08,27.71
572478,2026-07-15T15:15:44.206341,corrianderpowder,274751,3,44.36,25.57,222608,3,44.91,25.3,2093534,2,45.14,24.81,297760,3,45.25,25.11,572546,3,44.03,26.96,483360,3,43.82,26.43,173207,3,43.0,27.92,256963,3,43.08,27.73
572828,2026-07-15T15:15:44.556592,corrianderpowder,274751,3,44.35,25.58,222608,3,44.89,25.33,213155,2,45.13,24.88,297760,3,45.23,25.12,572546,3,44.02,26.98,483360,3,43.81,26.48,173207,3,43.0,27.92,256963,3,43.07,27.76
573178,2026-07-15T15:15:44.901879,corrianderpowder,274751,3,44.34,25.58,222608,3,44.89,25.37,213155,3,45.11,24.96,297760,3,45.23,25.11,572546,3,44.01,26.93,483360,3,43.8,26.5,173207,3,42.99,27.95,256963,3,43.06,27.79
573528,2026-07-15T15:15:45.247586,corrianderpowder,274751,3,44.34,25.6,222608,3,44.89,25.39,213155,3,45.09,25.02,297760,3,45.21,25.13,572546,3,44.01,27.02,483360,3,43.8,26.55,173207,3,42.99,27.95,256963,3,43.06,27.81
573878,2026-07-15T15:15:45.603449,corrianderpowder,274751,3,44.32,25.62,222608,3,44.87,25.44,213155,3,45.08,25.08,297760,3,45.21,25.15,572546,3,44.0,27.04,483360,3,43.79,26.57,173207,3,42.99,27.98,256963,3,43.05,27.81
574228,2026-07-15T15:15:45.950455,corrianderpowder,274751,3,44.32,25.63,222608,3,44.86,25.47,213155,3,45.06,25.13,297760,3,45.2,25.16,572546,3,44.0,27.05,483360,3,43.78,26.61,173207,3,42.98,27.99,256963,3,43.05,27.83
574578,2026-07-15T15:15:46.304242,corrianderpowder,274751,3,44.32,25.64,222608,3,44.85,25.5,213155,3,45.05,25.17,297760,3,45.19,25.17,572546,3,43.99,27.06,483360,3,43.77,26.64,173207,3,42.98,28.01,256963,3,43.04,27.86
574928,2026-07-15T15:15:46.648339,corrianderpowder,274751,3,44.31,25.63,222608,3,44.85,25.52,213155,3,45.03,25.21,297760,3,45.2,25.21,256384,3,43.98,27.07,483360,3,43.77,26.65,173207,3,42.97,28.02,256963,3,43.03,27.86
575278,2026-07-15T15:15:47.004779,corrianderpowder,274751,3,44.31,25.67,222608,3,44.84,25.54,213155,3,45.02,25.27,297760,3,45.18,25.21,256384,4,44.44,27.12,483360,3,43.77,26.66,63382,3,42.97,28.03,256963,3,43.03,27.89
575628,2026-07-15T15:15:47.357021,corrianderpowder,274751,3,44.29,25.67,222608,3,44.84,25.55,213155,3,45.01,25.31,297760,3,45.17,25.21,256384,4,44.77,27.16,483360,3,43.76,26.7,63382,4,43.37,28.11,256963,3,43.02,27.9
575978,2026-07-15T15:15:47.705388,corrianderpowder,274751,3,44.29,25.66,222608,3,44.83,25.6,213155,3,45.0,25.34,297760,3,45.16,25.23,256384,4,44.94,27.13,483360,3,43.75,26.7,63382,4,43.68,28.12,256963,3,43.02,27.9
576328,2026-07-15T15:15:48.050179,corrianderpowder,274751,3,44.29,25.66,222608,3,44.82,25.62,213155,3,44.99,25.36,297760,3,45.16,25.24,256384,4,45.04,27.09,483360,3,43.75,26.75,63382,4,43.83,28.09,256963,3,43.01,27.91
576678,2026-07-15T15:15:48.406633,corrianderpowder,125183,3,44.28,25.69,222608,3,44.81,25.65,213155,3,44.99,25.4,125736,3,45.16,25.24,110511,4,45.12,27.02,483360,3,43.74,26.76,63382,4,43.93,28.05,256963,3,43.01,27.95
577028,2026-07-15T15:15:48.757273,corrianderpowder,125183,4,44.72,25.75,222608,3,44.81,25.66,213155,3,44.98,25.44,125736,4,45.59,25.32,110511,5,45.18,26.96,483360,3,43.75,26.78,44198,5,44.05,27.94,103853,3,43.01,27.94
577378,2026-07-15T15:15:49.107237,corrianderpowder,125183,4,45.03,25.73,222608,3,44.8,25.68,213155,3,44.97,25.45,125736,4,45.92,25.34,110511,5,45.22,26.91,483360,3,43.74,26.8,44198,5,44.07,27.87,103853,4,43.44,28.03
577728,2026-07-15T15:15:49.456986,corrianderpowder,125183,4,45.19,25.73,222608,3,44.8,25.69,213155,3,44.97,25.47,125736,4,46.08,25.3,110511,5,45.25,26.83,483360,3,43.74,26.8,44198,5,44.1,27.81,103853,4,43.75,28.04
578078,2026-07-15T15:15:49.807933,corrianderpowder,125183,4,45.27,25.68,222608,3,44.79,25.7,213155,3,44.96,25.51,125736,4,46.18,25.27,110511,5,45.27,26.76,483360,3,43.74,26.81,44198,5,44.12,27.75,103853,4,43.91,28.02
578428,2026-07-15T15:15:50.150802,corrianderpowder,65674,4,45.31,25.63,222608,3,44.8,25.71,213155,3,44.95,25.53,67760,4,46.24,25.19,113224,5,45.29,26.72,483360,3,43.74,26.83,46410,5,44.13,27.69,103853,4,43.99,27.96
