timestamp,received_time,label,sensor_0_gas,sensor_0_gas_index,sensor_0_temp,sensor_0_humidity,sensor_1_gas,sensor_1_gas_index,sensor_1_temp,sensor_1_humidity,sensor_2_gas,sensor_2_gas_index,sensor_2_temp,sensor_2_humidity,sensor_3_gas,sensor_3_gas_index,sensor_3_temp,sensor_3_humidity,sensor_4_gas,sensor_4_gas_index,sensor_4_temp,sensor_4_humidity,sensor_5_gas,sensor_5_gas_index,sensor_5_temp,sensor_5_humidity,sensor_6_gas,sensor_6_gas_index,sensor_6_temp,sensor_6_humidity,sensor_7_gas,sensor_7_gas_index,sensor_7_temp,sensor_7_humidity
158079,2026-07-15T15:01:11.629846,masalapowder,99090,8,42.77,28.05,18043,7,43.31,28.35,28841,7,43.27,27.94,91822,8,43.88,27.52,115445,8,43.45,28.76,38357,7,43.09,28.54,76167,8,42.5,29.66,77764,8,42.52,29.4
158429,2026-07-15T15:01:11.983457,masalapowder,99090,8,42.8,27.99,119486,7,43.36,28.27,28841,7,43.49,27.93,91822,8,43.92,27.48,115445,8,43.49,28.7,163578,7,43.16,28.49,76167,8,42.54,29.59,77764,8,42.56,29.32
158779,2026-07-15T15:01:12.333734,masalapowder,99090,8,42.82,27.95,119486,8,43.41,28.21,28841,7,43.61,27.87,91822,8,43.96,27.43,115445,8,43.51,28.63,163578,8,43.21,28.4,76167,8,42.56,29.53,77764,8,42.59,29.28
159129,2026-07-15T15:01:12.684050,masalapowder,99090,8,42.85,27.92,119486,8,43.45,28.12,28841,7,43.7,27.82,91822,8,43.98,27.35,128967,8,43.54,28.54,163578,8,43.25,28.36,83797,8,42.58,29.46,77764,8,42.62,29.21
159479,2026-07-15T15:01:13.035791,masalapowder,109800,8,42.87,27.85,119486,8,43.49,28.08,131958,7,43.76,27.75,104875,8,44.02,27.31,128967,9,43.57,28.5,163578,8,43.28,28.29,83797,9,42.61,29.42,84880,8,42.65,29.15
159829,2026-07-15T15:01:13.383311,masalapowder,109800,9,42.89,27.81,119486,8,43.52,28.02,131958,8,43.81,27.7,104875,9,44.04,27.26,128967,9,43.59,28.46,163578,8,43.32,28.23,83797,9,42.63,29.36,84880,9,42.67,29.1
160179,2026-07-15T15:01:13.731942,masalapowder,109800,9,42.91,27.75,132470,8,43.54,27.95,131958,8,43.85,27.61,104875,9,44.06,27.21,128967,9,43.61,28.39,183446,8,43.33,28.16,83797,9,42.65,29.3,84880,9,42.69,29.06
160529,2026-07-15T15:01:14.086919,masalapowder,109800,9,42.93,27.71,132470,9,43.57,27.89,131958,8,43.89,27.56,104875,9,44.09,27.15,128967,9,43.63,28.34,183446,9,43.36,28.1,83797,9,42.67,29.27,84880,9,42.71,29.01
160879,2026-07-15T15:01:14.436395,masalapowder,109800,9,42.95,27.67,132470,9,43.59,27.84,131958,8,43.92,27.5,104875,9,44.11,27.12,132265,9,43.65,28.31,183446,9,43.39,28.06,85733,9,42.68,29.2,84880,9,42.72,28.96
161229,2026-07-15T15:01:14.783730,masalapowder,111668,9,42.97,27.64,132470,9,43.61,27.81,147976,8,43.94,27.44,107382,9,44.13,27.07,132265,0,43.67,28.25,183446,9,43.4,28.01,85733,0,42.69,29.16,87045,9,42.74,28.91
161579,2026-07-15T15:01:15.131085,masalapowder,111668,0,42.98,27.59,132470,9,43.64,27.76,147976,9,43.97,27.38,107382,0,44.15,27.03,132265,0,43.68,28.22,183446,9,43.43,27.95,85733,0,42.72,29.12,87045,0,42.76,28.87
161929,2026-07-15T15:01:15.483745,masalapowder,111668,0,43.0,27.55,135521,9,43.65,27.72,147976,9,44.0,27.33,107382,0,44.17,26.98,132265,0,43.69,28.18,192048,9,43.45,27.91,85733,0,42.73,29.07,87045,0,42.78,28.82
162279,2026-07-15T15:01:15.834544,masalapowder,111668,0,43.03,27.54,135521,0,43.67,27.67,147976,9,44.02,27.28,107382,0,44.19,26.96,132265,0,43.72,28.16,192048,0,43.47,27.87,85733,0,42.75,29.04,87045,0,42.79,28.78
162629,2026-07-15T15:01:16.185389,masalapowder,111668,0,43.04,27.52,135521,0,43.68,27.63,147976,9,44.04,27.25,107382,0,44.2,26.92,132470,0,43.73,28.13,192048,0,43.48,27.83,85647,0,42.77,29.01,87045,0,42.81,28.75
162979,2026-07-15T15:01:16.534080,masalapowder,112552,0,43.06,27.48,135521,0,43.71,27.59,152335,9,44.06,27.21,108268,0,44.22,26.88,132470,1,43.05,28.01,192048,0,43.5,27.8,85647,1,42.13,28.88,86868,0,42.83,28.71
163329,2026-07-15T15:01:16.871001,masalapowder,112552,1,42.4,27.39,135521,0,43.73,27.55,152335,0,44.08,27.18,108268,1,43.57,26.78,264736,1,42.54,27.95,192048,0,43.52,27.76,73796,1,41.64,28.84,86868,1,42.19,28.59
163679,2026-07-15T15:01:17.222819,masalapowder,140775,1,41.93,27.34,135845,0,43.74,27.52,152335,0,44.1,27.11,104425,1,43.08,26.74,264736,2,42.26,27.97,192698,0,43.53,27.72,73796,2,41.39,28.83,98689,1,41.71,28.56
164029,2026-07-15T15:01:17.580715,masalapowder,140775,2,41.69,27.36,135845,1,43.08,27.4,152335,0,44.12,27.1,104425,2,42.82,26.74,264736,2,42.1,27.99,192698,1,42.85,27.6,73796,2,41.23,28.89,98689,2,41.46,28.54
164379,2026-07-15T15:01:17.925009,masalapowder,140775,2,41.57,27.4,137708,1,42.59,27.34,152335,0,44.13,27.04,104425,2,42.67,26.8,264736,2,41.99,27.99,354325,1,42.33,27.55,73796,2,41.13,28.95,98689,2,41.32,28.6
164729,2026-07-15T15:01:18.284197,masalapowder,140775,2,41.49,27.48,137708,2,42.32,27.37,155245,0,44.15,27.01,104425,2,42.56,26.86,264736,2,41.92,28.13,354325,2,42.05,27.57,73796,2,41.06,29.03,98689,2,41.22,28.65
165079,2026-07-15T15:01:18.621443,masalapowder,140775,2,41.44,27.61,137708,2,42.17,27.42,155245,1,43.47,26.92,104425,2,42.5,26.92,264736,2,41.81,28.35,354325,2,41.89,27.62,73796,2,41.0,29.12,98689,2,41.14,28.75
165429,2026-07-15T15:01:18.984039,masalapowder,140775,2,41.41,27.59,137708,2,42.08,27.49,247104,1,42.97,26.87,104425,2,42.44,27.0,264736,2,41.77,28.45,354325,2,41.78,27.71,73796,2,40.97,29.2,98689,2,41.09,28.79
165779,2026-07-15T15:01:19.322422,masalapowder,140775,2,41.38,27.73,137708,2,42.0,27.58,247104,2,42.71,26.89,104425,2,42.4,27.1,264736,2,41.73,28.54,354325,2,41.7,27.77,73796,2,40.93,29.28,98689,2,41.05,28.9
166129,2026-07-15T15:01:19.678982,masalapowder,140775,2,41.35,27.87,137708,2,41.95,27.66,247104,2,42.55,26.94,104425,2,42.37,27.12,264736,2,41.71,28.6,354325,2,41.64,27.83,73796,2,40.9,29.37,98689,2,41.01,28.99
166479,2026-07-15T15:01:20.035498,masalapowder,140775,2,41.33,27.92,137708,2,41.91,27.74,247104,2,42.43,27.03,104425,2,42.32,27.29,74963,2,41.69,28.69,354325,2,41.58,27.94,73796,2,40.88,29.44,98689,2,40.98,29.05
166829,2026-07-15T15:01:20.373377,masalapowder,39567,2,41.31,28.02,137708,2,41.88,27.83,247104,2,42.36,27.11,31341,2,42.29,27.38,74963,3,41.67,28.76,354325,2,41.56,28.04,20408,2,40.84,29.51,98689,2,40.96,29.15
167179,2026-07-15T15:01:20.734687,masalapowder,39567,3,41.3,28.07,137708,2,41.85,27.91,247104,2,42.3,27.2,31341,3,42.27,27.45,74963,3,41.65,28.82,354325,2,41.52,28.12,20408,3,40.83,29.6,30578,2,40.93,29.2
167529,2026-07-15T15:01:21.072025,masalapowder,39567,3,41.3,28.13,137708,2,41.83,28.0,247104,2,42.26,27.29,31341,3,42.25,27.51,74963,3,41.63,28.92,354325,2,41.5,28.18,20408,3,40.82,29.66,30578,3,40.92,29.27
167879,2026-07-15T15:01:21.432870,masalapowder,39567,3,41.28,28.18,38288,2,41.8,28.07,247104,2,42.23,27.38,31341,3,42.23,27.57,74963,3,41.6,28.97,99090,2,41.47,28.27,20408,3,40.8,29.74,30578,3,40.9,29.35
168229,2026-07-15T15:01:21.781425,masalapowder,39567,3,41.27,28.23,38288,3,41.79,28.13,247104,2,42.21,27.46,31341,3,42.22,27.64,74963,3,41.6,29.02,99090,3,41.45,28.35,20408,3,40.78,29.81,30578,3,40.88,29.42
168579,2026-07-15T15:01:22.128395,masalapowder,39567,3,41.26,28.28,38288,3,41.76,28.2,247104,2,42.18,27.54,31341,3,42.2,27.67,74963,3,41.58,29.1,99090,3,41.43,28.43,20408,3,40.77,29.87,30578,3,40.87,29.46
168929,2026-07-15T15:01:22.479442,masalapowder,39567,3,41.25,28.32,38288,3,41.75,28.27,62868,2,42.15,27.6,31341,3,42.18,27.74,74963,3,41.57,29.15,99090,3,41.41,28.48,20408,3,40.75,29.97,30578,3,40.85,29.53
169279,2026-07-15T15:01:22.834651,masalapowder,39567,3,41.24,28.37,38288,3,41.74,28.33,62868,3,42.13,27.69,31341,3,42.18,27.79,74963,3,41.56,29.19,99090,3,41.4,28.55,20408,3,40.74,30.04,30578,3,40.84,29.59
169629,2026-07-15T15:01:23.177837,masalapowder,39567,3,41.24,28.4,38288,3,41.72,28.38,62868,3,42.12,27.75,31341,3,42.16,27.83,74963,3,41.55,29.25,99090,3,41.38,28.6,20408,3,40.73,30.09,30578,3,40.83,29.64
169979,2026-07-15T15:01:23.532797,masalapowder,39567,3,41.22,28.45,38288,3,41.71,28.43,62868,3,42.1,27.83,31341,3,42.15,27.9,74963,3,41.54,29.3,99090,3,41.37,28.68,20408,3,40.73,30.13,30578,3,40.82,29.69
170329,2026-07-15T15:01:23.879049,masalapowder,39567,3,41.21,28.49,38288,3,41.71,28.5,62868,3,42.09,27.88,31341,3,42.14,27.92,74963,3,41.53,29.34,99090,3,41.35,28.7,20408,3,40.71,30.17,30578,3,40.82,29.72
170679,2026-07-15T15:01:24.221298,masalapowder,39567,3,41.21,28.5,38288,3,41.7,28.54,62868,3,42.07,27.93,31341,3,42.13,27.96,74963,3,41.52,29.4,99090,3,41.34,28.76,20408,3,40.7,30.22,30578,3,40.8,29.77
171029,2026-07-15T15:01:24.572914,masalapowder,39567,3,41.2,28.55,38288,3,41.69,28.6,62868,3,42.06,28.0,31341,3,42.12,28.0,74963,3,41.51,29.42,99090,3,41.33,28.81,20408,3,40.69,30.25,30578,3,40.8,29.83
171379,2026-07-15T15:01:24.929163,masalapowder,39567,3,41.19,28.58,38288,3,41.68,28.61,62868,3,42.04,28.03,31341,3,42.11,28.03,74963,3,41.5,29.47,99090,3,41.33,28.87,20408,3,40.68,30.29,30578,3,40.79,29.86
171729,2026-07-15T15:01:25.294154,masalapowder,39567,3,41.19,28.6,38288,3,41.67,28.65,62868,3,42.03,28.06,31341,3,42.1,28.07,74963,3,41.5,29.5,99090,3,41.31,28.87,20408,3,40.68,30.33,30578,3,40.78,29.9
172079,2026-07-15T15:01:25.631870,masalapowder,39567,3,41.18,28.63,38288,3,41.67,28.7,62868,3,42.03,28.12,31341,3,42.09,28.11,74963,3,41.49,29.54,99090,3,41.31,28.93,20408,3,40.67,30.37,30578,3,40.77,29.92
172429,2026-07-15T15:01:25.973343,masalapowder,39567,3,41.18,28.65,38288,3,41.65,28.73,62868,3,42.02,28.16,31341,3,42.08,28.12,74963,3,41.48,29.56,99090,3,41.29,28.97,20408,3,40.66,30.39,30578,3,40.76,29.95
172779,2026-07-15T15:01:26.334310,masalapowder,39567,3,41.18,28.67,38288,3,41.64,28.77,62868,3,42.02,28.23,31341,3,42.08,28.17,74963,3,41.48,29.59,99090,3,41.29,29.01,20408,3,40.65,30.41,30578,3,40.75,30.02
173129,2026-07-15T15:01:26.684123,masalapowder,39567,3,41.16,28.72,38288,3,41.63,28.79,62868,3,42.01,28.23,31341,3,42.07,28.17,74963,3,41.46,29.62,99090,3,41.28,29.05,20408,3,40.65,30.44,30578,3,40.74,30.03
173479,2026-07-15T15:01:27.027982,masalapowder,39567,3,41.16,28.71,38288,3,41.63,28.84,62868,3,42.0,28.28,31341,3,42.06,28.21,74963,3,41.46,29.64,99090,3,41.27,29.08,20408,3,40.64,30.48,30578,3,40.74,30.05
173829,2026-07-15T15:01:27.374657,masalapowder,39567,3,41.16,28.74,38288,3,41.62,28.88,62868,3,41.99,28.19,31341,3,42.06,28.23,74963,3,41.45,29.68,99090,3,41.26,29.14,20408,3,40.63,30.5,30578,3,40.73,30.08
174179,2026-07-15T15:01:27.733613,masalapowder,39567,3,41.15,28.77,38288,3,41.62,28.89,62868,3,41.98,28.42,31341,3,42.05,28.25,74963,3,41.45,29.71,99090,3,41.26,29.05,20408,3,40.63,30.53,30578,3,40.72,30.13
174529,2026-07-15T15:01:28.083595,masalapowder,39567,3,41.15,28.78,38288,3,41.62,28.91,62868,3,41.97,28.33,31341,3,42.05,28.28,74963,3,41.44,29.73,99090,3,41.25,29.19,20408,3,40.63,30.55,30578,3,40.71,30.17
174879,2026-07-15T15:01:28.424654,masalapowder,39567,3,41.14,28.8,38288,3,41.61,28.93,62868,3,41.97,28.37,31341,3,42.05,28.29,74963,3,41.44,29.75,99090,3,41.24,29.24,20408,3,40.62,30.58,30578,3,40.71,30.19
175229,2026-07-15T15:01:28.782694,masalapowder,39567,3,41.13,28.81,38288,3,41.61,28.95,62868,3,41.96,28.41,31341,3,42.04,28.33,74963,3,41.43,29.77,99090,3,41.24,29.23,20408,3,40.61,30.61,30578,3,40.7,30.2
175579,2026-07-15T15:01:29.132273,masalapowder,39567,3,41.13,28.84,38288,3,41.61,28.97,62868,3,41.96,28.48,31341,3,42.03,28.35,74963,3,41.42,29.78,99090,3,41.23,29.27,20408,3,40.61,30.63,30578,3,40.69,30.2
175929,2026-07-15T15:01:29.482373,masalapowder,39567,3,41.12,28.85,38288,3,41.6,28.99,62868,3,41.96,28.45,31341,3,42.03,28.35,74963,3,41.42,29.81,99090,3,41.23,29.29,20408,3,40.61,30.64,30578,3,40.69,30.26
176279,2026-07-15T15:01:29.824904,masalapowder,39567,3,41.12,28.87,38288,3,41.6,29.0,62868,3,41.95,28.46,31341,3,42.03,28.38,74963,3,41.42,29.84,99090,3,41.22,29.3,20408,3,40.59,30.67,30578,3,40.69,30.27
176629,2026-07-15T15:01:30.183145,masalapowder,39567,3,41.12,28.88,38288,3,41.59,29.04,62868,3,41.94,28.51,31341,3,42.02,28.41,74963,3,41.41,29.84,99090,3,41.22,29.33,20408,3,40.6,30.68,30578,3,40.68,30.28
176979,2026-07-15T15:01:30.531926,masalapowder,39567,3,41.11,28.9,38288,3,41.59,29.05,62868,3,41.94,28.52,31341,3,42.02,28.43,70679,3,41.41,29.88,99090,3,41.21,29.33,17034,3,40.59,30.7,30578,3,40.67,30.3
177329,2026-07-15T15:01:30.875324,masalapowder,38846,3,41.11,28.91,38288,3,41.59,29.07,62868,3,41.93,28.57,31597,3,42.01,28.43,70679,4,41.84,29.93,99090,3,41.21,29.36,17034,4,41.0,30.78,27538,3,40.66,30.31
177679,2026-07-15T15:01:31.232787,masalapowder,38846,4,41.54,28.96,38288,3,41.58,29.09,62868,3,41.92,28.58,31597,4,42.45,28.49,70679,4,42.17,29.95,99090,3,41.21,29.38,17034,4,41.3,30.79,27538,4,41.07,30.38
178029,2026-07-15T15:01:31.584149,masalapowder,38846,4,41.85,28.99,38288,3,41.57,29.1,62868,3,41.92,28.59,31597,4,42.76,28.52,70679,4,42.34,29.94,95326,3,41.21,29.39,17034,4,41.45,30.79,27538,4,41.38,30.42
178379,2026-07-15T15:01:31.932766,masalapowder,38846,4,42.0,28.98,38740,3,41.57,29.11,62868,3,41.92,28.61,31597,4,42.91,28.5,70679,4,42.44,29.9,95326,4,41.63,29.45,17034,4,41.54,30.76,27538,4,41.52,30.41
178729,2026-07-15T15:01:32.276487,masalapowder,38846,4,42.08,28.92,38740,4,42.01,29.19,62868,3,41.92,28.62,31597,4,43.01,28.48,34510,4,42.52,29.85,95326,4,41.95,29.48,11416,4,41.61,30.69,27538,4,41.62,30.37
179079,2026-07-15T15:01:32.635715,masalapowder,20785,4,42.13,28.87,38740,4,42.32,29.23,58234,3,41.91,28.65,17353,4,43.07,28.42,34510,5,42.56,29.79,95326,4,42.12,29.46,11416,5,41.65,30.65,16218,4,41.68,30.33
179429,2026-07-15T15:01:32.983473,masalapowder,20785,5,42.16,28.81,38740,4,42.47,29.19,58234,4,42.34,28.7,17353,5,43.12,28.37,34510,5,42.59,29.73,95326,4,42.21,29.43,11416,5,41.68,30.56,16218,5,41.72,30.26
179779,2026-07-15T15:01:33.325548,masalapowder,20785,5,42.19,28.78,38740,4,42.56,29.14,58234,4,42.65,28.71,17353,5,43.17,28.3,34510,5,42.63,29.66,46562,4,42.29,29.37,11416,5,41.71,30.51,16218,5,41.75,30.21
180129,2026-07-15T15:01:33.682945,masalapowder,20785,5,42.21,28.71,22260,4,42.63,29.09,58234,4,42.81,28.68,17353,5,43.2,28.25,34510,5,42.66,29.6,46562,5,42.34,29.31,11416,5,41.73,30.47,16218,5,41.78,30.15
180479,2026-07-15T15:01:34.029161,masalapowder,20785,5,42.23,28.66,22260,5,42.67,29.03,58234,4,42.91,28.67,17353,5,43.23,28.2,30167,5,42.68,29.54,46562,5,42.37,29.25,9910,5,41.75,30.39,16218,5,41.81,30.08
180829,2026-07-15T15:01:34.382774,masalapowder,17802,5,42.24,28.61,22260,5,42.71,28.98,33298,4,42.98,28.6,14749,5,43.24,28.14,30167,6,42.69,29.48,46562,5,42.4,29.2,9910,6,41.76,30.36,14134,5,41.83,30.03
181179,2026-07-15T15:01:34.736152,masalapowder,17802,6,42.25,28.56,22260,5,42.74,28.94,33298,5,43.03,28.54,14749,6,43.26,28.1,30167,6,42.72,29.43,46562,5,42.43,29.14,9910,6,41.78,30.3,14134,6,41.85,29.98
181529,2026-07-15T15:01:35.092700,masalapowder,17802,6,42.27,28.55,22260,5,42.76,28.89,33298,5,43.06,28.49,14749,6,43.27,28.05,30167,6,42.72,29.39,40738,5,42.45,29.1,9910,6,41.79,30.26,14134,6,41.86,29.94
181879,2026-07-15T15:01:35.431845,masalapowder,17802,6,42.28,28.46,19093,5,42.78,28.83,33298,5,43.09,28.42,14749,6,43.29,28.03,30167,6,42.74,29.35,40738,6,42.47,29.03,9910,6,41.81,30.23,14134,6,41.88,29.91
182229,2026-07-15T15:01:35.783614,masalapowder,17802,6,42.29,28.44,19093,6,42.8,28.76,33298,5,43.12,28.37,14749,6,43.31,27.98,27327,6,42.76,29.32,40738,6,42.49,29.0,9067,6,41.81,30.19,14134,6,41.89,29.84
182579,2026-07-15T15:01:36.124442,masalapowder,16060,6,42.3,28.4,19093,6,42.82,28.73,29237,5,43.15,28.32,13182,6,43.33,27.94,27327,7,43.0,29.32,40738,6,42.5,28.94,9067,7,42.05,30.17,12872,6,41.9,29.82
182929,2026-07-15T15:01:36.482792,masalapowder,16060,7,42.53,28.43,19093,6,42.82,28.67,29237,6,43.16,28.27,13182,7,43.56,27.93,27327,7,43.22,29.29,40738,6,42.51,28.91,9067,7,42.26,30.13,12872,7,42.13,29.81
183279,2026-07-15T15:01:36.823120,masalapowder,16060,7,42.73,28.39,19093,6,42.83,28.65,29237,6,43.18,28.21,13182,7,43.77,27.9,27327,7,43.35,29.24,36866,6,42.52,28.89,9067,7,42.38,30.11,12872,7,42.33,29.81
183629,2026-07-15T15:01:37.177269,masalapowder,16060,7,42.84,28.36,17089,6,42.86,28.62,29237,6,43.2,28.17,13182,7,43.9,27.86,27327,7,43.42,29.19,36866,7,42.79,28.86,9067,7,42.46,30.07,12872,7,42.45,29.75
183979,2026-07-15T15:01:37.533139,masalapowder,16060,7,42.9,28.3,17089,7,43.12,28.59,29237,6,43.21,28.15,13182,7,43.98,27.83,105719,7,43.49,29.11,36866,7,43.0,28.85,69245,7,42.52,29.97,12872,7,42.54,29.69
184329,2026-07-15T15:01:37.872916,masalapowder,90651,7,42.94,28.23,17089,7,43.32,28.58,26251,6,43.23,28.1,84796,7,44.04,27.76,105719,8,43.54,29.04,36866,7,43.13,28.81,69245,8,42.56,29.93,73226,7,42.58,29.63
184679,2026-07-15T15:01:38.240732,masalapowder,90651,8,42.97,28.18,17089,7,43.45,28.53,26251,7,43.48,28.09,84796,8,44.09,27.7,105719,8,43.57,29.0,36866,7,43.22,28.74,69245,8,42.6,29.85,73226,8,42.63,29.58
185029,2026-07-15T15:01:38.574119,masalapowder,90651,8,43.01,28.12,17089,7,43.53,28.49,26251,7,43.69,28.08,84796,8,44.13,27.65,105719,8,43.61,28.92,152744,7,43.29,28.68,69245,8,42.64,29.81,73226,8,42.67,29.51
185379,2026-07-15T15:01:38.931661,masalapowder,90651,8,43.03,28.07,110154,7,43.59,28.42,26251,7,43.83,28.03,84796,8,44.15,27.58,105719,8,43.64,28.87,152744,8,43.33,28.64,69245,8,42.66,29.75,73226,8,42.7,29.45
185729,2026-07-15T15:01:39.282952,masalapowder,90651,8,43.07,28.03,110154,8,43.64,28.36,26251,7,43.92,27.99,84796,8,44.19,27.53,117674,8,43.66,28.82,152744,8,43.38,28.56,76646,8,42.69,29.68,73226,8,42.72,29.41
186079,2026-07-15T15:01:39.629312,masalapowder,101265,8,43.08,27.96,110154,8,43.68,28.3,118903,7,43.98,27.93,96458,8,44.23,27.47,117674,9,43.69,28.76,152744,8,43.4,28.5,76646,9,42.71,29.64,80402,8,42.75,29.35
186429,2026-07-15T15:01:39.973817,masalapowder,101265,9,43.1,27.94,110154,8,43.72,28.25,118903,8,44.03,27.85,96458,9,44.25,27.42,117674,9,43.71,28.7,152744,8,43.45,28.43,76646,9,42.73,29.58,80402,9,42.77,29.29
186779,2026-07-15T15:01:40.335098,masalapowder,101265,9,43.12,27.9,110154,8,43.75,28.18,118903,8,44.07,27.78,96458,9,44.27,27.39,117674,9,43.73,28.65,171639,8,43.47,28.38,76646,9,42.75,29.52,80402,9,42.79,29.24
187129,2026-07-15T15:01:40.682964,masalapowder,101265,9,43.15,27.87,120925,8,43.78,28.12,118903,8,44.1,27.72,96458,9,44.3,27.32,117674,9,43.74,28.6,171639,9,43.5,28.33,76646,9,42.78,29.48,80402,9,42.81,29.19
187479,2026-07-15T15:01:41.035557,masalapowder,101265,9,43.16,27.8,120925,9,43.81,28.08,118903,8,44.14,27.67,96458,9,44.32,27.29,121528,9,43.77,28.56,171639,9,43.52,28.28,78696,9,42.79,29.43,80402,9,42.84,29.13
187829,2026-07-15T15:01:41.379514,masalapowder,103917,9,43.18,27.79,120925,9,43.83,28.01,136170,8,44.16,27.61,98803,9,44.34,27.25,121528,0,43.79,28.46,171639,9,43.53,28.23,78696,0,42.81,29.38,82821,9,42.85,29.1
188179,2026-07-15T15:01:41.733252,masalapowder,103917,0,43.2,27.75,120925,9,43.85,27.97,136170,9,44.18,27.56,98803,0,44.37,27.21,121528,0,43.83,28.43,171639,9,43.56,28.16,78696,0,42.83,29.36,82821,0,42.86,29.06
188529,2026-07-15T15:01:42.083463,masalapowder,103917,0,43.23,27.72,120925,9,43.87,27.93,136170,9,44.2,27.51,98803,0,44.39,27.17,121528,0,43.84,28.41,176612,9,43.58,28.12,78696,0,42.84,29.31,82821,0,42.89,29.01
188879,2026-07-15T15:01:42.434935,masalapowder,103917,0,43.24,27.7,124543,9,43.89,27.88,136170,9,44.22,27.45,98803,0,44.4,27.15,121962,0,43.85,28.39,176612,0,43.6,28.08,78696,0,42.85,29.28,82821,0,42.91,29.0
189229,2026-07-15T15:01:42.774618,masalapowder,103917,0,43.26,27.66,124543,0,43.91,27.85,136170,9,44.25,27.4,98803,0,44.43,27.11,121962,1,43.17,28.27,176612,0,43.61,28.04,78624,0,42.87,29.26,82821,0,42.92,28.95
189579,2026-07-15T15:01:43.132977,masalapowder,105133,0,43.27,27.64,124543,0,43.93,27.81,137486,9,44.27,27.39,99552,0,44.45,27.06,235999,1,42.66,28.22,176612,0,43.63,28.0,78624,1,42.24,29.14,83550,0,42.94,28.92
189929,2026-07-15T15:01:43.468938,masalapowder,105133,1,42.61,27.54,124543,0,43.94,27.79,137486,0,44.28,27.34,99552,1,43.79,26.97,235999,2,42.38,28.25,176612,0,43.65,27.98,67386,1,41.74,29.08,83550,1,42.29,28.8
190279,2026-07-15T15:01:43.829840,masalapowder,129554,1,42.15,27.49,124543,0,43.96,27.75,137486,0,44.31,27.31,97616,1,43.29,26.94,235999,2,42.22,28.3,178086,0,43.66,27.94,67386,2,41.49,29.09,96676,1,41.82,28.75
190629,2026-07-15T15:01:44.182192,masalapowder,129554,2,41.91,27.55,124725,0,43.98,27.72,137486,0,44.33,27.28,97616,2,43.04,26.94,235999,2,42.11,28.38,178086,1,42.98,27.84,67386,2,41.33,29.15,96676,2,41.57,28.77
190979,2026-07-15T15:01:44.532831,masalapowder,129554,2,41.79,27.59,124725,1,43.31,27.61,137486,0,44.34,27.24,97616,2,42.87,27.01,235999,2,42.04,28.47,327156,1,42.45,27.79,67386,2,41.23,29.22,96676,2,41.42,28.82
191329,2026-07-15T15:01:44.871298,masalapowder,129554,2,41.71,27.66,123462,1,42.82,27.56,139168,0,44.36,27.22,97616,2,42.78,27.07,235999,2,41.98,28.58,327156,2,42.19,27.8,67386,2,41.16,29.3,96676,2,41.32,28.89
191679,2026-07-15T15:01:45.235326,masalapowder,129554,2,41.65,27.76,123462,2,42.57,27.58,139168,1,43.67,27.11,97616,2,42.71,27.15,235999,2,41.93,28.65,327156,2,42.01,27.87,67386,2,41.1,29.39,96676,2,41.25,28.97
192029,2026-07-15T15:01:45.574629,masalapowder,129554,2,41.63,27.84,123462,2,42.41,27.64,210008,1,43.17,27.08,97616,2,42.66,27.24,235999,2,41.9,28.77,327156,2,41.9,27.94,67386,2,41.07,29.51,96676,2,41.19,29.05
192379,2026-07-15T15:01:45.935676,masalapowder,129554,2,41.6,27.91,123462,2,42.31,27.71,210008,2,42.91,27.1,97616,2,42.62,27.32,235999,2,41.86,28.87,327156,2,41.82,28.04,67386,2,41.0,29.67,96676,2,41.16,29.13
192729,2026-07-15T15:01:46.279715,masalapowder,129554,2,41.58,27.98,123462,2,42.23,27.8,210008,2,42.75,27.15,97616,2,42.6,27.4,235999,2,41.84,28.95,327156,2,41.76,28.13,67386,2,40.98,29.75,96676,2,41.11,29.23
193079,2026-07-15T15:01:46.621613,masalapowder,129554,2,41.57,28.09,123462,2,42.19,27.89,210008,2,42.65,27.24,97616,2,42.56,27.47,73415,2,41.81,29.04,327156,2,41.72,28.22,20388,2,40.96,29.83,96676,2,41.09,29.3
193429,2026-07-15T15:01:46.977193,masalapowder,129554,2,41.55,28.15,123462,2,42.14,27.99,210008,2,42.57,27.34,97616,2,42.54,27.57,73415,3,41.79,29.11,327156,2,41.68,28.31,20388,3,40.94,29.92,96676,2,41.07,29.4
193779,2026-07-15T15:01:47.331823,masalapowder,39060,2,41.54,28.23,123462,2,42.11,28.07,210008,2,42.51,27.42,31387,2,42.51,27.62,73415,3,41.76,29.19,327156,2,41.64,28.4,20388,3,40.92,30.0,31341,2,41.04,29.46
194129,2026-07-15T15:01:47.682723,masalapowder,39060,3,41.53,28.3,123462,2,42.09,28.15,210008,2,42.47,27.52,31387,3,42.5,27.66,73415,3,41.75,29.25,327156,2,41.61,28.49,20388,3,40.91,30.06,31341,3,41.03,29.54
194479,2026-07-15T15:01:48.030184,masalapowder,39060,3,41.52,28.36,123462,2,42.06,28.24,210008,2,42.43,27.62,31387,3,42.48,27.77,73415,3,41.74,29.33,98178,2,41.59,28.55,20388,3,40.9,30.14,31341,3,41.0,29.62
194829,2026-07-15T15:01:48.380939,masalapowder,39060,3,41.51,28.45,37580,2,42.04,28.32,210008,2,42.4,27.71,31387,3,42.45,27.88,73415,3,41.72,29.39,98178,3,41.57,28.64,20388,3,40.88,30.19,31341,3,40.99,29.69
195179,2026-07-15T15:01:48.731635,masalapowder,39060,3,41.5,28.57,37580,3,42.03,28.4,210008,2,42.38,27.78,31387,3,42.43,27.96,73415,3,41.71,29.44,98178,3,41.55,28.72,20388,3,40.86,30.25,31341,3,40.98,29.75
195529,2026-07-15T15:01:49.082395,masalapowder,39060,3,41.49,28.53,37580,3,42.0,28.46,60164,2,42.35,27.87,31387,3,42.41,28.03,73415,3,41.7,29.5,98178,3,41.53,28.78,20388,3,40.85,30.31,31341,3,40.96,29.81
195879,2026-07-15T15:01:49.425566,masalapowder,39060,3,41.47,28.61,37580,3,41.99,28.54,60164,3,42.34,27.96,31387,3,42.41,28.07,73415,3,41.69,29.57,98178,3,41.52,28.85,20388,3,40.85,30.35,31341,3,40.95,29.86
196229,2026-07-15T15:01:49.783181,masalapowder,39060,3,41.46,28.63,37580,3,41.98,28.58,60164,3,42.32,28.02,31387,3,42.39,28.12,73415,3,41.68,29.6,98178,3,41.51,28.93,20388,3,40.83,30.41,31341,3,40.94,29.91
196579,2026-07-15T15:01:50.131975,masalapowder,39060,3,41.46,28.7,37580,3,41.96,28.66,60164,3,42.3,28.08,31387,3,42.39,28.15,73415,3,41.66,29.66,98178,3,41.48,28.96,20388,3,40.82,30.46,31341,3,40.93,29.97
196929,2026-07-15T15:01:50.483236,masalapowder,39060,3,41.45,28.73,37580,3,41.96,28.72,60164,3,42.29,28.14,31387,3,42.37,28.19,73415,3,41.65,29.7,98178,3,41.48,29.02,20388,3,40.81,30.49,31341,3,40.91,30.01
197279,2026-07-15T15:01:50.901489,masalapowder,39060,3,41.44,28.77,37580,3,41.95,28.76,60164,3,42.28,28.2,31387,3,42.36,28.24,73415,3,41.64,29.74,98178,3,41.46,29.08,20388,3,40.8,30.54,31341,3,40.91,30.05
197629,2026-07-15T15:01:51.174597,masalapowder,39060,3,41.43,28.81,37580,3,41.94,28.81,60164,3,42.27,28.26,31387,3,42.36,28.26,73415,3,41.63,29.78,98178,3,41.46,29.14,20388,3,40.8,30.6,31341,3,40.9,30.12
197979,2026-07-15T15:01:51.532837,masalapowder,39060,3,41.42,28.83,37580,3,41.94,28.84,60164,3,42.26,28.3,31387,3,42.35,28.32,73415,3,41.63,29.83,98178,3,41.45,29.16,20388,3,40.79,30.6,31341,3,40.89,30.15
198329,2026-07-15T15:01:51.882468,masalapowder,39060,3,41.42,28.86,37580,3,41.92,28.91,60164,3,42.24,28.36,31387,3,42.33,28.34,73415,3,41.62,29.86,98178,3,41.44,29.22,20388,3,40.78,30.65,31341,3,40.89,30.19
198679,2026-07-15T15:01:52.221918,masalapowder,39060,3,41.41,28.9,37580,3,41.92,28.94,60164,3,42.24,28.4,31387,3,42.33,28.39,73415,3,41.61,29.9,98178,3,41.43,29.27,20388,3,40.77,30.7,31341,3,40.88,30.22
199029,2026-07-15T15:01:52.632843,masalapowder,39060,3,41.4,28.91,37580,3,41.92,28.97,60164,3,42.22,28.45,31387,3,42.32,28.41,73415,3,41.6,29.93,98178,3,41.42,29.29,20388,3,40.77,30.73,31341,3,40.86,30.27
199379,2026-07-15T15:01:52.921624,masalapowder,39060,3,41.39,28.92,37580,3,41.9,28.99,60164,3,42.22,28.49,31387,3,42.32,28.44,73415,3,41.6,29.95,98178,3,41.41,29.33,20388,3,40.76,30.76,31341,3,40.85,30.31
199729,2026-07-15T15:01:53.278539,masalapowder,39060,3,41.39,28.98,37580,3,41.9,29.05,60164,3,42.21,28.53,31387,3,42.3,28.47,73415,3,41.59,29.98,98178,3,41.41,29.38,20388,3,40.76,30.78,31341,3,40.85,30.33
200079,2026-07-15T15:01:53.625974,masalapowder,39060,3,41.39,28.98,37580,3,41.9,29.09,60164,3,42.21,28.55,31387,3,42.31,28.49,73415,3,41.58,30.01,98178,3,41.4,29.39,20388,3,40.75,30.81,31341,3,40.84,30.36
200429,2026-07-15T15:01:53.981133,masalapowder,39060,3,41.39,29.01,37580,3,41.89,29.12,60164,3,42.21,28.6,31387,3,42.3,28.51,73415,3,41.59,30.04,98178,3,41.4,29.42,20388,3,40.75,30.83,31341,3,40.83,30.38
200779,2026-07-15T15:01:54.332676,masalapowder,39060,3,41.38,29.03,37580,3,41.88,29.14,60164,3,42.2,28.63,31387,3,42.29,28.54,73415,3,41.58,30.06,98178,3,41.39,29.48,20388,3,40.73,30.87,31341,3,40.83,30.41
201129,2026-07-15T15:01:54.693160,masalapowder,39060,3,41.38,29.05,37580,3,41.88,29.18,60164,3,42.19,28.65,31387,3,42.29,28.58,73415,3,41.57,30.1,98178,3,41.38,29.49,20388,3,40.74,30.9,31341,3,40.82,30.43
201479,2026-07-15T15:01:55.031626,masalapowder,39060,3,41.37,29.07,37580,3,41.88,29.2,60164,3,42.19,28.68,31387,3,42.27,28.6,73415,3,41.56,30.14,98178,3,41.37,29.54,20388,3,40.73,30.91,31341,3,40.82,30.47
201829,2026-07-15T15:01:55.382536,masalapowder,39060,3,41.37,29.08,37580,3,41.87,29.21,60164,3,42.18,28.71,31387,3,42.28,28.62,73415,3,41.56,30.15,98178,3,41.37,29.55,20388,3,40.72,30.95,31341,3,40.81,30.5
202179,2026-07-15T15:01:55.727427,masalapowder,39060,3,41.36,29.09,37580,3,41.86,29.25,60164,3,42.18,28.74,31387,3,42.27,28.63,73415,3,41.56,30.18,98178,3,41.37,29.57,20388,3,40.72,30.96,31341,3,40.8,30.51
202529,2026-07-15T15:01:56.081972,masalapowder,39060,3,41.36,29.13,37580,3,41.87,29.29,60164,3,42.17,28.76,31387,3,42.27,28.66,73415,3,41.55,30.19,98178,3,41.37,29.61,20388,3,40.71,31.0,31341,3,40.8,30.54
202879,2026-07-15T15:01:56.421931,masalapowder,39060,3,41.36,29.13,37580,3,41.86,29.28,60164,3,42.17,28.79,31387,3,42.26,28.67,73415,3,41.55,30.22,98178,3,41.36,29.62,20388,3,40.7,31.01,31341,3,40.8,30.56
203229,2026-07-15T15:01:56.781520,masalapowder,39060,3,41.36,29.16,37580,3,41.86,29.3,60164,3,42.17,28.8,31387,3,42.26,28.69,73415,3,41.54,30.24,98178,3,41.36,29.64,20388,3,40.7,31.04,31341,3,40.78,30.58
203579,2026-07-15T15:01:57.132318,masalapowder,39060,3,41.36,29.16,37580,3,41.85,29.33,60164,3,42.16,28.82,31387,3,42.26,28.69,71210,3,41.54,30.24,98178,3,41.35,29.66,17339,3,40.69,31.05,31341,3,40.78,30.61
203929,2026-07-15T15:01:57.473270,masalapowder,39060,3,41.35,29.19,37580,3,41.85,29.36,60164,3,42.16,28.84,31952,3,42.26,28.72,71210,4,41.98,30.32,98178,3,41.35,29.69,17339,4,41.11,31.13,28725,3,40.78,30.65
204279,2026-07-15T15:01:57.832457,masalapowder,39060,4,41.78,29.25,37580,3,41.85,29.29,60164,3,42.16,28.88,31952,4,42.69,28.79,71210,4,42.31,30.35,98178,3,41.35,29.71,17339,4,41.41,31.15,28725,4,41.18,30.7
204629,2026-07-15T15:01:58.171834,masalapowder,39060,4,42.09,29.3,37580,3,41.84,29.31,60164,3,42.15,28.87,31952,4,43.01,28.81,71210,4,42.47,30.34,98178,3,41.34,29.73,17339,4,41.57,31.14,28725,4,41.49,30.74
204979,2026-07-15T15:01:58.523669,masalapowder,39060,4,42.24,29.27,37580,3,41.84,29.41,60164,3,42.15,28.89,31952,4,43.18,28.81,71210,4,42.58,30.3,97006,3,41.34,29.75,17339,4,41.65,31.1,28725,4,41.64,30.72
205329,2026-07-15T15:01:58.882552,masalapowder,39060,4,42.31,29.2,38917,4,42.27,29.48,60164,3,42.15,28.93,31952,4,43.27,28.77,33880,4,42.65,30.24,97006,4,41.77,29.84,11391,4,41.71,31.04,28725,4,41.74,30.69
205679,2026-07-15T15:01:59.230235,masalapowder,20585,4,42.36,29.15,38917,4,42.58,29.5,60164,3,42.14,28.94,17171,4,43.34,28.72,33880,5,42.69,30.16,97006,4,42.08,29.84,11391,5,41.76,30.98,16753,4,41.79,30.64
206029,2026-07-15T15:01:59.581668,masalapowder,20585,5,42.4,29.1,38917,4,42.74,29.48,57373,3,42.14,28.94,17171,5,43.38,28.65,33880,5,42.74,30.11,97006,4,42.25,29.82,11391,5,41.79,30.93,16753,5,41.84,30.57
206379,2026-07-15T15:01:59.925523,masalapowder,20585,5,42.43,29.03,38917,4,42.83,29.43,57373,4,42.57,29.01,17171,5,43.41,28.6,33880,5,42.77,30.04,97006,4,42.36,29.77,11391,5,41.82,30.88,16753,5,41.87,30.53
206729,2026-07-15T15:02:00.268558,masalapowder,20585,5,42.45,28.97,21828,4,42.89,29.38,57373,4,42.88,29.03,17171,5,43.45,28.54,33880,5,42.8,29.98,46766,4,42.42,29.75,11391,5,41.84,30.81,16753,5,41.9,30.48
207079,2026-07-15T15:02:00.629602,masalapowder,20585,5,42.46,28.92,21828,5,42.94,29.31,57373,4,43.04,29.0,17171,5,43.47,28.47,29684,5,42.81,29.9,46766,5,42.46,29.67,10003,5,41.86,30.76,16753,5,41.92,30.42
207429,2026-07-15T15:02:00.970587,masalapowder,17772,5,42.47,28.86,21828,5,42.97,29.25,57373,4,43.14,28.95,14658,5,43.49,28.42,29684,6,42.83,29.86,46766,5,42.51,29.6,10003,6,41.87,30.7,14538,5,41.94,30.36
207779,2026-07-15T15:02:01.333619,masalapowder,17772,6,42.48,28.82,21828,5,43.0,29.2,31856,4,43.21,28.91,14658,6,43.51,28.36,29684,6,42.85,29.81,46766,5,42.53,29.53,10003,6,41.88,30.65,14538,6,41.96,30.31
208129,2026-07-15T15:02:01.681473,masalapowder,17772,6,42.51,28.78,21828,5,43.03,29.14,31856,5,43.25,28.84,14658,6,43.53,28.32,29684,6,42.86,29.77,46766,5,42.56,29.5,10003,6,41.9,30.61,14538,6,41.97,30.26
208479,2026-07-15T15:02:02.024120,masalapowder,17772,6,42.51,28.75,18626,5,43.04,29.08,31856,5,43.29,28.77,14658,6,43.55,28.27,29684,6,42.88,29.71,40699,5,42.58,29.43,10003,6,41.91,30.56,14538,6,41.99,30.22
208829,2026-07-15T15:02:02.381585,masalapowder,17772,6,42.53,28.69,18626,6,43.07,29.01,31856,5,43.33,28.7,14658,6,43.57,28.24,26761,6,42.89,29.67,40699,6,42.61,29.37,9090,6,41.92,30.52,14538,6,42.0,30.16
209179,2026-07-15T15:02:02.730962,masalapowder,15904,6,42.53,28.66,18626,6,43.09,28.98,31856,5,43.36,28.64,13013,6,43.58,28.2,26761,7,43.14,29.68,40699,6,42.62,29.32,9090,7,42.16,30.5,13231,6,42.01,30.14
209529,2026-07-15T15:02:03.082438,masalapowder,15904,7,42.76,28.67,18626,6,43.1,28.91,27789,5,43.37,28.59,13013,7,43.82,28.17,26761,7,43.36,29.63,40699,6,42.64,29.29,9090,7,42.37,30.49,13231,7,42.24,30.12
209879,2026-07-15T15:02:03.427471,masalapowder,15904,7,42.96,28.65,18626,6,43.12,28.86,27789,6,43.4,28.55,13013,7,44.03,28.17,26761,7,43.48,29.59,40699,6,42.66,29.25,9090,7,42.5,30.44,13231,7,42.45,30.1
210229,2026-07-15T15:02:03.769554,masalapowder,15904,7,43.08,28.62,16662,6,43.14,28.84,27789,6,43.42,28.5,13013,7,44.16,28.12,26761,7,43.56,29.53,36425,6,42.66,29.2,9090,7,42.58,30.4,13231,7,42.56,30.06
210579,2026-07-15T15:02:04.130666,masalapowder,15904,7,43.14,28.55,16662,7,43.39,28.83,27789,6,43.44,28.44,13013,7,44.23,28.06,99147,7,43.63,29.47,36425,7,42.93,29.2,65222,7,42.64,30.34,13231,7,42.64,30.02
210929,2026-07-15T15:02:04.481572,masalapowder,85475,7,43.19,28.5,16662,7,43.6,28.8,27789,6,43.45,28.41,80250,7,44.3,28.0,99147,8,43.67,29.4,36425,7,43.15,29.16,65222,8,42.67,30.25,70445,7,42.69,29.93
211279,2026-07-15T15:02:04.827254,masalapowder,85475,8,43.23,28.43,16662,7,43.73,28.77,24844,6,43.46,28.36,80250,8,44.34,27.93,99147,8,43.71,29.42,36425,7,43.29,29.13,65222,8,42.71,30.19,70445,8,42.74,29.87
211629,2026-07-15T15:02:05.168305,masalapowder,85475,8,43.26,28.38,16662,7,43.82,28.69,24844,7,43.72,28.35,80250,8,44.39,27.86,99147,8,43.78,29.18,36425,7,43.37,29.07,65222,8,42.75,30.12,70445,8,42.78,29.81
211979,2026-07-15T15:02:05.530243,masalapowder,85475,8,43.29,28.32,102666,7,43.87,28.64,24844,7,43.94,28.32,80250,8,44.42,27.81,110726,8,43.81,29.12,145578,7,43.44,28.99,65222,8,42.79,30.05,70445,8,42.81,29.75
212329,2026-07-15T15:02:05.882692,masalapowder,85475,8,43.31,28.25,102666,8,43.93,28.56,24844,7,44.07,28.28,80250,8,44.46,27.75,110726,9,43.83,29.06,145578,8,43.48,28.91,71930,8,42.81,30.01,70445,8,42.84,29.68
212679,2026-07-15T15:02:06.232309,masalapowder,95380,8,43.34,28.21,102666,8,43.96,28.5,24844,7,44.16,28.22,89887,8,44.49,27.68,110726,9,43.86,29.02,145578,8,43.53,28.86,71930,9,42.83,29.93,77552,8,42.86,29.63
213029,2026-07-15T15:02:06.585591,masalapowder,95380,9,43.35,28.15,102666,8,44.0,28.43,111159,7,44.22,28.14,89887,9,44.51,27.63,110726,9,43.88,28.96,145578,8,43.57,28.79,71930,9,42.85,29.86,77552,9,42.88,29.57
213379,2026-07-15T15:02:06.931355,masalapowder,95380,9,43.37,28.1,102666,8,44.02,28.38,111159,8,44.26,28.07,89887,9,44.54,27.59,110726,9,43.9,28.91,145578,8,43.6,28.72,71930,9,42.87,29.83,77552,9,42.92,29.52
213729,2026-07-15T15:02:07.282356,masalapowder,95380,9,43.4,28.06,114209,8,44.05,28.31,111159,8,44.31,28.01,89887,9,44.56,27.52,113980,9,43.92,28.86,162179,8,43.62,28.67,71930,9,42.89,29.77,77552,9,42.93,29.46
214079,2026-07-15T15:02:07.630465,masalapowder,95380,9,43.41,28.04,114209,9,44.08,28.25,111159,8,44.35,27.95,89887,9,44.58,27.48,113980,0,43.94,28.82,162179,9,43.65,28.61,73924,9,42.9,29.73,77552,9,42.95,29.4
214429,2026-07-15T15:02:08.083062,masalapowder,98461,9,43.43,27.99,114209,9,44.1,28.19,111159,8,44.37,27.89,91723,9,44.61,27.42,113980,0,43.96,28.77,162179,9,43.67,28.55,73924,0,42.92,29.69,79651,9,42.97,29.36
214779,2026-07-15T15:02:08.332007,masalapowder,98461,0,43.45,27.96,114209,9,44.13,28.14,125367,8,44.4,27.8,91723,0,44.62,27.38,113980,0,43.97,28.73,162179,9,43.69,28.47,73924,0,42.94,29.63,79651,0,42.99,29.34
215129,2026-07-15T15:02:08.677235,masalapowder,98461,0,43.47,27.93,114209,9,44.15,28.08,125367,9,44.44,27.76,91723,0,44.65,27.35,113980,0,43.98,28.69,162179,9,43.71,28.44,73924,0,42.95,29.59,79651,0,43.0,29.28
215479,2026-07-15T15:02:09.024768,masalapowder,98461,0,43.49,27.87,116868,9,44.17,28.04,125367,9,44.45,27.72,91723,0,44.66,27.31,115211,0,44.01,28.65,167101,9,43.73,28.39,73924,0,42.97,29.54,79651,0,43.02,29.25
215829,2026-07-15T15:02:09.382231,masalapowder,98461,0,43.5,27.84,116868,0,44.19,27.99,125367,9,44.48,27.64,91723,0,44.69,27.27,115211,1,43.32,28.55,167101,0,43.74,28.36,74505,0,42.99,29.5,79651,0,43.03,29.22
216179,2026-07-15T15:02:09.731962,masalapowder,98348,0,43.52,27.82,116868,0,44.2,27.97,125367,9,44.5,27.6,94325,0,44.71,27.24,223336,1,42.8,28.49,167101,0,43.77,28.29,65173,1,41.86,29.34,80553,0,43.05,29.18
216529,2026-07-15T15:02:10.074529,masalapowder,98348,1,42.87,27.71,116868,0,44.24,27.92,127808,9,44.52,27.57,94325,1,44.05,27.15,223336,2,42.53,28.49,167101,0,43.78,28.25,65173,2,41.61,29.35,80553,1,42.41,29.06
216879,2026-07-15T15:02:10.430869,masalapowder,122050,1,42.39,27.67,116868,0,44.24,27.9,127808,0,44.54,27.52,94482,1,43.56,27.08,223336,2,42.36,28.57,167101,0,43.8,28.21,65173,2,41.44,29.4,96294,1,41.94,29.0
217229,2026-07-15T15:02:10.780697,masalapowder,122050,2,42.16,27.7,117674,0,44.27,27.84,127808,0,44.56,27.47,94482,2,43.3,27.08,223336,2,42.25,28.64,169088,0,43.81,28.2,65173,2,41.35,29.46,96294,2,41.68,28.98
217579,2026-07-15T15:02:11.134551,masalapowder,122050,2,42.03,27.77,117674,1,43.59,27.73,127808,0,44.57,27.44,94482,2,43.15,27.12,223336,2,42.17,28.72,169088,1,43.13,28.06,65173,2,41.27,29.55,96294,2,41.53,29.06
217929,2026-07-15T15:02:11.481755,masalapowder,122050,2,41.96,27.84,115601,1,43.09,27.68,127808,0,44.58,27.4,94482,2,43.04,27.19,223336,2,42.13,28.82,307969,1,42.61,28.02,65173,2,41.22,29.64,96294,2,41.44,29.11
218279,2026-07-15T15:02:11.826915,masalapowder,122050,2,41.91,27.91,115601,2,42.83,27.69,128578,0,44.61,27.36,94482,2,42.97,27.27,223336,2,42.08,28.89,307969,2,42.33,28.04,65173,2,41.18,29.72,96294,2,41.37,29.18
218629,2026-07-15T15:02:12.183333,masalapowder,122050,2,41.87,27.98,115601,2,42.68,27.74,128578,1,43.92,27.24,94482,2,42.93,27.37,223336,2,42.04,28.98,307969,2,42.17,28.09,65173,2,41.14,29.81,96294,2,41.31,29.27
218979,2026-07-15T15:02:12.532297,masalapowder,122050,2,41.85,28.08,115601,2,42.59,27.81,185843,1,43.43,27.22,94482,2,42.88,27.43,223336,2,42.02,29.09,307969,2,42.05,28.15,65173,2,41.12,29.9,96294,2,41.27,29.36
219329,2026-07-15T15:02:12.879116,masalapowder,122050,2,41.83,28.14,115601,2,42.51,27.89,185843,2,43.15,27.24,94482,2,42.85,27.53,223336,2,41.99,29.16,307969,2,41.97,28.24,65173,2,41.09,29.97,96294,2,41.25,29.44
219679,2026-07-15T15:02:13.233983,masalapowder,122050,2,41.81,28.22,115601,2,42.47,27.98,185843,2,42.99,27.3,94482,2,42.83,27.59,72913,2,41.97,29.24,307969,2,41.91,28.32,20427,2,41.08,30.05,96294,2,41.21,29.53
220029,2026-07-15T15:02:13.579711,masalapowder,122050,2,41.81,28.3,115601,2,42.43,28.08,185843,2,42.88,27.39,94482,2,42.8,27.67,72913,3,41.94,29.3,307969,2,41.86,28.42,20427,3,41.07,30.14,96294,2,41.19,29.61
220379,2026-07-15T15:02:13.930810,masalapowder,38882,2,41.8,28.36,115601,2,42.39,28.15,185843,2,42.81,27.46,31644,2,42.79,27.74,72913,3,41.93,29.37,307969,2,41.83,28.5,20427,3,41.04,30.19,31714,2,41.16,29.68
220729,2026-07-15T15:02:14.281413,masalapowder,38882,3,41.78,28.43,115601,2,42.37,28.23,185843,2,42.75,27.56,31644,3,42.77,27.8,72913,3,41.91,29.44,307969,2,41.79,28.58,20427,3,41.03,30.25,31714,3,41.15,29.76
221079,2026-07-15T15:02:14.630977,masalapowder,38882,3,41.78,28.48,115601,2,42.34,28.3,185843,2,42.71,27.64,31644,3,42.75,27.86,72913,3,41.89,29.51,307969,2,41.76,28.57,20427,3,41.02,30.31,31714,3,41.13,29.81
221429,2026-07-15T15:02:14.981880,masalapowder,38882,3,41.76,28.53,37122,2,42.32,28.38,185843,2,42.67,27.75,31644,3,42.73,27.91,72913,3,41.88,29.57,97282,3,41.73,28.82,20427,3,41.01,30.38,31714,3,41.11,29.88
221779,2026-07-15T15:02:15.331376,masalapowder,38882,3,41.76,28.59,37122,3,42.3,28.45,185843,2,42.64,27.81,31644,3,42.72,27.96,72913,3,41.86,29.62,97282,3,41.71,28.88,20427,3,41.0,30.44,31714,3,41.1,29.95
222129,2026-07-15T15:02:15.681619,masalapowder,38882,3,41.75,28.61,37122,3,42.29,28.5,185843,2,42.62,27.9,31644,3,42.7,28.02,72913,3,41.85,29.66,97282,3,41.69,28.95,20427,3,40.98,30.48,31714,3,41.08,29.98
222479,2026-07-15T15:02:16.028604,masalapowder,38882,3,41.73,28.67,37122,3,42.27,28.57,57644,2,42.6,27.94,31644,3,42.69,28.06,72913,3,41.84,29.72,97282,3,41.68,29.0,20427,3,40.97,30.51,31714,3,41.08,30.05
222829,2026-07-15T15:02:16.370559,masalapowder,38882,3,41.73,28.69,37122,3,42.26,28.62,57644,3,42.58,28.04,31644,3,42.68,28.11,72913,3,41.83,29.76,97282,3,41.66,29.05,20427,3,40.97,30.56,31714,3,41.05,30.08
223179,2026-07-15T15:02:16.730826,masalapowder,38882,3,41.72,28.72,37122,3,42.25,28.67,57644,3,42.56,28.11,31644,3,42.67,28.35,72913,3,41.82,29.8,97282,3,41.65,29.12,20427,3,40.95,30.62,31714,3,41.05,30.13
223529,2026-07-15T15:02:17.081439,masalapowder,38882,3,41.71,28.76,37122,3,42.24,28.72,57644,3,42.54,28.16,31644,3,42.66,28.17,72913,3,41.8,29.84,97282,3,41.64,29.18,20427,3,40.94,30.65,31714,3,41.05,30.16
223879,2026-07-15T15:02:17.430005,masalapowder,38882,3,41.7,28.8,37122,3,42.23,28.78,57644,3,42.53,28.22,31644,3,42.63,28.26,72913,3,41.79,29.87,97282,3,41.63,29.21,20427,3,40.94,30.7,31714,3,41.03,30.21
224229,2026-07-15T15:02:17.778445,masalapowder,38882,3,41.7,28.81,37122,3,42.22,28.83,57644,3,42.52,28.27,31644,3,42.62,28.29,72913,3,41.79,29.9,97282,3,41.61,29.25,20427,3,40.93,30.72,31714,3,41.03,30.26
224579,2026-07-15T15:02:18.131623,masalapowder,38882,3,41.69,28.98,37122,3,42.21,28.85,57644,3,42.51,28.32,31644,3,42.62,28.31,72913,3,41.78,29.94,97282,3,41.61,29.29,20427,3,40.92,30.75,31714,3,41.01,30.31
224929,2026-07-15T15:02:18.482006,masalapowder,38882,3,41.69,28.86,37122,3,42.2,28.89,57644,3,42.5,28.36,31644,3,42.61,28.34,72913,3,41.78,29.95,97282,3,41.6,29.35,20427,3,40.91,30.78,31714,3,41.0,30.32
225279,2026-07-15T15:02:18.818524,masalapowder,38882,3,41.67,28.93,37122,3,42.19,28.92,57644,3,42.49,28.41,31644,3,42.61,28.36,72913,3,41.76,30.0,97282,3,41.59,29.38,20427,3,40.91,30.81,31714,3,40.99,30.36
225629,2026-07-15T15:02:19.182231,masalapowder,38882,3,41.66,28.94,37122,3,42.19,28.94,57644,3,42.48,28.44,31644,3,42.6,28.39,72913,3,41.76,30.02,97282,3,41.58,29.41,20427,3,40.9,30.84,31714,3,40.98,30.39
225979,2026-07-15T15:02:19.532074,masalapowder,38882,3,41.66,28.96,37122,3,42.19,28.97,57644,3,42.48,28.47,31644,3,42.59,28.43,72913,3,41.75,30.04,97282,3,41.58,29.43,20427,3,40.9,30.86,31714,3,40.98,30.42
226329,2026-07-15T15:02:19.882276,masalapowder,38882,3,41.66,28.98,37122,3,42.18,28.99,57644,3,42.47,28.51,31644,3,42.58,28.44,72913,3,41.74,30.05,97282,3,41.57,29.47,20427,3,40.89,30.89,31714,3,40.97,30.44
226679,2026-07-15T15:02:20.219700,masalapowder,38882,3,41.65,29.0,37122,3,42.18,29.03,57644,3,42.46,28.54,31644,3,42.58,28.46,72913,3,41.74,30.09,97282,3,41.57,29.5,20427,3,40.89,30.91,31714,3,40.96,30.46
227029,2026-07-15T15:02:20.571237,masalapowder,38882,3,41.65,28.99,37122,3,42.17,29.05,57644,3,42.45,28.58,31644,3,42.58,28.48,72913,3,41.73,30.11,97282,3,41.56,29.52,20427,3,40.88,30.91,31714,3,40.96,30.49
227379,2026-07-15T15:02:20.928966,masalapowder,38882,3,41.65,29.02,37122,3,42.17,29.07,57644,3,42.44,28.59,31644,3,42.57,28.5,72913,3,41.73,30.11,97282,3,41.56,29.54,20427,3,40.87,30.96,31714,3,40.95,30.52
227729,2026-07-15T15:02:21.282590,masalapowder,38882,3,41.64,29.03,37122,3,42.16,29.09,57644,3,42.44,28.63,31644,3,42.56,28.5,72913,3,41.73,30.11,97282,3,41.55,29.57,20427,3,40.85,30.96,31714,3,40.95,30.54
228079,2026-07-15T15:02:21.630483,masalapowder,38882,3,41.63,29.04,37122,3,42.16,29.12,57644,3,42.43,28.65,31644,3,42.56,28.54,72913,3,41.72,30.15,97282,3,41.54,29.59,20427,3,40.85,30.98,31714,3,40.94,30.54
228429,2026-07-15T15:02:21.980636,masalapowder,38882,3,41.63,29.06,37122,3,42.15,29.12,57644,3,42.42,28.66,31644,3,42.55,28.54,72913,3,41.71,30.15,97282,3,41.54,29.62,20427,3,40.85,31.0,31714,3,40.94,30.56
228779,2026-07-15T15:02:22.332226,masalapowder,38882,3,41.63,29.07,37122,3,42.14,29.15,57644,3,42.42,28.68,31644,3,42.54,28.54,72913,3,41.72,30.18,97282,3,41.54,29.64,20427,3,40.84,31.02,31714,3,40.93,30.6
229129,2026-07-15T15:02:22.680450,masalapowder,38882,3,41.62,29.09,37122,3,42.15,29.16,57644,3,42.42,28.72,31644,3,42.55,28.57,72913,3,41.71,30.2,97282,3,41.53,29.65,20427,3,40.83,31.03,31714,3,40.92,30.61
229479,2026-07-15T15:02:23.031589,masalapowder,38882,3,41.62,29.1,37122,3,42.15,29.16,57644,3,42.42,28.72,31644,3,42.55,28.57,72913,3,41.71,30.21,97282,3,41.52,29.67,20427,3,40.83,31.04,31714,3,40.91,30.63
229829,2026-07-15T15:02:23.379897,masalapowder,38882,3,41.62,29.09,37122,3,42.14,29.18,57644,3,42.41,28.72,31644,3,42.54,28.59,72913,3,41.7,30.22,97282,3,41.52,29.7,20427,3,40.82,31.07,31714,3,40.91,30.64
230179,2026-07-15T15:02:23.731655,masalapowder,38882,3,41.62,29.11,37122,3,42.13,29.2,57644,3,42.41,28.76,31644,3,42.54,28.6,72541,3,41.7,30.23,97282,3,41.52,29.7,17669,3,40.82,31.07,31714,3,40.91,30.66
230529,2026-07-15T15:02:24.080367,masalapowder,39275,3,41.61,29.1,37122,3,42.13,29.21,57644,3,42.4,28.77,32536,3,42.53,28.6,72541,4,42.15,30.31,97282,3,41.51,29.71,17669,4,41.23,31.14,31714,3,40.9,30.67
230879,2026-07-15T15:02:24.430142,masalapowder,39275,4,42.04,29.17,37122,3,42.12,29.21,57644,3,42.4,28.8,32536,4,42.96,28.68,72541,4,42.47,30.34,97282,3,41.51,29.73,17669,4,41.54,31.15,29459,3,40.9,30.69
231229,2026-07-15T15:02:24.780732,masalapowder,39275,4,42.35,29.19,37122,3,42.13,29.24,57644,3,42.39,28.81,32536,4,43.29,28.67,72541,4,42.65,30.29,97282,3,41.5,29.73,17669,4,41.69,31.13,29459,4,41.32,30.75
231579,2026-07-15T15:02:25.130241,masalapowder,39275,4,42.5,29.17,37122,3,42.12,29.25,57644,3,42.39,28.82,32536,4,43.44,28.69,72541,4,42.74,30.26,98461,3,41.5,29.74,17669,4,41.79,31.11,29459,4,41.61,30.77
231929,2026-07-15T15:02:25.481277,masalapowder,39275,4,42.58,29.12,38917,3,42.12,29.26,57644,3,42.39,28.81,32536,4,43.54,28.63,33481,4,42.81,30.2,98461,4,41.93,29.82,11477,4,41.84,31.05,29459,4,41.76,30.75
232279,2026-07-15T15:02:25.830447,masalapowder,20233,4,42.64,29.05,38917,4,42.55,29.32,57644,3,42.39,28.84,17130,4,43.61,28.57,33481,5,42.86,30.12,98461,4,42.26,29.85,11477,5,41.89,30.99,29459,4,41.86,30.72
232629,2026-07-15T15:02:26.179580,masalapowder,20233,5,42.67,28.98,38917,4,42.86,29.34,57644,3,42.39,28.84,17130,5,43.66,28.51,33481,5,42.9,30.06,98461,4,42.42,29.8,11477,5,41.92,30.91,16806,4,41.91,30.62
232979,2026-07-15T15:02:26.520140,masalapowder,20233,5,42.69,28.9,38917,4,43.02,29.31,56462,3,42.39,28.86,17130,5,43.7,28.43,33481,5,42.93,29.99,98461,4,42.52,29.76,11477,5,41.95,30.85,16806,5,41.99,30.53
233329,2026-07-15T15:02:26.872607,masalapowder,20233,5,42.71,28.85,38917,4,43.11,29.26,56462,4,42.83,28.92,17130,5,43.73,28.38,33481,5,42.96,29.91,45911,4,42.59,29.7,11477,5,41.97,30.79,16806,5,42.03,30.45
233679,2026-07-15T15:02:27.217584,masalapowder,20233,5,42.73,28.79,21519,4,43.18,29.21,56462,4,43.14,28.93,17130,5,43.75,28.33,29097,5,42.98,29.84,45911,5,42.64,29.64,10003,5,41.98,30.73,16806,5,42.05,30.39
234029,2026-07-15T15:02:27.577013,masalapowder,17481,5,42.75,28.73,21519,5,43.23,29.13,56462,4,43.31,28.9,14598,5,43.78,28.25,29097,6,42.99,29.79,45911,5,42.67,29.57,10003,6,42.0,30.66,14658,5,42.08,30.34
234379,2026-07-15T15:02:27.929668,masalapowder,17481,6,42.76,28.68,21519,5,43.28,29.07,56462,4,43.4,28.85,14598,6,43.8,28.19,29097,6,43.01,29.73,45911,5,42.71,29.51,10003,6,42.02,30.61,14658,6,42.08,30.3
234729,2026-07-15T15:02:28.280543,masalapowder,17481,6,42.77,28.63,21519,5,43.3,29.0,30644,4,43.48,28.77,14598,6,43.81,28.14,29097,6,43.02,29.63,45911,5,42.73,29.44,10003,6,42.03,30.57,14658,6,42.1,30.23
235079,2026-07-15T15:02:28.630591,masalapowder,17481,6,42.78,28.62,21519,5,43.32,28.94,30644,5,43.52,28.7,14598,6,43.83,28.09,26528,6,43.05,29.59,40050,5,42.76,29.39,10003,6,42.04,30.52,14658,6,42.12,30.21
235429,2026-07-15T15:02:28.980872,masalapowder,17481,6,42.79,28.52,18290,5,43.34,28.87,30644,5,43.56,28.63,14598,6,43.84,28.04,26528,7,43.31,29.57,40050,6,42.79,29.3,9075,6,42.05,30.47,14658,6,42.13,30.17
235779,2026-07-15T15:02:29.324744,masalapowder,15659,6,42.81,28.5,18290,6,43.37,28.82,30644,5,43.59,28.58,13037,6,43.86,28.0,26528,7,43.52,29.54,40050,6,42.8,29.28,9075,7,42.3,30.48,13264,6,42.14,30.1
236129,2026-07-15T15:02:29.679901,masalapowder,15659,7,43.04,28.5,18290,6,43.37,28.75,30644,5,43.61,28.52,13037,7,44.1,27.99,26528,7,43.65,29.49,40050,6,42.82,29.24,9075,7,42.51,30.43,13264,7,42.37,30.11
236479,2026-07-15T15:02:30.078472,masalapowder,15659,7,43.24,28.48,18290,6,43.39,28.71,26627,5,43.63,28.44,13037,7,44.31,27.95,26528,7,43.73,29.43,40050,6,42.83,29.2,9075,7,42.62,30.38,13264,7,42.58,30.08
236829,2026-07-15T15:02:30.379121,masalapowder,15659,7,43.35,28.43,18290,6,43.41,28.67,26627,6,43.65,28.39,13037,7,44.43,27.92,95380,7,43.8,29.35,35995,6,42.84,29.12,9075,7,42.71,30.34,13264,7,42.7,30.03
237179,2026-07-15T15:02:30.719683,masalapowder,15659,7,43.41,28.38,16406,6,43.42,28.62,26627,6,43.68,28.34,13037,7,44.51,27.87,95380,8,43.85,29.28,35995,7,43.1,29.12,62868,7,42.77,30.26,13264,7,42.78,29.96
237529,2026-07-15T15:02:31.079938,masalapowder,81476,7,43.46,28.31,16406,7,43.68,28.62,26627,6,43.69,28.28,77271,7,44.58,27.78,95380,8,43.89,29.2,35995,7,43.33,29.09,62868,8,42.82,30.2,67868,7,42.83,29.9
237879,2026-07-15T15:02:31.430091,masalapowder,81476,8,43.5,28.25,16406,7,43.9,28.59,26627,6,43.71,28.23,77271,8,44.63,27.72,95380,8,43.92,29.13,35995,7,43.47,29.05,62868,8,42.85,30.11,67868,8,42.88,29.83
238229,2026-07-15T15:02:31.778999,masalapowder,81476,8,43.53,28.18,16406,7,44.01,28.54,23858,6,43.72,28.2,77271,8,44.67,27.67,95380,8,43.96,29.05,35995,7,43.55,28.99,62868,8,42.88,30.06,67868,8,42.91,29.76
238579,2026-07-15T15:02:32.117160,masalapowder,81476,8,43.55,28.13,16406,7,44.1,28.45,23858,7,43.99,28.21,77271,8,44.7,27.58,106444,8,43.98,28.99,139737,7,43.61,28.92,62868,8,42.91,30.0,67868,8,42.95,29.68
238929,2026-07-15T15:02:32.480438,masalapowder,81476,8,43.57,28.07,98291,7,44.17,28.4,23858,7,44.21,28.17,77271,8,44.73,27.52,106444,9,44.01,28.94,139737,8,43.66,28.83,69245,8,42.94,29.9,67868,8,42.97,29.62
239279,2026-07-15T15:02:32.819812,masalapowder,90172,8,43.6,28.02,98291,8,44.21,28.35,23858,7,44.34,28.11,85561,8,44.76,27.46,106444,9,44.03,28.89,139737,8,43.7,28.76,69245,9,42.96,29.85,74766,8,43.0,29.56
239629,2026-07-15T15:02:33.181496,masalapowder,90172,9,43.62,27.97,98291,8,44.25,28.26,23858,7,44.42,28.04,85561,9,44.79,27.41,106444,9,44.05,28.82,139737,8,43.74,28.68,69245,9,42.99,29.77,74766,9,43.03,29.52
239979,2026-07-15T15:02:33.529541,masalapowder,90172,9,43.64,27.93,98291,8,44.28,28.19,104234,7,44.49,27.97,85561,9,44.8,27.36,106444,9,44.06,28.76,139737,8,43.77,28.62,69245,9,43.0,29.72,74766,9,43.05,29.44
240329,2026-07-15T15:02:33.880838,masalapowder,90172,9,43.66,27.89,98291,8,44.32,28.11,104234,8,44.54,27.9,85561,9,44.83,27.3,109378,9,44.09,28.72,156383,8,43.8,28.58,69245,9,43.02,29.58,74766,9,43.07,29.41
240679,2026-07-15T15:02:34.230770,masalapowder,90172,9,43.68,27.84,109168,8,44.35,28.05,104234,8,44.58,27.82,85561,9,44.85,27.25,109378,0,44.1,28.67,156383,9,43.82,28.48,70503,0,43.05,29.57,74766,9,43.08,29.35
241029,2026-07-15T15:02:34.577613,masalapowder,94639,9,43.7,27.79,109168,9,44.38,28.0,104234,8,44.62,27.76,87942,9,44.88,27.22,109378,0,44.12,28.62,156383,9,43.84,28.44,70503,0,43.07,29.55,76372,9,43.1,29.3
241379,2026-07-15T15:02:34.930838,masalapowder,94639,0,43.72,27.75,109168,9,44.4,27.96,104234,8,44.65,27.68,87942,0,44.9,27.17,109378,0,44.13,28.59,156383,9,43.87,28.38,70503,0,43.09,29.51,76372,0,43.13,29.25
241729,2026-07-15T15:02:35.283067,masalapowder,94639,0,43.73,27.72,109168,9,44.42,27.88,116469,8,44.68,27.62,87942,0,44.92,27.14,109378,0,44.16,28.55,156383,9,43.88,28.33,70503,0,43.1,29.45,76372,0,43.15,29.21
242079,2026-07-15T15:02:35.631635,masalapowder,94639,0,43.75,27.67,109168,9,44.44,27.85,116469,9,44.7,27.57,87942,0,44.94,27.07,109942,0,44.17,28.52,160804,9,43.91,28.29,71508,0,43.12,29.42,76372,0,43.16,29.16
242429,2026-07-15T15:02:35.980887,masalapowder,94639,0,43.77,27.64,111087,9,44.46,27.78,116469,9,44.73,27.51,87942,0,44.96,27.06,109942,1,43.48,28.4,160804,0,43.93,28.24,71508,1,42.49,29.29,76372,0,43.18,29.12
242779,2026-07-15T15:02:36.335995,masalapowder,94534,0,43.79,27.61,111087,0,44.48,27.73,116469,9,44.75,27.45,88765,0,44.98,27.02,215851,1,42.97,28.36,160804,0,43.95,28.2,64144,1,41.99,29.25,77481,0,43.19,29.08
243129,2026-07-15T15:02:36.681803,masalapowder,94534,1,43.12,27.51,111087,0,44.5,27.68,116469,9,44.77,27.4,88765,1,44.32,26.89,215851,2,42.7,28.36,160804,0,43.96,28.13,64144,2,41.74,29.27,77481,1,42.55,28.98
243479,2026-07-15T15:02:37.028609,masalapowder,118162,1,42.65,27.47,111087,0,44.52,27.67,120075,9,44.79,27.36,91624,1,43.83,26.85,215851,2,42.53,28.43,160804,0,43.98,28.1,64144,2,41.59,29.31,96567,1,42.07,28.9
243829,2026-07-15T15:02:37.373201,masalapowder,118162,2,42.42,27.48,111087,0,44.54,27.61,120075,0,44.82,27.31,91624,2,43.57,26.87,215851,2,42.42,28.51,162642,0,43.99,28.07,64144,2,41.48,29.38,96567,2,41.82,28.94
244179,2026-07-15T15:02:37.730141,masalapowder,118162,2,42.3,27.55,112329,0,44.56,27.6,120075,0,44.83,27.28,91624,2,43.41,26.91,215851,2,42.35,28.59,162642,1,43.3,27.95,64144,2,41.42,29.45,96567,2,41.67,28.95
244529,2026-07-15T15:02:38.079840,masalapowder,118162,2,42.22,27.63,112329,1,43.87,27.47,120075,0,44.84,27.23,91624,2,43.31,26.99,215851,2,42.29,28.67,298803,1,42.79,27.9,64144,2,41.36,29.54,96567,2,41.57,29.05
244879,2026-07-15T15:02:38.431246,masalapowder,118162,2,42.18,27.71,111087,1,43.38,27.42,120075,0,44.86,27.21,91624,2,43.25,27.05,215851,2,42.25,28.78,298803,2,42.51,27.9,64144,2,41.32,29.6,96567,2,41.5,29.11
245229,2026-07-15T15:02:38.770771,masalapowder,118162,2,42.14,27.79,111087,2,43.12,27.45,119906,0,44.87,27.16,91624,2,43.2,27.14,215851,2,42.22,28.87,298803,2,42.34,27.98,64144,2,41.29,29.72,96567,2,41.45,29.18
245579,2026-07-15T15:02:39.127494,masalapowder,118162,2,42.12,27.87,111087,2,42.97,27.5,119906,1,44.18,27.05,91624,2,43.16,27.22,215851,2,42.18,28.95,298803,2,42.23,28.06,64144,2,41.25,29.81,96567,2,41.41,29.28
245929,2026-07-15T15:02:39.479906,masalapowder,118162,2,42.1,27.95,111087,2,42.86,27.58,171812,1,43.68,27.0,91624,2,43.13,27.31,215851,2,42.16,29.04,298803,2,42.14,28.11,64144,2,41.24,29.88,96567,2,41.38,29.37
246279,2026-07-15T15:02:39.831940,masalapowder,118162,2,42.09,28.01,111087,2,42.79,27.64,171812,2,43.42,27.03,91624,2,43.1,27.37,73038,2,42.14,29.11,298803,2,42.08,28.22,20785,2,41.22,29.97,96567,2,41.34,29.45
246629,2026-07-15T15:02:40.176632,masalapowder,118162,2,42.07,28.08,111087,2,42.74,27.74,171812,2,43.25,27.1,91624,2,43.07,27.46,73038,3,42.12,29.17,298803,2,42.04,28.31,20785,3,41.2,30.04,96567,2,41.33,29.53
246979,2026-07-15T15:02:40.529903,masalapowder,39024,2,42.06,28.15,111087,2,42.7,27.83,171812,2,43.14,27.18,31880,2,43.06,27.52,73038,3,42.1,29.25,298803,2,42.0,28.4,20785,3,41.18,30.09,32487,2,41.3,29.61
247329,2026-07-15T15:02:40.873700,masalapowder,39024,3,42.06,28.2,111087,2,42.67,27.91,171812,2,43.06,27.27,31880,3,43.04,27.58,73038,3,42.09,29.31,298803,2,41.97,28.49,20785,3,41.16,30.17,32487,3,41.29,29.68
247679,2026-07-15T15:02:41.232969,masalapowder,39024,3,42.04,28.28,111087,2,42.64,27.99,171812,2,43.01,27.36,31880,3,43.02,27.64,73038,3,42.07,29.38,298803,2,41.94,28.57,20785,3,41.16,30.23,32487,3,41.27,29.75
248029,2026-07-15T15:02:41.580810,masalapowder,39024,3,42.03,28.33,111087,2,42.62,28.08,171812,2,42.97,27.46,31880,3,43.01,27.7,73038,3,42.06,29.45,97282,2,41.92,28.64,20785,3,41.14,30.29,32487,3,41.26,29.81
248379,2026-07-15T15:02:41.929887,masalapowder,39024,3,42.03,28.38,37448,2,42.6,28.16,171812,2,42.93,27.54,31880,3,43.0,27.76,73038,3,42.04,29.5,97282,3,41.89,28.72,20785,3,41.12,30.36,32487,3,41.24,29.87
248729,2026-07-15T15:02:42.271336,masalapowder,39024,3,42.02,28.4,37448,3,42.58,28.24,171812,2,42.9,27.63,31880,3,42.98,27.82,73038,3,42.03,29.56,97282,3,41.88,28.77,20785,3,41.13,30.41,32487,3,41.23,29.93
249079,2026-07-15T15:02:42.621668,masalapowder,39024,3,42.01,28.44,37448,3,42.57,28.29,171812,2,42.88,27.7,31880,3,42.97,27.86,73038,3,42.02,29.61,97282,3,41.86,28.87,20785,3,41.11,30.45,32487,3,41.22,29.99
249429,2026-07-15T15:02:42.978609,masalapowder,39024,3,42.0,28.5,37448,3,42.56,28.36,56687,2,42.85,27.78,31880,3,42.96,27.9,73038,3,42.01,29.65,97282,3,41.85,28.92,20785,3,41.1,30.5,32487,3,41.2,30.04
249779,2026-07-15T15:02:43.329978,masalapowder,39024,3,42.0,28.53,37448,3,42.55,28.41,56687,3,42.84,27.85,31880,3,42.95,27.96,73038,3,42.01,29.69,97282,3,41.83,28.99,20785,3,41.09,30.54,32487,3,41.2,30.08
250129,2026-07-15T15:02:43.671651,masalapowder,39024,3,41.99,28.57,37448,3,42.53,28.46,56687,3,42.82,27.93,31880,3,42.93,27.99,73038,3,41.99,29.74,97282,3,41.82,29.04,20785,3,41.08,30.59,32487,3,41.18,30.14
250479,2026-07-15T15:02:44.024527,masalapowder,39024,3,41.98,28.58,37448,3,42.52,28.52,56687,3,42.8,27.99,31880,3,42.91,28.02,73038,3,41.98,29.79,97282,3,41.8,29.06,20785,3,41.07,30.62,32487,3,41.16,30.16
250829,2026-07-15T15:02:44.380499,masalapowder,39024,3,41.97,28.62,37448,3,42.52,28.55,56687,3,42.79,28.05,31880,3,42.91,28.06,73038,3,41.98,29.8,97282,3,41.8,29.13,20785,3,41.06,30.66,32487,3,41.15,30.22
251179,2026-07-15T15:02:44.731704,masalapowder,39024,3,41.97,28.65,37448,3,42.5,28.6,56687,3,42.78,28.11,31880,3,42.89,28.08,73038,3,41.97,29.84,97282,3,41.79,29.17,20785,3,41.06,30.69,32487,3,41.15,30.22
251529,2026-07-15T15:02:45.076480,masalapowder,39024,3,41.96,28.69,37448,3,42.49,28.64,56687,3,42.77,28.14,31880,3,42.89,28.12,73038,3,41.96,29.89,97282,3,41.77,29.21,20785,3,41.06,30.71,32487,3,41.14,30.28
251879,2026-07-15T15:02:45.422948,masalapowder,39024,3,41.96,28.69,37448,3,42.48,28.68,56687,3,42.76,28.16,31880,3,42.88,28.15,73038,3,41.96,29.9,97282,3,41.77,29.25,20785,3,41.04,30.75,32487,3,41.13,30.31
252229,2026-07-15T15:02:45.779625,masalapowder,39024,3,41.95,28.71,37448,3,42.48,28.71,56687,3,42.75,28.23,31880,3,42.87,28.15,73038,3,41.95,29.92,97282,3,41.75,29.3,20785,3,41.04,30.79,32487,3,41.13,30.32
252579,2026-07-15T15:02:46.124691,masalapowder,39024,3,41.94,28.74,37448,3,42.47,28.75,56687,3,42.74,28.28,31880,3,42.87,28.19,73038,3,41.94,29.97,97282,3,41.75,29.33,20785,3,41.03,30.79,32487,3,41.11,30.35
252929,2026-07-15T15:02:46.480488,masalapowder,39024,3,41.94,28.76,37448,3,42.47,28.78,56687,3,42.73,28.32,31880,3,42.85,28.25,73038,3,41.93,29.97,97282,3,41.74,29.36,20785,3,41.03,30.83,32487,3,41.11,30.4
253279,2026-07-15T15:02:46.831891,masalapowder,39024,3,41.93,28.68,37448,3,42.46,28.81,56687,3,42.73,28.36,31880,3,42.84,28.28,73038,3,41.93,30.0,97282,3,41.74,29.39,20785,3,41.02,30.85,32487,3,41.1,30.43
253629,2026-07-15T15:02:47.176261,masalapowder,39024,3,41.93,28.8,37448,3,42.46,28.85,56687,3,42.72,28.38,31880,3,42.84,28.28,73038,3,41.92,30.01,97282,3,41.73,29.41,20785,3,41.02,30.89,32487,3,41.09,30.45
253979,2026-07-15T15:02:47.528589,masalapowder,39024,3,41.91,28.83,37448,3,42.44,28.85,56687,3,42.71,28.4,31880,3,42.83,28.31,73038,3,41.91,30.04,97282,3,41.73,29.44,20785,3,41.0,30.9,32487,3,41.09,30.47
254329,2026-07-15T15:02:47.868951,masalapowder,39024,3,41.9,28.84,37448,3,42.44,28.88,56687,3,42.7,28.45,31880,3,42.83,28.32,73038,3,41.9,30.05,97282,3,41.72,29.46,20785,3,41.0,30.91,32487,3,41.08,30.49
254679,2026-07-15T15:02:48.227487,masalapowder,39024,3,41.9,28.87,37448,3,42.44,28.92,56687,3,42.7,28.47,31880,3,42.83,28.34,73038,3,41.9,30.09,97282,3,41.72,29.49,20785,3,41.0,30.92,32487,3,41.08,30.5
255029,2026-07-15T15:02:48.574496,masalapowder,39024,3,41.9,28.87,37448,3,42.44,28.92,56687,3,42.69,28.48,31880,3,42.82,28.36,73038,3,41.89,30.09,97282,3,41.72,29.51,20785,3,40.99,30.95,32487,3,41.08,30.52
255379,2026-07-15T15:02:48.914834,masalapowder,39024,3,41.89,28.88,37448,3,42.43,28.97,56687,3,42.69,28.51,31880,3,42.81,28.4,73038,3,41.89,30.11,97282,3,41.71,29.53,20785,3,40.99,30.97,32487,3,41.07,30.55
255729,2026-07-15T15:02:49.453650,masalapowder,39024,3,41.89,28.89,37448,3,42.43,28.95,56687,3,42.68,28.53,31880,3,42.81,28.41,73038,3,41.88,30.12,97282,3,41.71,29.56,20785,3,40.98,30.99,32487,3,41.06,30.57
256079,2026-07-15T15:02:49.628897,masalapowder,39024,3,41.89,28.91,37448,3,42.42,28.97,56687,3,42.68,28.55,31880,3,42.81,28.42,73038,3,41.89,30.14,97282,3,41.7,29.57,20785,3,40.98,30.98,32487,3,41.05,30.58
256429,2026-07-15T15:02:49.979887,masalapowder,39024,3,41.88,28.92,37448,3,42.42,28.99,56687,3,42.68,28.57,31880,3,42.81,28.42,73038,3,41.88,30.16,97282,3,41.7,29.61,20785,3,40.97,31.02,32487,3,41.05,30.59
256779,2026-07-15T15:02:50.329847,masalapowder,39024,3,41.88,28.93,37448,3,42.42,28.99,56687,3,42.68,28.59,31880,3,42.8,28.43,73732,3,41.88,30.17,97282,3,41.69,29.62,17922,3,40.97,31.03,32487,3,41.05,30.6
257129,2026-07-15T15:02:50.681280,masalapowder,39825,3,41.87,28.94,37448,3,42.4,29.03,56687,3,42.67,28.6,33272,3,42.8,28.45,73732,4,42.32,30.23,97282,3,41.69,29.62,17922,4,41.37,31.08,32487,3,41.04,30.64
257479,2026-07-15T15:02:51.021321,masalapowder,39825,4,42.31,29.0,37448,3,42.42,29.04,56687,3,42.66,28.62,33272,4,43.24,28.51,73732,4,42.65,30.28,97282,3,41.69,29.65,17922,4,41.68,31.13,30124,3,41.04,30.65
257829,2026-07-15T15:02:51.379862,masalapowder,39825,4,42.62,29.01,37448,3,42.4,29.04,56687,3,42.66,28.65,33272,4,43.55,28.53,73732,4,42.82,30.31,97282,3,41.68,29.66,17922,4,41.83,31.11,30124,4,41.45,30.71
258179,2026-07-15T15:02:51.722534,masalapowder,39825,4,42.77,29.0,37448,3,42.41,29.07,56687,3,42.65,28.65,33272,4,43.71,28.52,73732,4,42.92,30.25,97282,3,41.68,29.67,17922,4,41.92,31.07,30124,4,41.75,30.74
258529,2026-07-15T15:02:52.072780,masalapowder,39825,4,42.85,28.93,37448,3,42.4,29.07,56687,3,42.66,28.66,33272,4,43.82,28.48,33324,5,43.03,30.06,99610,3,41.69,29.68,11527,4,41.98,31.02,30124,4,41.91,30.73
258879,2026-07-15T15:02:52.423244,masalapowder,20119,4,42.9,28.87,39312,3,42.41,29.09,56687,3,42.65,28.67,17144,4,43.88,28.41,33324,5,43.07,30.0,99610,4,42.11,29.77,11527,5,42.03,30.96,30124,4,42.0,30.7
259229,2026-07-15T15:02:52.771177,masalapowder,20119,5,42.93,28.83,39312,4,42.83,29.15,56687,3,42.65,28.7,17144,5,43.93,28.34,33324,5,43.1,29.92,99610,4,42.44,29.78,11527,5,42.06,30.89,16846,4,42.07,30.64
259579,2026-07-15T15:02:53.129685,masalapowder,20119,5,42.96,28.76,39312,4,43.15,29.18,56687,3,42.66,28.7,17144,5,43.97,28.26,33324,5,43.13,29.86,99610,4,42.6,29.77,11527,5,42.09,30.83,16846,5,42.11,30.57
259929,2026-07-15T15:02:53.479303,masalapowder,20119,5,42.98,28.71,39312,4,43.3,29.14,56350,3,42.66,28.72,17144,5,44.0,28.2,29137,5,43.16,29.78,99610,4,42.7,29.71,11527,5,42.11,30.78,16846,5,42.14,30.52
260279,2026-07-15T15:02:53.817626,masalapowder,20119,5,43.0,28.64,39312,4,43.4,29.08,56350,4,43.08,28.76,17144,5,44.02,28.16,29137,6,43.17,29.73,45665,4,42.77,29.64,10040,5,42.13,30.72,16846,5,42.17,30.44
260629,2026-07-15T15:02:54.170022,masalapowder,17297,5,43.01,28.57,21283,4,43.45,29.04,56350,4,43.41,28.8,14628,5,44.04,28.11,29137,6,43.19,29.68,45665,5,42.83,29.58,10040,6,42.15,30.65,16846,5,42.19,30.38
260979,2026-07-15T15:02:54.531701,masalapowder,17297,6,43.03,28.51,21283,5,43.51,28.96,56350,4,43.57,28.75,14628,6,44.05,28.03,29137,6,43.2,29.61,45665,5,42.86,29.5,10040,6,42.17,30.57,14538,5,42.21,30.31
261329,2026-07-15T15:02:54.879294,masalapowder,17297,6,43.04,28.48,21283,5,43.54,28.9,56350,4,43.66,28.69,14628,6,44.08,27.98,29137,6,43.22,29.57,45665,5,42.89,29.44,10040,6,42.18,30.54,14538,6,42.23,30.25
261679,2026-07-15T15:02:55.223492,masalapowder,17297,6,43.04,28.44,21283,5,43.57,28.84,29602,4,43.74,28.62,14628,6,44.09,27.95,26234,6,43.24,29.52,45665,5,42.92,29.39,10040,6,42.19,30.49,14538,6,42.24,30.21
262029,2026-07-15T15:02:55.578669,masalapowder,17297,6,43.06,28.4,21283,5,43.59,28.76,29602,5,43.79,28.57,14628,6,44.11,27.91,26234,7,43.48,29.52,39348,5,42.95,29.31,9067,6,42.21,30.42,14538,6,42.26,30.2
262379,2026-07-15T15:02:55.929007,masalapowder,15432,6,43.07,28.34,18073,5,43.62,28.7,29602,5,43.82,28.49,12942,6,44.12,27.85,26234,7,43.7,29.49,39348,6,42.96,29.27,9067,7,42.44,30.44,13141,6,42.29,30.06
262729,2026-07-15T15:02:56.274767,masalapowder,15432,7,43.31,28.35,18073,6,43.63,28.64,29602,5,43.86,28.43,12942,7,44.35,27.85,26234,7,43.82,29.44,39348,6,42.98,29.2,9067,7,42.64,30.4,13141,7,42.52,30.05
263079,2026-07-15T15:02:56.619746,masalapowder,15432,7,43.5,28.32,18073,6,43.65,28.6,29602,5,43.88,28.36,12942,7,44.57,27.81,26234,7,43.91,29.38,39348,6,43.0,29.16,9067,7,42.77,30.34,13141,7,42.72,30.02
263429,2026-07-15T15:02:56.980042,masalapowder,15432,7,43.61,28.26,18073,6,43.67,28.55,25651,5,43.9,28.29,12942,7,44.69,27.76,89982,7,43.98,29.31,39348,6,43.01,29.1,9067,7,42.86,30.28,13141,7,42.84,29.97
263779,2026-07-15T15:02:57.319320,masalapowder,15432,7,43.68,28.24,18073,6,43.69,28.52,25651,6,43.93,28.25,12942,7,44.78,27.7,89982,8,44.03,29.23,35457,6,43.03,29.05,60420,7,42.92,30.22,13141,7,42.92,29.92
264129,2026-07-15T15:02:57.682046,masalapowder,78191,7,43.72,28.16,16182,6,43.71,28.46,25651,6,43.94,28.2,74052,7,44.84,27.65,89982,8,44.06,29.16,35457,7,43.29,29.05,60420,8,42.96,30.15,65422,7,42.98,29.85
264479,2026-07-15T15:02:58.026201,masalapowder,78191,8,43.76,28.08,16182,7,43.96,28.43,25651,6,43.97,28.14,74052,8,44.89,27.57,89982,8,44.1,29.08,35457,7,43.51,29.03,60420,8,42.99,30.04,65422,8,43.02,29.78
264829,2026-07-15T15:02:58.374448,masalapowder,78191,8,43.79,28.01,16182,7,44.17,28.47,25651,6,43.98,28.09,74052,8,44.93,27.51,89982,8,44.12,29.02,35457,7,43.64,28.98,60420,8,43.03,30.31,65422,8,43.06,29.7
265179,2026-07-15T15:02:58.718387,masalapowder,78191,8,43.82,27.97,16182,7,44.3,28.29,22735,6,44.0,28.05,74052,8,44.97,27.44,102420,8,44.16,28.96,35457,7,43.73,28.91,66701,8,43.07,29.87,65422,8,43.09,29.65
265529,2026-07-15T15:02:59.077512,masalapowder,78191,8,43.85,27.89,16182,7,44.39,28.44,22735,7,44.25,28.03,74052,8,45.0,27.39,102420,9,44.17,28.88,135092,7,43.8,28.82,66701,9,43.1,29.82,65422,8,43.12,29.59
265879,2026-07-15T15:02:59.431683,masalapowder,85992,8,43.88,27.84,94849,7,44.45,28.25,22735,7,44.48,28.0,82182,8,45.02,27.32,102420,9,44.2,28.82,135092,8,43.85,28.78,66701,9,43.12,29.74,72051,8,43.15,29.52
266229,2026-07-15T15:02:59.781645,masalapowder,85992,9,43.89,27.81,94849,8,44.5,28.06,22735,7,44.61,27.96,82182,9,45.05,27.26,102420,9,44.22,28.77,135092,8,43.89,28.69,66701,9,43.14,29.71,72051,9,43.18,29.46
266579,2026-07-15T15:03:00.124445,masalapowder,85992,9,43.91,27.75,94849,8,44.54,28.08,22735,7,44.7,27.89,82182,9,45.07,27.2,102420,9,44.24,28.72,135092,8,43.93,28.61,66701,9,43.16,29.65,72051,9,43.19,29.4
266929,2026-07-15T15:03:00.475804,masalapowder,85992,9,43.93,27.7,94849,8,44.61,27.96,98348,7,44.77,27.81,82182,9,45.1,27.17,105068,9,44.26,28.67,135092,8,43.95,28.56,68193,9,43.18,29.6,72051,9,43.21,29.35
267279,2026-07-15T15:03:00.845201,masalapowder,85992,9,43.95,27.68,103790,8,44.63,27.9,98348,8,44.81,27.74,82182,9,45.13,27.11,105068,0,44.28,28.6,149532,8,43.98,28.47,68193,0,43.19,29.54,72051,9,43.23,29.3
267629,2026-07-15T15:03:01.179365,masalapowder,88950,9,43.96,27.62,103790,9,44.66,27.84,98348,8,44.85,27.67,84796,9,45.14,27.06,105068,0,44.29,28.57,149532,9,44.01,28.43,68193,0,43.21,29.5,73542,9,43.25,29.24
267979,2026-07-15T15:03:01.525283,masalapowder,88950,0,43.98,27.61,103790,9,44.68,27.78,98348,8,44.88,27.61,84796,0,45.16,27.03,105068,0,44.31,28.54,149532,9,44.04,28.38,68193,0,43.23,29.46,73542,0,43.27,29.2
268329,2026-07-15T15:03:01.869381,masalapowder,88950,0,44.0,27.57,103790,9,44.71,27.72,98348,8,44.91,27.53,84796,0,45.19,26.99,105068,0,44.33,28.5,149532,9,44.08,28.26,68193,0,43.25,29.43,73542,0,43.29,29.15
268679,2026-07-15T15:03:02.229297,masalapowder,88950,0,44.02,27.52,103790,9,44.73,27.69,109028,8,44.95,27.49,84796,0,45.2,26.94,107112,0,44.34,28.47,153846,9,44.1,28.18,68798,0,43.26,29.37,73542,0,43.31,29.1
269029,2026-07-15T15:03:02.580903,masalapowder,88950,0,44.04,27.49,106048,9,44.75,27.63,109028,9,44.98,27.43,84796,0,45.23,26.89,107112,1,43.66,28.34,153846,0,44.12,28.16,68798,1,42.63,29.25,73542,0,43.33,29.06
269379,2026-07-15T15:03:02.925765,masalapowder,89604,0,44.06,27.46,106048,0,44.77,27.55,109028,9,45.0,27.36,85906,0,45.24,26.86,211964,1,43.14,28.27,153846,0,44.14,28.11,63713,1,42.15,29.21,74052,0,43.34,29.01
269729,2026-07-15T15:03:03.269521,masalapowder,89604,1,43.39,27.35,106048,0,44.78,27.53,109028,9,45.02,27.32,85906,1,44.59,26.74,211964,2,42.86,28.3,153846,0,44.15,28.07,63713,2,41.88,29.21,74052,1,42.69,28.92
270079,2026-07-15T15:03:03.631980,masalapowder,115601,1,42.92,27.3,106048,0,44.8,27.49,109028,9,45.04,27.27,90941,1,44.09,26.7,211964,2,42.71,28.35,153846,0,44.17,28.02,63713,2,41.73,29.26,94639,1,42.21,28.85
270429,2026-07-15T15:03:03.977302,masalapowder,115601,2,42.69,27.34,106048,0,44.81,27.47,112035,9,45.06,27.22,90941,2,43.83,26.72,211964,2,42.61,28.42,155245,0,44.18,27.96,63713,2,41.63,29.32,94639,2,41.96,28.86
270779,2026-07-15T15:03:04.323187,masalapowder,115601,2,42.57,27.38,107450,0,44.83,27.42,112035,0,45.08,27.17,90941,2,43.67,26.77,211964,2,42.52,28.52,155245,1,43.49,27.88,63713,2,41.56,29.41,94639,2,41.82,28.91
271129,2026-07-15T15:03:04.675917,masalapowder,115601,2,42.48,27.46,107450,1,44.16,27.31,112035,0,45.1,27.13,90941,2,43.57,26.86,211964,2,42.46,28.63,289674,1,42.96,27.82,63713,2,41.5,29.48,94639,2,41.72,28.97
271479,2026-07-15T15:03:05.030364,masalapowder,115601,2,42.45,27.56,107857,1,43.65,27.26,112035,0,45.11,27.08,90941,2,43.5,26.91,211964,2,42.42,28.71,289674,2,42.69,27.82,63713,2,41.47,29.57,94639,2,41.65,29.05
271829,2026-07-15T15:03:05.369387,masalapowder,115601,2,42.41,27.64,107857,2,43.39,27.26,112035,0,45.13,27.04,90941,2,43.45,26.98,211964,2,42.38,28.79,289674,2,42.52,27.89,63713,2,41.43,29.67,94639,2,41.59,29.14
272179,2026-07-15T15:03:05.738119,masalapowder,115601,2,42.39,27.72,107857,2,43.24,27.33,112924,0,45.13,27.0,90941,2,43.41,27.08,211964,2,42.36,28.87,289674,2,42.4,27.96,63713,2,41.4,29.75,94639,2,41.55,29.21
272529,2026-07-15T15:03:06.070803,masalapowder,115601,2,42.37,27.8,107857,2,43.14,27.37,112924,1,44.45,26.89,90941,2,43.38,27.16,211964,2,42.33,28.95,289674,2,42.33,28.04,63713,2,41.38,29.85,94639,2,41.51,29.3
272879,2026-07-15T15:03:06.431588,masalapowder,115601,2,42.36,27.86,107857,2,43.06,27.47,160200,1,43.94,26.86,90941,2,43.36,27.23,74052,2,42.32,29.03,289674,2,42.27,28.12,21011,2,41.36,29.89,94639,2,41.49,29.38
273229,2026-07-15T15:03:06.778647,masalapowder,115601,2,42.34,27.93,107857,2,43.01,27.56,160200,2,43.67,26.89,90941,2,43.34,27.31,74052,3,42.29,29.1,289674,2,42.21,28.22,21011,3,41.35,29.99,94639,2,41.46,29.46
273579,2026-07-15T15:03:07.122602,masalapowder,39131,2,42.34,27.99,107857,2,42.97,27.67,160200,2,43.52,26.94,32339,2,43.32,27.38,74052,3,42.27,29.17,289674,2,42.18,28.32,21011,3,41.33,30.04,32661,2,41.45,29.54
273929,2026-07-15T15:03:07.482015,masalapowder,39131,3,42.32,28.05,107857,2,42.94,27.74,160200,2,43.41,27.04,32339,3,43.3,27.42,74052,3,42.26,29.25,289674,2,42.15,28.41,21011,3,41.32,30.12,32661,3,41.43,29.61
274279,2026-07-15T15:03:07.829454,masalapowder,39131,3,42.32,28.11,107857,2,42.9,27.82,160200,2,43.34,27.12,32339,3,43.3,27.49,74052,3,42.24,29.31,289674,2,42.11,28.48,21011,3,41.29,30.14,32661,3,41.42,29.66
274629,2026-07-15T15:03:08.168222,masalapowder,39131,3,42.3,28.15,107857,2,42.88,27.89,160200,2,43.27,27.21,32339,3,43.28,27.55,74052,3,42.24,29.34,97784,2,42.1,28.55,21011,3,41.29,30.22,32661,3,41.4,29.75
274979,2026-07-15T15:03:08.529039,masalapowder,39131,3,42.3,28.2,37514,2,42.87,27.98,160200,2,43.22,27.3,32339,3,43.26,27.6,74052,3,42.22,29.42,97784,3,42.07,28.62,21011,3,41.28,30.28,32661,3,41.39,29.81
275329,2026-07-15T15:03:08.876686,masalapowder,39131,3,42.29,28.24,37514,3,42.85,28.03,160200,2,43.19,27.39,32339,3,43.25,27.65,74052,3,42.21,29.44,97784,3,42.05,28.68,21011,3,41.27,30.33,32661,3,41.37,29.86
275679,2026-07-15T15:03:09.223105,masalapowder,39131,3,42.28,28.27,37514,3,42.84,28.1,160200,2,43.16,27.48,32339,3,43.23,27.69,74052,3,42.2,29.51,97784,3,42.03,28.75,21011,3,41.26,30.38,32661,3,41.36,29.91
276029,2026-07-15T15:03:09.574921,masalapowder,39131,3,42.27,28.32,37514,3,42.83,28.18,160200,2,43.13,27.56,32339,3,43.23,27.74,74052,3,42.19,29.55,97784,3,42.03,28.82,21011,3,41.25,30.41,32661,3,41.36,29.95
276379,2026-07-15T15:03:09.922690,masalapowder,39131,3,42.28,28.37,37514,3,42.81,28.21,55652,2,43.11,27.64,32339,3,43.22,27.79,74052,3,42.18,29.61,97784,3,42.01,28.89,21011,3,41.24,30.47,32661,3,41.34,30.0
276729,2026-07-15T15:03:10.277014,masalapowder,39131,3,42.25,28.39,37514,3,42.81,28.26,55652,3,43.09,27.68,32339,3,43.2,27.8,74052,3,42.16,29.62,97784,3,42.0,28.94,21011,3,41.23,30.49,32661,3,41.32,30.02
277079,2026-07-15T15:03:10.629054,masalapowder,39131,3,42.25,28.41,37514,3,42.79,28.34,55652,3,43.07,27.78,32339,3,43.19,27.84,74052,3,42.16,29.66,97784,3,41.99,28.99,21011,3,41.22,30.54,32661,3,41.32,30.08
277429,2026-07-15T15:03:11.078926,masalapowder,39131,3,42.24,28.44,37514,3,42.79,28.36,55652,3,43.06,27.83,32339,3,43.18,27.86,74052,3,42.15,29.71,97784,3,41.99,29.01,21011,3,41.21,30.56,32661,3,41.31,30.11
277779,2026-07-15T15:03:11.329106,masalapowder,39131,3,42.24,28.47,37514,3,42.78,28.42,55652,3,43.04,27.88,32339,3,43.17,27.91,74052,3,42.14,29.73,97784,3,41.97,29.05,21011,3,41.21,30.6,32661,3,41.31,30.14
278129,2026-07-15T15:03:11.678902,masalapowder,39131,3,42.23,28.49,37514,3,42.77,28.46,55652,3,43.03,27.93,32339,3,43.16,27.95,74052,3,42.14,29.77,97784,3,41.96,29.12,21011,3,41.2,30.65,32661,3,41.3,30.18
278479,2026-07-15T15:03:12.029052,masalapowder,39131,3,42.22,28.53,37514,3,42.76,28.49,55652,3,43.02,27.98,32339,3,43.15,27.97,74052,3,42.14,29.79,97784,3,41.94,29.13,21011,3,41.2,30.67,32661,3,41.28,30.22
278829,2026-07-15T15:03:12.380106,masalapowder,39131,3,42.22,28.54,37514,3,42.75,28.52,55652,3,43.01,28.03,32339,3,43.15,27.99,74052,3,42.12,29.81,97784,3,41.94,29.18,21011,3,41.18,30.68,32661,3,41.28,30.23
279179,2026-07-15T15:03:12.725094,masalapowder,39131,3,42.22,28.56,37514,3,42.74,28.56,55652,3,43.01,28.07,32339,3,43.13,28.02,74052,3,42.12,29.84,97784,3,41.93,29.21,21011,3,41.18,30.71,32661,3,41.27,30.28
279529,2026-07-15T15:03:13.078493,masalapowder,39131,3,42.2,28.59,37514,3,42.74,28.58,55652,3,43.0,28.11,32339,3,43.13,28.03,74052,3,42.11,29.85,97784,3,41.93,29.26,21011,3,41.18,30.73,32661,3,41.27,30.29
279879,2026-07-15T15:03:13.538939,masalapowder,39131,3,42.2,28.61,37514,3,42.73,28.6,55652,3,42.99,28.16,32339,3,43.12,28.07,74052,3,42.09,29.9,97784,3,41.92,29.26,21011,3,41.17,30.75,32661,3,41.26,30.32
280229,2026-07-15T15:03:13.778926,masalapowder,39131,3,42.19,28.61,37514,3,42.73,28.62,55652,3,42.98,28.17,32339,3,43.12,28.08,74052,3,42.1,29.91,97784,3,41.92,29.3,21011,3,41.16,30.77,32661,3,41.25,30.35
280579,2026-07-15T15:03:14.127269,masalapowder,39131,3,42.19,28.62,37514,3,42.72,28.66,55652,3,42.97,28.21,32339,3,43.11,28.11,74052,3,42.09,29.94,97784,3,41.9,29.34,21011,3,41.16,30.81,32661,3,41.25,30.37
280929,2026-07-15T15:03:14.478764,masalapowder,39131,3,42.18,28.63,37514,3,42.71,28.68,55652,3,42.96,28.22,32339,3,43.1,28.11,74052,3,42.09,29.94,97784,3,41.9,29.35,21011,3,41.15,30.82,32661,3,41.25,30.39
281279,2026-07-15T15:03:14.824441,masalapowder,39131,3,42.18,28.64,37514,3,42.71,28.69,55652,3,42.96,28.26,32339,3,43.1,28.21,74052,3,42.09,29.96,97784,3,41.9,29.36,21011,3,41.16,30.84,32661,3,41.24,30.41
281629,2026-07-15T15:03:15.179066,masalapowder,39131,3,42.18,28.67,37514,3,42.71,28.71,55652,3,42.95,28.31,32339,3,43.09,28.09,74052,3,42.08,29.99,97784,3,41.89,29.41,21011,3,41.15,30.86,32661,3,41.23,30.45
281979,2026-07-15T15:03:15.528789,masalapowder,39131,3,42.17,28.75,37514,3,42.7,28.73,55652,3,42.95,28.3,32339,3,43.08,28.2,74052,3,42.08,30.01,97784,3,41.89,29.42,21011,3,41.14,30.89,32661,3,41.23,30.46
282329,2026-07-15T15:03:15.865478,masalapowder,39131,3,42.17,28.69,37514,3,42.7,28.74,55652,3,42.94,28.35,32339,3,43.07,28.2,74052,3,42.07,30.01,97784,3,41.88,29.43,21011,3,41.14,30.87,32661,3,41.22,30.47
282679,2026-07-15T15:03:16.292114,masalapowder,39131,3,42.16,28.69,37514,3,42.69,28.76,55652,3,42.93,28.36,32339,3,43.07,28.19,74052,3,42.07,30.03,97784,3,41.88,29.46,21011,3,41.13,30.9,32661,3,41.22,30.48
283029,2026-07-15T15:03:16.578654,masalapowder,39131,3,42.15,28.72,37514,3,42.7,28.77,55652,3,42.94,28.39,32339,3,43.06,28.22,75360,3,42.07,30.04,97784,3,41.88,29.46,21011,3,41.13,30.92,32661,3,41.21,30.49
283379,2026-07-15T15:03:16.928623,masalapowder,39131,3,42.15,28.71,37514,3,42.7,28.77,55652,3,42.92,28.4,32339,3,43.06,28.22,75360,4,42.5,30.11,97784,3,41.87,29.49,18353,3,41.12,30.92,32661,3,41.2,30.52
283729,2026-07-15T15:03:17.271779,masalapowder,40391,3,42.14,28.73,37514,3,42.68,28.8,55652,3,42.92,28.42,33880,3,43.05,28.25,75360,4,42.83,30.12,97784,3,41.86,29.51,18353,4,41.53,31.01,32661,3,41.19,30.52
284079,2026-07-15T15:03:17.623007,masalapowder,40391,4,42.59,28.81,37514,3,42.68,28.81,55652,3,42.92,28.41,33880,4,43.5,28.29,75360,4,43.01,30.09,97784,3,41.86,29.53,18353,4,41.84,31.01,30622,3,41.2,30.54
284429,2026-07-15T15:03:17.974310,masalapowder,40391,4,42.9,28.81,37514,3,42.67,28.81,55652,3,42.92,28.42,33880,4,43.81,28.33,75360,4,43.1,30.05,97784,3,41.87,29.52,18353,4,41.99,31.0,30622,4,41.6,30.62
284779,2026-07-15T15:03:18.332053,masalapowder,40391,4,43.03,28.78,37514,3,42.68,28.82,55652,3,42.91,28.46,33880,4,43.97,28.28,32989,4,43.17,29.98,97784,3,41.86,29.55,18353,4,42.07,30.94,30622,4,41.91,30.64
285129,2026-07-15T15:03:18.670885,masalapowder,40391,4,43.12,28.72,37514,3,42.68,28.86,55652,3,42.91,28.46,33880,4,44.07,28.23,32989,5,43.23,29.91,101145,3,41.86,29.55,11440,4,42.15,30.9,30622,4,42.06,30.61
285479,2026-07-15T15:03:19.030118,masalapowder,19912,4,43.18,28.65,39640,3,42.68,28.87,55652,3,42.91,28.48,16967,4,44.14,28.19,32989,5,43.27,29.84,101145,4,42.29,29.62,11440,5,42.19,30.85,30622,4,42.16,30.57
285829,2026-07-15T15:03:19.368748,masalapowder,19912,5,43.21,28.59,39640,4,43.11,28.91,55652,3,42.91,28.49,16967,5,44.19,28.13,32989,5,43.3,29.76,101145,4,42.62,29.64,11440,5,42.22,30.75,16714,4,42.22,30.51
286179,2026-07-15T15:03:19.719781,masalapowder,19912,5,43.24,28.53,39640,4,43.42,28.93,55652,3,42.91,28.5,16967,5,44.23,28.05,32989,5,43.32,29.7,101145,4,42.79,29.61,11440,5,42.26,30.71,16714,5,42.26,30.44
286529,2026-07-15T15:03:20.082958,masalapowder,19912,5,43.26,28.46,39640,4,43.59,28.9,55652,3,42.92,28.53,16967,5,44.25,27.98,29038,5,43.34,29.62,101145,4,42.88,29.56,11440,5,42.28,30.63,16714,5,42.31,30.39
286879,2026-07-15T15:03:20.419368,masalapowder,19912,5,43.27,28.38,39640,4,43.68,28.83,56017,3,42.91,28.5,16967,5,44.28,27.93,29038,6,43.36,29.58,45133,4,42.96,29.49,10021,5,42.29,30.55,16714,5,42.33,30.33
287229,2026-07-15T15:03:20.764735,masalapowder,17007,5,43.28,28.35,20887,4,43.75,28.78,56017,4,43.36,28.56,14479,5,44.3,27.86,29038,6,43.37,29.51,45133,5,43.0,29.42,10021,6,42.31,30.5,16714,5,42.34,30.26
287579,2026-07-15T15:03:21.121117,masalapowder,17007,6,43.29,28.29,20887,5,43.79,28.71,56017,4,43.67,28.58,14479,6,44.31,27.8,29038,6,43.39,29.46,45133,5,43.04,29.37,10021,6,42.32,30.46,14598,5,42.37,30.19
287929,2026-07-15T15:03:21.479656,masalapowder,17007,6,43.31,28.24,20887,5,43.82,28.63,56017,4,43.83,28.54,14479,6,44.34,27.75,29038,6,43.41,29.41,45133,5,43.07,29.31,10021,6,42.34,30.39,14598,6,42.38,30.14
288279,2026-07-15T15:03:21.829645,masalapowder,17007,6,43.32,28.19,20887,5,43.85,28.59,56017,4,43.92,28.48,14479,6,44.35,27.71,26106,6,43.42,29.35,45133,5,43.09,29.25,10021,6,42.34,30.35,14598,6,42.39,30.08
288629,2026-07-15T15:03:22.174253,masalapowder,17007,6,43.33,28.13,20887,5,43.88,28.51,28686,4,44.0,28.43,14479,6,44.36,27.66,26106,7,43.66,29.35,39060,5,43.12,29.17,9098,6,42.35,30.34,14598,6,42.42,30.03
288979,2026-07-15T15:03:22.525658,masalapowder,15311,6,43.34,28.11,17832,5,43.89,28.45,28686,5,44.05,28.34,12895,6,44.38,27.61,26106,7,43.88,29.3,39060,6,43.14,29.09,9098,7,42.59,30.38,14598,6,42.43,29.99
289329,2026-07-15T15:03:22.879613,masalapowder,15311,7,43.58,28.11,17832,6,43.92,28.39,28686,5,44.09,28.28,12895,7,44.62,27.58,26106,7,44.01,29.25,39060,6,43.16,29.05,9098,7,42.93,30.22,13174,6,42.44,29.94
289679,2026-07-15T15:03:23.225116,masalapowder,15311,7,43.77,28.08,17832,6,43.93,28.34,28686,5,44.11,28.19,12895,7,44.82,27.58,26106,7,44.09,29.2,39060,6,43.17,28.98,9098,7,43.01,30.15,13174,7,42.69,29.93
290029,2026-07-15T15:03:23.579496,masalapowder,15311,7,43.88,28.04,17832,6,43.95,28.29,28686,5,44.14,28.14,12895,7,44.95,27.52,87401,7,44.15,29.12,39060,6,43.19,28.95,58076,7,43.07,30.08,13174,7,42.88,29.89
290379,2026-07-15T15:03:23.925448,masalapowder,15311,7,43.95,27.97,17832,6,43.96,28.22,24888,5,44.17,28.07,12895,7,45.04,27.45,87401,8,44.2,29.02,34991,6,43.2,28.9,58076,8,43.12,30.0,13174,7,42.99,29.86
290729,2026-07-15T15:03:24.275117,masalapowder,75694,7,43.99,27.89,15916,6,43.98,28.19,24888,6,44.19,28.01,71568,7,45.1,27.39,87401,8,44.24,28.95,34991,7,43.47,28.89,58076,8,43.16,29.92,13174,7,43.07,29.8
291079,2026-07-15T15:03:24.628639,masalapowder,75694,8,44.02,27.85,15916,7,44.23,28.17,24888,6,44.21,27.96,71568,8,45.15,27.34,87401,8,44.28,28.91,34991,7,43.7,28.86,58076,8,43.19,29.86,63665,7,43.14,29.76
291429,2026-07-15T15:03:24.978177,masalapowder,75694,8,44.06,27.8,15916,7,44.46,28.14,24888,6,44.23,27.91,71568,8,45.19,27.27,87401,8,44.3,28.82,34991,7,43.82,28.8,58076,8,43.21,29.78,63665,8,43.23,29.58
291779,2026-07-15T15:03:25.328893,masalapowder,75694,8,44.09,27.71,15916,7,44.58,28.08,24888,6,44.23,27.86,71568,8,45.22,27.19,98860,8,44.33,28.76,34991,7,43.92,28.74,64096,8,43.24,29.72,63665,8,43.25,29.49
292129,2026-07-15T15:03:25.674413,masalapowder,75694,8,44.1,27.67,15916,7,44.66,28.01,21962,6,44.26,27.82,71568,8,45.24,27.11,98860,9,44.36,28.69,130048,7,43.98,28.68,64096,9,43.27,29.66,63665,8,43.28,29.44
292479,2026-07-15T15:03:26.022615,masalapowder,83224,8,44.13,27.61,89887,7,44.72,27.96,21962,7,44.52,27.8,79800,8,45.28,27.05,98860,9,44.38,28.61,130048,8,44.03,28.59,64096,9,43.28,29.59,69697,8,43.31,29.38
292829,2026-07-15T15:03:26.377712,masalapowder,83224,9,44.15,27.55,89887,8,44.77,27.89,21962,7,44.74,27.77,79800,9,45.3,27.01,98860,9,44.4,28.56,130048,8,44.09,28.52,64096,9,43.3,29.53,69697,9,43.33,29.32
293179,2026-07-15T15:03:26.728893,masalapowder,83224,9,44.17,27.5,89887,8,44.81,27.81,21962,7,44.87,27.72,79800,9,45.32,26.94,98860,9,44.42,28.51,130048,8,44.12,28.45,64096,9,43.32,29.47,69697,9,43.35,29.25
293529,2026-07-15T15:03:27.076422,masalapowder,83224,9,44.19,27.45,89887,8,44.84,27.73,21962,7,44.96,27.64,79800,9,45.34,26.89,101748,9,44.45,28.45,130048,8,44.15,28.38,65372,9,43.33,29.41,69697,9,43.38,29.21
293879,2026-07-15T15:03:27.428298,masalapowder,83224,9,44.2,27.39,89887,8,44.87,27.65,92418,7,45.02,27.57,79800,9,45.36,26.82,101748,0,44.46,28.4,144103,8,44.18,28.31,65372,0,43.36,29.38,69697,9,43.4,29.14
294229,2026-07-15T15:03:27.779402,masalapowder,85304,9,44.22,27.36,99321,8,44.9,27.58,92418,8,45.08,27.5,81632,9,45.38,26.79,101748,0,44.48,28.37,144103,9,44.2,28.22,65372,0,43.37,29.33,71150,9,43.42,29.09
294579,2026-07-15T15:03:28.128703,masalapowder,85304,0,44.24,27.34,99321,9,44.93,27.52,92418,8,45.12,27.42,81632,0,45.41,26.74,101748,0,44.49,28.32,144103,9,44.22,28.16,65372,0,43.4,29.29,71150,0,43.43,29.05
294929,2026-07-15T15:03:28.476236,masalapowder,85304,0,44.26,27.3,99321,9,44.96,27.47,92418,8,45.15,27.34,81632,0,45.43,26.7,101748,0,44.51,28.28,144103,9,44.25,28.1,65372,0,43.42,29.25,71150,0,43.45,28.99
295279,2026-07-15T15:03:28.823500,masalapowder,85304,0,44.28,27.25,99321,9,44.98,27.4,92418,8,45.18,27.28,81632,0,45.45,26.66,103038,0,44.53,28.22,144103,9,44.27,28.04,66081,0,43.43,29.19,71150,0,43.47,28.96
295629,2026-07-15T15:03:29.178539,masalapowder,85304,0,44.29,27.24,99321,9,45.0,27.35,103538,8,45.21,27.22,81632,0,45.47,26.62,103038,1,43.84,28.12,149010,9,44.29,28.01,66081,1,42.79,29.09,71150,0,43.49,28.92
295979,2026-07-15T15:03:29.521750,masalapowder,85733,0,44.31,27.19,101386,9,45.02,27.3,103538,9,45.24,27.14,82500,0,45.49,26.58,207455,1,43.33,28.06,149010,0,44.31,27.96,63100,1,42.3,29.01,72234,0,43.5,28.87
296329,2026-07-15T15:03:29.872833,masalapowder,85733,1,43.64,27.08,101386,0,45.04,27.27,103538,9,45.27,27.11,82500,1,44.83,26.48,207455,2,43.05,28.08,149010,0,44.32,27.92,63100,2,42.04,29.04,72234,1,42.85,28.76
296679,2026-07-15T15:03:30.221142,masalapowder,112700,1,43.17,27.04,101386,0,45.06,27.22,103538,9,45.29,27.04,90077,1,44.33,26.41,207455,2,42.88,28.13,149010,0,44.33,27.88,63100,2,41.88,29.08,94902,1,42.38,28.68
297029,2026-07-15T15:03:30.569788,masalapowder,112700,2,42.94,27.06,101386,0,45.07,27.18,103538,9,45.31,26.98,90077,2,44.08,26.42,207455,2,42.78,28.2,149010,0,44.35,27.81,63100,2,41.79,29.15,94902,2,42.13,28.7
297379,2026-07-15T15:03:30.922700,masalapowder,112700,2,42.82,27.12,101386,0,45.08,27.14,105654,9,45.32,26.92,90077,2,43.93,26.49,207455,2,42.7,28.29,150190,0,44.36,27.79,63100,2,41.71,29.21,94902,2,41.98,28.75
297729,2026-07-15T15:03:31.272683,masalapowder,112700,2,42.74,27.19,102543,0,45.1,27.09,105654,0,45.34,26.89,90077,2,43.82,26.55,207455,2,42.65,28.38,150190,1,43.68,27.66,63100,2,41.67,29.31,94902,2,41.88,28.8
298079,2026-07-15T15:03:31.629460,masalapowder,112700,2,42.71,27.26,102543,1,44.42,26.98,105654,0,45.35,26.86,90077,2,43.76,26.6,207455,2,42.61,28.5,284602,1,43.15,27.61,63100,2,41.63,29.38,94902,2,41.8,28.9
298429,2026-07-15T15:03:31.979391,masalapowder,112700,2,42.67,27.33,105719,1,43.92,26.92,105654,0,45.37,26.79,90077,2,43.69,26.69,207455,2,42.57,28.56,284602,2,42.87,27.62,63100,2,41.59,29.48,94902,2,41.75,28.97
298779,2026-07-15T15:03:32.328816,masalapowder,112700,2,42.64,27.44,105719,2,43.65,26.94,105654,0,45.37,26.77,90077,2,43.66,26.78,207455,2,42.54,28.65,284602,2,42.7,27.66,63100,2,41.57,29.54,94902,2,41.71,29.06
299129,2026-07-15T15:03:32.669229,masalapowder,112700,2,42.63,27.49,105719,2,43.5,26.98,107585,0,45.39,26.72,90077,2,43.63,26.86,207455,2,42.51,28.73,284602,2,42.59,27.76,63100,2,41.54,29.63,94902,2,41.67,29.12
299479,2026-07-15T15:03:33.028523,masalapowder,112700,2,42.61,27.56,105719,2,43.4,27.06,107585,1,44.7,26.6,90077,2,43.61,26.92,74897,2,42.49,28.81,284602,2,42.51,27.82,21304,2,41.53,29.71,94902,2,41.65,29.21
299829,2026-07-15T15:03:33.380036,masalapowder,112700,2,42.6,27.64,105719,2,43.33,27.15,153293,1,44.19,26.57,90077,2,43.59,27.0,74897,3,42.47,28.86,284602,2,42.44,27.91,21304,3,41.51,29.79,94902,2,41.62,29.3
300179,2026-07-15T15:03:33.728737,masalapowder,39384,2,42.6,27.69,105719,2,43.28,27.23,153293,2,43.92,26.58,32837,2,43.57,27.07,74897,3,42.45,28.94,284602,2,42.4,27.99,21304,3,41.49,29.86,33246,2,41.61,29.37
300529,2026-07-15T15:03:34.078160,masalapowder,39384,3,42.58,27.75,105719,2,43.24,27.33,153293,2,43.76,26.66,32837,3,43.56,27.12,74897,3,42.44,29.0,284602,2,42.36,28.09,21304,3,41.48,29.92,33246,3,41.59,29.43
300879,2026-07-15T15:03:34.424405,masalapowder,39384,3,42.57,27.8,105719,2,43.2,27.42,153293,2,43.65,26.74,32837,3,43.54,27.19,74897,3,42.42,29.05,284602,2,42.33,28.16,21304,3,41.46,29.97,33246,3,41.57,29.49
301229,2026-07-15T15:03:34.777147,masalapowder,39384,3,42.56,27.84,105719,2,43.18,27.48,153293,2,43.57,26.82,32837,3,43.53,27.23,74897,3,42.42,29.1,284602,2,42.3,28.24,21304,3,41.45,30.02,33246,3,41.56,29.54
301579,2026-07-15T15:03:35.128378,masalapowder,39384,3,42.56,27.89,105719,2,43.15,27.56,153293,2,43.52,26.91,32837,3,43.52,27.29,74897,3,42.4,29.15,98065,2,42.27,28.33,21304,3,41.44,30.07,33246,3,41.54,29.62
301929,2026-07-15T15:03:35.478347,masalapowder,39384,3,42.55,27.93,37580,2,43.13,27.65,153293,2,43.47,26.98,32837,3,43.5,27.33,74897,3,42.39,29.21,98065,3,42.25,28.41,21304,3,41.43,30.12,33246,3,41.53,29.65
302279,2026-07-15T15:03:35.822032,masalapowder,39384,3,42.54,27.97,37580,3,43.11,27.69,153293,2,43.44,27.1,32837,3,43.49,27.37,74897,3,42.38,29.27,98065,3,42.24,28.45,21304,3,41.43,30.17,33246,3,41.51,29.72
302629,2026-07-15T15:03:36.170677,masalapowder,39384,3,42.53,28.01,37580,3,43.1,27.78,153293,2,43.4,27.17,32837,3,43.48,27.42,74897,3,42.36,29.31,98065,3,42.22,28.52,21304,3,41.41,30.2,33246,3,41.51,29.76
302979,2026-07-15T15:03:36.527074,masalapowder,39384,3,42.53,28.05,37580,3,43.09,27.83,153293,2,43.38,27.23,32837,3,43.46,27.43,74897,3,42.36,29.33,98065,3,42.2,28.57,21304,3,41.4,30.24,33246,3,41.49,29.79
303329,2026-07-15T15:03:36.876959,masalapowder,39384,3,42.52,28.04,37580,3,43.08,27.88,54935,2,43.36,27.32,32837,3,43.45,27.49,74897,3,42.35,29.37,98065,3,42.2,28.63,21304,3,41.4,30.28,33246,3,41.49,29.84
303679,2026-07-15T15:03:37.225601,masalapowder,39384,3,42.51,28.1,37580,3,43.07,27.92,54935,3,43.34,27.38,32837,3,43.44,27.52,74897,3,42.34,29.41,98065,3,42.17,28.69,21304,3,41.38,30.32,33246,3,41.48,29.87
304029,2026-07-15T15:03:37.571242,masalapowder,39384,3,42.5,28.1,37580,3,43.05,27.97,54935,3,43.32,27.44,32837,3,43.43,27.56,74897,3,42.33,29.44,98065,3,42.17,28.73,21304,3,41.38,30.36,33246,3,41.47,29.93
304379,2026-07-15T15:03:37.920213,masalapowder,39384,3,42.49,28.13,37580,3,43.04,28.02,54935,3,43.31,27.52,32837,3,43.42,27.57,74897,3,42.32,29.47,98065,3,42.16,28.78,21304,3,41.38,30.4,33246,3,41.46,29.94
304729,2026-07-15T15:03:38.278167,masalapowder,39384,3,42.49,28.16,37580,3,43.04,28.05,54935,3,43.29,27.55,32837,3,43.42,27.6,74897,3,42.31,29.5,98065,3,42.14,28.81,21304,3,41.36,30.43,33246,3,41.45,29.98
305079,2026-07-15T15:03:38.628153,masalapowder,39384,3,42.48,28.19,37580,3,43.02,28.09,54935,3,43.28,27.61,32837,3,43.4,27.63,74897,3,42.3,29.55,98065,3,42.14,28.86,21304,3,41.36,30.44,33246,3,41.45,30.01
305429,2026-07-15T15:03:38.968323,masalapowder,39384,3,42.48,28.2,37580,3,43.02,28.11,54935,3,43.27,27.65,32837,3,43.39,27.64,74897,3,42.3,29.56,98065,3,42.13,28.9,21304,3,41.35,30.47,33246,3,41.44,30.03
305779,2026-07-15T15:03:39.328250,masalapowder,39384,3,42.47,28.21,37580,3,43.01,28.14,54935,3,43.25,27.71,32837,3,43.39,27.67,74897,3,42.3,29.57,98065,3,42.12,28.92,21304,3,41.35,30.48,33246,3,41.43,30.07
306129,2026-07-15T15:03:39.678239,masalapowder,39384,3,42.47,28.23,37580,3,43.0,28.17,54935,3,43.24,27.74,32837,3,43.37,27.69,74897,3,42.28,29.59,98065,3,42.11,28.96,21304,3,41.34,30.49,33246,3,41.43,30.07
306479,2026-07-15T15:03:40.028634,masalapowder,39384,3,42.46,28.25,37580,3,43.0,28.2,54935,3,43.23,27.79,32837,3,43.37,27.7,74897,3,42.28,29.62,98065,3,42.11,28.99,21304,3,41.33,30.51,33246,3,41.41,30.11
306829,2026-07-15T15:03:40.377891,masalapowder,39384,3,42.46,28.25,37580,3,42.99,28.24,54935,3,43.23,27.8,32837,3,43.36,27.73,74897,3,42.27,29.63,98065,3,42.1,29.01,21304,3,41.34,30.55,33246,3,41.42,30.11
307179,2026-07-15T15:03:40.716818,masalapowder,39384,3,42.45,28.26,37580,3,42.99,28.24,54935,3,43.23,27.85,32837,3,43.36,27.75,74897,3,42.27,29.67,98065,3,42.1,29.04,21304,3,41.33,30.58,33246,3,41.41,30.14
307529,2026-07-15T15:03:41.073746,masalapowder,39384,3,42.45,28.27,37580,3,42.98,28.26,54935,3,43.22,27.86,32837,3,43.35,27.75,74897,3,42.27,29.66,98065,3,42.09,29.07,21304,3,41.31,30.59,33246,3,41.41,30.16
307879,2026-07-15T15:03:41.426178,masalapowder,39384,3,42.43,28.31,37580,3,42.97,28.3,54935,3,43.2,27.9,32837,3,43.35,27.79,74897,3,42.26,29.67,98065,3,42.08,29.08,21304,3,41.32,30.6,33246,3,41.4,30.19
308229,2026-07-15T15:03:41.775168,masalapowder,39384,3,42.44,28.29,37580,3,42.97,28.32,54935,3,43.2,27.92,32837,3,43.34,27.77,74897,3,42.27,29.71,98065,3,42.08,29.12,21304,3,41.31,30.61,33246,3,41.39,30.21
308579,2026-07-15T15:03:42.127149,masalapowder,39384,3,42.43,28.32,37580,3,42.96,28.33,54935,3,43.2,27.94,32837,3,43.34,27.8,74897,3,42.27,29.73,98065,3,42.07,29.14,21304,3,41.3,30.65,33246,3,41.39,30.21
308929,2026-07-15T15:03:42.473023,masalapowder,39384,3,42.43,28.31,37580,3,42.97,28.35,54935,3,43.2,27.96,32837,3,43.33,27.83,74897,3,42.25,29.72,98065,3,42.07,29.14,21304,3,41.3,30.64,33246,3,41.39,30.22
309279,2026-07-15T15:03:42.825506,masalapowder,39384,3,42.42,28.34,37580,3,42.96,28.36,54935,3,43.19,27.99,32837,3,43.33,27.83,74897,3,42.25,29.74,98065,3,42.06,29.16,21304,3,41.3,30.64,33246,3,41.38,30.23
309629,2026-07-15T15:03:43.174386,masalapowder,39384,3,42.42,28.35,37580,3,42.96,28.37,54935,3,43.19,28.01,32837,3,43.32,27.86,76784,3,42.25,29.76,98065,3,42.06,29.18,21304,3,41.3,30.67,33246,3,41.37,30.25
309979,2026-07-15T15:03:43.528222,masalapowder,39384,3,42.41,28.35,37580,3,42.95,28.41,54935,3,43.18,28.02,32837,3,43.32,27.9,76784,4,42.69,29.82,98065,3,42.05,29.21,18675,3,41.29,30.69,33246,3,41.37,30.29
310329,2026-07-15T15:03:43.876387,masalapowder,39384,3,42.41,28.37,37580,3,42.95,28.41,54935,3,43.18,28.04,32837,3,43.32,27.82,76784,4,43.02,29.83,98065,3,42.05,29.21,18675,4,41.71,30.74,33246,3,41.37,30.27
310679,2026-07-15T15:03:44.224384,masalapowder,40738,3,42.41,28.36,37580,3,42.94,28.44,54935,3,43.17,28.07,34482,4,43.75,27.93,76784,4,43.2,29.81,98065,3,42.05,29.21,18675,4,42.01,30.76,31318,3,41.35,30.3
311029,2026-07-15T15:03:44.578626,masalapowder,40738,4,42.84,28.43,37580,3,42.94,28.43,54935,3,43.17,28.07,34482,4,44.06,27.95,76784,4,43.3,29.75,98065,3,42.05,29.24,18675,4,42.16,30.74,31318,4,41.77,30.36
311379,2026-07-15T15:03:44.928352,masalapowder,40738,4,43.15,28.49,37580,3,42.94,28.42,54935,3,43.16,28.09,34482,4,44.23,27.93,32711,4,43.37,29.69,98065,3,42.04,29.25,18675,4,42.26,30.7,31318,4,42.08,30.39
311729,2026-07-15T15:03:45.274127,masalapowder,40738,4,43.3,28.41,37580,3,42.94,28.46,54935,3,43.17,28.09,34482,4,44.33,27.87,32711,5,43.42,29.61,98065,3,42.04,29.26,11502,4,42.32,30.66,31318,4,42.23,30.35
312079,2026-07-15T15:03:45.628145,masalapowder,19512,4,43.43,28.26,37580,3,42.94,28.45,54935,3,43.16,28.11,16913,4,44.4,27.83,32711,5,43.45,29.55,102236,3,42.04,29.26,11502,5,42.36,30.56,31318,4,42.33,30.31
312429,2026-07-15T15:03:45.977071,masalapowder,19512,5,43.47,28.23,39900,3,42.93,28.46,54935,3,43.16,28.11,16913,5,44.45,27.75,32711,5,43.48,29.49,102236,4,42.48,29.34,11502,5,42.4,30.51,16584,4,42.39,30.24
312779,2026-07-15T15:03:46.321184,masalapowder,19512,5,43.49,28.16,39900,4,43.37,28.53,54935,3,43.17,28.13,16913,5,44.49,27.69,32711,5,43.51,29.43,102236,4,42.81,29.44,11502,5,42.41,30.44,16584,5,42.44,30.19
313129,2026-07-15T15:03:46.677941,masalapowder,19512,5,43.5,28.09,39900,4,43.68,28.54,54935,3,43.16,28.14,16913,5,44.51,27.61,28571,5,43.53,29.36,102236,4,43.07,29.27,10050,5,42.47,30.3,16584,5,42.47,30.14
313479,2026-07-15T15:03:47.020664,masalapowder,19512,5,43.52,28.02,39900,4,43.84,28.51,54935,3,43.16,28.15,16913,5,44.54,27.55,28571,6,43.55,29.3,44336,4,43.14,29.23,10050,6,42.47,30.27,16584,5,42.51,30.07
313829,2026-07-15T15:03:47.368184,masalapowder,16859,5,43.54,27.99,39900,4,43.94,28.45,55980,3,43.16,28.14,14420,5,44.56,27.5,28571,6,43.56,29.23,44336,5,43.19,29.14,10050,6,42.49,30.2,16584,5,42.53,29.99
314179,2026-07-15T15:03:47.724959,masalapowder,16859,6,43.55,27.94,20525,4,44.0,28.39,55980,4,43.6,28.21,14420,6,44.58,27.45,28571,6,43.59,29.17,44336,5,43.23,29.08,10050,6,42.5,30.14,14401,5,42.54,29.92
314529,2026-07-15T15:03:48.078291,masalapowder,16859,6,43.56,27.87,20525,5,44.05,28.32,55980,4,43.92,28.22,14420,6,44.59,27.4,28571,6,43.6,29.12,44336,5,43.27,29.01,10050,6,42.52,30.11,14401,6,42.56,29.88
314879,2026-07-15T15:03:48.417230,masalapowder,16859,6,43.58,27.82,20525,5,44.08,28.27,55980,4,44.09,28.18,14420,6,44.61,27.33,25995,6,43.61,29.08,44336,5,43.29,28.96,9106,6,42.53,30.06,14401,6,42.57,29.83
315229,2026-07-15T15:03:48.772709,masalapowder,16859,6,43.58,27.79,20525,5,44.11,28.2,55980,4,44.18,28.13,14420,6,44.62,27.3,25995,7,43.86,29.06,38670,5,43.32,28.88,9106,7,42.77,30.04,14401,6,42.59,29.78
315579,2026-07-15T15:03:49.129888,masalapowder,15147,6,43.59,27.75,20525,5,44.14,28.13,28045,4,44.25,28.06,12848,6,44.63,27.26,25995,7,44.08,29.02,38670,6,43.34,28.82,9106,7,42.98,30.01,14401,6,42.6,29.73
315929,2026-07-15T15:03:49.479055,masalapowder,15147,7,43.82,27.74,17596,5,44.16,28.06,28045,5,44.3,27.98,12848,7,44.87,27.23,25995,7,44.19,28.97,38670,6,43.36,28.78,9106,7,43.1,29.98,13029,6,42.61,29.68
316279,2026-07-15T15:03:49.826793,masalapowder,15147,7,44.02,27.72,17596,6,44.18,28.02,28045,5,44.33,27.93,12848,7,45.08,27.23,25995,7,44.28,28.9,38670,6,43.37,28.73,9106,7,43.18,29.91,13029,7,42.85,29.68
316629,2026-07-15T15:03:50.172340,masalapowder,15147,7,44.13,27.68,17596,6,44.19,27.96,28045,5,44.36,27.86,12848,7,45.2,27.19,85134,7,44.35,28.83,38670,6,43.39,28.66,56499,7,43.25,29.85,13029,7,43.04,29.63
316979,2026-07-15T15:03:50.517196,masalapowder,15147,7,44.2,27.63,17596,6,44.21,27.9,28045,5,44.4,27.8,12848,7,45.29,27.1,85134,8,44.4,28.78,34538,6,43.41,28.64,56499,8,43.3,29.75,13029,7,43.18,29.59
317329,2026-07-15T15:03:50.875076,masalapowder,72727,7,44.24,27.57,17596,6,44.23,27.87,24224,5,44.42,27.73,69811,7,45.35,27.05,85134,8,44.43,28.7,34538,7,43.67,28.62,56499,8,43.32,29.68,13029,7,43.26,29.56
317679,2026-07-15T15:03:51.236285,masalapowder,72727,8,44.27,27.5,15775,6,44.24,27.82,24224,6,44.45,27.66,69811,8,45.39,26.99,85134,8,44.47,28.63,34538,7,43.89,28.59,56499,8,43.36,29.62,61332,7,43.31,29.47
318029,2026-07-15T15:03:51.573803,masalapowder,72727,8,44.31,27.45,15775,7,44.5,27.8,24224,6,44.46,27.61,69811,8,45.44,26.93,85134,8,44.5,28.55,34538,7,44.03,28.53,56499,8,43.4,29.54,61332,8,43.36,29.41
318379,2026-07-15T15:03:51.928146,masalapowder,72727,8,44.34,27.37,15775,7,44.72,27.78,24224,6,44.48,27.58,69811,8,45.47,26.85,95380,8,44.53,28.49,34538,7,44.12,28.47,61597,8,43.42,29.47,61332,8,43.39,29.33
318729,2026-07-15T15:03:52.275638,masalapowder,72727,8,44.36,27.33,15775,7,44.84,27.72,24224,6,44.5,27.52,69811,8,45.5,26.8,95380,9,44.56,28.42,125922,7,44.18,28.41,61597,9,43.45,29.42,61332,8,43.42,29.29
319079,2026-07-15T15:03:52.625185,masalapowder,79651,8,44.38,27.28,15775,7,44.93,27.68,21347,6,44.52,27.48,76853,8,45.53,26.74,95380,9,44.59,28.36,125922,8,44.24,28.33,61597,9,43.47,29.36,61332,8,43.45,29.21
319429,2026-07-15T15:03:52.973349,masalapowder,79651,9,44.4,27.23,86868,7,45.0,27.6,21347,7,44.78,27.47,76853,9,45.55,26.68,95380,9,44.61,28.3,125922,8,44.28,28.24,61597,9,43.48,29.3,66649,8,43.48,29.13
319779,2026-07-15T15:03:53.318136,masalapowder,79651,9,44.41,27.16,86868,8,45.04,27.53,21347,7,45.0,27.44,76853,9,45.57,26.63,95380,9,44.63,28.27,125922,8,44.31,28.16,61597,9,43.5,29.23,66649,9,43.5,29.16
320129,2026-07-15T15:03:53.678154,masalapowder,79651,9,44.44,27.13,86868,8,45.08,27.46,21347,7,45.13,27.37,76853,9,45.6,26.57,97952,9,44.64,28.21,125922,8,44.35,28.09,63476,9,43.52,29.19,66649,9,43.54,28.96
320479,2026-07-15T15:03:54.027509,masalapowder,79651,9,44.45,27.07,86868,8,45.12,27.37,21347,7,45.21,27.31,76853,9,45.62,26.53,97952,0,44.66,28.17,139281,8,44.37,28.03,63476,0,43.54,29.14,66649,9,43.57,28.91
320829,2026-07-15T15:03:54.381053,masalapowder,82103,9,44.48,27.06,86868,8,45.15,27.31,87491,7,45.29,27.25,79134,9,45.64,26.48,97952,0,44.68,28.12,139281,9,44.4,27.98,63476,0,43.55,29.08,68743,9,43.58,28.87
321179,2026-07-15T15:03:54.728073,masalapowder,82103,0,44.5,27.01,95540,8,45.17,27.25,87491,8,45.33,27.18,79134,0,45.67,26.43,97952,0,44.7,28.07,139281,9,44.43,27.91,63476,0,43.58,29.04,68743,0,43.61,28.81
321529,2026-07-15T15:03:55.073703,masalapowder,82103,0,44.51,26.97,95540,9,45.2,27.18,87491,8,45.38,27.1,79134,0,45.68,26.39,97952,0,44.71,28.04,139281,9,44.44,27.85,63476,0,43.58,29.01,68743,0,43.62,28.76
321879,2026-07-15T15:03:55.425108,masalapowder,82103,0,44.53,26.92,95540,9,45.23,27.13,87491,8,45.41,27.02,79134,0,45.71,26.35,99727,0,44.73,27.98,139281,9,44.46,27.79,64144,0,43.61,28.95,68743,0,43.64,28.73
322229,2026-07-15T15:03:55.778565,masalapowder,82103,0,44.55,26.89,95540,9,45.24,27.07,87491,8,45.44,26.95,79134,0,45.72,26.32,99727,1,44.04,27.86,142420,9,44.48,27.74,64144,1,42.97,28.85,68743,0,43.66,28.68
322579,2026-07-15T15:03:56.128428,masalapowder,82500,0,44.56,26.88,95540,9,45.26,27.04,98234,8,45.47,26.91,79800,0,45.74,26.28,205581,1,43.51,27.8,142420,0,44.51,27.7,63100,1,42.48,28.8,68798,0,43.67,28.66
322929,2026-07-15T15:03:56.477833,masalapowder,82500,1,43.9,26.77,97840,9,45.28,26.98,98234,9,45.5,26.83,79800,1,45.08,26.17,205581,2,43.25,27.84,142420,0,44.52,27.65,63100,2,42.22,28.81,68798,1,43.03,28.52
323279,2026-07-15T15:03:56.822567,masalapowder,111304,1,43.42,26.72,97840,0,45.3,26.94,98234,9,45.52,26.77,89982,1,44.58,26.1,205581,2,43.08,27.88,142420,0,44.54,27.61,63100,2,42.06,28.83,94065,1,42.56,28.47
323629,2026-07-15T15:03:57.167123,masalapowder,111304,2,43.19,26.74,97840,0,45.32,26.91,98234,9,45.54,26.72,89982,2,44.32,26.13,205581,2,42.97,27.95,142420,0,44.56,27.55,63100,2,41.96,28.91,94065,2,42.3,28.48
323979,2026-07-15T15:03:57.531034,masalapowder,111304,2,43.06,26.81,97840,0,45.34,26.85,98234,9,45.56,26.66,89982,2,44.16,26.15,205581,2,42.89,28.05,142777,0,44.56,27.53,63100,2,41.89,28.99,94065,2,42.14,28.51
324329,2026-07-15T15:03:57.872169,masalapowder,111304,2,42.98,26.87,97840,0,45.35,26.81,99902,9,45.57,26.62,89982,2,44.07,26.26,205581,2,42.84,28.13,142777,1,43.87,27.4,63100,2,41.84,29.07,94065,2,42.04,28.59
324679,2026-07-15T15:03:58.230976,masalapowder,111304,2,42.94,26.95,98975,0,45.36,26.76,99902,0,45.59,26.57,89982,2,43.99,26.33,205581,2,42.81,28.22,276756,1,43.33,27.35,63100,2,41.8,29.16,94065,2,41.98,28.66
325029,2026-07-15T15:03:58.576694,masalapowder,111304,2,42.91,27.02,98975,1,44.68,26.65,99902,0,45.61,26.53,89982,2,43.94,26.41,205581,2,42.76,28.3,276756,2,43.06,27.37,63100,2,41.77,29.24,94065,2,41.92,28.74
325379,2026-07-15T15:03:58.924328,masalapowder,111304,2,42.89,27.11,104234,1,44.17,26.6,99902,0,45.62,26.49,89982,2,43.91,26.48,205581,2,42.73,28.4,276756,2,42.9,27.41,63100,2,41.74,29.31,94065,2,41.89,28.83
325729,2026-07-15T15:03:59.277962,masalapowder,111304,2,42.87,27.19,104234,2,43.92,26.62,99902,0,45.63,26.44,89982,2,43.88,26.57,205581,2,42.71,28.47,276756,2,42.79,27.49,63100,2,41.72,29.39,94065,2,41.85,28.89
326079,2026-07-15T15:03:59.627593,masalapowder,111304,2,42.86,27.26,104234,2,43.76,26.68,101145,0,45.64,26.44,89982,2,43.86,26.64,75161,2,42.69,28.53,276756,2,42.7,27.56,21563,2,41.7,29.47,94065,2,41.82,28.98
326429,2026-07-15T15:03:59.974733,masalapowder,111304,2,42.84,27.31,104234,2,43.65,26.76,101145,1,44.95,26.3,89982,2,43.83,26.69,75161,3,42.68,28.59,276756,2,42.63,27.65,21563,3,41.69,29.53,94065,2,41.79,29.05
326779,2026-07-15T15:04:00.323387,masalapowder,39567,2,42.83,27.38,104234,2,43.58,26.83,147211,1,44.44,26.25,33246,2,43.82,26.75,75161,3,42.66,28.67,276756,2,42.58,27.76,21563,3,41.67,29.6,33324,2,41.77,29.13
327129,2026-07-15T15:04:00.673141,masalapowder,39567,3,42.83,27.43,104234,2,43.53,26.92,147211,2,44.17,26.29,33246,3,43.81,26.81,75161,3,42.64,28.72,276756,2,42.55,27.81,21563,3,41.66,29.66,33324,3,41.76,29.2
327479,2026-07-15T15:04:01.027368,masalapowder,39567,3,42.82,27.48,104234,2,43.48,26.99,147211,2,44.01,26.36,33246,3,43.8,26.88,75161,3,42.63,28.71,276756,2,42.51,27.9,21563,3,41.65,29.71,33324,3,41.74,29.25
327829,2026-07-15T15:04:01.376048,masalapowder,39567,3,42.81,27.52,104234,2,43.45,27.08,147211,2,43.9,26.41,33246,3,43.78,26.93,75161,3,42.59,28.89,276756,2,42.49,27.98,21563,3,41.64,29.78,33324,3,41.73,29.3
328179,2026-07-15T15:04:01.725979,masalapowder,39567,3,42.8,27.56,104234,2,43.42,27.15,147211,2,43.82,26.51,33246,3,43.76,26.96,75161,3,42.58,28.92,98178,2,42.47,28.04,21563,3,41.63,29.81,33324,3,41.72,29.36
328529,2026-07-15T15:04:02.074241,masalapowder,39567,3,42.8,27.6,104234,2,43.4,27.22,147211,2,43.76,26.6,33246,3,43.76,27.01,75161,3,42.58,28.95,98178,3,42.45,28.12,21563,3,41.62,29.87,33324,3,41.7,29.42
328879,2026-07-15T15:04:02.425672,masalapowder,39567,3,42.78,27.64,38016,2,43.38,27.3,147211,2,43.71,26.68,33246,3,43.75,27.04,75161,3,42.57,29.02,98178,3,42.43,28.18,21563,3,41.61,29.92,33324,3,41.69,29.47
329229,2026-07-15T15:04:02.778053,masalapowder,39567,3,42.78,27.67,38016,3,43.37,27.35,147211,2,43.68,26.76,33246,3,43.73,27.09,75161,3,42.55,29.04,98178,3,42.41,28.25,21563,3,41.6,29.96,33324,3,41.68,29.52
329579,2026-07-15T15:04:03.121816,masalapowder,39567,3,42.77,27.7,38016,3,43.35,27.41,147211,2,43.65,26.84,33246,3,43.71,27.12,75161,3,42.55,29.09,98178,3,42.4,28.3,21563,3,41.59,29.97,33324,3,41.67,29.54
329929,2026-07-15T15:04:03.477929,masalapowder,39567,3,42.76,27.74,38016,3,43.34,27.47,147211,2,43.62,26.92,33246,3,43.7,27.16,75161,3,42.54,29.12,98178,3,42.38,28.36,21563,3,41.58,30.02,33324,3,41.66,29.59
330279,2026-07-15T15:04:03.822317,masalapowder,39567,3,42.76,27.75,38016,3,43.33,27.53,54444,2,43.61,27.0,33246,3,43.69,27.19,75161,3,42.53,29.13,98178,3,42.37,28.42,21563,3,41.57,30.04,33324,3,41.65,29.61
330629,2026-07-15T15:04:04.177898,masalapowder,39567,3,42.75,27.78,38016,3,43.32,27.57,54444,3,43.59,27.06,33246,3,43.68,27.22,75161,3,42.52,29.17,98178,3,42.36,28.45,21563,3,41.56,30.08,33324,3,41.64,29.65
330979,2026-07-15T15:04:04.527463,masalapowder,39567,3,42.74,27.79,38016,3,43.31,27.62,54444,3,43.56,27.11,33246,3,43.67,27.23,75161,3,42.5,29.18,98178,3,42.36,28.5,21563,3,41.56,30.1,33324,3,41.63,29.7
331329,2026-07-15T15:04:04.879122,masalapowder,39567,3,42.74,27.81,38016,3,43.3,27.66,54444,3,43.55,27.18,33246,3,43.67,27.25,75161,3,42.51,29.22,98178,3,42.34,28.53,21563,3,41.55,30.12,33324,3,41.62,29.72
331679,2026-07-15T15:04:05.227715,masalapowder,39567,3,42.73,27.84,38016,3,43.29,27.53,54444,3,43.54,27.23,33246,3,43.65,27.28,75161,3,42.5,29.23,98178,3,42.33,28.57,21563,3,41.54,30.15,33324,3,41.61,29.74
332029,2026-07-15T15:04:05.576390,masalapowder,39567,3,42.72,27.84,38016,3,43.28,27.68,54444,3,43.52,27.29,33246,3,43.65,27.3,75161,3,42.49,29.25,98178,3,42.33,28.61,21563,3,41.54,30.19,33324,3,41.61,29.77
332379,2026-07-15T15:04:05.928724,masalapowder,39567,3,42.72,27.87,38016,3,43.27,27.76,54444,3,43.51,27.32,33246,3,43.64,27.32,75161,3,42.49,29.27,98178,3,42.32,28.62,21563,3,41.53,30.21,33324,3,41.6,29.79
332729,2026-07-15T15:04:06.285569,masalapowder,39567,3,42.71,27.88,38016,3,43.27,27.81,54444,3,43.51,27.35,33246,3,43.63,27.33,75161,3,42.48,29.3,98178,3,42.31,28.68,21563,3,41.53,30.2,33324,3,41.59,29.83
333079,2026-07-15T15:04:06.627395,masalapowder,39567,3,42.7,27.88,38016,3,43.26,27.83,54444,3,43.5,27.41,33246,3,43.62,27.36,75161,3,42.47,29.33,98178,3,42.3,28.7,21563,3,41.52,30.24,33324,3,41.59,29.85
333429,2026-07-15T15:04:06.980815,masalapowder,39567,3,42.71,27.89,38016,3,43.25,27.88,54444,3,43.49,27.44,33246,3,43.61,27.38,75161,3,42.47,29.33,98178,3,42.29,28.72,21563,3,41.51,30.26,33324,3,41.59,29.86
333779,2026-07-15T15:04:07.323618,masalapowder,39567,3,42.7,27.91,38016,3,43.24,27.87,54444,3,43.48,27.46,33246,3,43.61,27.39,75161,3,42.47,29.34,98178,3,42.3,28.75,21563,3,41.51,30.25,33324,3,41.57,29.89
334129,2026-07-15T15:04:07.674640,masalapowder,39567,3,42.68,27.91,38016,3,43.24,27.91,54444,3,43.48,27.5,33246,3,43.6,27.41,75161,3,42.46,29.36,98178,3,42.29,28.78,21563,3,41.51,30.26,33324,3,41.57,29.91
334479,2026-07-15T15:04:08.028358,masalapowder,39567,3,42.69,27.95,38016,3,43.23,27.94,54444,3,43.47,27.53,33246,3,43.6,27.41,75161,3,42.46,29.38,98178,3,42.28,28.8,21563,3,41.5,30.29,33324,3,41.57,29.9
334829,2026-07-15T15:04:08.372902,masalapowder,39567,3,42.68,27.94,38016,3,43.22,27.95,54444,3,43.46,27.54,33246,3,43.59,27.43,75161,3,42.45,29.37,98178,3,42.28,28.8,21563,3,41.49,30.31,33324,3,41.56,29.93
335179,2026-07-15T15:04:08.727595,masalapowder,39567,3,42.68,27.94,38016,3,43.22,27.95,54444,3,43.45,27.55,33246,3,43.59,27.44,75161,3,42.45,29.4,98178,3,42.27,28.81,21563,3,41.49,30.32,33324,3,41.55,29.95
335529,2026-07-15T15:04:09.078594,masalapowder,39567,3,42.67,27.97,38016,3,43.21,27.96,54444,3,43.45,27.61,33246,3,43.59,27.44,75161,3,42.43,29.4,98178,3,42.27,28.85,21563,3,41.48,30.33,33324,3,41.55,29.98
335879,2026-07-15T15:04:09.427274,masalapowder,39567,3,42.66,27.98,38016,3,43.21,27.98,54444,3,43.44,27.63,33246,3,43.58,27.46,75161,3,42.44,29.4,98178,3,42.27,28.86,21563,3,41.48,30.35,33324,3,41.54,29.98
336229,2026-07-15T15:04:09.773541,masalapowder,39567,3,42.67,27.99,38016,3,43.2,28.0,54444,3,43.44,27.64,33246,3,43.58,27.46,77411,3,42.43,29.41,98178,3,42.26,28.87,21563,3,41.47,30.36,33324,3,41.54,29.99
336579,2026-07-15T15:04:10.127528,masalapowder,39567,3,42.66,27.99,38016,3,43.2,28.01,54444,3,43.44,27.65,33246,3,43.57,27.48,77411,4,42.88,29.48,98178,3,42.25,28.88,18906,3,41.47,30.46,33324,3,41.53,29.99
336929,2026-07-15T15:04:10.473427,masalapowder,39567,3,42.65,28.0,38016,3,43.2,28.02,54444,3,43.43,27.68,33246,3,43.56,27.48,77411,4,43.21,29.5,98178,3,42.25,28.89,18906,4,42.19,30.46,33324,3,41.53,30.02
337279,2026-07-15T15:04:10.827577,masalapowder,41012,3,42.66,28.01,38016,3,43.2,28.04,54444,3,43.42,27.68,34820,3,43.56,27.48,77411,4,43.39,29.48,98178,3,42.24,28.92,18906,4,42.34,30.44,31761,3,41.53,30.03
337629,2026-07-15T15:04:11.177394,masalapowder,41012,4,43.09,28.06,38016,3,43.19,28.04,54444,3,43.42,27.7,34820,4,44.0,27.55,77411,4,43.5,29.43,98178,3,42.24,28.94,18906,4,42.43,30.39,31761,4,41.95,30.09
337979,2026-07-15T15:04:11.525196,masalapowder,41012,4,43.4,28.07,38016,3,43.19,28.06,54444,3,43.41,27.7,34820,4,44.31,27.58,32736,4,43.56,29.35,98178,3,42.25,28.95,11502,4,42.49,30.32,31761,4,42.25,30.12
338329,2026-07-15T15:04:11.869669,masalapowder,41012,4,43.54,28.05,38016,3,43.18,28.07,54444,3,43.41,27.73,34820,4,44.48,27.51,32736,5,43.61,29.28,98178,3,42.25,28.96,11502,5,42.53,30.27,31761,4,42.4,30.07
338679,2026-07-15T15:04:12.227971,masalapowder,41012,4,43.63,27.98,38016,3,43.19,28.06,54444,3,43.41,27.72,34820,4,44.58,27.46,32736,5,43.65,29.2,103476,3,42.25,28.96,11502,5,42.56,30.19,31761,4,42.5,30.04
339029,2026-07-15T15:04:12.566176,masalapowder,19476,4,43.68,27.91,40276,3,43.19,28.07,54444,3,43.41,27.75,16833,5,44.7,27.37,32736,5,43.68,29.15,103476,4,42.67,29.02,11502,5,42.59,30.13,16623,4,42.56,29.98
339379,2026-07-15T15:04:12.924084,masalapowder,19476,5,43.71,27.85,40276,4,43.62,28.14,54444,3,43.4,27.75,16833,5,44.73,27.31,32736,5,43.7,29.07,103476,4,43.0,29.04,11502,5,42.62,30.07,16623,5,42.61,29.92
339729,2026-07-15T15:04:13.277346,masalapowder,19476,5,43.73,27.78,40276,4,43.94,28.14,54444,3,43.41,27.76,16833,5,44.76,27.25,28783,5,43.72,29.01,103476,4,43.17,29.02,10050,5,42.64,30.0,16623,5,42.64,29.85
340079,2026-07-15T15:04:13.623331,masalapowder,19476,5,43.76,27.71,40276,4,44.09,28.13,54444,3,43.41,27.77,16833,5,44.78,27.19,28783,6,43.75,28.95,103476,4,43.28,28.96,10050,6,42.65,29.94,16623,5,42.67,29.79
340429,2026-07-15T15:04:13.977046,masalapowder,19476,5,43.77,27.56,40276,4,44.18,28.06,54444,3,43.41,27.79,14411,5,44.8,27.14,28783,6,43.76,28.89,44061,4,43.34,28.9,10050,6,42.67,29.88,16623,5,42.69,29.73
340779,2026-07-15T15:04:14.328256,masalapowder,16780,5,43.78,27.51,20486,4,44.25,28.01,55797,3,43.41,27.8,14411,6,44.81,27.07,28783,6,43.78,28.83,44061,5,43.39,28.83,10050,6,42.68,29.83,14440,5,42.71,29.67
341129,2026-07-15T15:04:14.675471,masalapowder,16780,6,43.8,27.5,20486,5,44.3,27.93,55797,4,43.84,27.85,14411,6,44.83,27.02,28783,6,43.79,28.79,44061,5,43.44,28.77,10050,6,42.69,29.77,14440,6,42.73,29.61
341479,2026-07-15T15:04:15.026154,masalapowder,16780,6,43.81,27.46,20486,5,44.33,27.86,55797,4,44.17,27.85,14411,6,44.84,26.98,26074,6,43.81,28.75,44061,5,43.47,28.7,9114,6,42.7,29.73,14440,6,42.74,29.56
341829,2026-07-15T15:04:15.377628,masalapowder,16780,6,43.83,27.42,20486,5,44.37,27.79,55797,4,44.33,27.82,14411,6,44.86,26.94,26074,7,44.06,28.73,44061,5,43.5,28.64,9114,7,42.94,29.71,14440,6,42.76,29.5
342179,2026-07-15T15:04:15.723145,masalapowder,15019,6,43.83,27.38,20486,5,44.39,27.73,55797,4,44.43,27.75,12942,6,44.87,26.86,26074,7,44.27,28.69,38117,5,43.52,28.56,9114,7,43.15,29.69,14440,6,42.76,29.47
342529,2026-07-15T15:04:16.076666,masalapowder,15019,7,44.08,27.39,17567,5,44.41,27.67,27520,4,44.5,27.71,12942,7,45.11,26.85,26074,7,44.39,28.62,38117,6,43.54,28.5,9114,7,43.28,29.63,13053,6,42.78,29.41
342879,2026-07-15T15:04:16.423599,masalapowder,15019,7,44.26,27.38,17567,6,44.43,27.6,27520,5,44.54,27.62,12942,7,45.32,26.83,26074,7,44.48,28.56,38117,6,43.56,28.45,9114,7,43.36,29.56,13053,7,43.02,29.4
343229,2026-07-15T15:04:16.780082,masalapowder,15019,7,44.37,27.3,17567,6,44.45,27.55,27520,5,44.58,27.55,12942,7,45.44,26.79,83062,7,44.55,28.48,38117,6,43.58,28.4,54829,7,43.43,29.49,13053,7,43.22,29.35
343579,2026-07-15T15:04:17.124022,masalapowder,15019,7,44.43,27.24,17567,6,44.47,27.51,27520,5,44.62,27.49,12942,7,45.53,26.73,83062,8,44.6,28.41,38117,6,43.59,28.36,54829,8,43.48,29.44,13053,7,43.35,29.32
343929,2026-07-15T15:04:17.477543,masalapowder,70796,7,44.48,27.17,17567,6,44.48,27.47,27520,5,44.65,27.41,68303,7,45.59,26.66,83062,8,44.64,28.35,34261,6,43.61,28.29,54829,8,43.5,29.37,13053,7,43.42,29.27
344279,2026-07-15T15:04:17.825353,masalapowder,70796,8,44.53,27.11,15751,6,44.5,27.42,23738,5,44.67,27.35,68303,8,45.64,26.6,83062,8,44.67,28.28,34261,7,43.86,28.29,54829,8,43.54,29.3,59369,7,43.48,29.19
344629,2026-07-15T15:04:18.176232,masalapowder,70796,8,44.54,27.06,15751,7,44.75,27.39,23738,6,44.69,27.28,68303,8,45.68,26.53,83062,8,44.7,28.2,34261,7,44.1,28.25,54829,8,43.57,29.2,59369,8,43.52,29.11
344979,2026-07-15T15:04:18.513667,masalapowder,70796,8,44.57,27.0,15751,7,44.97,27.38,23738,6,44.71,27.23,68303,8,45.71,26.47,92219,8,44.72,28.13,34261,7,44.23,28.21,60206,8,43.59,29.15,59369,8,43.57,29.05
345329,2026-07-15T15:04:18.875469,masalapowder,70796,8,44.59,26.96,15751,7,45.09,27.31,23738,6,44.74,27.19,68303,8,45.75,26.41,92219,9,44.75,28.07,34261,7,44.32,28.14,60206,9,43.62,29.09,59369,8,43.6,28.97
345679,2026-07-15T15:04:19.226183,masalapowder,77693,8,44.61,26.87,15751,7,45.18,27.27,23738,6,44.75,27.14,75227,8,45.77,26.35,92219,9,44.77,28.03,122137,7,44.38,28.05,60206,9,43.63,29.03,59369,8,43.62,28.91
346029,2026-07-15T15:04:19.577133,masalapowder,77693,9,44.64,26.84,84544,7,45.24,27.19,20887,6,44.77,27.11,75227,9,45.8,26.28,92219,9,44.79,27.96,122137,8,44.44,27.99,60206,9,43.66,28.98,65073,8,43.65,28.85
346379,2026-07-15T15:04:19.925346,masalapowder,77693,9,44.66,26.79,84544,8,45.29,27.13,20887,7,45.03,27.09,75227,9,45.82,26.24,92219,9,44.81,27.91,122137,8,44.48,27.91,60206,9,43.68,28.91,65073,9,43.67,28.8
346729,2026-07-15T15:04:20.273437,masalapowder,77693,9,44.67,26.74,84544,8,45.33,27.05,20887,7,45.24,27.05,75227,9,45.84,26.2,96294,9,44.83,27.87,122137,8,44.52,27.84,61553,9,43.7,28.87,65073,9,43.71,28.73
347079,2026-07-15T15:04:20.627277,masalapowder,77693,9,44.69,26.7,84544,8,45.36,26.99,20887,7,45.39,26.98,75227,9,45.85,26.13,96294,0,44.85,27.82,122137,8,44.55,27.78,61553,0,43.72,28.82,65073,9,43.71,28.69
347429,2026-07-15T15:04:20.975194,masalapowder,79950,9,44.71,26.66,84544,8,45.38,26.92,20887,7,45.47,26.94,77552,9,45.88,26.11,96294,0,44.87,27.74,134985,8,44.58,27.71,61553,0,43.73,28.77,65073,9,43.74,28.61
347779,2026-07-15T15:04:21.327766,masalapowder,79950,0,44.73,26.63,92518,8,45.42,26.86,83879,7,45.53,26.88,77552,0,45.9,26.05,96294,0,44.88,27.71,134985,9,44.6,27.64,61553,0,43.75,28.72,66390,9,43.76,28.57
348129,2026-07-15T15:04:21.677473,masalapowder,79950,0,44.74,26.58,92518,9,45.44,26.78,83879,8,45.58,26.79,77552,0,45.93,26.01,96294,0,44.9,27.68,134985,9,44.62,27.58,61553,0,43.76,28.69,66390,0,43.78,28.54
348479,2026-07-15T15:04:22.028085,masalapowder,79950,0,44.76,26.57,92518,9,45.46,26.74,83879,8,45.62,26.71,77552,0,45.94,25.97,97672,0,44.92,27.65,134985,9,44.64,27.54,62271,0,43.77,28.66,66390,0,43.8,28.51
348829,2026-07-15T15:04:22.368392,masalapowder,79950,0,44.78,26.54,92518,9,45.49,26.68,83879,8,45.65,26.64,77552,0,45.96,25.93,97672,1,44.23,27.53,134985,9,44.66,27.47,62271,1,43.14,28.53,66390,0,43.83,28.38
349179,2026-07-15T15:04:22.716142,masalapowder,80402,0,44.79,26.51,92518,9,45.51,26.63,83879,8,45.69,26.58,78479,0,45.98,25.91,206701,1,43.69,27.48,137597,9,44.69,27.43,63952,1,42.65,28.47,67173,0,43.85,28.36
349529,2026-07-15T15:04:23.076810,masalapowder,80402,1,44.12,26.4,95167,9,45.53,26.6,94430,8,45.71,26.53,78479,1,45.31,25.8,206701,2,43.44,27.49,137597,0,44.7,27.37,63952,2,42.39,28.49,67173,1,43.2,28.24
349879,2026-07-15T15:04:23.427211,masalapowder,111595,1,43.65,26.37,95167,0,45.55,26.54,94430,9,45.75,26.46,91723,1,44.81,25.75,206701,2,43.27,27.55,137597,0,44.72,27.35,63952,2,42.24,28.54,94744,1,42.72,28.19
350229,2026-07-15T15:04:23.777072,masalapowder,111595,2,43.42,26.38,95167,0,45.57,26.51,94430,9,45.77,26.4,91723,2,44.56,25.76,206701,2,43.16,27.61,137597,0,44.74,27.26,63952,2,42.14,28.6,94744,2,42.46,28.19
350579,2026-07-15T15:04:24.126155,masalapowder,111595,2,43.28,26.44,95167,0,45.57,26.46,94430,9,45.79,26.37,91723,2,44.4,25.82,206701,2,43.08,27.74,137597,0,44.74,27.25,63952,2,42.06,28.68,94744,2,42.32,28.26
350929,2026-07-15T15:04:24.473623,masalapowder,111595,2,43.22,26.5,95167,0,45.59,26.43,94430,9,45.8,26.3,91723,2,44.3,25.88,206701,2,42.98,27.89,139737,0,44.76,27.2,63952,2,42.0,28.75,94744,2,42.21,28.31
351279,2026-07-15T15:04:24.822536,masalapowder,111595,2,43.17,26.59,96078,0,45.6,26.4,96567,9,45.82,26.26,91723,2,44.22,25.96,206701,2,42.95,27.98,139737,1,44.06,27.08,63952,2,41.97,28.84,94744,2,42.14,28.39
351629,2026-07-15T15:04:25.178268,masalapowder,111595,2,43.14,26.68,96078,1,44.91,26.29,96567,0,45.84,26.22,91723,2,44.17,26.03,206701,2,42.92,28.04,273870,1,43.54,27.03,63952,2,41.94,28.93,94744,2,42.09,28.47
351979,2026-07-15T15:04:25.536636,masalapowder,111595,2,43.11,26.72,104617,1,44.41,26.23,96567,0,45.85,26.17,91723,2,44.14,26.11,206701,2,42.9,28.12,273870,2,43.26,27.07,63952,2,41.92,29.01,94744,2,42.05,28.54
352329,2026-07-15T15:04:25.873322,masalapowder,111595,2,43.1,26.83,104617,2,44.15,26.25,96567,0,45.87,26.14,91723,2,44.11,26.2,76304,2,42.88,28.2,273870,2,43.09,27.12,63952,2,41.89,29.08,94744,2,42.01,28.64
352679,2026-07-15T15:04:26.225608,masalapowder,111595,2,43.09,26.9,104617,2,43.99,26.32,96567,0,45.85,26.09,91723,2,44.08,26.26,76304,3,42.86,28.28,273870,2,42.97,27.17,21805,2,41.88,29.17,94744,2,41.99,28.7
353029,2026-07-15T15:04:26.573542,masalapowder,111595,2,43.07,26.95,104617,2,43.89,26.38,96896,0,45.87,26.05,91723,2,44.07,26.34,76304,3,42.85,28.34,273870,2,42.89,27.25,21805,3,41.86,29.23,94744,2,41.97,28.78
353379,2026-07-15T15:04:26.920596,masalapowder,40201,2,43.07,27.02,104617,2,43.83,26.46,96896,1,45.18,25.94,33961,2,44.05,26.4,76304,3,42.83,28.42,273870,2,42.83,27.35,21805,3,41.84,29.29,33988,2,41.95,28.85
353729,2026-07-15T15:04:27.278283,masalapowder,40201,3,43.06,27.08,104617,2,43.77,26.53,143618,1,44.67,25.92,33961,3,44.03,26.46,76304,3,42.82,28.47,273870,2,42.78,27.43,21805,3,41.83,29.36,33988,3,41.93,28.94
354079,2026-07-15T15:04:27.624711,masalapowder,40201,3,43.05,27.13,104617,2,43.72,26.62,143618,2,44.4,25.93,33961,3,44.03,26.51,76304,3,42.81,28.53,273870,2,42.74,27.52,21805,3,41.81,29.41,33988,3,41.92,28.97
354429,2026-07-15T15:04:27.972676,masalapowder,40201,3,43.04,27.17,104617,2,43.68,26.72,143618,2,44.24,25.99,33961,3,44.01,26.57,76304,3,42.8,28.58,273870,2,42.7,27.59,21805,3,41.8,29.47,33988,3,41.9,29.05
354779,2026-07-15T15:04:28.325772,masalapowder,40201,3,43.04,27.22,104617,2,43.66,26.8,143618,2,44.13,26.09,33961,3,44.0,26.63,76304,3,42.78,28.62,273870,2,42.68,27.69,21805,3,41.79,29.53,33988,3,41.89,29.1
355129,2026-07-15T15:04:28.673926,masalapowder,40201,3,43.02,27.26,104617,2,43.64,26.88,143618,2,44.05,26.16,33961,3,43.99,26.66,76304,3,42.77,28.67,99263,2,42.66,27.76,21805,3,41.78,29.57,33988,3,41.87,29.16
355479,2026-07-15T15:04:29.026808,masalapowder,40201,3,43.03,27.3,38392,2,43.62,26.94,143618,2,44.0,26.26,33961,3,43.98,26.69,76304,3,42.76,28.69,99263,3,42.63,27.82,21805,3,41.77,29.6,33988,3,41.87,29.2
355829,2026-07-15T15:04:29.374769,masalapowder,40201,3,43.0,27.33,38392,3,43.6,27.01,143618,2,43.95,26.37,33961,3,43.97,26.77,76304,3,42.75,28.73,99263,3,42.62,27.89,21805,3,41.76,29.65,33988,3,41.85,29.25
356179,2026-07-15T15:04:29.726422,masalapowder,40201,3,43.0,27.36,38392,3,43.59,27.08,143618,2,43.91,26.43,33961,3,43.96,26.78,76304,3,42.74,28.78,99263,3,42.6,27.95,21805,3,41.76,29.69,33988,3,41.83,29.29
356529,2026-07-15T15:04:30.077285,masalapowder,40201,3,42.99,27.36,38392,3,43.57,27.12,143618,2,43.88,26.52,33961,3,43.94,26.81,76304,3,42.73,28.81,99263,3,42.58,28.02,21805,3,41.74,29.72,33988,3,41.82,29.34
356879,2026-07-15T15:04:30.427216,masalapowder,40201,3,42.98,27.41,38392,3,43.56,27.17,143618,2,43.85,26.59,33961,3,43.93,26.84,76304,3,42.72,28.83,99263,3,42.57,28.08,21805,3,41.74,29.78,33988,3,41.82,29.37
357229,2026-07-15T15:04:30.777257,masalapowder,40201,3,42.98,27.43,38392,3,43.54,27.23,54202,2,43.83,26.69,33961,3,43.92,26.87,76304,3,42.71,28.88,99263,3,42.56,28.12,21805,3,41.73,29.78,33988,3,41.8,29.41
357579,2026-07-15T15:04:31.128885,masalapowder,40201,3,42.97,27.48,38392,3,43.53,27.28,54202,3,43.81,26.72,33961,3,43.91,26.92,76304,3,42.7,28.9,99263,3,42.55,28.17,21805,3,41.72,29.84,33988,3,41.8,29.43
357929,2026-07-15T15:04:31.462129,masalapowder,40201,3,42.97,27.49,38392,3,43.52,27.33,54202,3,43.79,26.82,33961,3,43.91,26.93,76304,3,42.7,28.93,99263,3,42.54,28.24,21805,3,41.71,29.85,33988,3,41.79,29.47
358279,2026-07-15T15:04:31.826356,masalapowder,40201,3,42.96,27.49,38392,3,43.52,27.36,54202,3,43.78,26.87,33961,3,43.9,26.96,76304,3,42.69,28.95,99263,3,42.53,28.26,21805,3,41.71,29.88,33988,3,41.78,29.49
358629,2026-07-15T15:04:32.173518,masalapowder,40201,3,42.95,27.51,38392,3,43.51,27.41,54202,3,43.77,26.92,33961,3,43.89,26.99,76304,3,42.68,28.96,99263,3,42.52,28.3,21805,3,41.7,29.9,33988,3,41.78,29.51
358979,2026-07-15T15:04:32.516648,masalapowder,40201,3,42.95,27.54,38392,3,43.51,27.43,54202,3,43.76,26.96,33961,3,43.88,27.01,76304,3,42.68,28.98,99263,3,42.52,28.33,21805,3,41.7,29.93,33988,3,41.77,29.56
359329,2026-07-15T15:04:32.876394,masalapowder,40201,3,42.94,27.55,38392,3,43.5,27.48,54202,3,43.74,27.0,33961,3,43.88,27.03,76304,3,42.68,29.01,99263,3,42.5,28.37,21805,3,41.7,29.95,33988,3,41.75,29.57
359679,2026-07-15T15:04:33.235468,masalapowder,40201,3,42.93,27.57,38392,3,43.49,27.49,54202,3,43.73,27.07,33961,3,43.87,27.03,76304,3,42.67,29.04,99263,3,42.5,28.39,21805,3,41.69,29.97,33988,3,41.75,29.59
360029,2026-07-15T15:04:33.577100,masalapowder,40201,3,42.93,27.58,38392,3,43.49,27.54,54202,3,43.72,27.08,33961,3,43.86,27.08,76304,3,42.66,29.06,99263,3,42.49,28.44,21805,3,41.68,30.11,33988,3,41.74,29.62
360379,2026-07-15T15:04:33.934694,masalapowder,40201,3,42.93,27.58,38392,3,43.48,27.55,54202,3,43.71,27.13,33961,3,43.85,27.09,76304,3,42.66,29.07,99263,3,42.48,28.42,21805,3,41.67,30.03,33988,3,41.74,29.66
360729,2026-07-15T15:04:34.278904,masalapowder,40201,3,42.92,27.61,38392,3,43.48,27.58,54202,3,43.7,27.15,33961,3,43.84,27.1,76304,3,42.66,29.08,99263,3,42.48,28.5,21805,3,41.67,30.05,33988,3,41.74,29.64
361079,2026-07-15T15:04:34.622098,masalapowder,40201,3,42.91,27.64,38392,3,43.46,27.59,54202,3,43.7,27.2,33961,3,43.84,27.12,76304,3,42.65,29.1,99263,3,42.46,28.53,21805,3,41.67,30.08,33988,3,41.73,29.7
361429,2026-07-15T15:04:34.973765,masalapowder,40201,3,42.91,27.64,38392,3,43.47,27.6,54202,3,43.69,27.22,33961,3,43.83,27.12,76304,3,42.65,29.11,99263,3,42.46,28.56,21805,3,41.66,30.06,33988,3,41.72,29.69
361779,2026-07-15T15:04:35.321113,masalapowder,40201,3,42.91,27.66,38392,3,43.46,27.63,54202,3,43.68,27.24,33961,3,43.82,27.13,76304,3,42.65,29.14,99263,3,42.46,28.56,21805,3,41.65,30.09,33988,3,41.71,29.72
362129,2026-07-15T15:04:35.676326,masalapowder,40201,3,42.9,27.65,38392,3,43.46,27.64,54202,3,43.68,27.27,33961,3,43.82,27.15,76304,3,42.63,29.14,99263,3,42.45,28.61,21805,3,41.66,30.09,33988,3,41.71,29.75
362479,2026-07-15T15:04:36.026932,masalapowder,40201,3,42.9,27.66,38392,3,43.45,27.66,54202,3,43.67,27.3,33961,3,43.81,27.17,76304,3,42.64,29.15,99263,3,42.45,28.62,21805,3,41.64,30.12,33988,3,41.71,29.75
362829,2026-07-15T15:04:36.377554,masalapowder,40201,3,42.89,27.67,38392,3,43.44,27.68,54202,3,43.67,27.32,33961,3,43.81,27.18,79061,3,42.63,29.18,99263,3,42.44,28.62,19230,3,41.65,30.11,33988,3,41.71,29.76
363179,2026-07-15T15:04:36.728334,masalapowder,40201,3,42.89,27.69,38392,3,43.44,27.69,54202,3,43.66,27.34,33961,3,43.81,27.17,79061,4,43.07,29.22,99263,3,42.44,28.65,19230,4,42.04,30.18,33988,3,41.7,29.77
363529,2026-07-15T15:04:37.077308,masalapowder,40201,3,42.88,27.69,38392,3,43.44,27.72,54202,3,43.66,27.37,33961,3,43.8,27.2,79061,4,43.41,29.25,99263,3,42.44,28.66,19230,4,42.35,30.21,33988,3,41.7,29.79
363879,2026-07-15T15:04:37.424617,masalapowder,41775,3,42.88,27.7,38392,3,43.43,27.71,54202,3,43.65,27.38,35516,3,43.8,27.22,79061,4,43.58,29.22,99263,3,42.44,28.66,19230,4,42.51,30.18,32388,3,41.7,29.81
364229,2026-07-15T15:04:37.775494,masalapowder,41775,4,43.32,27.74,38392,3,43.42,27.74,54202,3,43.65,27.4,35516,4,44.23,27.27,79061,4,43.68,29.16,99263,3,42.43,28.68,19230,4,42.6,30.15,32388,4,42.1,29.86
364579,2026-07-15T15:04:38.114108,masalapowder,41775,4,43.62,27.77,38392,3,43.41,27.75,54202,3,43.64,27.41,35516,4,44.56,27.31,32964,4,43.74,29.11,99263,3,42.44,28.7,11539,4,42.66,30.09,32388,4,42.42,29.87
364929,2026-07-15T15:04:38.476009,masalapowder,41775,4,43.77,27.75,38392,3,43.42,27.77,54202,3,43.63,27.43,35516,4,44.71,27.26,32964,5,43.81,29.04,99263,3,42.43,28.72,11539,5,42.71,30.02,32388,4,42.58,29.87
365279,2026-07-15T15:04:38.826610,masalapowder,41775,4,43.86,27.69,38392,3,43.42,27.78,54202,3,43.63,27.44,35516,4,44.8,27.23,32964,5,43.83,28.99,105004,3,42.42,28.71,11539,5,42.74,29.95,32388,4,42.67,29.84
365629,2026-07-15T15:04:39.164254,masalapowder,19405,4,43.91,27.62,38392,3,43.42,27.8,54202,3,43.63,27.45,16994,4,44.88,27.17,32964,5,43.87,28.89,105004,4,42.87,28.78,11539,5,42.77,29.9,16597,4,42.73,29.77
365979,2026-07-15T15:04:39.527713,masalapowder,19405,5,43.94,27.57,40738,3,43.41,27.8,54202,3,43.63,27.47,16994,5,44.93,27.1,32964,5,43.89,28.83,105004,4,43.19,28.81,11539,5,42.79,29.84,16597,5,42.77,29.73
366329,2026-07-15T15:04:39.877747,masalapowder,19405,5,43.97,27.49,40738,4,43.85,27.86,54202,3,43.63,27.49,16994,5,44.96,27.04,28822,5,43.91,28.78,105004,4,43.36,28.78,10107,5,42.82,29.79,16597,5,42.81,29.64
366679,2026-07-15T15:04:40.226659,masalapowder,19405,5,43.98,27.45,40738,4,44.16,27.87,54202,3,43.63,27.49,16994,5,44.99,26.99,28822,6,43.93,28.72,105004,4,43.47,28.73,10107,6,42.83,29.72,16597,5,42.83,29.59
367029,2026-07-15T15:04:40.576743,masalapowder,19405,5,43.99,27.38,40738,4,44.32,27.83,54202,3,43.64,27.51,16994,5,45.01,27.0,28822,6,43.95,28.67,43656,4,43.54,28.7,10107,6,42.84,29.65,16597,5,42.85,29.52
367379,2026-07-15T15:04:40.923316,masalapowder,16806,5,44.01,27.35,40738,4,44.42,27.78,54202,3,43.64,27.51,14528,6,45.05,26.79,28822,6,43.97,28.62,43656,5,43.59,28.6,10107,6,42.86,29.61,14420,5,42.88,29.48
367729,2026-07-15T15:04:41.272610,masalapowder,16806,6,44.02,27.28,20427,4,44.49,27.76,55797,3,43.64,27.52,14528,6,45.07,26.75,28822,6,43.98,28.55,43656,5,43.63,28.51,10107,6,42.87,29.57,14420,6,42.9,29.4
368079,2026-07-15T15:04:41.624130,masalapowder,16806,6,44.03,27.23,20427,5,44.54,27.67,55797,4,44.09,27.59,14528,6,45.08,26.71,26186,6,43.99,28.51,43656,5,43.67,28.47,9153,6,42.88,29.52,14420,6,42.91,29.35
368429,2026-07-15T15:04:41.975822,masalapowder,16806,6,44.04,27.18,20427,5,44.58,27.61,55797,4,44.39,27.6,14528,6,45.09,26.67,26186,7,44.24,28.52,43656,5,43.69,28.41,9153,7,43.11,29.53,14420,6,42.93,29.3
368779,2026-07-15T15:04:42.325268,masalapowder,16806,6,44.05,27.21,20427,5,44.6,27.56,55797,4,44.57,27.56,13005,6,45.1,26.63,26186,7,44.46,28.46,37948,5,43.7,28.35,9153,7,43.32,29.48,14420,6,42.94,29.26
369129,2026-07-15T15:04:42.662748,masalapowder,15212,6,44.06,27.03,20427,5,44.63,27.47,55797,4,44.67,27.51,13005,7,45.33,26.62,26186,7,44.58,28.42,37948,6,43.73,28.28,9153,7,43.46,29.45,13037,6,42.95,29.22
369479,2026-07-15T15:04:43.026073,masalapowder,15212,7,44.29,27.13,17510,5,44.64,27.41,26947,4,44.73,27.43,13005,7,45.54,26.59,26186,7,44.67,28.34,37948,6,43.75,28.24,9153,7,43.54,29.38,13037,7,43.19,29.21
369829,2026-07-15T15:04:43.376277,masalapowder,15212,7,44.59,27.06,17510,6,44.67,27.35,26947,5,44.78,27.37,13005,7,45.66,26.56,81399,7,44.74,28.3,37948,6,43.77,28.19,53322,7,43.6,29.34,13037,7,43.39,29.18
370179,2026-07-15T15:04:43.724820,masalapowder,15212,7,44.66,27.01,17510,6,44.68,27.31,26947,5,44.82,27.3,13005,7,45.75,26.5,81399,8,44.78,28.21,37948,6,43.78,28.14,53322,8,43.63,29.24,13037,7,43.51,29.13
370529,2026-07-15T15:04:44.066619,masalapowder,69470,7,44.71,26.95,17510,6,44.7,27.26,26947,5,44.86,27.24,67068,7,45.81,26.44,81399,8,44.82,28.15,34042,6,43.8,28.09,53322,8,43.67,29.17,13037,7,43.6,29.09
370879,2026-07-15T15:04:44.422374,masalapowder,69470,8,44.74,26.87,17510,6,44.71,27.22,26947,5,44.88,27.17,67068,8,45.87,26.39,81399,8,44.85,28.08,34042,7,44.06,28.08,53322,8,43.7,29.08,58155,7,43.65,29.0
371229,2026-07-15T15:04:44.774579,masalapowder,69470,8,44.77,26.8,15740,6,44.74,27.17,23054,5,44.89,27.12,67068,8,45.91,26.3,81399,8,44.88,28.02,34042,7,44.3,28.06,53322,8,43.74,29.03,58155,8,43.69,28.94
371579,2026-07-15T15:04:45.116215,masalapowder,69470,8,44.8,26.75,15740,7,44.99,27.18,23054,6,44.93,27.07,67068,8,45.94,26.24,89982,8,44.9,27.94,34042,7,44.42,28.0,58195,8,43.76,28.96,58155,8,43.74,28.87
371929,2026-07-15T15:04:45.602488,masalapowder,69470,8,44.81,26.72,15740,7,45.2,27.15,23054,6,44.95,27.02,67068,8,45.97,26.18,89982,9,44.94,27.87,34042,7,44.51,27.93,58195,9,43.78,28.91,58155,8,43.77,28.81
372279,2026-07-15T15:04:45.821778,masalapowder,76372,8,44.83,26.65,15740,7,45.33,27.11,23054,6,44.96,26.96,73732,8,45.99,26.13,89982,9,44.96,27.83,119570,7,44.58,27.89,58195,9,43.8,28.86,58155,8,43.8,28.73
372629,2026-07-15T15:04:46.176056,masalapowder,76372,9,44.86,26.6,15740,7,45.41,27.04,23054,6,44.98,26.93,73732,9,46.02,26.08,89982,9,44.97,27.76,119570,8,44.63,27.79,58195,9,43.82,28.8,63334,8,43.83,28.69
372979,2026-07-15T15:04:46.524898,masalapowder,76372,9,44.88,26.56,82580,7,45.47,26.97,20665,6,45.0,26.87,73732,9,46.03,26.03,89982,9,45.0,27.73,119570,8,44.67,27.72,58195,9,43.84,28.75,63334,9,43.86,28.61
373329,2026-07-15T15:04:46.885202,masalapowder,76372,9,44.9,26.51,82580,8,45.53,26.89,20665,7,45.26,26.86,73732,9,46.06,25.99,91921,9,45.01,27.72,119570,8,44.71,27.65,60037,9,43.86,28.71,63334,9,43.87,28.58
373679,2026-07-15T15:04:47.225354,masalapowder,76372,9,44.91,26.49,82580,8,45.56,26.83,20665,7,45.49,26.83,73732,9,46.08,25.94,91921,0,45.05,27.6,119570,8,44.74,27.59,60037,0,43.88,28.66,63334,9,43.89,28.51
374029,2026-07-15T15:04:47.572642,masalapowder,78263,9,44.94,26.45,82580,8,45.59,26.78,20665,7,45.61,26.78,76167,9,46.09,25.89,91921,0,45.07,27.56,131551,8,44.77,27.51,60037,0,43.9,28.61,63334,9,43.91,28.46
374379,2026-07-15T15:04:47.953223,masalapowder,78263,0,44.95,26.43,82580,8,45.63,26.7,20665,7,45.7,26.73,76167,0,46.12,25.85,91921,0,45.09,27.53,131551,9,44.79,27.47,60037,0,43.91,28.55,65173,9,43.93,28.41
374729,2026-07-15T15:04:48.263124,masalapowder,78263,0,44.97,26.37,89604,8,45.66,26.63,81244,7,45.77,26.65,76167,0,46.14,25.83,94955,0,45.1,27.47,131551,9,44.81,27.4,60037,0,43.93,28.52,65173,0,43.94,28.37
375079,2026-07-15T15:04:48.622711,masalapowder,78263,0,44.98,26.36,89604,9,45.68,26.57,81244,8,45.81,26.59,76167,0,46.15,25.77,94955,1,44.41,27.36,131551,9,44.84,27.35,60850,0,43.94,28.49,65173,0,43.96,28.32
375429,2026-07-15T15:04:48.961423,masalapowder,78263,0,45.0,26.32,89604,9,45.7,26.52,81244,8,45.85,26.5,76167,0,46.18,25.75,207329,1,43.9,27.31,131551,9,44.86,27.3,60850,1,43.31,28.38,65173,0,43.98,28.27
375779,2026-07-15T15:04:49.324160,masalapowder,78914,0,45.01,26.27,89604,9,45.72,26.47,81244,8,45.89,26.44,76923,0,46.19,25.7,207329,2,43.61,27.34,133926,9,44.88,27.26,64483,1,42.82,28.31,65173,0,44.0,28.23
376129,2026-07-15T15:04:49.684533,masalapowder,78914,1,44.34,26.2,89604,9,45.74,26.43,81244,8,45.93,26.38,76923,1,45.53,25.61,207329,2,43.45,27.37,133926,0,44.89,27.21,64483,2,42.55,28.33,66235,0,44.02,28.19
376479,2026-07-15T15:04:50.028138,masalapowder,113828,1,43.86,26.13,91921,9,45.77,26.38,89510,8,45.95,26.33,95114,1,45.03,25.57,207329,2,43.34,27.47,133926,0,44.91,27.17,64483,2,42.4,28.38,66235,1,43.37,28.09
376829,2026-07-15T15:04:50.374638,masalapowder,113828,2,43.63,26.17,91921,0,45.79,26.34,89510,9,45.99,26.25,95114,2,44.76,25.56,207329,2,43.27,27.54,133926,0,44.93,27.11,64483,2,42.3,28.46,96294,1,42.88,28.04
377179,2026-07-15T15:04:50.727389,masalapowder,113828,2,43.5,26.23,91921,0,45.81,26.31,89510,9,46.01,26.2,95114,2,44.61,25.62,207329,2,43.21,27.66,133926,0,44.93,27.07,64483,2,42.23,28.53,96294,2,42.62,28.04
377529,2026-07-15T15:04:51.078484,masalapowder,113828,2,43.43,26.31,91921,0,45.82,26.27,89510,9,46.03,26.16,95114,2,44.52,25.71,207329,2,43.16,27.74,135737,0,44.94,27.03,64483,2,42.18,28.61,96294,2,42.48,28.15
377879,2026-07-15T15:04:51.426729,masalapowder,113828,2,43.38,26.39,91921,0,45.83,26.23,89510,9,46.04,26.09,95114,2,44.44,25.77,207329,2,43.13,27.81,135737,1,44.25,26.93,64483,2,42.14,28.69,96294,2,42.31,28.24
378229,2026-07-15T15:04:51.776534,masalapowder,113828,2,43.35,26.48,92020,0,45.83,26.19,91624,9,46.05,26.08,95114,2,44.39,25.86,207329,2,43.1,27.91,273431,1,43.72,26.86,64483,2,42.1,28.78,96294,2,42.25,28.33
378579,2026-07-15T15:04:52.112864,masalapowder,113828,2,43.33,26.56,92020,1,45.15,26.08,91624,0,46.07,25.99,95114,2,44.35,25.95,207329,2,43.07,28.01,273431,2,43.44,26.9,64483,2,42.07,28.85,96294,2,42.21,28.4
378929,2026-07-15T15:04:52.476677,masalapowder,113828,2,43.31,26.64,105916,1,44.63,26.03,91624,0,46.08,25.98,95114,2,44.32,26.02,78048,2,43.05,28.07,273431,2,43.27,26.94,64483,2,42.05,28.96,96294,2,42.18,28.48
379279,2026-07-15T15:04:52.826325,masalapowder,113828,2,43.3,26.69,105916,2,44.38,26.07,91624,0,46.09,25.93,95114,2,44.29,26.08,78048,3,43.03,28.15,273431,2,43.15,27.03,22145,2,42.04,29.01,96294,2,42.15,28.57
379629,2026-07-15T15:04:53.177942,masalapowder,113828,2,43.29,26.76,105916,2,44.22,26.11,91624,0,46.09,25.9,95114,2,44.28,26.16,78048,3,43.02,28.21,273431,2,43.07,27.1,22145,3,42.02,29.09,96294,2,42.13,28.66
379979,2026-07-15T15:04:53.525571,masalapowder,41131,2,43.28,26.83,105916,2,44.11,26.19,93807,0,46.1,25.88,34735,2,44.27,26.22,78048,3,43.0,28.26,273431,2,43.01,27.19,22145,3,42.01,29.17,34510,2,42.1,28.72
380329,2026-07-15T15:04:53.874534,masalapowder,41131,3,43.28,26.88,105916,2,44.04,26.28,93807,1,45.41,25.78,34735,3,44.25,26.28,78048,3,42.99,28.32,273431,2,42.96,27.29,22145,3,41.98,29.21,34510,3,42.09,28.78
380679,2026-07-15T15:04:54.225917,masalapowder,41131,3,43.26,26.94,105916,2,43.98,26.36,142301,1,44.89,25.72,34735,3,44.24,26.34,78048,3,42.98,28.37,273431,2,42.92,27.37,22145,3,41.97,29.27,34510,3,42.07,28.84
381029,2026-07-15T15:04:54.578448,masalapowder,41131,3,43.26,26.99,105916,2,43.94,26.44,142301,2,44.63,25.74,34735,3,44.23,26.41,78048,3,42.98,28.43,273431,2,42.89,27.44,22145,3,41.97,29.32,34510,3,42.06,28.89
381379,2026-07-15T15:04:54.925587,masalapowder,41131,3,43.25,27.04,105916,2,43.91,26.51,142301,2,44.46,25.83,34735,3,44.22,26.44,78048,3,42.96,28.49,273431,2,42.86,27.54,22145,3,41.96,29.39,34510,3,42.05,28.96
381729,2026-07-15T15:04:55.276002,masalapowder,41131,3,43.25,27.06,105916,2,43.89,26.62,142301,2,44.34,25.91,34735,3,44.21,26.49,78048,3,42.95,28.5,99610,2,42.84,27.61,22145,3,41.95,29.43,34510,3,42.04,29.02
382079,2026-07-15T15:04:55.627614,masalapowder,41131,3,43.24,27.12,105916,2,43.87,26.7,142301,2,44.26,26.0,34735,3,44.19,26.54,78048,3,42.94,28.55,99610,3,42.82,27.67,22145,3,41.94,29.47,34510,3,42.02,29.08
382429,2026-07-15T15:04:55.974979,masalapowder,41131,3,43.23,27.15,39060,2,43.84,26.77,142301,2,44.21,26.08,34735,3,44.19,26.59,78048,3,42.93,28.6,99610,3,42.8,27.75,22145,3,41.93,29.52,34510,3,42.01,29.11
382779,2026-07-15T15:04:56.311505,masalapowder,41131,3,43.23,27.17,39060,3,43.83,26.84,142301,2,44.16,26.16,34735,3,44.17,26.62,78048,3,42.91,28.63,99610,3,42.79,27.81,22145,3,41.92,29.55,34510,3,42.0,29.15
383129,2026-07-15T15:04:56.667558,masalapowder,41131,3,43.23,27.21,39060,3,43.81,26.91,142301,2,44.13,26.27,34735,3,44.17,26.64,78048,3,42.91,28.66,99610,3,42.76,27.86,22145,3,41.91,29.58,34510,3,41.99,29.19
383479,2026-07-15T15:04:57.025898,masalapowder,41131,3,43.21,27.23,39060,3,43.79,26.96,142301,2,44.1,26.36,34735,3,44.15,26.68,78048,3,42.9,28.69,99610,3,42.75,27.92,22145,3,41.89,29.66,34510,3,41.98,29.24
383829,2026-07-15T15:04:57.373606,masalapowder,41131,3,43.21,27.24,39060,3,43.78,27.01,142301,2,44.08,26.45,34735,3,44.14,26.7,78048,3,42.89,28.73,99610,3,42.73,27.96,22145,3,41.89,29.69,34510,3,41.97,29.26
384179,2026-07-15T15:04:57.723779,masalapowder,41131,3,43.2,27.27,39060,3,43.77,27.06,54410,2,44.05,26.51,34735,3,44.14,26.73,78048,3,42.89,28.74,99610,3,42.73,28.03,22145,3,41.88,29.71,34510,3,41.96,29.3
384529,2026-07-15T15:04:58.077244,masalapowder,41131,3,43.19,27.31,39060,3,43.76,27.11,54410,3,44.03,26.57,34735,3,44.12,26.76,78048,3,42.87,28.77,99610,3,42.71,28.07,22145,3,41.87,29.74,34510,3,41.95,29.34
384879,2026-07-15T15:04:58.426479,masalapowder,41131,3,43.19,27.33,39060,3,43.75,27.15,54410,3,44.02,26.63,34735,3,44.11,26.78,78048,3,42.86,28.82,99610,3,42.7,28.12,22145,3,41.87,29.74,34510,3,41.95,29.37
385229,2026-07-15T15:04:58.772805,masalapowder,41131,3,43.17,27.36,39060,3,43.74,27.19,54410,3,44.0,26.68,34735,3,44.11,26.8,78048,3,42.87,28.83,99610,3,42.69,28.17,22145,3,41.87,29.81,34510,3,41.94,29.39
385579,2026-07-15T15:04:59.125530,masalapowder,41131,3,43.17,27.36,39060,3,43.73,27.24,54410,3,43.98,26.75,34735,3,44.1,26.85,78048,3,42.86,28.84,99610,3,42.69,28.2,22145,3,41.86,29.81,34510,3,41.93,29.42
385929,2026-07-15T15:04:59.477201,masalapowder,41131,3,43.16,27.38,39060,3,43.72,27.26,54410,3,43.97,26.81,34735,3,44.09,26.86,78048,3,42.85,28.88,99610,3,42.69,28.23,22145,3,41.85,29.82,34510,3,41.92,29.45
386279,2026-07-15T15:04:59.826158,masalapowder,41131,3,43.15,27.39,39060,3,43.72,27.29,54410,3,43.96,26.84,34735,3,44.08,26.89,78048,3,42.85,28.89,99610,3,42.67,28.26,22145,3,41.84,29.84,34510,3,41.92,29.49
386629,2026-07-15T15:05:00.170546,masalapowder,41131,3,43.14,27.42,39060,3,43.7,27.33,54410,3,43.95,26.88,34735,3,44.08,26.9,78048,3,42.85,28.92,99610,3,42.67,28.3,22145,3,41.84,29.85,34510,3,41.91,29.49
386979,2026-07-15T15:05:00.525964,masalapowder,41131,3,43.14,27.44,39060,3,43.7,27.37,54410,3,43.94,26.93,34735,3,44.08,26.91,78048,3,42.83,28.93,99610,3,42.66,28.32,22145,3,41.83,29.9,34510,3,41.91,29.51
387329,2026-07-15T15:05:00.878306,masalapowder,41131,3,43.14,27.44,39060,3,43.69,27.38,54410,3,43.93,26.98,34735,3,44.07,26.94,78048,3,42.83,28.94,99610,3,42.67,28.35,22145,3,41.83,29.92,34510,3,41.9,29.53
387679,2026-07-15T15:05:01.211714,masalapowder,41131,3,43.13,27.45,39060,3,43.69,27.41,54410,3,43.92,27.0,34735,3,44.06,26.95,78048,3,42.83,28.97,99610,3,42.66,28.36,22145,3,41.82,29.93,34510,3,41.9,29.54
388029,2026-07-15T15:05:01.576084,masalapowder,41131,3,43.13,27.47,39060,3,43.68,27.44,54410,3,43.92,27.03,34735,3,44.06,26.97,78048,3,42.82,28.98,99610,3,42.65,28.39,22145,3,41.82,29.94,34510,3,41.89,29.58
388379,2026-07-15T15:05:01.970160,masalapowder,41131,3,43.12,27.47,39060,3,43.68,27.45,54410,3,43.9,27.08,34735,3,44.04,26.99,78048,3,42.82,29.01,99610,3,42.65,28.43,22145,3,41.81,29.97,34510,3,41.89,29.62
388729,2026-07-15T15:05:02.271255,masalapowder,41131,3,43.12,27.49,39060,3,43.67,27.5,54410,3,43.9,27.09,34735,3,44.04,26.98,78048,3,42.81,29.03,99610,3,42.64,28.46,22145,3,41.81,29.97,34510,3,41.88,29.63
389079,2026-07-15T15:05:02.620344,masalapowder,41131,3,43.11,27.5,39060,3,43.66,27.5,54410,3,43.9,27.13,34735,3,44.04,27.0,78048,3,42.81,29.02,99610,3,42.64,28.47,22145,3,41.8,29.99,34510,3,41.87,29.64
389429,2026-07-15T15:05:02.975016,masalapowder,41131,3,43.11,27.51,39060,3,43.66,27.53,54410,3,43.89,27.15,34735,3,44.03,27.03,80935,3,42.8,29.04,99610,3,42.63,28.49,19530,3,41.8,30.0,34510,3,41.87,29.65
389779,2026-07-15T15:05:03.324638,masalapowder,41131,3,43.1,27.52,39060,3,43.65,27.55,54410,3,43.89,27.17,34735,3,44.02,27.03,80935,4,43.26,29.1,99610,3,42.63,28.51,19530,4,42.21,30.06,34510,3,41.87,29.66
390129,2026-07-15T15:05:03.675813,masalapowder,41131,3,43.09,27.54,39060,3,43.65,27.55,54410,3,43.88,27.19,34735,3,44.02,27.05,80935,4,43.59,29.14,99610,3,42.62,28.51,19530,4,42.51,30.09,34510,3,41.87,29.68
390479,2026-07-15T15:05:04.023549,masalapowder,42272,3,43.1,27.54,39060,3,43.65,27.57,54410,3,43.87,27.21,36086,3,44.01,27.07,80935,4,43.76,29.09,99610,3,42.62,28.54,19530,4,42.67,30.06,33195,3,41.86,29.7
390829,2026-07-15T15:05:04.374588,masalapowder,42272,4,43.53,27.61,39060,3,43.64,27.57,54410,3,43.86,27.24,36086,4,44.45,27.12,80935,4,43.86,29.04,99610,3,42.62,28.55,19530,4,42.77,30.04,33195,4,42.27,29.74
391179,2026-07-15T15:05:04.725312,masalapowder,42272,4,43.85,27.62,39060,3,43.63,27.6,54410,3,43.86,27.26,36086,4,44.77,27.14,32862,4,43.93,29.01,99610,3,42.62,28.58,11615,4,42.83,29.98,33195,4,42.58,29.78
391529,2026-07-15T15:05:05.076798,masalapowder,42272,4,43.99,27.6,39060,3,43.64,27.6,54410,3,43.86,27.26,36086,4,44.93,27.11,32862,5,43.98,28.92,99610,3,42.62,28.58,11615,5,42.87,29.91,33195,4,42.73,29.76
391879,2026-07-15T15:05:05.421108,masalapowder,42272,4,44.07,27.53,39060,3,43.64,27.62,54410,3,43.86,27.29,36086,4,45.04,27.07,32862,5,44.03,28.85,99610,3,42.61,28.59,11615,5,42.9,29.85,33195,4,42.83,29.7
392229,2026-07-15T15:05:05.770147,masalapowder,19547,4,44.13,27.47,39060,3,43.63,27.63,54410,3,43.85,27.3,17048,4,45.1,27.01,32862,5,44.05,28.79,106180,3,42.62,28.61,11615,5,42.94,29.78,16833,4,42.89,29.66
392579,2026-07-15T15:05:06.124820,masalapowder,19547,5,44.15,27.42,39060,3,43.64,27.63,54410,3,43.85,27.33,17048,5,45.15,26.95,32862,5,44.08,28.72,106180,4,43.05,28.68,11615,5,42.95,29.7,16833,5,42.94,29.59
392929,2026-07-15T15:05:06.475726,masalapowder,19547,5,44.18,27.35,41734,3,43.64,27.65,54410,3,43.86,27.32,17048,5,45.19,26.89,28880,5,44.1,28.66,106180,4,43.37,28.69,10184,5,42.97,29.67,16833,5,42.97,29.53
393279,2026-07-15T15:05:06.825512,masalapowder,19547,5,44.19,27.27,41734,4,44.08,27.71,54410,3,43.85,27.34,17048,5,45.21,26.84,28880,6,44.12,28.58,106180,4,43.55,28.67,10184,6,42.99,29.6,16833,5,43.0,29.46
393629,2026-07-15T15:05:07.171503,masalapowder,19547,5,44.2,27.23,41734,4,44.4,27.73,54410,3,43.86,27.35,17048,5,45.23,26.76,28880,6,44.13,28.56,106180,4,43.66,28.61,10184,6,43.0,29.55,16833,5,43.02,29.41
393979,2026-07-15T15:05:07.525527,masalapowder,16886,5,44.22,27.18,41734,4,44.55,27.72,54410,3,43.86,27.36,14578,5,45.25,26.7,28880,6,44.15,28.47,43700,4,43.71,28.57,10184,6,43.01,29.48,14588,5,43.04,29.34
394329,2026-07-15T15:05:07.875339,masalapowder,16886,6,44.22,27.12,41734,4,44.65,27.65,54410,3,43.86,27.37,14578,6,45.27,26.65,28880,6,44.16,28.43,43700,5,43.78,28.49,10184,6,43.02,29.46,14588,6,43.06,29.29
394679,2026-07-15T15:05:08.216083,masalapowder,16886,6,44.23,27.08,20506,4,44.72,27.6,56054,3,43.87,27.36,14578,6,45.28,26.62,26299,6,44.17,28.39,43700,5,43.82,28.41,9280,6,43.04,29.41,14588,6,43.07,29.24
395029,2026-07-15T15:05:08.574984,masalapowder,16886,6,44.24,27.05,20506,5,44.76,27.52,56054,4,44.3,27.44,14578,6,45.29,26.52,26299,7,44.43,28.37,43700,5,43.84,28.35,9280,7,43.28,29.41,14588,6,43.09,29.2
395379,2026-07-15T15:05:08.919197,masalapowder,16886,6,44.25,27.0,20506,5,44.79,27.44,56054,4,44.62,27.43,14578,6,45.3,26.59,26299,7,44.64,28.35,43700,5,43.88,28.3,9280,7,43.49,29.38,14588,6,43.09,29.16
395729,2026-07-15T15:05:09.273187,masalapowder,15137,6,44.26,26.97,20506,5,44.82,27.39,56054,4,44.79,27.41,13061,7,45.55,26.48,26299,7,44.77,28.3,37847,5,43.9,28.23,9280,7,43.61,29.31,13190,6,43.11,29.11
396079,2026-07-15T15:05:09.627167,masalapowder,15137,7,44.5,26.96,20506,5,44.85,27.31,56054,4,44.88,27.35,13061,7,45.77,26.44,26299,7,44.85,28.24,37847,6,43.92,28.16,9280,7,43.7,29.25,13190,7,43.35,29.08
396429,2026-07-15T15:05:09.963112,masalapowder,15137,7,44.7,26.95,17596,5,44.87,27.27,26677,4,44.96,27.28,13061,7,45.89,26.41,79725,7,44.92,28.2,37847,6,43.94,28.12,52696,7,43.76,29.2,13190,7,43.55,29.06
396779,2026-07-15T15:05:10.324628,masalapowder,15137,7,44.8,26.89,17596,6,44.88,27.23,26677,5,45.01,27.21,13061,7,45.97,26.34,79725,8,45.0,28.02,37847,6,43.96,28.06,52696,8,43.8,29.12,13190,7,43.67,29.02
397129,2026-07-15T15:05:10.675333,masalapowder,15137,7,44.87,26.83,17596,6,44.91,27.17,26677,5,45.04,27.14,66081,7,46.04,26.28,79725,8,45.03,27.96,37847,6,43.97,28.01,52696,8,43.84,29.05,13190,7,43.76,28.95
397479,2026-07-15T15:05:11.014835,masalapowder,68412,7,44.92,26.81,17596,6,44.92,27.1,26677,5,45.08,27.08,66081,8,46.07,26.21,79725,8,45.07,27.88,33961,6,43.99,27.96,52696,8,43.87,28.97,57411,7,43.82,28.9
397829,2026-07-15T15:05:11.376599,masalapowder,68412,8,44.96,26.74,17596,6,44.93,27.06,26677,5,45.11,27.0,66081,8,46.12,26.16,88306,8,45.1,27.82,33961,7,44.25,27.97,52696,8,43.9,28.92,57411,8,43.87,28.81
398179,2026-07-15T15:05:11.723400,masalapowder,68412,8,45.0,26.61,15786,6,44.95,27.02,22808,5,45.13,26.96,66081,8,46.15,26.08,88306,9,45.12,27.74,33961,7,44.47,27.94,57334,8,43.93,28.85,57411,8,43.9,28.75
398529,2026-07-15T15:05:12.073383,masalapowder,68412,8,45.02,26.54,15786,7,45.21,27.0,22808,6,45.15,26.91,66081,8,46.19,26.04,88306,9,45.15,27.69,33961,7,44.61,27.89,57334,9,43.95,28.79,57411,8,43.94,28.7
398879,2026-07-15T15:05:12.427877,masalapowder,75029,8,45.05,26.5,15786,7,45.43,26.98,22808,6,45.18,26.85,72418,8,46.21,25.98,88306,9,45.16,27.66,33961,7,44.7,27.82,57334,9,43.97,28.73,57411,8,43.96,28.62
399229,2026-07-15T15:05:12.771130,masalapowder,75029,9,45.06,26.47,15786,7,45.55,26.93,22808,6,45.19,26.8,72418,9,46.23,25.94,88306,9,45.19,27.59,117108,7,44.77,27.74,57334,9,43.98,28.69,62729,8,43.98,28.56
399579,2026-07-15T15:05:13.121539,masalapowder,75029,9,45.08,26.42,15786,7,45.64,26.89,22808,6,45.21,26.76,72418,9,46.26,25.88,90941,9,45.2,27.56,117108,8,44.82,27.66,57334,9,44.01,28.61,62729,9,44.0,28.5
399929,2026-07-15T15:05:13.475456,masalapowder,75029,9,45.1,26.37,80629,7,45.71,26.82,20369,6,45.23,26.72,72418,9,46.28,25.83,90941,0,45.22,27.51,117108,8,44.87,27.58,58918,9,44.04,28.59,62729,9,44.02,28.45
400279,2026-07-15T15:05:13.825924,masalapowder,75029,9,45.12,26.33,80629,8,45.76,26.72,20369,7,45.49,26.71,72418,9,46.3,25.77,90941,0,45.24,27.47,117108,8,44.9,27.51,58918,0,44.05,28.54,62729,9,44.04,28.39
400629,2026-07-15T15:05:14.173892,masalapowder,76715,9,45.14,26.29,80629,8,45.8,26.65,20369,7,45.71,26.68,74831,9,46.32,25.73,90941,0,45.25,27.43,117108,8,44.94,27.45,58918,0,44.07,28.48,62729,9,44.07,28.32
400979,2026-07-15T15:05:14.525924,masalapowder,76715,0,45.16,26.25,80629,8,45.83,26.59,20369,7,45.84,26.62,74831,0,46.34,25.7,90941,0,45.27,27.38,128385,8,44.96,27.39,58918,0,44.08,28.44,64000,9,44.09,28.31
401329,2026-07-15T15:05:14.875849,masalapowder,76715,0,45.18,26.22,80629,8,45.86,26.54,20369,7,45.93,26.55,74831,0,46.36,25.67,91330,0,45.29,27.35,128385,9,44.98,27.33,58918,0,44.1,28.39,64000,0,44.11,28.24
401679,2026-07-15T15:05:15.223211,masalapowder,76715,0,45.19,26.21,86956,8,45.88,26.49,78987,7,46.0,26.49,74831,0,46.37,25.63,91330,1,44.61,27.23,128385,9,45.01,27.26,59369,0,44.11,28.36,64000,0,44.13,28.21
402029,2026-07-15T15:05:15.574217,masalapowder,76715,0,45.21,26.18,86956,9,45.91,26.4,78987,8,46.05,26.42,74831,0,46.39,25.58,209107,1,44.08,27.19,128385,9,45.03,27.21,59369,1,43.47,28.26,64000,0,44.14,28.16
402379,2026-07-15T15:05:15.926118,masalapowder,77411,0,45.21,26.12,86956,9,45.92,26.35,78987,8,46.09,26.33,75627,0,46.41,25.56,209107,2,43.8,27.21,128385,9,45.05,27.16,65979,1,42.99,28.18,64000,0,44.16,28.11
402729,2026-07-15T15:05:16.275423,masalapowder,77411,1,44.55,26.03,86956,9,45.94,26.33,78987,8,46.13,26.27,75627,1,45.75,25.47,209107,2,43.63,27.26,131653,9,45.08,27.11,65979,2,42.71,28.21,64875,0,44.18,28.1
403079,2026-07-15T15:05:16.613096,masalapowder,114669,1,44.07,26.0,86956,9,45.97,26.27,78987,8,46.15,26.23,97227,1,45.25,25.42,209107,2,43.52,27.36,131653,0,45.09,27.06,65979,2,42.56,28.26,64875,1,43.53,27.97
403429,2026-07-15T15:05:16.973534,masalapowder,114669,2,43.84,26.04,89323,9,45.99,26.23,86779,8,46.18,26.15,97227,2,44.98,25.43,209107,2,43.45,27.43,131653,0,45.1,27.03,65979,2,42.47,28.32,98575,1,43.04,27.92
403779,2026-07-15T15:05:17.326359,masalapowder,114669,2,43.71,26.09,89323,0,46.01,26.23,86779,9,46.2,26.08,97227,2,44.82,25.47,209107,2,43.39,27.53,131653,0,45.12,26.99,65979,2,42.4,28.4,98575,2,42.79,27.93
404129,2026-07-15T15:05:17.866210,masalapowder,114669,2,43.63,26.18,89323,0,46.02,25.95,86779,9,46.23,26.03,97227,2,44.72,25.55,209107,2,43.34,27.62,131653,0,45.12,26.93,65979,2,42.34,28.5,98575,2,42.64,27.97
404479,2026-07-15T15:05:18.015804,masalapowder,114669,2,43.58,26.25,89323,0,46.03,26.14,86779,9,46.25,25.97,97227,2,44.66,25.63,209107,2,43.32,27.7,132883,0,45.13,26.9,65979,2,42.3,28.58,98575,2,42.54,28.04
404829,2026-07-15T15:05:18.375417,masalapowder,114669,2,43.56,26.33,89323,0,46.04,25.97,86779,9,46.26,25.93,97227,2,44.61,25.7,209107,2,43.29,27.79,132883,1,44.43,26.79,65979,2,42.28,28.67,98575,2,42.47,28.11
405179,2026-07-15T15:05:18.724951,masalapowder,114669,2,43.54,26.44,90363,0,46.05,25.97,89043,9,46.28,25.89,97227,2,44.57,25.79,209107,2,43.27,27.86,273650,1,43.91,26.75,65979,2,42.25,28.74,98575,2,42.41,28.21
405529,2026-07-15T15:05:19.076609,masalapowder,114669,2,43.52,26.49,90363,1,45.34,25.93,89043,0,46.29,25.86,97227,2,44.54,25.88,79061,2,43.24,27.94,273650,2,43.62,26.75,65979,2,42.23,28.83,98575,2,42.37,28.3
405879,2026-07-15T15:05:19.432417,masalapowder,114669,2,43.5,26.54,107517,1,44.84,25.88,89043,0,46.29,25.81,97227,2,44.51,25.94,79061,3,43.22,28.02,273650,2,43.46,26.81,22955,2,42.21,28.72,98575,2,42.34,28.39
406229,2026-07-15T15:05:19.774785,masalapowder,114669,2,43.49,26.62,107517,2,44.44,25.95,89043,0,46.3,25.78,97227,2,44.5,26.02,79061,3,43.21,28.08,273650,2,43.33,26.89,22955,3,42.18,29.03,98575,2,42.31,28.47
406579,2026-07-15T15:05:20.124924,masalapowder,41531,2,43.49,26.68,107517,2,44.32,26.03,89043,0,46.31,25.74,35368,2,44.48,26.07,79061,3,43.19,28.15,273650,2,43.25,26.97,22955,3,42.17,29.1,98575,2,42.29,28.51
406929,2026-07-15T15:05:20.465977,masalapowder,41531,3,43.48,26.74,107517,2,44.25,26.13,89604,0,46.32,25.71,35368,3,44.47,26.12,79061,3,43.18,28.19,273650,2,43.19,27.08,22955,3,42.15,29.16,35516,3,42.25,28.67
407279,2026-07-15T15:05:20.818901,masalapowder,41531,3,43.47,26.79,107517,2,44.19,26.22,89604,1,45.62,25.6,35368,3,44.45,26.2,79061,3,43.17,28.24,273650,2,43.13,27.15,22955,3,42.14,29.22,35516,3,42.23,28.73
407629,2026-07-15T15:05:21.174373,masalapowder,41531,3,43.46,26.83,107517,2,44.15,26.29,140659,1,45.11,25.57,35368,3,44.45,26.25,79061,3,43.16,28.31,273650,2,43.1,27.23,22955,3,42.13,29.26,35516,3,42.22,28.79
407979,2026-07-15T15:05:21.518046,masalapowder,41531,3,43.46,26.88,107517,2,44.12,26.39,140659,2,44.83,25.6,35368,3,44.44,26.32,79061,3,43.14,28.36,273650,2,43.07,27.32,22955,3,42.11,29.29,35516,3,42.2,28.84
408329,2026-07-15T15:05:21.876201,masalapowder,41531,3,43.45,26.93,107517,2,44.09,26.48,140659,2,44.67,25.69,35368,3,44.43,26.34,79061,3,43.14,28.4,273650,2,43.04,27.4,22955,3,42.11,29.35,35516,3,42.19,28.92
408679,2026-07-15T15:05:22.221839,masalapowder,41531,3,43.44,26.96,107517,2,44.07,26.54,140659,2,44.56,25.74,35368,3,44.42,26.38,79061,3,43.13,28.44,101145,2,43.02,27.48,22955,3,42.1,29.39,35516,3,42.18,28.94
409029,2026-07-15T15:05:22.565364,masalapowder,41531,3,43.44,26.99,39714,2,44.05,26.63,140659,2,44.48,25.84,35368,3,44.41,26.44,79061,3,43.11,28.46,101145,3,42.99,27.55,22955,3,42.08,29.43,35516,3,42.16,28.99
409379,2026-07-15T15:05:22.925087,masalapowder,41531,3,43.43,27.02,39714,3,44.04,26.69,140659,2,44.42,25.93,35368,3,44.4,26.47,79061,3,43.11,28.5,101145,3,42.97,27.63,22955,3,42.08,29.45,35516,3,42.16,29.06
409729,2026-07-15T15:05:23.274958,masalapowder,41531,3,43.42,27.05,39714,3,44.02,26.74,140659,2,44.37,26.02,35368,3,44.39,26.5,79061,3,43.1,28.54,101145,3,42.96,27.66,22955,3,42.07,29.5,35516,3,42.14,29.08
410079,2026-07-15T15:05:23.625536,masalapowder,41531,3,43.42,27.08,39714,3,44.01,26.79,140659,2,44.33,26.1,35368,3,44.38,26.55,79061,3,43.09,28.58,101145,3,42.95,27.79,22955,3,42.06,29.51,35516,3,42.14,29.14
410429,2026-07-15T15:05:23.975138,masalapowder,41531,3,43.42,27.09,39714,3,44.0,26.87,140659,2,44.31,26.19,35368,3,44.37,26.54,79061,3,43.07,28.6,101145,3,42.93,27.82,22955,3,42.06,29.55,35516,3,42.13,29.15
410779,2026-07-15T15:05:24.324538,masalapowder,41531,3,43.4,27.11,39714,3,43.98,26.89,140659,2,44.28,26.3,35368,3,44.36,26.58,79061,3,43.07,28.62,101145,3,42.91,27.91,22955,3,42.05,29.59,35516,3,42.12,29.18
411129,2026-07-15T15:05:24.676614,masalapowder,41531,3,43.4,27.15,39714,3,43.97,26.94,54654,2,44.26,26.36,35368,3,44.34,26.62,79061,3,43.07,28.65,101145,3,42.89,27.96,22955,3,42.04,29.59,35516,3,42.11,29.21
411479,2026-07-15T15:05:25.023033,masalapowder,41531,3,43.39,27.16,39714,3,43.96,26.98,54654,3,44.24,26.42,35368,3,44.33,26.62,79061,3,43.06,28.65,101145,3,42.89,27.98,22955,3,42.04,29.62,35516,3,42.1,29.25
411829,2026-07-15T15:05:25.374484,masalapowder,41531,3,43.38,27.18,39714,3,43.95,27.03,54654,3,44.22,26.48,35368,3,44.32,26.64,79061,3,43.05,28.68,101145,3,42.88,28.01,22955,3,42.03,29.66,35516,3,42.1,29.28
412179,2026-07-15T15:05:25.724957,masalapowder,41531,3,43.38,27.2,39714,3,43.94,27.07,54654,3,44.21,26.53,35368,3,44.32,26.67,79061,3,43.04,28.72,101145,3,42.87,28.05,22955,3,42.02,29.68,35516,3,42.09,29.29
412529,2026-07-15T15:05:26.074883,masalapowder,41531,3,43.37,27.21,39714,3,43.94,27.12,54654,3,44.19,26.6,35368,3,44.31,26.68,79061,3,43.04,28.72,101145,3,42.87,28.09,22955,3,42.02,29.7,35516,3,42.09,29.33
412879,2026-07-15T15:05:26.433526,masalapowder,41531,3,43.36,27.23,39714,3,43.93,27.15,54654,3,44.19,26.63,35368,3,44.3,26.71,79061,3,43.03,28.75,101145,3,42.86,28.13,22955,3,42.01,29.72,35516,3,42.08,29.36
413229,2026-07-15T15:05:26.772010,masalapowder,41531,3,43.36,27.26,39714,3,43.92,27.17,54654,3,44.17,26.68,35368,3,44.29,26.72,79061,3,43.03,28.77,101145,3,42.86,28.14,22955,3,42.01,29.74,35516,3,42.06,29.36
413579,2026-07-15T15:05:27.124945,masalapowder,41531,3,43.35,27.27,39714,3,43.92,27.2,54654,3,44.16,26.73,35368,3,44.29,26.74,79061,3,43.03,28.79,101145,3,42.85,28.18,22955,3,42.0,29.76,35516,3,42.06,29.38
413929,2026-07-15T15:05:27.465486,masalapowder,41531,3,43.34,27.27,39714,3,43.91,27.24,54654,3,44.15,26.78,35368,3,44.28,26.74,79061,3,43.01,28.8,101145,3,42.83,28.21,22955,3,42.01,29.78,35516,3,42.05,29.42
414279,2026-07-15T15:05:27.816160,masalapowder,41531,3,43.34,27.3,39714,3,43.9,27.23,54654,3,44.14,26.82,35368,3,44.26,26.77,79061,3,43.01,28.82,101145,3,42.84,28.24,22955,3,41.99,29.78,35516,3,42.05,29.43
414629,2026-07-15T15:05:28.177766,masalapowder,41531,3,43.33,27.29,39714,3,43.9,27.26,54654,3,44.14,26.83,35368,3,44.27,26.79,79061,3,43.01,28.82,101145,3,42.83,28.26,22955,3,41.99,29.81,35516,3,42.05,29.45
414979,2026-07-15T15:05:28.512488,masalapowder,41531,3,43.32,27.31,39714,3,43.89,27.29,54654,3,44.13,26.88,35368,3,44.26,26.79,79061,3,43.0,28.84,101145,3,42.83,28.27,22955,3,41.98,29.82,35516,3,42.04,29.46
415329,2026-07-15T15:05:28.873152,masalapowder,41531,3,43.32,27.32,39714,3,43.89,27.3,54654,3,44.13,26.91,35368,3,44.26,26.81,79061,3,43.0,28.85,101145,3,42.82,28.29,22955,3,41.98,29.82,35516,3,42.03,29.48
415679,2026-07-15T15:05:29.227116,masalapowder,41531,3,43.32,27.33,39714,3,43.89,27.33,54654,3,44.12,26.91,35368,3,44.25,26.83,79061,3,43.0,28.86,101145,3,42.82,28.32,22955,3,41.98,29.85,35516,3,42.03,29.49
416029,2026-07-15T15:05:29.563178,masalapowder,41531,3,43.32,27.35,39714,3,43.88,27.33,54654,3,44.12,26.96,35368,3,44.24,26.86,82580,3,43.0,28.89,101145,3,42.82,28.34,19968,3,41.96,29.85,35516,3,42.03,29.51
416379,2026-07-15T15:05:29.925434,masalapowder,41531,3,43.31,27.34,39714,3,43.88,27.36,54654,3,44.1,26.98,35368,3,44.24,26.85,82580,4,43.45,28.94,101145,3,42.81,28.35,19968,4,42.38,29.92,35516,3,42.02,29.51
416729,2026-07-15T15:05:30.274467,masalapowder,41531,3,43.3,27.35,39714,3,43.87,27.36,54654,3,44.1,27.0,35368,3,44.23,26.86,82580,4,43.77,28.97,101145,3,42.81,28.36,19968,4,42.69,29.92,35516,3,42.02,29.54
417079,2026-07-15T15:05:30.621940,masalapowder,42996,3,43.3,27.37,39714,3,43.86,27.38,54654,3,44.1,27.01,36739,3,44.23,26.88,82580,4,43.96,28.93,101145,3,42.81,28.37,19968,4,42.85,29.91,33746,3,42.02,29.55
417429,2026-07-15T15:05:30.975240,masalapowder,42996,4,43.74,27.43,39714,3,43.86,27.39,54654,3,44.1,27.04,36739,4,44.67,26.94,82580,4,44.06,28.89,101145,3,42.8,28.39,19968,4,42.94,29.87,33746,4,42.43,29.61
417779,2026-07-15T15:05:31.325440,masalapowder,42996,4,44.05,27.42,39714,3,43.86,27.41,54654,3,44.09,27.05,36739,4,44.99,26.96,33066,4,44.12,28.83,101145,3,42.8,28.4,11627,4,43.0,29.82,33746,4,42.74,29.64
418129,2026-07-15T15:05:31.667533,masalapowder,42996,4,44.19,27.39,39714,3,43.85,27.41,54654,3,44.08,27.07,36739,4,45.16,26.93,33066,5,44.18,28.75,101145,3,42.8,28.43,11627,5,43.04,29.75,33746,4,42.89,29.63
418479,2026-07-15T15:05:32.024672,masalapowder,42996,4,44.27,27.35,39714,3,43.86,27.45,54654,3,44.08,27.1,36739,4,45.25,26.89,33066,5,44.21,28.68,101145,3,42.8,28.42,11627,5,43.07,29.69,33746,4,42.99,29.57
418829,2026-07-15T15:05:32.371190,masalapowder,19583,4,44.32,27.3,39714,3,43.85,27.45,54654,3,44.08,27.12,17089,4,45.32,26.82,33066,5,44.24,28.6,107315,3,42.8,28.45,11627,5,43.09,29.62,16727,4,43.05,29.51
419179,2026-07-15T15:05:32.720690,masalapowder,19583,5,44.36,27.24,39714,3,43.86,27.45,54654,3,44.08,27.13,17089,5,45.37,26.76,33066,5,44.26,28.59,107315,4,43.22,28.52,11627,5,43.12,29.58,16727,5,43.1,29.45
419529,2026-07-15T15:05:33.074545,masalapowder,19583,5,44.38,27.16,42314,3,43.85,27.46,54654,3,44.07,27.12,17089,5,45.4,26.71,29038,6,44.3,28.44,107315,4,43.56,28.55,10194,5,43.13,29.5,16727,5,43.13,29.4
419879,2026-07-15T15:05:33.424983,masalapowder,19583,5,44.39,27.12,42314,4,44.29,27.53,54654,3,44.07,27.15,17089,5,45.42,26.63,29038,6,44.31,28.37,107315,4,43.73,28.5,10194,6,43.16,29.46,16727,5,43.17,29.33
420229,2026-07-15T15:05:33.776520,masalapowder,19583,5,44.42,27.06,42314,4,44.61,27.54,54654,3,44.07,27.15,17089,5,45.45,26.58,29038,6,44.33,28.31,107315,4,43.83,28.47,10194,6,43.17,29.38,16727,5,43.18,29.28
420579,2026-07-15T15:05:34.126189,masalapowder,16926,5,44.42,27.0,42314,4,44.77,27.49,54654,3,44.08,27.18,14638,5,45.47,26.55,29038,6,44.34,28.26,43389,4,43.91,28.4,10194,6,43.18,29.34,14598,5,43.2,29.21
420929,2026-07-15T15:05:34.476257,masalapowder,16926,6,44.43,26.96,42314,4,44.87,27.46,54654,3,44.07,27.19,14638,6,45.48,26.47,26332,6,44.36,28.23,43389,5,43.96,28.34,10194,6,43.2,29.3,14598,6,43.22,29.15
421279,2026-07-15T15:05:34.817692,masalapowder,16926,6,44.44,26.91,20585,4,44.93,27.39,54654,3,44.08,27.19,14638,6,45.5,26.42,26332,7,44.62,28.23,43389,5,43.99,28.26,9280,6,43.2,29.25,14598,6,43.24,29.11
421629,2026-07-15T15:05:35.175417,masalapowder,16926,6,44.45,26.87,20585,5,44.98,27.34,56537,3,44.09,27.2,14638,6,45.5,26.37,26332,7,44.83,28.18,43389,5,44.03,28.19,9280,7,43.45,29.23,14598,6,43.25,29.05
421979,2026-07-15T15:05:35.527093,masalapowder,16926,6,44.46,26.82,20585,5,45.02,27.25,56537,4,44.51,27.26,14638,6,45.52,26.32,26332,7,44.95,28.14,43389,5,44.06,28.12,9280,7,43.66,29.23,14598,6,43.27,29.01
422329,2026-07-15T15:05:35.962160,masalapowder,15234,6,44.48,26.79,20585,5,45.05,27.19,56537,4,44.84,27.28,13149,6,45.53,26.3,26332,7,45.04,28.08,37647,5,44.08,28.06,9280,7,43.77,29.16,13338,6,43.28,28.96
422679,2026-07-15T15:05:36.223738,masalapowder,15234,7,44.71,26.78,20585,5,45.07,27.14,56537,4,45.0,27.23,13149,7,45.78,26.28,78551,7,45.1,28.01,37647,6,44.1,28.0,9280,7,43.87,29.1,13338,7,43.51,28.96
423029,2026-07-15T15:05:36.573420,masalapowder,15234,7,44.9,26.75,17684,5,45.09,27.07,56537,4,45.1,27.17,13149,7,45.97,26.27,78551,8,45.15,27.93,37647,6,44.13,27.95,51240,7,43.92,29.04,13338,7,43.71,28.91
423379,2026-07-15T15:05:36.921958,masalapowder,15234,7,45.01,26.74,17684,6,45.11,27.03,26677,4,45.16,27.09,13149,7,46.1,26.23,78551,8,45.19,27.86,37647,6,44.14,27.9,51240,8,43.97,28.98,13338,7,43.84,28.9
423729,2026-07-15T15:05:37.276234,masalapowder,15234,7,45.08,26.67,17684,6,45.12,26.97,26677,5,45.22,27.04,13149,7,46.19,26.22,78551,8,45.23,27.79,37647,6,44.16,27.87,51240,8,44.01,28.9,13338,7,43.92,28.81
424079,2026-07-15T15:05:37.624565,masalapowder,67492,7,45.13,26.61,17684,6,45.14,26.94,26677,5,45.26,26.98,65173,8,46.29,26.04,78551,8,45.27,27.73,33934,6,44.17,27.82,51240,8,44.05,28.82,56537,7,43.97,28.76
424429,2026-07-15T15:05:37.963515,masalapowder,67492,8,45.16,26.55,17684,6,45.16,26.9,26677,5,45.3,26.91,65173,8,46.33,26.0,86603,8,45.28,27.67,33934,7,44.43,27.8,51240,8,44.07,28.78,56537,8,44.02,28.7
424779,2026-07-15T15:05:38.323782,masalapowder,67492,8,45.19,26.49,15845,6,45.18,26.85,26677,5,45.33,26.85,65173,8,46.37,25.93,86603,9,45.31,27.61,33934,7,44.66,27.78,55980,8,44.1,28.7,56537,8,44.06,28.63
425129,2026-07-15T15:05:38.677333,masalapowder,67492,8,45.22,26.43,15845,7,45.43,26.84,22686,5,45.34,26.79,65173,8,46.4,25.88,86603,9,45.33,27.56,33934,7,44.8,27.74,55980,9,44.12,28.65,56537,8,44.09,28.57
425479,2026-07-15T15:05:39.020660,masalapowder,67492,8,45.24,26.39,15845,7,45.65,26.82,22686,6,45.37,26.74,72112,8,46.42,25.83,86603,9,45.35,27.51,33934,7,44.89,27.68,55980,9,44.14,28.58,56537,8,44.12,28.5
425829,2026-07-15T15:05:39.374592,masalapowder,73669,8,45.25,26.26,15845,7,45.78,26.77,22686,6,45.39,26.67,72112,9,46.44,25.77,86603,9,45.36,27.45,115056,7,44.96,27.59,55980,9,44.16,28.54,61776,8,44.15,28.44
426179,2026-07-15T15:05:39.710801,masalapowder,73669,9,45.28,26.4,15845,7,45.86,26.71,22686,6,45.41,26.63,72112,9,46.48,25.72,89043,9,45.38,27.4,115056,8,45.01,27.52,55980,9,44.18,28.49,61776,9,44.16,28.37
426529,2026-07-15T15:05:40.070540,masalapowder,73669,9,45.3,26.25,79355,7,45.92,26.63,22686,6,45.44,26.6,72112,9,46.49,25.68,89043,0,45.4,27.37,115056,8,45.05,27.45,57181,9,44.19,28.43,61776,9,44.19,28.33
426879,2026-07-15T15:05:40.422592,masalapowder,73669,9,45.32,26.19,79355,8,45.97,26.57,20330,6,45.45,26.55,72112,9,46.51,25.63,89043,0,45.42,27.32,115056,8,45.08,27.39,57181,0,44.21,28.38,61776,9,44.21,28.25
427229,2026-07-15T15:05:40.774543,masalapowder,75829,9,45.34,26.13,79355,8,46.01,26.51,20330,7,45.71,26.56,73605,9,46.53,25.58,89043,0,45.43,27.27,115056,8,45.11,27.31,57181,0,44.22,28.36,61776,9,44.23,28.22
427579,2026-07-15T15:05:41.114107,masalapowder,75829,0,45.36,26.11,79355,8,46.04,26.45,20330,7,45.93,26.51,73605,0,46.55,25.53,89043,0,45.45,27.23,126669,8,45.14,27.25,57181,0,44.24,28.31,62914,9,44.25,28.16
427929,2026-07-15T15:05:41.472893,masalapowder,75829,0,45.37,26.08,79355,8,46.07,26.37,20330,7,46.06,26.46,73605,0,46.56,25.52,90267,0,45.47,27.2,126669,9,45.16,27.2,57181,0,44.26,28.27,62914,0,44.26,28.12
428279,2026-07-15T15:05:41.820562,masalapowder,75829,0,45.39,26.04,85561,8,46.09,26.32,20330,7,46.15,26.39,73605,0,46.58,25.49,90267,1,44.78,27.1,126669,9,45.2,27.13,57761,0,44.27,28.24,62914,0,44.29,28.09
428629,2026-07-15T15:05:42.170163,masalapowder,75829,0,45.41,26.02,85561,9,46.12,26.26,77552,7,46.21,26.32,73605,0,46.6,25.44,211177,1,44.25,27.05,126669,9,45.21,27.08,67279,1,43.13,28.07,62914,0,44.31,28.04
428979,2026-07-15T15:05:42.524895,masalapowder,76372,0,45.42,25.99,85561,9,46.15,26.2,77552,8,46.27,26.26,74570,0,46.62,25.4,211177,2,43.98,27.08,126669,9,45.24,27.03,67279,2,42.88,28.08,62914,0,44.32,28.02
429329,2026-07-15T15:05:42.868002,masalapowder,76372,1,44.75,25.87,85561,9,46.17,26.15,77552,8,46.31,26.19,74570,1,45.94,25.31,211177,2,43.81,27.13,129064,9,45.25,26.97,67279,2,42.72,28.13,64048,0,44.34,27.98
429679,2026-07-15T15:05:43.224211,masalapowder,117431,1,44.26,25.84,85561,9,46.18,26.1,77552,8,46.34,26.11,99090,1,45.45,25.26,211177,2,43.7,27.21,129064,0,45.27,26.92,67279,2,42.62,28.19,64048,1,43.69,27.85
430029,2026-07-15T15:05:43.568427,masalapowder,117431,2,44.04,25.88,87851,9,46.21,26.07,77552,8,46.38,26.06,99090,2,45.19,25.27,211177,2,43.63,27.28,129064,0,45.28,26.87,67279,2,42.55,28.28,101265,1,43.2,27.79
430379,2026-07-15T15:05:43.915330,masalapowder,117431,2,43.91,25.95,87851,0,46.22,26.02,84712,8,46.4,25.98,99090,2,45.03,25.32,211177,2,43.57,27.39,129064,0,45.29,26.84,67279,2,42.5,28.36,101265,2,42.95,27.8
430729,2026-07-15T15:05:44.272459,masalapowder,117431,2,43.84,26.02,87851,0,46.23,25.98,84712,9,46.42,25.94,99090,2,44.92,25.4,211177,2,43.52,27.48,129064,0,45.3,26.81,67279,2,42.46,28.45,101265,2,42.79,27.86
431079,2026-07-15T15:05:44.622249,masalapowder,117431,2,43.78,26.1,87851,0,46.25,25.96,84712,9,46.45,25.89,99090,2,44.85,25.48,211177,2,43.49,27.56,130346,0,45.31,26.76,67279,2,42.43,28.55,101265,2,42.69,27.94
431429,2026-07-15T15:05:44.974484,masalapowder,117431,2,43.75,26.19,87851,0,46.25,25.92,84712,9,46.46,25.84,99090,2,44.8,25.56,211177,2,43.46,27.66,130346,1,44.61,26.66,67279,2,42.4,28.63,101265,2,42.62,28.01
431779,2026-07-15T15:05:45.322807,masalapowder,117431,2,43.73,26.27,88489,0,46.27,25.87,84712,9,46.48,25.78,99090,2,44.77,25.63,211177,2,43.44,27.74,274530,1,44.08,26.6,67279,2,42.38,28.69,101265,2,42.57,28.08
432129,2026-07-15T15:05:45.672708,masalapowder,117431,2,43.72,26.34,88489,1,45.57,25.78,86428,9,46.48,25.73,99090,2,44.74,25.72,80326,2,43.42,27.81,274530,2,43.8,26.63,23594,2,42.36,28.76,101265,2,42.53,28.18
432479,2026-07-15T15:05:46.028581,masalapowder,117431,2,43.71,26.4,108751,1,45.06,25.73,86428,0,46.5,25.7,99090,2,44.72,25.81,80326,3,43.41,27.88,274530,2,43.63,26.7,23594,3,42.36,28.84,101265,2,42.5,28.25
432829,2026-07-15T15:05:46.372425,masalapowder,117431,2,43.7,26.49,108751,2,44.79,25.74,86428,0,46.5,25.66,99090,2,44.7,25.89,80326,3,43.39,27.95,274530,2,43.51,26.77,23594,3,42.33,28.91,101265,2,42.47,28.35
433179,2026-07-15T15:05:46.722991,masalapowder,42482,2,43.7,26.54,108751,2,44.64,25.8,86428,0,46.51,25.62,36270,2,44.68,25.94,80326,3,43.38,28.02,274530,2,43.42,26.86,23594,3,42.32,28.95,101265,2,42.44,28.39
433529,2026-07-15T15:05:47.070367,masalapowder,42482,3,43.68,26.6,108751,2,44.53,25.89,86428,0,46.52,25.61,36270,3,44.67,26.0,80326,3,43.37,28.07,274530,2,43.36,26.94,23594,3,42.31,29.03,36270,2,42.42,28.5
433879,2026-07-15T15:05:47.415975,masalapowder,42482,3,43.68,26.66,108751,2,44.47,25.97,87761,0,46.52,25.57,36270,3,44.66,26.05,80326,3,43.35,28.11,274530,2,43.31,27.04,23594,3,42.3,29.08,36270,3,42.4,28.55
434229,2026-07-15T15:05:47.772193,masalapowder,42482,3,43.67,26.68,108751,2,44.42,26.05,87761,1,45.83,25.45,36270,3,44.65,26.12,80326,3,43.34,28.17,274530,2,43.28,27.12,23594,3,42.29,29.14,36270,3,42.38,28.61
434579,2026-07-15T15:05:48.124524,masalapowder,42482,3,43.66,26.73,108751,2,44.37,26.16,140891,1,45.31,25.42,36270,3,44.65,26.16,80326,3,43.33,28.22,274530,2,43.24,27.2,23594,3,42.28,29.17,36270,3,42.37,28.67
434929,2026-07-15T15:05:48.477256,masalapowder,42482,3,43.64,26.77,108751,2,44.33,26.25,140891,2,45.04,25.46,36270,3,44.64,26.21,80326,3,43.32,28.25,274530,2,43.21,27.28,23594,3,42.27,29.22,36270,3,42.36,28.68
435279,2026-07-15T15:05:48.833080,masalapowder,42482,3,43.64,26.81,108751,2,44.3,26.33,140891,2,44.87,25.54,36270,3,44.63,26.25,80326,3,43.31,28.31,102114,2,43.19,27.36,23594,3,42.26,29.26,36270,3,42.34,28.83
435629,2026-07-15T15:05:49.167157,masalapowder,42482,3,43.64,26.85,108751,2,44.28,26.4,140891,2,44.77,25.62,36270,3,44.62,26.29,80326,3,43.3,28.33,102114,3,43.17,27.42,23594,3,42.25,29.29,36270,3,42.32,28.88
435979,2026-07-15T15:05:49.524527,masalapowder,42482,3,43.63,26.87,40353,2,44.26,26.48,140891,2,44.69,25.71,36270,3,44.61,26.31,80326,3,43.29,28.37,102114,3,43.15,27.51,23594,3,42.25,29.36,36270,3,42.31,28.93
436329,2026-07-15T15:05:49.875204,masalapowder,42482,3,43.63,26.91,40353,3,44.25,26.54,140891,2,44.63,25.8,36270,3,44.6,26.36,80326,3,43.28,28.41,102114,3,43.13,27.56,23594,3,42.24,29.39,36270,3,42.3,28.98
436679,2026-07-15T15:05:50.224128,masalapowder,42482,3,43.62,26.94,40353,3,44.24,26.6,140891,2,44.59,25.88,36270,3,44.59,26.39,80326,3,43.28,28.43,102114,3,43.11,27.61,23594,3,42.23,29.39,36270,3,42.3,29.02
437029,2026-07-15T15:05:50.575391,masalapowder,42482,3,43.61,26.96,40353,3,44.22,26.66,140891,2,44.55,25.96,36270,3,44.57,26.43,80326,3,43.27,28.47,102114,3,43.1,27.66,23594,3,42.22,29.43,36270,3,42.28,29.05
437379,2026-07-15T15:05:50.923919,masalapowder,42482,3,43.6,27.0,40353,3,44.2,26.72,140891,2,44.51,26.06,36270,3,44.58,26.44,80326,3,43.26,28.49,102114,3,43.09,27.73,23594,3,42.22,29.47,36270,3,42.28,29.09
437729,2026-07-15T15:05:51.264475,masalapowder,42482,3,43.6,27.01,40353,3,44.18,26.76,140891,2,44.49,26.14,36270,3,44.56,26.46,80326,3,43.25,28.52,102114,3,43.08,27.78,23594,3,42.21,29.51,36270,3,42.26,29.1
438079,2026-07-15T15:05:51.625315,masalapowder,42482,3,43.59,27.03,40353,3,44.18,26.82,55041,2,44.47,26.21,36270,3,44.56,26.49,80326,3,43.25,28.56,102114,3,43.07,27.83,23594,3,42.2,29.53,36270,3,42.25,29.14
438429,2026-07-15T15:05:51.975713,masalapowder,42482,3,43.59,27.05,40353,3,44.17,26.87,55041,3,44.45,26.3,36270,3,44.55,26.51,80326,3,43.23,28.57,102114,3,43.06,27.88,23594,3,42.2,29.53,36270,3,42.25,29.19
438779,2026-07-15T15:05:52.319466,masalapowder,42482,3,43.57,27.06,40353,3,44.16,26.9,55041,3,44.43,26.36,36270,3,44.53,26.53,80326,3,43.23,28.59,102114,3,43.05,27.9,23594,3,42.19,29.58,36270,3,42.24,29.2
439129,2026-07-15T15:05:52.672644,masalapowder,42482,3,43.57,27.08,40353,3,44.15,26.96,55041,3,44.42,26.41,36270,3,44.53,26.57,80326,3,43.22,28.63,102114,3,43.04,27.95,23594,3,42.18,29.59,36270,3,42.24,29.22
439479,2026-07-15T15:05:53.011122,masalapowder,42482,3,43.56,27.09,40353,3,44.14,26.98,55041,3,44.41,26.46,36270,3,44.52,26.58,80326,3,43.21,28.64,102114,3,43.04,27.98,23594,3,42.18,29.61,36270,3,42.23,29.25
439829,2026-07-15T15:05:53.470842,masalapowder,42482,3,43.56,27.1,40353,3,44.13,27.02,55041,3,44.38,26.51,36270,3,44.51,26.61,80326,3,43.21,28.65,102114,3,43.03,28.02,23594,3,42.17,29.63,36270,3,42.22,29.27
440179,2026-07-15T15:05:53.896306,masalapowder,42482,3,43.56,27.13,40353,3,44.13,27.04,55041,3,44.37,26.56,36270,3,44.5,26.62,80326,3,43.2,28.69,102114,3,43.02,28.04,23594,3,42.17,29.65,36270,3,42.21,29.29
440529,2026-07-15T15:05:54.072989,masalapowder,42482,3,43.55,27.14,40353,3,44.12,27.06,55041,3,44.36,26.62,36270,3,44.5,26.64,80326,3,43.2,28.69,102114,3,43.02,28.08,23594,3,42.16,29.67,36270,3,42.21,29.32
440879,2026-07-15T15:05:54.425363,masalapowder,42482,3,43.54,27.16,40353,3,44.11,27.1,55041,3,44.35,26.65,36270,3,44.48,26.65,80326,3,43.2,28.72,102114,3,43.01,28.1,23594,3,42.16,29.68,36270,3,42.2,29.34
441229,2026-07-15T15:05:54.835970,masalapowder,42482,3,43.54,27.17,40353,3,44.11,27.13,55041,3,44.35,26.69,36270,3,44.48,26.66,80326,3,43.19,28.73,102114,3,43.0,28.14,23594,3,42.16,29.71,36270,3,42.19,29.35
441579,2026-07-15T15:05:55.123714,masalapowder,42482,3,43.53,27.19,40353,3,44.1,27.15,55041,3,44.34,26.73,36270,3,44.47,26.69,80326,3,43.18,28.73,102114,3,43.0,28.16,23594,3,42.14,29.72,36270,3,42.19,29.37
441929,2026-07-15T15:05:55.468436,masalapowder,42482,3,43.52,27.18,40353,3,44.1,27.17,55041,3,44.33,26.77,36270,3,44.46,26.7,80326,3,43.18,28.74,102114,3,43.0,28.18,23594,3,42.14,29.74,36270,3,42.19,29.4
442279,2026-07-15T15:05:55.817976,masalapowder,42482,3,43.52,27.22,40353,3,44.09,27.19,55041,3,44.32,26.78,36270,3,44.46,26.7,80326,3,43.17,28.75,102114,3,42.99,28.21,23594,3,42.12,29.75,36270,3,42.18,29.42
442629,2026-07-15T15:05:56.174916,masalapowder,42482,3,43.51,27.22,40353,3,44.09,27.2,55041,3,44.32,26.83,36270,3,44.45,26.74,83550,4,43.62,28.86,102114,3,42.99,28.22,20408,3,42.14,29.75,36270,3,42.18,29.44
442979,2026-07-15T15:05:56.523466,masalapowder,42482,3,43.51,27.23,40353,3,44.08,27.23,55041,3,44.3,26.84,36270,3,44.44,26.75,83550,4,43.95,28.87,102114,3,42.98,28.26,20408,4,42.54,29.82,36270,3,42.17,29.45
443329,2026-07-15T15:05:56.872980,masalapowder,42482,3,43.5,27.24,40353,3,44.07,27.24,55041,3,44.3,26.88,36270,3,44.44,26.75,83550,4,44.13,28.86,102114,3,42.98,28.28,20408,4,42.84,29.86,36270,3,42.17,29.46
443679,2026-07-15T15:05:57.224367,masalapowder,43880,3,43.5,27.25,40353,3,44.07,27.25,55041,3,44.29,26.89,37547,3,44.44,26.75,83550,4,44.22,28.8,102114,3,42.97,28.3,20408,4,43.0,29.84,34594,3,42.16,29.47
444029,2026-07-15T15:05:57.573926,masalapowder,43880,4,43.94,27.32,40353,3,44.07,27.29,55041,3,44.29,26.92,37547,4,44.87,26.83,33040,4,44.29,28.73,102114,3,42.97,28.3,20408,4,43.09,29.77,34594,4,42.59,29.54
444379,2026-07-15T15:05:57.918929,masalapowder,43880,4,44.25,27.32,40353,3,44.06,27.29,55041,3,44.28,26.93,37547,4,45.2,26.85,33040,5,44.34,28.67,102114,3,42.97,28.32,11989,4,43.16,29.72,34594,4,42.89,29.56
444729,2026-07-15T15:05:58.273943,masalapowder,43880,4,44.39,27.31,40353,3,44.06,27.31,55041,3,44.28,26.97,37547,4,45.36,26.82,33040,5,44.38,28.59,102114,3,42.96,28.35,11989,5,43.19,29.66,34594,4,43.04,29.53
445079,2026-07-15T15:05:58.626047,masalapowder,43880,4,44.47,27.24,40353,3,44.06,27.33,55041,3,44.27,26.99,37547,4,45.46,26.79,33040,5,44.42,28.54,102114,3,42.97,28.35,11989,5,43.23,29.59,34594,4,43.14,29.5
445429,2026-07-15T15:05:58.970158,masalapowder,19728,4,44.53,27.18,40353,3,44.06,27.33,55041,3,44.27,27.01,17227,4,45.52,26.73,33040,5,44.44,28.46,102114,3,42.96,28.35,11989,5,43.26,29.54,17075,4,43.21,29.43
445779,2026-07-15T15:05:59.323823,masalapowder,19728,5,44.57,27.12,40353,3,44.06,27.35,55041,3,44.27,27.03,17227,5,45.57,26.65,29097,5,44.46,28.4,108751,3,42.97,28.38,11989,5,43.28,29.47,17075,5,43.26,29.38
446129,2026-07-15T15:05:59.665471,masalapowder,19728,5,44.58,27.07,40353,3,44.06,27.37,55041,3,44.27,27.02,17227,5,45.6,26.6,29097,6,44.48,28.34,108751,4,43.41,28.42,10282,5,43.3,29.4,17075,5,43.29,29.31
446479,2026-07-15T15:06:00.024753,masalapowder,19728,5,44.6,26.99,42996,3,44.06,27.35,55041,3,44.27,27.04,17227,5,45.63,26.53,29097,6,44.49,28.29,108751,4,43.73,28.46,10282,6,43.31,29.37,17075,5,43.32,29.24
446829,2026-07-15T15:06:00.374567,masalapowder,19728,5,44.61,26.95,42996,4,44.5,27.45,55041,3,44.27,27.06,17227,5,45.65,26.47,29097,6,44.51,28.24,108751,4,43.91,28.41,10282,6,43.32,29.29,17075,5,43.34,29.18
447179,2026-07-15T15:06:00.725798,masalapowder,17199,5,44.63,26.89,42996,4,44.81,27.44,55041,3,44.27,27.07,14831,5,45.68,26.42,29097,6,44.52,28.19,108751,4,44.01,28.39,10282,6,43.33,29.25,14862,5,43.35,29.13
447529,2026-07-15T15:06:01.061277,masalapowder,17199,6,44.63,26.85,42996,4,44.98,27.4,55041,3,44.27,27.1,14831,6,45.7,26.37,26495,6,44.54,28.16,43434,4,44.09,28.3,10282,6,43.34,29.2,14862,6,43.37,29.09
447879,2026-07-15T15:06:01.500655,masalapowder,17199,6,44.64,26.79,42996,4,45.08,27.35,55041,3,44.28,27.1,14831,6,45.71,26.33,26495,7,44.78,28.13,43434,5,44.14,28.24,9321,6,43.36,29.18,14862,6,43.39,29.05
448229,2026-07-15T15:06:01.770498,masalapowder,17199,6,44.65,26.78,20625,4,45.14,27.3,55041,3,44.28,27.1,14831,6,45.72,26.3,26495,7,45.0,28.12,43434,5,44.17,28.17,9321,7,43.6,29.17,14862,6,43.4,28.96
448579,2026-07-15T15:06:02.119971,masalapowder,17199,6,44.66,26.72,20625,5,45.19,27.23,56612,3,44.28,27.11,14831,6,45.73,26.25,26495,7,45.13,28.07,43434,5,44.21,28.1,9321,7,43.81,29.15,14862,6,43.41,28.93
448929,2026-07-15T15:06:02.468216,masalapowder,15444,6,44.68,26.7,20625,5,45.22,27.17,56612,4,44.73,27.18,13272,6,45.74,26.2,26495,7,45.22,28.0,43434,5,44.23,28.05,9321,7,43.93,29.08,13499,6,43.43,28.88
449279,2026-07-15T15:06:02.822500,masalapowder,15444,7,44.9,26.69,20625,5,45.25,27.11,56612,4,45.04,27.17,13272,7,45.97,26.2,77552,7,45.28,27.93,37780,5,44.26,27.99,9321,7,44.03,29.02,13499,7,43.65,28.87
449629,2026-07-15T15:06:03.173663,masalapowder,15444,7,45.1,26.66,20625,5,45.28,27.04,56612,4,45.21,27.13,13272,7,46.18,26.17,77552,8,45.33,27.85,37780,6,44.27,27.94,50453,7,44.08,28.96,13499,7,43.87,28.87
449979,2026-07-15T15:06:03.522909,masalapowder,15444,7,45.22,26.63,17713,5,45.3,26.99,56612,4,45.31,27.08,13272,7,46.3,26.13,77552,8,45.37,27.78,37780,6,44.3,27.88,50453,8,44.13,28.89,13499,7,43.99,28.79
450329,2026-07-15T15:06:03.872907,masalapowder,15444,7,45.28,26.58,17713,6,45.32,26.92,26315,4,45.39,27.02,13272,7,46.39,26.08,77552,8,45.4,27.7,37780,6,44.31,27.83,50453,8,44.16,28.82,13499,7,44.07,28.74
450679,2026-07-15T15:06:04.220867,masalapowder,66805,7,45.33,26.51,17713,6,45.33,26.9,26315,5,45.43,26.95,64483,7,46.45,26.01,77552,8,45.43,27.66,37780,6,44.34,27.77,50453,8,44.19,28.77,56054,7,44.12,28.67
451029,2026-07-15T15:06:04.602030,masalapowder,66805,8,45.36,26.45,17713,6,45.36,26.85,26315,5,45.48,26.85,64483,8,46.5,25.96,85304,8,45.45,27.6,34015,6,44.34,27.73,55006,8,44.25,28.63,56054,8,44.18,28.62
451379,2026-07-15T15:06:04.923340,masalapowder,66805,8,45.39,26.39,17713,6,45.37,26.8,26315,5,45.5,26.8,64483,8,46.53,25.89,85304,9,45.48,27.54,34015,7,44.61,27.72,55006,9,44.27,28.58,56054,8,44.21,28.55
451729,2026-07-15T15:06:05.272977,masalapowder,66805,8,45.42,26.34,15928,6,45.38,26.74,26315,5,45.53,26.75,64483,8,46.56,25.84,85304,9,45.5,27.46,34015,7,44.85,27.68,55006,9,44.3,28.51,56054,8,44.25,28.47
452079,2026-07-15T15:06:05.623646,masalapowder,66805,8,45.44,26.29,15928,7,45.65,26.73,22543,5,45.56,26.69,64483,8,46.59,25.78,85304,9,45.52,27.43,34015,7,44.98,27.64,55006,9,44.31,28.44,56054,8,44.28,28.41
452429,2026-07-15T15:06:05.973396,masalapowder,73101,8,45.46,26.24,15928,7,45.87,26.7,22543,6,45.58,26.62,70796,9,46.65,25.68,85304,9,45.54,27.37,34015,7,45.07,27.57,55006,9,44.32,28.41,61244,8,44.29,28.36
452779,2026-07-15T15:06:06.310902,masalapowder,73101,9,45.48,26.17,15928,7,45.99,26.65,22543,6,45.6,26.58,70796,9,46.66,25.61,87942,9,45.56,27.32,113149,7,45.14,27.5,56537,9,44.35,28.36,61244,9,44.32,28.29
453129,2026-07-15T15:06:06.670418,masalapowder,73101,9,45.49,26.16,15928,7,46.07,26.62,22543,6,45.63,26.55,70796,9,46.69,25.56,87942,0,45.57,27.27,113149,8,45.18,27.44,56537,0,44.36,28.32,61244,9,44.34,28.25
453479,2026-07-15T15:06:07.024208,masalapowder,73101,9,45.51,26.11,77977,7,46.13,26.54,22543,6,45.64,26.49,70796,9,46.71,25.52,87942,0,45.59,27.24,113149,8,45.22,27.36,56537,0,44.38,28.27,61244,9,44.36,28.18
453829,2026-07-15T15:06:07.375419,masalapowder,73101,9,45.52,26.09,77977,8,46.18,26.47,20253,6,45.66,26.44,72913,9,46.73,25.48,87942,0,45.6,27.21,113149,8,45.26,27.28,56537,0,44.4,28.23,61244,9,44.39,28.12
454179,2026-07-15T15:06:07.713374,masalapowder,74897,9,45.54,26.04,77977,8,46.22,26.41,20253,7,45.92,26.43,72913,0,46.74,25.44,87942,0,45.63,27.17,113149,8,45.29,27.24,56537,0,44.41,28.2,63054,9,44.4,28.09
454529,2026-07-15T15:06:08.070187,masalapowder,74897,0,45.55,26.0,77977,8,46.25,26.32,20253,7,46.15,26.4,72913,0,46.76,25.41,88673,0,45.63,27.13,124453,8,45.32,27.15,56952,0,44.43,28.16,63054,0,44.42,28.06
454879,2026-07-15T15:06:08.424053,masalapowder,74897,0,45.57,25.97,77977,8,46.29,26.27,20253,7,46.28,26.34,72913,0,46.78,25.38,88673,1,44.94,27.03,124453,9,45.35,27.11,56952,1,43.78,28.04,63054,0,44.44,27.99
455229,2026-07-15T15:06:08.773510,masalapowder,74897,0,45.61,25.91,84965,8,46.31,26.2,20253,7,46.37,26.28,72913,0,46.79,25.34,213823,1,44.42,26.98,124453,9,45.37,27.03,68139,1,43.29,27.98,63054,0,44.46,27.97
455579,2026-07-15T15:06:09.122962,masalapowder,75829,0,45.62,25.9,84965,9,46.34,26.15,75294,7,46.43,26.21,74052,0,46.81,25.31,213823,2,44.14,26.99,124453,9,45.4,26.99,68139,2,43.02,28.0,63054,0,44.47,27.92
455929,2026-07-15T15:06:09.480055,masalapowder,75829,1,44.94,25.78,84965,9,46.36,26.11,75294,8,46.48,26.13,74052,1,46.15,25.21,213823,2,43.98,27.07,124453,9,45.41,26.93,68139,2,42.87,28.03,63382,0,44.5,27.88
456279,2026-07-15T15:06:09.824504,masalapowder,120754,1,44.46,25.73,84965,9,46.38,26.04,75294,8,46.52,26.08,102114,1,45.64,25.17,213823,2,43.87,27.14,128481,9,45.43,26.89,68139,2,42.78,28.11,63382,1,43.85,27.79
456629,2026-07-15T15:06:10.170459,masalapowder,120754,2,44.23,25.78,84965,9,46.41,26.02,75294,8,46.55,26.0,102114,2,45.37,25.18,213823,2,43.79,27.22,128481,0,45.44,26.84,68139,2,42.7,28.2,104298,1,43.35,27.73
456979,2026-07-15T15:06:10.522423,masalapowder,120754,2,44.1,25.85,86253,9,46.41,25.96,75294,8,46.59,25.96,102114,2,45.22,25.25,213823,2,43.74,27.32,128481,0,45.46,26.81,68139,2,42.65,28.29,104298,2,43.09,27.75
457329,2026-07-15T15:06:10.875018,masalapowder,120754,2,44.02,25.93,86253,0,46.43,25.92,82740,8,46.61,25.88,102114,2,45.13,25.32,213823,2,43.69,27.4,128481,0,45.46,26.76,68139,2,42.61,28.38,104298,2,42.94,27.8
457679,2026-07-15T15:06:11.224103,masalapowder,120754,2,43.97,26.02,86253,0,46.44,25.89,82740,9,46.64,25.82,102114,2,45.05,25.4,213823,2,43.66,27.51,128481,0,45.47,26.74,68139,2,42.58,28.47,104298,2,42.84,27.85
458029,2026-07-15T15:06:11.570185,masalapowder,120754,2,43.94,26.1,86253,0,46.45,25.84,82740,9,46.65,25.76,102114,2,45.0,25.45,213823,2,43.62,27.59,130545,0,45.48,26.7,68139,2,42.55,28.55,104298,2,42.77,27.93
