timestamp,received_time,label,sensor_0_gas,sensor_0_gas_index,sensor_0_temp,sensor_0_humidity,sensor_1_gas,sensor_1_gas_index,sensor_1_temp,sensor_1_humidity,sensor_2_gas,sensor_2_gas_index,sensor_2_temp,sensor_2_humidity,sensor_3_gas,sensor_3_gas_index,sensor_3_temp,sensor_3_humidity,sensor_4_gas,sensor_4_gas_index,sensor_4_temp,sensor_4_humidity,sensor_5_gas,sensor_5_gas_index,sensor_5_temp,sensor_5_humidity,sensor_6_gas,sensor_6_gas_index,sensor_6_temp,sensor_6_humidity,sensor_7_gas,sensor_7_gas_index,sensor_7_temp,sensor_7_humidity
235779,2026-07-15T15:19:46.238691,pepperpowder,6363,6,43.14,25.83,7395,6,43.54,26.13,8215,5,43.78,26.15,5684,6,43.94,25.46,11247,7,43.6,26.99,12620,6,42.76,27.21,5684,7,42.52,28.04,5684,6,42.04,28.41
236129,2026-07-15T15:19:46.594928,pepperpowder,6363,7,43.39,25.83,7395,6,43.56,26.09,8215,5,43.81,26.11,5684,7,44.18,25.47,11247,7,43.73,26.98,12620,6,42.79,27.18,5684,7,42.66,28.0,5684,7,42.27,28.44
236479,2026-07-15T15:19:46.936735,pepperpowder,6363,7,43.58,25.83,7395,6,43.58,26.05,8215,5,43.83,26.07,5684,7,44.38,25.47,11247,7,43.81,26.93,12620,6,42.8,27.13,5684,7,42.74,27.96,5684,7,42.45,28.4
236829,2026-07-15T15:19:47.294151,pepperpowder,6363,7,43.68,25.8,7395,6,43.59,26.0,8177,5,43.86,26.0,5684,7,44.51,25.43,35251,7,43.87,26.87,12620,6,42.82,27.1,21940,7,42.8,27.9,5684,7,42.58,28.38
237179,2026-07-15T15:19:47.638621,pepperpowder,6363,7,43.75,25.74,7138,6,43.6,25.99,8177,6,43.88,25.96,5684,7,44.59,25.4,35251,8,43.93,26.8,12502,6,42.83,27.07,21940,8,42.85,27.86,5684,7,42.66,28.32
237529,2026-07-15T15:19:47.991280,pepperpowder,27327,7,43.8,25.7,7138,7,43.86,25.99,8177,6,43.9,25.93,27467,7,44.65,25.34,35251,8,43.96,26.73,12502,7,43.09,27.09,21940,8,42.89,27.79,20785,7,42.71,28.27
237879,2026-07-15T15:19:48.337065,pepperpowder,27327,8,43.84,25.64,7138,7,44.07,25.97,8177,6,43.92,25.9,27467,8,44.7,25.28,35251,8,43.99,26.68,12502,7,43.32,27.06,21940,8,42.91,27.73,20785,8,42.76,28.19
238229,2026-07-15T15:19:48.689785,pepperpowder,27327,8,43.87,25.59,7138,7,44.2,25.92,8177,6,43.93,25.86,27467,8,44.74,25.22,35251,8,44.03,26.63,12502,7,43.44,27.02,21940,8,42.94,27.67,20785,8,42.8,28.16
238579,2026-07-15T15:19:49.039561,pepperpowder,27327,8,43.89,25.54,7138,7,44.29,25.9,7916,6,43.95,25.82,27467,8,44.78,25.18,37090,8,44.05,26.58,12502,7,43.53,26.97,23005,8,42.96,27.63,20785,8,42.82,28.1
238929,2026-07-15T15:19:49.397084,pepperpowder,27327,8,43.92,25.5,34707,7,44.36,25.82,7916,7,44.21,25.81,27467,8,44.81,25.14,37090,9,44.08,26.54,42356,7,43.61,26.92,23005,9,42.98,27.56,20785,8,42.85,28.05
239279,2026-07-15T15:19:49.736181,pepperpowder,28705,8,43.94,25.46,34707,8,44.41,25.77,7916,7,44.43,25.81,29057,8,44.83,25.08,37090,9,44.1,26.49,42356,8,43.65,26.85,23005,9,43.01,27.53,21585,8,42.88,27.99
239629,2026-07-15T15:19:50.097030,pepperpowder,28705,9,43.96,25.43,34707,8,44.44,25.72,7916,7,44.55,25.77,29057,9,44.86,25.03,37090,9,44.12,26.45,42356,8,43.69,26.78,23005,9,43.03,27.49,21585,9,42.89,27.94
239979,2026-07-15T15:19:50.446404,pepperpowder,28705,9,43.98,25.39,34707,8,44.48,25.67,7916,7,44.65,25.71,29057,9,44.89,25.0,37090,9,44.14,26.41,42356,8,43.73,26.72,23005,9,43.04,27.45,21585,9,42.93,27.9
240329,2026-07-15T15:19:50.792518,pepperpowder,28705,9,44.0,25.34,34707,8,44.51,25.6,29622,7,44.71,25.65,29057,9,44.91,24.96,37415,9,44.16,26.37,42356,8,43.75,26.66,23594,9,43.06,27.41,21585,9,42.94,27.87
240679,2026-07-15T15:19:51.142903,pepperpowder,28705,9,44.02,25.31,36147,8,44.54,25.57,29622,8,44.76,25.6,29057,9,44.93,24.92,37415,0,44.17,26.32,44290,8,43.78,26.61,23594,0,43.08,27.36,21585,9,42.96,27.81
241029,2026-07-15T15:19:51.496751,pepperpowder,28841,9,44.03,25.29,36147,9,44.56,25.53,29622,8,44.81,25.54,29357,9,44.95,24.88,37415,0,44.19,26.31,44290,9,43.81,26.56,23594,0,43.09,27.34,21872,9,42.98,27.78
241379,2026-07-15T15:19:51.839019,pepperpowder,28841,0,44.06,25.25,36147,9,44.58,25.47,29622,8,44.84,25.47,29357,0,44.97,24.85,37415,0,44.21,26.27,44290,9,43.83,26.51,23594,0,43.11,27.31,21872,0,42.99,27.74
241729,2026-07-15T15:19:52.195646,pepperpowder,28841,0,44.07,25.24,36147,9,44.61,25.43,29622,8,44.87,25.44,29357,0,44.99,24.82,37415,0,44.22,26.25,44290,9,43.84,26.48,23594,0,43.12,27.27,21872,0,43.01,27.7
242079,2026-07-15T15:19:52.541541,pepperpowder,28841,0,44.08,25.21,36147,9,44.63,25.41,30865,8,44.89,25.36,29357,0,45.01,24.79,37746,0,44.24,26.2,44290,9,43.86,26.43,23992,0,43.13,27.25,21872,0,43.02,27.67
242429,2026-07-15T15:19:52.896234,pepperpowder,28841,0,44.11,25.19,36488,9,44.65,25.35,30865,9,44.92,25.33,29357,0,45.04,24.77,37746,1,43.55,26.12,45470,9,43.89,26.38,23992,1,42.5,27.14,21872,0,43.04,27.66
242779,2026-07-15T15:19:53.255522,pepperpowder,29057,0,44.13,25.17,36488,0,44.67,25.34,30865,9,44.95,25.28,29459,0,45.06,24.73,70562,1,43.03,26.08,45470,0,43.91,26.36,29622,1,42.02,27.08,22330,0,43.05,27.61
243129,2026-07-15T15:19:53.596870,pepperpowder,29057,1,43.46,25.07,36488,0,44.69,25.3,30865,9,44.97,25.23,29459,1,44.39,24.64,70562,2,42.76,26.08,45470,0,43.93,26.31,29622,2,41.75,27.1,22330,1,42.41,27.5
243479,2026-07-15T15:19:53.946186,pepperpowder,38988,1,42.99,25.05,36488,0,44.71,25.26,30865,9,44.99,25.2,35904,1,43.9,24.59,70562,2,42.6,26.16,45470,0,43.93,26.29,29622,2,41.6,27.14,35049,1,41.93,27.45
243829,2026-07-15T15:19:54.296150,pepperpowder,38988,2,42.76,25.08,36488,0,44.72,25.24,31000,9,45.02,25.16,35904,2,43.64,24.6,70562,2,42.49,26.23,45470,0,43.94,26.27,29622,2,41.51,27.21,35049,2,41.67,27.47
244179,2026-07-15T15:19:54.644933,pepperpowder,38988,2,42.64,25.11,36707,0,44.73,25.2,31000,0,45.03,25.14,35904,2,43.49,24.67,70562,2,42.41,26.31,44802,0,43.96,26.23,29622,2,41.42,27.3,35049,2,41.52,27.55
244529,2026-07-15T15:19:54.990750,pepperpowder,38988,2,42.56,25.21,36707,1,44.05,25.09,31000,0,45.05,25.09,35904,2,43.38,24.73,70562,2,42.35,26.4,44802,1,43.27,26.13,29622,2,41.37,27.39,35049,2,41.42,27.6
244879,2026-07-15T15:19:55.334432,pepperpowder,38988,2,42.51,25.3,40467,1,43.55,25.06,31000,0,45.06,25.07,35904,2,43.32,24.81,70562,2,42.31,26.48,75161,1,42.74,26.09,29622,2,41.33,27.46,35049,2,41.34,27.7
245229,2026-07-15T15:19:55.697161,pepperpowder,38988,2,42.48,25.37,40467,2,43.3,25.09,31000,0,45.08,25.03,35904,2,43.27,24.88,70562,2,42.27,26.58,75161,2,42.48,26.1,29622,2,41.29,27.57,35049,2,41.29,27.8
245579,2026-07-15T15:19:56.038064,pepperpowder,38988,2,42.45,25.45,40467,2,43.14,25.14,30710,0,45.08,25.03,35904,2,43.22,24.97,70562,2,42.24,26.67,75161,2,42.31,26.17,29622,2,41.27,27.64,35049,2,41.25,27.89
245929,2026-07-15T15:19:56.382140,pepperpowder,38988,2,42.44,25.53,40467,2,43.03,25.21,30710,1,44.4,24.91,35904,2,43.19,25.04,70562,2,42.21,26.74,75161,2,42.18,26.25,29622,2,41.24,27.71,35049,2,41.21,27.97
246279,2026-07-15T15:19:56.732168,pepperpowder,38988,2,42.43,25.61,40467,2,42.97,25.3,44661,1,43.89,24.9,35904,2,43.17,25.13,29418,2,42.19,26.82,75161,2,42.1,26.33,11130,2,41.22,27.8,35049,2,41.18,28.06
246629,2026-07-15T15:19:57.088822,pepperpowder,38988,2,42.42,25.68,40467,2,42.91,25.37,44661,2,43.62,24.91,35904,2,43.15,25.19,29418,3,42.17,26.9,75161,2,42.04,26.43,11130,3,41.2,27.88,35049,2,41.15,28.16
246979,2026-07-15T15:19:57.435912,pepperpowder,15670,2,42.4,25.75,40467,2,42.87,25.46,44661,2,43.47,24.99,13698,2,43.14,25.22,29418,3,42.15,26.97,75161,2,41.99,26.52,11130,3,41.18,27.94,13725,2,41.13,28.24
247329,2026-07-15T15:19:57.796604,pepperpowder,15670,3,42.4,25.9,40467,2,42.84,25.56,44661,2,43.36,25.07,13698,3,43.12,25.28,29418,3,42.14,27.05,75161,2,41.95,26.59,11130,3,41.18,28.02,13725,3,41.11,28.29
247679,2026-07-15T15:19:58.137919,pepperpowder,15670,3,42.38,25.74,40467,2,42.81,25.63,44661,2,43.27,25.15,13698,3,43.08,25.44,29418,3,42.13,27.11,75161,2,41.92,26.69,11130,3,41.16,28.09,13725,3,41.09,28.39
248029,2026-07-15T15:19:58.493676,pepperpowder,15670,3,42.37,25.9,40467,2,42.79,25.71,44661,2,43.22,25.26,13698,3,43.06,25.5,29418,3,42.12,27.16,75161,2,41.88,26.76,11130,3,41.15,28.13,13725,3,41.07,28.44
248379,2026-07-15T15:19:58.840907,pepperpowder,15670,3,42.36,26.0,16443,2,42.77,25.79,44661,2,43.17,25.32,13698,3,43.05,25.56,29418,3,42.1,27.22,30425,2,41.86,26.85,11130,3,41.13,28.17,13725,3,41.06,28.5
248729,2026-07-15T15:19:59.188765,pepperpowder,15670,3,42.35,26.03,16443,3,42.75,25.83,44661,2,43.14,25.41,13698,3,43.04,25.61,29418,3,42.08,27.27,30425,3,41.84,26.96,11130,3,41.12,28.24,13725,3,41.06,28.55
249079,2026-07-15T15:19:59.535966,pepperpowder,15670,3,42.34,26.07,16443,3,42.74,25.9,44661,2,43.11,25.49,13698,3,43.03,25.65,29418,3,42.06,27.32,30425,3,41.82,26.99,11130,3,41.12,28.29,13725,3,41.05,28.61
249429,2026-07-15T15:19:59.889124,pepperpowder,15670,3,42.34,26.11,16443,3,42.73,25.97,44661,2,43.08,25.58,13698,3,43.01,25.68,29418,3,42.06,27.37,30425,3,41.79,27.12,11130,3,41.1,28.33,13725,3,41.03,28.65
249779,2026-07-15T15:20:00.233473,pepperpowder,15670,3,42.33,26.14,16443,3,42.72,26.03,19008,2,43.05,25.64,13698,3,43.01,25.71,29418,3,42.05,27.38,30425,3,41.78,27.16,11130,3,41.09,28.36,13725,3,41.02,28.71
250129,2026-07-15T15:20:00.584910,pepperpowder,15670,3,42.33,26.19,16443,3,42.7,26.07,19008,3,43.04,25.7,13698,3,42.99,25.76,29418,3,42.04,27.43,30425,3,41.77,27.21,11130,3,41.09,28.42,13725,3,41.01,28.73
250479,2026-07-15T15:20:00.938234,pepperpowder,15670,3,42.32,26.22,16443,3,42.69,26.14,19008,3,43.03,25.77,13698,3,42.98,25.78,29418,3,42.03,27.48,30425,3,41.76,27.27,11130,3,41.08,28.46,13725,3,41.0,28.76
250829,2026-07-15T15:20:01.295986,pepperpowder,15670,3,42.32,26.24,16443,3,42.68,26.17,19008,3,43.02,25.83,13698,3,42.97,25.83,29418,3,42.02,27.48,30425,3,41.75,27.3,11130,3,41.07,28.49,13725,3,40.99,28.8
251179,2026-07-15T15:20:01.644205,pepperpowder,15670,3,42.31,26.26,16443,3,42.68,26.21,19008,3,43.0,25.9,13698,3,42.96,25.84,29418,3,42.02,27.51,30425,3,41.74,27.34,11130,3,41.06,28.5,13725,3,40.99,28.85
251529,2026-07-15T15:20:01.996294,pepperpowder,15670,3,42.3,26.29,16443,3,42.67,26.24,19008,3,42.99,25.95,13698,3,42.96,25.88,29418,3,42.01,27.54,30425,3,41.73,27.39,11130,3,41.05,28.53,13725,3,40.98,28.86
251879,2026-07-15T15:20:02.332182,pepperpowder,15670,3,42.3,26.3,16443,3,42.65,26.28,19008,3,42.97,25.99,13698,3,42.95,25.89,29418,3,42.0,27.6,30425,3,41.73,27.42,11130,3,41.05,28.57,13725,3,40.98,28.88
252229,2026-07-15T15:20:02.694006,pepperpowder,15670,3,42.29,26.35,16443,3,42.66,26.32,19008,3,42.96,26.03,13698,3,42.95,25.91,29418,3,42.0,27.61,30425,3,41.72,27.45,11130,3,41.05,28.59,13725,3,40.96,28.92
252579,2026-07-15T15:20:03.046609,pepperpowder,15670,3,42.28,26.36,16443,3,42.64,26.35,19008,3,42.95,26.07,13698,3,42.93,25.94,29418,3,41.99,27.63,30425,3,41.71,27.48,11130,3,41.04,28.61,13725,3,40.97,28.93
252929,2026-07-15T15:20:03.396197,pepperpowder,15670,3,42.28,26.4,16443,3,42.64,26.38,19008,3,42.95,26.12,13698,3,42.92,25.96,29418,3,41.98,27.65,30425,3,41.7,27.51,11130,3,41.03,28.63,13725,3,40.95,28.96
253279,2026-07-15T15:20:03.746560,pepperpowder,15670,3,42.28,26.4,16443,3,42.64,26.41,19008,3,42.93,26.15,13698,3,42.92,25.98,29418,3,41.98,27.67,30425,3,41.7,27.52,11130,3,41.03,28.67,13725,3,40.95,28.98
253629,2026-07-15T15:20:04.094596,pepperpowder,15670,3,42.27,26.4,16443,3,42.63,26.43,19008,3,42.93,26.18,13698,3,42.91,26.0,29418,3,41.97,27.71,30425,3,41.69,27.56,11130,3,41.01,28.69,13725,3,40.95,28.99
253979,2026-07-15T15:20:04.444387,pepperpowder,15670,3,42.27,26.43,16443,3,42.63,26.46,19008,3,42.93,26.22,13698,3,42.9,26.02,29418,3,41.96,27.72,30425,3,41.69,27.58,11130,3,41.02,28.69,13725,3,40.94,29.01
254329,2026-07-15T15:20:04.796458,pepperpowder,15670,3,42.27,26.44,16443,3,42.62,26.47,19008,3,42.92,26.24,13698,3,42.91,26.04,29418,3,41.96,27.65,30425,3,41.68,27.6,11130,3,41.01,28.72,13725,3,40.94,29.01
254679,2026-07-15T15:20:05.146276,pepperpowder,15670,3,42.26,26.46,16443,3,42.62,26.51,19008,3,42.92,26.27,13698,3,42.89,26.05,29418,3,41.94,27.77,30425,3,41.68,27.64,11130,3,41.01,28.73,13725,3,40.93,29.03
255029,2026-07-15T15:20:05.486971,pepperpowder,15670,3,42.26,26.48,16443,3,42.61,26.53,19008,3,42.91,26.28,13698,3,42.89,26.08,29418,3,41.95,27.78,30425,3,41.68,27.64,11130,3,41.0,28.61,13725,3,40.93,29.04
255379,2026-07-15T15:20:05.846593,pepperpowder,15670,3,42.25,26.49,16443,3,42.62,26.55,19008,3,42.91,26.3,13698,3,42.89,26.1,29418,3,41.94,27.79,30425,3,41.67,27.66,11130,3,40.99,28.76,13725,3,40.92,29.05
255729,2026-07-15T15:20:06.195943,pepperpowder,15670,3,42.25,26.51,16443,3,42.61,26.56,19008,3,42.9,26.34,13698,3,42.89,26.09,29418,3,41.93,27.82,30425,3,41.67,27.67,11130,3,40.99,28.77,13725,3,40.93,29.08
256079,2026-07-15T15:20:06.536420,pepperpowder,15670,3,42.25,26.52,16443,3,42.61,26.59,19008,3,42.9,26.41,13698,3,42.88,26.11,29418,3,41.93,27.8,30425,3,41.66,27.67,11130,3,40.99,28.79,13725,3,40.92,29.06
256429,2026-07-15T15:20:06.896105,pepperpowder,15670,3,42.25,26.56,16443,3,42.61,26.59,19008,3,42.89,26.39,13698,3,42.87,26.13,24237,3,41.92,27.84,30425,3,41.66,27.7,7772,3,40.98,28.81,13725,3,40.91,29.07
256779,2026-07-15T15:20:07.237087,pepperpowder,15670,3,42.24,26.54,16443,3,42.61,26.62,19008,3,42.89,26.3,13698,3,42.87,26.16,24237,4,42.37,27.89,30425,3,41.65,27.71,7772,4,41.38,28.87,13725,3,40.91,29.09
257129,2026-07-15T15:20:07.583960,pepperpowder,12139,3,42.23,26.57,16443,3,42.6,26.63,19008,3,42.88,26.38,10078,3,42.87,26.17,24237,4,42.69,27.92,30425,3,41.66,27.73,7772,4,41.7,28.91,13725,3,40.91,29.1
257479,2026-07-15T15:20:07.944436,pepperpowder,12139,4,42.68,26.63,16443,3,42.6,26.66,19008,3,42.88,26.51,10078,4,43.31,26.22,24237,4,42.86,27.92,30425,3,41.65,27.75,7772,4,41.85,28.89,10003,3,40.9,29.12
257829,2026-07-15T15:20:08.287434,pepperpowder,12139,4,42.99,26.66,16443,3,42.59,26.68,19008,3,42.88,26.6,10078,4,43.64,26.25,24237,4,42.96,27.88,30425,3,41.65,27.75,7772,4,41.94,28.87,10003,4,41.32,29.16
258179,2026-07-15T15:20:08.638777,pepperpowder,12139,4,43.12,26.64,16443,3,42.6,26.71,19008,3,42.88,26.52,10078,4,43.8,26.24,11564,4,43.03,27.82,30425,3,41.65,27.77,5684,4,42.0,28.82,10003,4,41.63,29.19
258529,2026-07-15T15:20:08.995963,pepperpowder,12139,4,43.22,26.59,16443,3,42.59,26.72,19008,3,42.87,26.55,10078,4,43.91,26.2,11564,5,43.09,27.76,25241,3,41.65,27.78,5684,5,42.05,28.76,10003,4,41.78,29.18
258879,2026-07-15T15:20:09.344038,pepperpowder,6538,4,43.27,26.55,13045,3,42.6,26.73,19008,3,42.87,26.46,5693,4,43.95,26.16,11564,5,43.12,27.68,25241,4,42.08,27.85,5684,5,42.08,28.72,10003,4,41.88,29.14
259229,2026-07-15T15:20:09.695966,pepperpowder,6538,5,43.3,26.49,13045,4,43.03,26.8,19008,3,42.87,26.54,5693,5,44.0,26.1,11564,5,43.16,27.65,25241,4,42.4,27.86,5684,5,42.11,28.65,5684,4,41.94,29.09
259579,2026-07-15T15:20:10.048039,pepperpowder,6538,5,43.33,26.44,13045,4,43.34,26.79,19008,3,42.87,26.61,5693,5,44.04,26.05,11564,5,43.18,27.58,25241,4,42.57,27.86,5684,5,42.13,28.59,5684,5,41.97,28.99
259929,2026-07-15T15:20:10.384977,pepperpowder,6538,5,43.34,26.38,13045,4,43.5,26.78,19008,3,42.87,26.53,5693,5,44.07,26.02,11678,5,43.2,27.53,25241,4,42.67,27.79,5684,5,42.15,28.55,5684,5,42.04,28.89
260279,2026-07-15T15:20:10.734151,pepperpowder,6538,5,43.36,26.33,13045,4,43.59,26.76,14821,3,42.87,26.55,5693,5,44.09,25.95,11678,6,43.22,27.49,13029,4,42.74,27.75,5684,6,42.18,28.49,5684,5,42.06,28.84
260629,2026-07-15T15:20:11.097598,pepperpowder,6719,5,43.38,26.28,7436,4,43.66,26.71,14821,4,43.32,26.58,5905,5,44.11,25.9,11678,6,43.24,27.43,13029,5,42.8,27.69,5684,6,42.18,28.44,6090,5,42.09,28.79
260979,2026-07-15T15:20:11.434925,pepperpowder,6719,6,43.4,26.25,7436,5,43.71,26.65,14821,4,43.62,26.65,5905,6,44.13,25.85,11678,6,43.26,27.4,13029,5,42.84,27.62,5684,6,42.2,28.41,6090,6,42.1,28.73
261329,2026-07-15T15:20:11.795431,pepperpowder,6719,6,43.4,26.2,7436,5,43.75,26.6,14821,4,43.79,26.62,5905,6,44.15,25.82,11678,6,43.27,27.36,13029,5,42.87,27.59,5684,6,42.21,28.39,6090,6,42.12,28.69
261679,2026-07-15T15:20:12.134984,pepperpowder,6719,6,43.42,26.17,7436,5,43.78,26.55,14821,4,43.89,26.57,5905,6,44.17,25.78,11367,6,43.28,27.33,13029,5,42.9,27.54,5684,6,42.22,28.33,6090,6,42.14,28.64
262029,2026-07-15T15:20:12.493554,pepperpowder,6719,6,43.43,26.14,7436,5,43.8,26.48,8266,5,44.0,26.47,5905,6,44.17,25.75,11367,7,43.53,27.31,13593,5,42.92,27.46,5684,7,42.45,28.33,6090,6,42.15,28.59
262379,2026-07-15T15:20:12.847016,pepperpowder,6611,6,43.44,26.13,7395,5,43.82,26.44,8266,5,44.05,26.4,5690,6,44.19,25.71,11367,7,43.74,27.28,13593,6,42.95,27.42,5684,7,42.65,28.31,6178,6,42.16,28.54
262729,2026-07-15T15:20:13.186009,pepperpowder,6611,7,43.67,26.11,7395,6,43.84,26.39,8266,5,44.09,26.35,5690,7,44.43,25.71,11367,7,43.87,27.24,13593,6,42.96,27.37,5684,7,42.78,28.28,6178,7,42.41,28.53
263079,2026-07-15T15:20:13.541670,pepperpowder,6611,7,43.88,26.09,7395,6,43.86,26.38,8266,5,44.11,26.29,5690,7,44.65,25.71,11367,7,43.96,27.19,13593,6,42.97,27.32,5684,7,42.86,28.22,6178,7,42.6,28.52
263429,2026-07-15T15:20:13.883421,pepperpowder,6611,7,43.98,26.06,7395,6,43.88,26.33,8344,5,44.13,26.25,5690,7,44.76,25.68,34316,7,44.02,27.15,13593,6,43.0,27.28,21241,7,42.93,28.15,6178,7,42.73,28.47
263779,2026-07-15T15:20:14.241652,pepperpowder,6611,7,44.05,26.01,7395,6,43.89,26.29,8344,6,44.15,26.19,5690,7,44.86,25.62,34316,8,44.07,27.07,13559,6,43.01,27.25,21241,8,42.98,28.1,6178,7,42.81,28.41
264129,2026-07-15T15:20:14.601472,pepperpowder,26561,7,44.1,25.95,7166,6,43.9,26.25,8344,6,44.17,26.15,26811,7,44.92,25.56,34316,8,44.11,27.0,13559,7,43.27,27.23,21241,8,43.01,28.03,22614,7,42.87,28.35
264479,2026-07-15T15:20:14.945382,pepperpowder,26561,8,44.13,25.92,7166,7,44.16,26.25,8344,6,44.19,26.12,26811,8,44.96,25.51,34316,8,44.14,26.95,13559,7,43.5,27.22,21241,8,43.05,27.96,22614,8,42.91,28.3
264829,2026-07-15T15:20:15.288367,pepperpowder,26561,8,44.17,25.86,7166,7,44.38,26.24,8344,6,44.21,26.08,26811,8,45.01,25.45,34316,8,44.17,26.89,13559,7,43.64,27.17,21241,8,43.07,27.91,22614,8,42.95,28.21
265179,2026-07-15T15:20:15.645635,pepperpowder,26561,8,44.18,25.81,7166,7,44.51,26.19,8084,6,44.22,26.04,26811,8,45.05,25.41,35575,8,44.19,26.84,13559,7,43.73,27.12,22145,8,43.1,27.86,22614,8,42.99,28.15
265529,2026-07-15T15:20:15.996285,pepperpowder,26561,8,44.21,25.78,7166,7,44.6,26.13,8084,7,44.49,26.03,26811,8,45.08,25.33,35575,9,44.22,26.78,44849,7,43.79,27.05,22145,9,43.12,27.79,22614,8,43.02,28.1
265879,2026-07-15T15:20:16.339095,pepperpowder,27771,8,44.23,25.71,32561,7,44.66,26.08,8084,7,44.71,26.02,28045,8,45.11,25.3,35575,9,44.24,26.73,44849,8,43.83,26.98,22145,9,43.15,27.75,23938,8,43.04,28.03
266229,2026-07-15T15:20:16.695160,pepperpowder,27771,9,44.25,25.68,32561,8,44.71,26.0,8084,7,44.84,25.95,28045,9,45.14,25.25,35575,9,44.27,26.7,44849,8,43.88,26.92,22145,9,43.16,27.69,23938,9,43.06,27.98
266579,2026-07-15T15:20:17.040383,pepperpowder,27771,9,44.28,25.63,32561,8,44.75,25.96,8084,7,44.93,25.92,28045,9,45.16,25.2,35575,9,44.29,26.64,44849,8,43.93,26.85,22145,9,43.18,27.64,23938,9,43.09,27.92
266929,2026-07-15T15:20:17.391207,pepperpowder,27771,9,44.29,25.6,32561,8,44.78,25.89,29038,7,45.0,25.85,28045,9,45.18,25.16,35844,9,44.31,26.62,44849,8,43.96,26.79,22354,9,43.2,27.61,23938,9,43.12,27.87
267279,2026-07-15T15:20:17.741896,pepperpowder,27771,9,44.32,25.57,32561,8,44.81,25.86,29038,8,45.04,25.8,28045,9,45.2,25.12,35844,0,44.32,26.58,47796,8,43.98,26.72,22354,0,43.23,27.55,23938,9,43.14,27.82
267629,2026-07-15T15:20:18.095729,pepperpowder,27917,9,44.33,25.54,33693,8,44.84,25.79,29038,8,45.09,25.73,28064,9,45.23,25.09,35844,0,44.34,26.54,47796,9,44.01,26.68,22354,0,43.24,27.52,24251,9,43.16,27.77
267979,2026-07-15T15:20:18.445300,pepperpowder,27917,0,44.36,25.52,33693,9,44.87,25.74,29038,8,45.12,25.68,28064,0,45.25,25.05,35844,0,44.36,26.51,47796,9,44.03,26.63,22354,0,43.26,27.49,24251,0,43.18,27.74
268329,2026-07-15T15:20:18.791516,pepperpowder,27917,0,44.37,25.49,33693,9,44.89,25.69,29038,8,45.15,25.61,28064,0,45.26,25.03,35844,0,44.37,26.49,47796,9,44.06,26.57,22354,0,43.28,27.46,24251,0,43.2,27.7
268679,2026-07-15T15:20:19.143120,pepperpowder,27917,0,44.39,25.46,33693,9,44.93,25.64,30188,8,45.18,25.54,28064,0,45.29,25.0,36025,0,44.39,26.45,47796,9,44.09,26.52,22495,0,43.29,27.42,24251,0,43.22,27.66
269029,2026-07-15T15:20:19.491995,pepperpowder,27917,0,44.41,25.43,33693,9,44.94,25.62,30188,9,45.21,25.52,28064,0,45.31,24.95,36025,1,43.71,26.34,48229,9,44.11,26.48,22495,1,42.65,27.32,24251,0,43.23,27.62
269379,2026-07-15T15:20:19.836065,pepperpowder,28008,0,44.43,25.39,33773,9,44.96,25.57,30188,9,45.23,25.46,28119,0,45.33,24.92,70271,1,43.19,26.29,48229,0,44.13,26.44,30210,1,42.17,27.27,24237,0,43.26,27.59
269729,2026-07-15T15:20:20.197947,pepperpowder,28008,1,43.76,25.31,33773,0,44.99,25.53,30188,9,45.27,25.4,28119,1,44.67,24.82,70271,2,42.92,26.31,48229,0,44.14,26.42,30210,2,41.9,27.28,24237,1,42.61,27.47
270079,2026-07-15T15:20:20.547584,pepperpowder,40391,1,43.29,25.26,33773,0,45.0,25.5,30188,9,45.29,25.37,36394,1,44.17,24.79,70271,2,42.76,26.37,48229,0,44.16,26.37,30210,2,41.75,27.32,40506,1,42.13,27.42
270429,2026-07-15T15:20:20.893932,pepperpowder,40391,2,43.05,25.31,33773,0,45.02,25.47,30425,9,45.3,25.32,36394,2,43.92,24.82,70271,2,42.65,26.44,48229,0,44.17,26.33,30210,2,41.66,27.39,40506,2,41.88,27.42
270779,2026-07-15T15:20:21.245430,pepperpowder,40391,2,42.92,25.36,33773,0,45.04,25.44,30425,0,45.32,25.28,36394,2,43.77,24.86,70271,2,42.58,26.53,48420,0,44.18,26.28,30210,2,41.59,27.45,40506,2,41.72,27.47
271129,2026-07-15T15:20:21.589108,pepperpowder,40391,2,42.86,25.43,33826,0,45.05,25.42,30425,0,45.34,25.26,36394,2,43.66,24.92,70271,2,42.51,26.61,48420,1,43.5,26.18,30210,2,41.54,27.55,40506,2,41.63,27.52
271479,2026-07-15T15:20:21.941984,pepperpowder,40391,2,42.81,25.52,33826,1,44.37,25.31,30425,0,45.35,25.22,36394,2,43.59,25.0,70271,2,42.47,26.7,84293,1,42.96,26.13,30210,2,41.49,27.63,40506,2,41.55,27.61
271829,2026-07-15T15:20:22.294987,pepperpowder,40391,2,42.78,25.6,39975,1,43.87,25.26,30425,0,45.36,25.18,36394,2,43.54,25.09,70271,2,42.43,26.8,84293,2,42.69,26.16,30210,2,41.46,27.71,40506,2,41.51,27.67
272179,2026-07-15T15:20:22.639099,pepperpowder,40391,2,42.76,25.68,39975,2,43.61,25.29,30403,0,45.37,25.15,36394,2,43.51,25.16,70271,2,42.4,26.87,84293,2,42.52,26.21,30210,2,41.43,27.79,40506,2,41.47,27.75
272529,2026-07-15T15:20:22.991873,pepperpowder,40391,2,42.74,25.72,39975,2,43.45,25.33,30403,1,44.67,25.06,36394,2,43.48,25.24,70271,2,42.38,26.95,84293,2,42.41,26.26,30210,2,41.41,27.87,40506,2,41.44,27.85
272879,2026-07-15T15:20:23.345627,pepperpowder,40391,2,42.73,25.82,39975,2,43.35,25.4,45714,1,44.17,25.02,36394,2,43.46,25.29,29337,2,42.36,27.04,84293,2,42.33,26.35,11355,2,41.4,27.93,40506,2,41.41,27.92
273229,2026-07-15T15:20:23.689321,pepperpowder,40391,2,42.72,25.87,39975,2,43.29,25.47,45714,2,43.9,25.02,36394,2,43.43,25.38,29337,3,42.34,27.1,84293,2,42.27,26.44,11355,3,41.38,28.02,40506,2,41.4,27.99
273579,2026-07-15T15:20:24.043739,pepperpowder,15988,2,42.71,25.96,39975,2,43.23,25.57,45714,2,43.74,25.12,13805,2,43.42,25.44,29337,3,42.33,27.17,84293,2,42.23,26.52,11355,3,41.37,28.07,15928,2,41.37,28.04
273929,2026-07-15T15:20:24.394500,pepperpowder,15988,3,42.7,26.0,39975,2,43.2,25.65,45714,2,43.64,25.19,13805,3,43.4,25.5,29337,3,42.31,27.24,84293,2,42.18,26.61,11355,3,41.36,28.13,15928,3,41.36,28.13
274279,2026-07-15T15:20:24.741574,pepperpowder,15988,3,42.7,26.06,39975,2,43.15,25.75,45714,2,43.56,25.27,13805,3,43.39,25.57,29337,3,42.29,27.29,84293,2,42.15,26.7,11355,3,41.34,28.2,15928,3,41.34,28.18
274629,2026-07-15T15:20:25.103812,pepperpowder,15988,3,42.69,26.1,39975,2,43.14,25.81,45714,2,43.51,25.36,13805,3,43.37,25.59,29337,3,42.29,27.35,84293,2,42.12,26.75,11355,3,41.33,28.26,15928,3,41.32,28.24
274979,2026-07-15T15:20:25.444971,pepperpowder,15988,3,42.67,26.16,39975,2,43.12,25.89,45714,2,43.46,25.45,13805,3,43.36,25.63,29337,3,42.27,27.41,33481,2,42.1,26.84,11355,3,41.31,28.31,15928,3,41.31,28.29
275329,2026-07-15T15:20:25.793690,pepperpowder,15988,3,42.67,26.2,16084,2,43.09,25.95,45714,2,43.43,25.54,13805,3,43.34,25.78,29337,3,42.26,27.46,33481,3,42.07,26.93,11355,3,41.31,28.36,15928,3,41.3,28.34
275679,2026-07-15T15:20:26.144118,pepperpowder,15988,3,42.66,26.24,16084,3,43.08,26.03,45714,2,43.4,25.63,13805,3,43.33,25.8,29337,3,42.25,27.51,33481,3,42.06,26.98,11355,3,41.3,28.42,15928,3,41.29,28.4
276029,2026-07-15T15:20:26.493781,pepperpowder,15988,3,42.66,26.36,16084,3,43.05,26.09,45714,2,43.38,25.69,13805,3,43.32,25.84,29337,3,42.25,27.54,33481,3,42.05,27.03,11355,3,41.28,28.46,15928,3,41.28,28.47
276379,2026-07-15T15:20:26.845511,pepperpowder,15988,3,42.65,26.32,16084,3,43.04,26.14,19213,2,43.35,25.77,13805,3,43.31,25.88,29337,3,42.24,27.58,33481,3,42.04,27.09,11355,3,41.28,28.48,15928,3,41.27,28.48
276729,2026-07-15T15:20:27.195099,pepperpowder,15988,3,42.64,26.36,16084,3,43.04,26.21,19213,3,43.34,25.83,13805,3,43.3,25.93,29337,3,42.23,27.63,33481,3,42.01,27.14,11355,3,41.27,28.54,15928,3,41.27,28.54
277079,2026-07-15T15:20:27.533937,pepperpowder,15988,3,42.63,26.39,16084,3,43.02,26.26,19213,3,43.32,25.89,13805,3,43.29,25.95,29337,3,42.22,27.67,33481,3,42.01,27.2,11355,3,41.27,28.56,15928,3,41.25,28.58
277429,2026-07-15T15:20:27.888269,pepperpowder,15988,3,42.62,26.44,16084,3,43.02,26.32,19213,3,43.3,25.95,13805,3,43.28,25.99,29337,3,42.21,27.67,33481,3,41.99,27.23,11355,3,41.26,28.6,15928,3,41.25,28.6
277779,2026-07-15T15:20:28.245735,pepperpowder,15988,3,42.62,26.43,16084,3,43.01,26.36,19213,3,43.29,26.02,13805,3,43.27,26.01,29337,3,42.2,27.77,33481,3,41.99,27.3,11355,3,41.25,28.63,15928,3,41.23,28.62
278129,2026-07-15T15:20:28.579925,pepperpowder,15988,3,42.61,26.48,16084,3,43.0,26.4,19213,3,43.27,26.06,13805,3,43.26,26.04,29337,3,42.19,27.79,33481,3,41.98,27.34,11355,3,41.25,28.66,15928,3,41.23,28.67
278479,2026-07-15T15:20:28.943953,pepperpowder,15988,3,42.61,26.48,16084,3,42.99,26.43,19213,3,43.27,26.11,13805,3,43.27,26.07,29337,3,42.18,27.81,33481,3,41.97,27.39,11355,3,41.24,28.78,15928,3,41.23,28.69
278829,2026-07-15T15:20:29.295645,pepperpowder,15988,3,42.61,26.51,16084,3,42.98,26.46,19213,3,43.25,26.15,13805,3,43.25,26.1,29337,3,42.18,27.83,33481,3,41.96,27.41,11355,3,41.23,28.75,15928,3,41.22,28.74
279179,2026-07-15T15:20:29.644817,pepperpowder,15988,3,42.6,26.52,16084,3,42.97,26.51,19213,3,43.24,26.21,13805,3,43.25,26.12,29337,3,42.17,27.86,33481,3,41.95,27.45,11355,3,41.22,28.78,15928,3,41.21,28.76
279529,2026-07-15T15:20:29.986133,pepperpowder,15988,3,42.59,26.54,16084,3,42.97,26.56,19213,3,43.24,26.23,13805,3,43.24,26.13,29337,3,42.16,27.89,33481,3,41.94,27.48,11355,3,41.22,28.78,15928,3,41.2,28.77
279879,2026-07-15T15:20:30.332964,pepperpowder,15988,3,42.59,26.56,16084,3,42.98,26.57,19213,3,43.22,26.27,13805,3,43.23,26.15,29337,3,42.16,27.91,33481,3,41.94,27.53,11355,3,41.21,28.81,15928,3,41.19,28.81
280229,2026-07-15T15:20:30.682588,pepperpowder,15988,3,42.58,26.58,16084,3,42.96,26.59,19213,3,43.22,26.3,13805,3,43.23,26.18,29337,3,42.16,27.93,33481,3,41.93,27.54,11355,3,41.21,28.84,15928,3,41.19,28.84
280579,2026-07-15T15:20:31.032926,pepperpowder,15988,3,42.58,26.58,16084,3,42.95,26.63,19213,3,43.22,26.34,13805,3,43.23,26.21,29337,3,42.15,27.94,33481,3,41.93,27.58,11355,3,41.21,28.86,15928,3,41.18,28.85
280929,2026-07-15T15:20:31.385412,pepperpowder,15988,3,42.57,26.59,16084,3,42.96,26.66,19213,3,43.21,26.36,13805,3,43.22,26.23,29337,3,42.15,27.98,33481,3,41.93,27.6,11355,3,41.21,28.89,15928,3,41.17,28.85
281279,2026-07-15T15:20:31.741663,pepperpowder,15988,3,42.58,26.63,16084,3,42.96,26.68,19213,3,43.21,26.4,13805,3,43.22,26.25,29337,3,42.15,28.0,33481,3,41.92,27.62,11355,3,41.2,28.89,15928,3,41.17,28.89
281629,2026-07-15T15:20:32.094722,pepperpowder,15988,3,42.57,26.62,16084,3,42.95,26.71,19213,3,43.2,26.42,13805,3,43.22,26.27,29337,3,42.14,27.99,33481,3,41.92,27.65,11355,3,41.19,28.92,15928,3,41.17,28.91
281979,2026-07-15T15:20:32.444728,pepperpowder,15988,3,42.56,26.64,16084,3,42.95,26.72,19213,3,43.19,26.44,13805,3,43.21,26.3,29337,3,42.13,28.02,33481,3,41.91,27.67,11355,3,41.19,28.92,15928,3,41.16,28.92
282329,2026-07-15T15:20:32.788948,pepperpowder,15988,3,42.57,26.67,16084,3,42.94,26.75,19213,3,43.2,26.47,13805,3,43.21,26.31,29337,3,42.13,28.04,33481,3,41.9,27.7,11355,3,41.19,28.96,15928,3,41.16,28.93
282679,2026-07-15T15:20:33.131908,pepperpowder,15988,3,42.56,26.67,16084,3,42.93,26.76,19213,3,43.19,26.5,13805,3,43.2,26.31,29337,3,42.13,28.05,33481,3,41.91,27.7,11355,3,41.18,28.96,15928,3,41.15,28.96
283029,2026-07-15T15:20:33.493524,pepperpowder,15988,3,42.55,26.68,16084,3,42.93,26.79,19213,3,43.19,26.51,13805,3,43.2,26.33,22783,3,42.13,28.07,33481,3,41.9,27.72,7683,3,41.18,28.96,15928,3,41.15,28.97
283379,2026-07-15T15:20:33.839080,pepperpowder,15988,3,42.55,26.7,16084,3,42.93,26.79,19213,3,43.18,26.53,13805,3,43.19,26.33,22783,4,42.57,28.13,33481,3,41.9,27.74,7683,4,41.58,29.04,15928,3,41.15,28.97
283729,2026-07-15T15:20:34.189958,pepperpowder,12105,3,42.55,26.7,16084,3,42.93,26.81,19213,3,43.18,26.52,9773,3,43.19,26.34,22783,4,42.9,28.16,33481,3,41.89,27.76,7683,4,41.9,29.06,15928,3,41.14,29.0
284079,2026-07-15T15:20:34.542839,pepperpowder,12105,4,42.98,26.76,16084,3,42.92,26.81,19213,3,43.17,26.55,9773,4,43.63,26.42,22783,4,43.07,28.15,33481,3,41.9,27.77,7683,4,42.05,29.06,11084,3,41.14,29.01
284429,2026-07-15T15:20:34.929127,pepperpowder,12105,4,43.3,26.78,16084,3,42.92,26.84,19213,3,43.16,26.56,9773,4,43.96,26.43,22783,4,43.17,28.1,33481,3,41.89,27.79,7683,4,42.15,29.02,11084,4,41.56,29.09
284779,2026-07-15T15:20:35.235101,pepperpowder,12105,4,43.45,26.75,16084,3,42.91,26.84,19213,3,43.16,26.57,9773,4,44.13,26.41,10814,4,43.24,28.03,33481,3,41.89,27.8,5684,4,42.21,28.96,11084,4,41.88,29.11
285129,2026-07-15T15:20:35.591910,pepperpowder,12105,4,43.51,26.7,16084,3,42.92,26.85,19213,3,43.16,26.6,9773,4,44.21,26.38,10814,5,43.3,27.98,33481,3,41.88,27.8,5684,5,42.26,28.92,11084,4,42.02,29.08
285479,2026-07-15T15:20:35.941140,pepperpowder,6225,4,43.57,26.66,16084,3,42.92,26.86,19213,3,43.17,26.61,5684,4,44.28,26.33,10814,5,43.33,27.91,26528,3,41.89,27.84,5684,5,42.28,28.84,11084,4,42.1,29.04
285829,2026-07-15T15:20:36.291344,pepperpowder,6225,5,43.61,26.59,12300,3,42.92,26.89,19213,3,43.16,26.63,5684,5,44.33,26.26,10814,5,43.36,27.86,26528,4,42.33,27.89,5684,5,42.3,28.79,6076,4,42.17,29.0
286179,2026-07-15T15:20:36.644360,pepperpowder,6225,5,43.63,26.53,12300,4,43.36,26.93,19213,3,43.17,26.64,5684,5,44.37,26.2,10814,5,43.39,27.78,26528,4,42.65,27.91,5684,5,42.33,28.75,6076,5,42.21,28.93
286529,2026-07-15T15:20:36.994120,pepperpowder,6225,5,43.65,26.48,12300,4,43.69,26.97,19213,3,43.17,26.65,5684,5,44.4,26.14,11061,5,43.41,27.72,26528,4,42.82,27.9,5684,5,42.36,28.68,6076,5,42.24,28.88
286879,2026-07-15T15:20:37.338592,pepperpowder,6225,5,43.67,26.41,12300,4,43.84,26.95,14678,3,43.18,26.69,5684,5,44.43,26.1,11061,6,43.44,27.66,26528,4,42.93,27.86,5684,6,42.37,28.63,6076,5,42.28,28.81
287229,2026-07-15T15:20:37.693938,pepperpowder,6595,5,43.69,26.36,12300,4,43.93,26.9,14678,4,43.61,26.73,5684,5,44.44,26.04,11061,6,43.45,27.61,13182,4,43.0,27.79,5684,6,42.38,28.58,6076,5,42.31,28.75
287579,2026-07-15T15:20:38.042012,pepperpowder,6595,6,43.7,26.33,6792,4,44.0,26.83,14678,4,43.92,26.72,5684,6,44.46,25.99,11061,6,43.46,27.57,13182,5,43.04,27.73,5684,6,42.39,28.55,6412,5,42.32,28.71
287929,2026-07-15T15:20:38.518897,pepperpowder,6595,6,43.71,26.29,6792,5,44.04,26.8,14678,4,44.1,26.71,5684,6,44.48,25.94,11061,6,43.48,27.52,13182,5,43.09,27.67,5684,6,42.41,28.48,6412,6,42.34,28.7
288279,2026-07-15T15:20:38.740423,pepperpowder,6595,6,43.73,26.24,6792,5,44.08,26.8,14678,4,44.19,26.65,5684,6,44.49,25.92,10981,6,43.49,27.49,13182,5,43.12,27.61,5684,6,42.42,28.45,6412,6,42.36,28.55
288629,2026-07-15T15:20:39.096627,pepperpowder,6595,6,43.74,26.21,6792,5,44.1,26.6,7988,4,44.26,26.59,5684,6,44.51,25.88,10981,7,43.74,27.48,13182,5,43.15,27.56,5684,7,42.66,28.44,6412,6,42.39,28.49
288979,2026-07-15T15:20:39.441890,pepperpowder,6566,6,43.75,26.19,6792,5,44.13,26.69,7988,5,44.31,26.52,5684,6,44.52,25.84,10981,7,43.95,27.46,13805,5,43.17,27.51,5684,7,42.86,28.42,6436,6,42.41,28.46
289329,2026-07-15T15:20:39.778424,pepperpowder,6566,7,43.98,26.17,6933,5,44.15,26.46,7988,5,44.35,26.47,5684,7,44.76,25.82,10981,7,44.09,27.41,13805,6,43.19,27.46,5684,7,42.98,28.39,6436,7,42.65,28.45
289679,2026-07-15T15:20:40.145080,pepperpowder,6566,7,44.18,26.14,6933,6,44.18,26.5,7988,5,44.37,26.42,5684,7,44.95,25.8,10981,7,44.17,27.35,13805,6,43.21,27.38,5684,7,43.06,28.32,6436,7,42.84,28.43
290029,2026-07-15T15:20:40.572343,pepperpowder,6566,7,44.28,26.11,6933,6,44.21,26.4,7988,5,44.41,26.33,5684,7,45.09,25.76,32388,7,44.24,27.29,13805,6,43.22,27.34,20119,7,43.13,28.26,6436,7,42.96,28.39
290379,2026-07-15T15:20:40.845005,pepperpowder,6566,7,44.36,26.06,6933,6,44.23,26.35,8159,5,44.44,26.28,5684,7,45.18,25.7,32388,8,44.28,27.22,13805,6,43.25,27.3,20119,8,43.17,28.19,6436,7,43.04,28.33
290729,2026-07-15T15:20:41.190427,pepperpowder,25775,7,44.4,26.02,6862,6,44.24,26.34,8159,6,44.46,26.23,25004,7,45.24,25.66,32388,8,44.32,27.14,13813,6,43.27,27.25,20119,8,43.22,28.11,22519,7,43.09,28.27
291079,2026-07-15T15:20:41.536310,pepperpowder,25775,8,44.44,25.97,6862,7,44.51,26.31,8159,6,44.47,26.19,25004,8,45.29,25.6,32388,8,44.36,27.07,13813,7,43.53,27.25,20119,8,43.25,28.07,22519,8,43.15,28.21
291429,2026-07-15T15:20:41.893167,pepperpowder,25775,8,44.48,25.9,6862,7,44.72,26.3,8159,6,44.5,26.15,25004,8,45.33,25.53,32388,8,44.38,27.02,13813,7,43.75,27.22,20119,8,43.28,28.01,22519,8,43.19,28.13
291779,2026-07-15T15:20:42.244606,pepperpowder,25775,8,44.5,25.84,6862,7,44.85,26.23,8159,6,44.51,26.1,25004,8,45.36,25.47,33693,8,44.42,26.96,13813,7,43.88,27.17,21011,8,43.3,27.96,22519,8,43.23,28.05
292129,2026-07-15T15:20:42.591124,pepperpowder,25775,8,44.52,25.8,6862,7,44.94,26.18,8006,6,44.53,26.07,25004,8,45.4,25.41,33693,9,44.43,26.91,13813,7,43.98,27.12,21011,9,43.33,27.86,22519,8,43.26,28.02
292479,2026-07-15T15:20:42.929412,pepperpowder,26879,8,44.55,25.74,30425,7,45.01,26.12,8006,7,44.8,26.06,26186,8,45.42,25.35,33693,9,44.47,26.87,43835,7,44.04,27.05,21011,9,43.35,27.81,23778,8,43.28,27.94
292829,2026-07-15T15:20:43.291934,pepperpowder,26879,9,44.56,25.72,30425,8,45.05,26.04,8006,7,45.01,26.02,26186,9,45.45,25.3,33693,9,44.48,26.8,43835,8,44.1,26.97,21011,9,43.37,27.77,23778,9,43.31,27.88
293179,2026-07-15T15:20:43.646020,pepperpowder,26879,9,44.58,25.64,30425,8,45.09,25.98,8006,7,45.15,25.98,26186,9,45.47,25.25,33693,9,44.51,26.75,43835,8,44.14,26.91,21011,9,43.4,27.72,23778,9,43.32,27.81
293529,2026-07-15T15:20:43.989042,pepperpowder,26879,9,44.6,25.63,30425,8,45.12,25.93,8006,7,45.23,25.92,26186,9,45.49,25.19,34042,9,44.53,26.7,43835,8,44.18,26.84,21262,9,43.41,27.66,23778,9,43.34,27.79
293879,2026-07-15T15:20:44.339313,pepperpowder,26879,9,44.63,25.57,30425,8,45.16,25.88,27753,7,45.31,25.84,26186,9,45.52,25.17,34042,0,44.55,26.67,43835,8,44.21,26.78,21262,0,43.43,27.61,23778,9,43.37,27.73
294229,2026-07-15T15:20:44.691563,pepperpowder,27067,9,44.64,25.56,31644,8,45.19,25.79,27753,8,45.36,25.78,26611,9,45.54,25.13,34042,0,44.57,26.63,45911,8,44.24,26.71,21262,0,43.45,27.58,23858,9,43.38,27.7
294579,2026-07-15T15:20:45.045975,pepperpowder,27067,0,44.67,25.5,31644,9,45.21,25.75,27753,8,45.4,25.72,26611,0,45.56,25.1,34042,0,44.58,26.58,45911,9,44.27,26.65,21262,0,43.46,27.55,23858,0,43.41,27.63
294929,2026-07-15T15:20:45.393747,pepperpowder,27067,0,44.68,25.47,31644,9,45.23,25.68,27753,8,45.43,25.66,26611,0,45.59,25.04,34042,0,44.6,26.56,45911,9,44.29,26.61,21262,0,43.49,27.5,23858,0,43.42,27.6
295279,2026-07-15T15:20:45.740214,pepperpowder,27067,0,44.7,25.44,31644,9,45.26,25.66,27753,8,45.47,25.59,26611,0,45.6,25.0,34482,0,44.62,26.53,45911,9,44.31,26.57,21368,0,43.49,27.46,23858,0,43.44,27.55
295629,2026-07-15T15:20:46.089383,pepperpowder,27067,0,44.71,25.43,31644,9,45.28,25.59,28880,8,45.5,25.54,26611,0,45.62,24.96,34482,1,43.93,26.4,45911,9,44.33,26.49,21368,1,42.86,27.37,23858,0,43.46,27.51
295979,2026-07-15T15:20:46.444293,pepperpowder,27274,0,44.73,25.39,32072,9,45.3,25.55,28880,9,45.52,25.48,26727,0,45.65,24.92,70445,1,43.42,26.37,46410,9,44.35,26.44,30888,1,42.37,27.3,24087,0,43.48,27.49
296329,2026-07-15T15:20:46.794160,pepperpowder,27274,1,44.07,25.3,32072,0,45.33,25.52,28880,9,45.56,25.43,26727,1,44.98,24.83,70445,2,43.13,26.38,46410,0,44.37,26.41,30888,2,42.11,27.31,24087,1,42.84,27.39
296679,2026-07-15T15:20:47.140492,pepperpowder,41898,1,43.59,25.26,32072,0,45.34,25.5,28880,9,45.57,25.38,36676,1,44.49,24.79,70445,2,42.97,26.43,46410,0,44.39,26.33,30888,2,41.96,27.36,42609,1,42.35,27.32
297029,2026-07-15T15:20:47.501346,pepperpowder,41898,2,43.36,25.29,32072,0,45.36,25.45,28880,9,45.6,25.32,36676,2,44.23,24.8,70445,2,42.86,26.49,46410,0,44.4,26.45,30888,2,41.86,27.42,42609,2,42.1,27.33
297379,2026-07-15T15:20:47.850488,pepperpowder,41898,2,43.23,25.35,32072,0,45.37,25.39,29157,9,45.62,25.29,36676,2,44.08,24.83,70445,2,42.8,26.58,46410,0,44.42,26.18,30888,2,41.79,27.5,42609,2,41.95,27.36
297729,2026-07-15T15:20:48.194243,pepperpowder,41898,2,43.16,25.39,32168,0,45.39,25.37,29157,0,45.63,25.23,36676,2,43.98,24.92,70445,2,42.73,26.67,46613,1,43.72,26.13,30888,2,41.74,27.58,42609,2,41.86,27.44
298079,2026-07-15T15:20:48.541011,pepperpowder,41898,2,43.11,25.49,32168,1,44.7,25.28,29157,0,45.64,25.2,36676,2,43.92,25.01,70445,2,42.69,26.74,85304,1,43.2,26.08,30888,2,41.7,27.65,42609,2,41.78,27.5
298429,2026-07-15T15:20:48.893818,pepperpowder,41898,2,43.08,25.57,40777,1,44.19,25.23,29157,0,45.65,25.17,36676,2,43.87,25.08,70445,2,42.66,26.84,85304,2,42.93,26.1,30888,2,41.67,27.74,42609,2,41.73,27.6
298779,2026-07-15T15:20:49.236859,pepperpowder,41898,2,43.06,25.64,40777,2,43.94,25.24,29157,0,45.66,25.13,36676,2,43.82,25.13,70445,2,42.63,26.9,85304,2,42.77,26.15,30888,2,41.64,27.83,42609,2,41.7,27.66
299129,2026-07-15T15:20:49.591233,pepperpowder,41898,2,43.05,25.74,40777,2,43.78,25.28,29277,0,45.68,25.11,36676,2,43.8,25.21,70445,2,42.61,26.99,85304,2,42.65,26.22,30888,2,41.63,27.9,42609,2,41.65,27.74
299479,2026-07-15T15:20:49.933901,pepperpowder,41898,2,43.03,25.79,40777,2,43.68,25.37,29277,1,44.99,24.99,36676,2,43.77,25.29,29137,2,42.58,27.07,85304,2,42.56,26.3,11514,2,41.6,27.98,42609,2,41.63,27.81
299829,2026-07-15T15:20:50.283610,pepperpowder,41898,2,43.02,25.86,40777,2,43.6,25.45,46613,1,44.48,24.96,36676,2,43.76,25.36,29137,3,42.57,27.13,85304,2,42.5,26.38,11514,3,41.59,28.01,42609,2,41.61,27.89
300179,2026-07-15T15:20:50.641868,pepperpowder,16469,2,43.01,25.91,40777,2,43.55,25.53,46613,2,44.21,25.01,13831,2,43.75,25.43,29137,3,42.55,27.14,85304,2,42.46,26.45,11514,3,41.58,28.1,16610,2,41.59,27.96
300529,2026-07-15T15:20:50.985123,pepperpowder,16469,3,43.0,25.95,40777,2,43.51,25.61,46613,2,44.05,25.05,13831,3,43.72,25.48,29137,3,42.54,27.21,85304,2,42.42,26.55,11514,3,41.56,28.15,16610,3,41.57,28.02
300879,2026-07-15T15:20:51.333104,pepperpowder,16469,3,42.99,26.02,40777,2,43.48,25.69,46613,2,43.94,25.15,13831,3,43.71,25.53,29137,3,42.5,27.36,85304,2,42.39,26.62,11514,3,41.55,28.21,16610,3,41.56,28.08
301229,2026-07-15T15:20:51.685689,pepperpowder,16469,3,42.99,26.05,40777,2,43.46,25.78,46613,2,43.87,25.22,13831,3,43.7,25.59,29137,3,42.5,27.42,85304,2,42.36,26.71,11514,3,41.54,28.26,16610,3,41.54,28.15
301579,2026-07-15T15:20:52.045227,pepperpowder,16469,3,42.98,26.11,40777,2,43.44,25.83,46613,2,43.81,25.27,13831,3,43.69,25.64,29137,3,42.48,27.46,34069,2,42.35,26.76,11514,3,41.53,28.23,16610,3,41.53,28.2
301929,2026-07-15T15:20:52.389000,pepperpowder,16469,3,42.98,26.14,16280,2,43.42,25.89,46613,2,43.77,25.38,13831,3,43.68,25.68,29137,3,42.47,27.5,34069,3,42.32,26.83,11514,3,41.5,28.42,16610,3,41.51,28.24
302279,2026-07-15T15:20:52.743754,pepperpowder,16469,3,42.97,26.17,16280,3,43.4,25.96,46613,2,43.73,25.48,13831,3,43.66,25.73,29137,3,42.47,27.54,34069,3,42.3,26.92,11514,3,41.5,28.44,16610,3,41.5,28.29
302629,2026-07-15T15:20:53.093900,pepperpowder,16469,3,42.96,26.21,16280,3,43.39,26.04,46613,2,43.7,25.55,13831,3,43.65,25.83,29137,3,42.45,27.59,34069,3,42.29,26.97,11514,3,41.48,28.47,16610,3,41.5,28.33
302979,2026-07-15T15:20:53.444041,pepperpowder,16469,3,42.96,26.23,16280,3,43.37,26.07,46613,2,43.68,25.61,13831,3,43.64,25.82,29137,3,42.44,27.62,34069,3,42.28,27.04,11514,3,41.48,28.52,16610,3,41.49,28.38
303329,2026-07-15T15:20:53.786184,pepperpowder,16469,3,42.95,26.26,16280,3,43.36,26.14,19230,2,43.65,25.68,13831,3,43.62,25.86,29137,3,42.43,27.64,34069,3,42.26,27.09,11514,3,41.47,28.55,16610,3,41.48,28.41
303679,2026-07-15T15:20:54.143890,pepperpowder,16469,3,42.94,26.3,16280,3,43.36,26.2,19230,3,43.63,25.76,13831,3,43.61,25.89,29137,3,42.43,27.67,34069,3,42.24,27.12,11514,3,41.47,28.58,16610,3,41.47,28.45
304029,2026-07-15T15:20:54.483365,pepperpowder,16469,3,42.93,26.32,16280,3,43.34,26.25,19230,3,43.62,25.81,13831,3,43.6,25.91,29137,3,42.42,27.7,34069,3,42.23,27.18,11514,3,41.46,28.6,16610,3,41.46,28.49
304379,2026-07-15T15:20:54.842839,pepperpowder,16469,3,42.93,26.34,16280,3,43.34,26.28,19230,3,43.6,25.87,13831,3,43.6,25.94,29137,3,42.41,27.72,34069,3,42.23,27.23,11514,3,41.45,28.63,16610,3,41.45,28.51
304729,2026-07-15T15:20:55.201377,pepperpowder,16469,3,42.91,26.32,16280,3,43.33,26.32,19230,3,43.6,25.94,13831,3,43.59,25.97,29137,3,42.41,27.76,34069,3,42.22,27.24,11514,3,41.44,28.66,16610,3,41.45,28.55
305079,2026-07-15T15:20:55.543446,pepperpowder,16469,3,42.92,26.39,16280,3,43.32,26.35,19230,3,43.58,26.0,13831,3,43.59,25.99,29137,3,42.4,27.78,34069,3,42.21,27.3,11514,3,41.43,28.69,16610,3,41.44,28.58
305429,2026-07-15T15:20:55.894439,pepperpowder,16469,3,42.9,26.42,16280,3,43.31,26.36,19230,3,43.57,26.03,13831,3,43.57,26.01,29137,3,42.39,27.81,34069,3,42.21,27.33,11514,3,41.43,28.71,16610,3,41.43,28.62
305779,2026-07-15T15:20:56.241965,pepperpowder,16469,3,42.9,26.43,16280,3,43.31,26.41,19230,3,43.56,26.07,13831,3,43.56,26.04,29137,3,42.39,27.83,34069,3,42.2,27.37,11514,3,41.43,28.71,16610,3,41.42,28.64
306129,2026-07-15T15:20:56.594693,pepperpowder,16469,3,42.9,26.46,16280,3,43.3,26.44,19230,3,43.55,26.1,13831,3,43.56,26.04,29137,3,42.38,27.87,34069,3,42.2,27.38,11514,3,41.42,28.74,16610,3,41.42,28.65
306479,2026-07-15T15:20:56.941401,pepperpowder,16469,3,42.9,26.44,16280,3,43.29,26.47,19230,3,43.54,26.14,13831,3,43.55,26.07,29137,3,42.39,27.86,34069,3,42.17,27.44,11514,3,41.41,28.76,16610,3,41.41,28.67
306829,2026-07-15T15:20:57.292582,pepperpowder,16469,3,42.89,26.46,16280,3,43.29,26.51,19230,3,43.53,26.19,13831,3,43.55,26.08,29137,3,42.38,27.89,34069,3,42.17,27.46,11514,3,41.41,28.76,16610,3,41.41,28.69
307179,2026-07-15T15:20:57.643876,pepperpowder,16469,3,42.88,26.49,16280,3,43.29,26.49,19230,3,43.53,26.21,13831,3,43.53,26.09,29137,3,42.37,27.89,34069,3,42.18,27.47,11514,3,41.4,28.79,16610,3,41.4,28.71
307529,2026-07-15T15:20:57.992947,pepperpowder,16469,3,42.88,26.5,16280,3,43.28,26.55,19230,3,43.53,26.24,13831,3,43.54,26.13,29137,3,42.37,27.89,34069,3,42.17,27.49,11514,3,41.4,28.82,16610,3,41.4,28.74
307879,2026-07-15T15:20:58.339327,pepperpowder,16469,3,42.87,26.51,16280,3,43.29,26.56,19230,3,43.52,26.27,13831,3,43.54,26.13,29137,3,42.36,27.93,34069,3,42.16,27.52,11514,3,41.4,28.83,16610,3,41.39,28.75
308229,2026-07-15T15:20:58.692933,pepperpowder,16469,3,42.87,26.52,16280,3,43.28,26.58,19230,3,43.52,26.29,13831,3,43.53,26.13,29137,3,42.36,27.92,34069,3,42.16,27.55,11514,3,41.39,28.84,16610,3,41.39,28.77
308579,2026-07-15T15:20:59.040988,pepperpowder,16469,3,42.87,26.54,16280,3,43.27,26.59,19230,3,43.51,26.3,13831,3,43.53,26.15,29137,3,42.35,27.95,34069,3,42.15,27.56,11514,3,41.39,28.85,16610,3,41.39,28.77
308929,2026-07-15T15:20:59.393792,pepperpowder,16469,3,42.86,26.55,16280,3,43.26,26.62,19230,3,43.5,26.31,13831,3,43.52,26.17,29137,3,42.36,27.97,34069,3,42.16,27.57,11514,3,41.38,28.87,16610,3,41.38,28.79
309279,2026-07-15T15:20:59.747524,pepperpowder,16469,3,42.86,26.55,16280,3,43.27,26.61,19230,3,43.5,26.34,13831,3,43.52,26.18,29137,3,42.36,27.97,34069,3,42.15,27.59,11514,3,41.38,28.87,16610,3,41.38,28.81
309629,2026-07-15T15:21:00.085392,pepperpowder,16469,3,42.86,26.56,16280,3,43.26,26.64,19230,3,43.5,26.36,13831,3,43.51,26.19,22711,3,42.35,27.98,34069,3,42.15,27.6,7694,3,41.38,28.89,16610,3,41.38,28.81
309979,2026-07-15T15:21:00.437030,pepperpowder,16469,3,42.85,26.56,16280,3,43.26,26.65,19230,3,43.5,26.39,13831,3,43.51,26.19,22711,4,42.8,28.04,34069,3,42.15,27.63,7694,4,41.79,28.95,16610,3,41.37,28.83
310329,2026-07-15T15:21:00.792361,pepperpowder,12364,3,42.85,26.58,16280,3,43.26,26.66,19230,3,43.49,26.39,9773,3,43.51,26.21,22711,4,43.13,28.07,34069,3,42.14,27.66,7694,4,42.1,28.97,16610,3,41.36,28.86
310679,2026-07-15T15:21:01.145076,pepperpowder,12364,4,43.29,26.63,16280,3,43.26,26.67,19230,3,43.48,26.4,9773,4,43.95,26.26,22711,4,43.31,28.04,34069,3,42.14,27.66,7694,4,42.26,28.96,11416,3,41.36,28.85
311029,2026-07-15T15:21:01.494832,pepperpowder,12364,4,43.61,26.66,16280,3,43.25,26.68,19230,3,43.48,26.42,9773,4,44.28,26.3,22711,4,43.41,27.99,34069,3,42.13,27.67,7694,4,42.35,28.9,11416,4,41.77,28.93
311379,2026-07-15T15:21:01.834315,pepperpowder,12364,4,43.75,26.62,16280,3,43.25,26.68,19230,3,43.48,26.43,9773,4,44.44,26.26,10557,4,43.48,27.95,34069,3,42.14,27.7,5684,4,42.41,28.86,11416,4,42.09,28.96
311729,2026-07-15T15:21:02.186359,pepperpowder,12364,4,43.82,26.56,16280,3,43.26,26.71,19230,3,43.48,26.46,9773,4,44.54,26.23,10557,5,43.52,27.89,34069,3,42.13,27.7,5684,5,42.46,28.8,11416,4,42.24,28.93
312079,2026-07-15T15:21:02.530490,pepperpowder,6164,4,43.88,26.52,16280,3,43.25,26.73,19230,3,43.47,26.45,5684,4,44.61,26.16,10557,5,43.56,27.81,26862,3,42.13,27.7,5684,5,42.49,28.75,11416,4,42.32,28.87
312429,2026-07-15T15:21:02.893313,pepperpowder,6164,5,43.92,26.45,12286,3,43.26,26.73,19230,3,43.48,26.47,5684,5,44.65,26.1,10557,5,43.59,27.74,26862,4,42.56,27.75,5684,5,42.51,28.68,6069,4,42.39,28.83
312779,2026-07-15T15:21:03.243286,pepperpowder,6164,5,43.95,26.39,12286,4,43.68,26.79,19230,3,43.47,26.48,5684,5,44.68,26.04,10557,5,43.62,27.66,26862,4,42.9,27.78,5684,5,42.54,28.64,6069,5,42.43,28.77
313129,2026-07-15T15:21:03.587368,pepperpowder,6164,5,43.97,26.32,12286,4,44.01,26.81,19230,3,43.48,26.48,5684,5,44.72,25.98,10981,5,43.64,27.63,26862,4,43.06,27.75,5684,5,42.56,28.59,6069,5,42.47,28.7
313479,2026-07-15T15:21:03.943189,pepperpowder,6164,5,43.98,26.28,12286,4,44.15,26.77,19230,3,43.48,26.47,5684,5,44.74,25.92,10981,6,43.66,27.56,26862,4,43.16,27.7,5684,6,42.57,28.53,6069,5,42.5,28.64
313829,2026-07-15T15:21:04.292787,pepperpowder,6595,5,44.0,26.23,12286,4,44.25,26.72,14618,3,43.48,26.5,5684,5,44.76,25.87,10981,6,43.67,27.51,13045,4,43.24,27.65,5684,6,42.59,28.46,6069,5,42.53,28.59
314179,2026-07-15T15:21:04.643243,pepperpowder,6595,6,44.01,26.16,6640,4,44.32,26.66,14618,4,43.92,26.57,5684,6,44.77,25.83,10981,6,43.69,27.46,13045,5,43.29,27.58,5684,6,42.59,28.42,6471,5,42.56,28.53
314529,2026-07-15T15:21:04.990235,pepperpowder,6595,6,44.02,26.12,6640,5,44.38,26.59,14618,4,44.24,26.57,5684,6,44.79,25.78,10981,6,43.71,27.42,13045,5,43.33,27.54,5684,6,42.61,28.38,6471,6,42.57,28.49
314879,2026-07-15T15:21:05.330959,pepperpowder,6595,6,44.04,26.09,6640,5,44.41,26.53,14618,4,44.4,26.55,5684,6,44.8,25.73,11004,6,43.72,27.36,13045,5,43.36,27.47,5684,6,42.63,28.34,6471,6,42.58,28.43
315229,2026-07-15T15:21:05.693107,pepperpowder,6595,6,44.04,26.05,6640,5,44.45,26.49,14618,4,44.51,26.49,5684,6,44.81,25.68,11004,7,43.98,27.36,13045,5,43.39,27.39,5684,7,42.87,28.33,6471,6,42.6,28.37
315579,2026-07-15T15:21:06.045097,pepperpowder,6636,6,44.05,26.0,6640,5,44.47,26.41,7818,4,44.58,26.44,5684,6,44.83,25.64,11004,7,44.19,27.33,13751,5,43.41,27.34,5684,7,43.06,28.3,6471,6,42.61,28.34
315929,2026-07-15T15:21:06.391962,pepperpowder,6636,7,44.29,26.01,6929,5,44.49,26.34,7818,5,44.63,26.33,5684,7,45.08,25.65,11004,7,44.31,27.26,13751,6,43.44,27.29,5684,7,43.18,28.24,6530,6,42.62,28.3
316279,2026-07-15T15:21:06.736405,pepperpowder,6636,7,44.49,25.99,6929,6,44.51,26.28,7818,5,44.66,26.29,5684,7,45.27,25.62,11004,7,44.4,27.22,13751,6,43.47,27.24,5684,7,43.27,28.2,6530,7,42.86,28.3
316629,2026-07-15T15:21:07.093777,pepperpowder,6636,7,44.6,25.94,6929,6,44.53,26.25,7818,5,44.7,26.23,5684,7,45.41,25.57,31550,7,44.47,27.15,13751,6,43.48,27.19,19838,7,43.33,28.13,6530,7,43.06,28.25
316979,2026-07-15T15:21:07.432805,pepperpowder,6636,7,44.67,25.89,6929,6,44.54,26.21,7818,5,44.73,26.15,5684,7,45.48,25.51,31550,8,44.51,27.06,13751,6,43.49,27.14,19838,8,43.38,28.06,6530,7,43.18,28.26
317329,2026-07-15T15:21:07.790223,pepperpowder,25682,7,44.72,25.84,6929,6,44.56,26.18,8018,5,44.75,26.12,25019,7,45.55,25.46,31550,8,44.56,27.0,13885,6,43.51,27.09,19838,8,43.43,27.99,22424,7,43.32,28.1
317679,2026-07-15T15:21:08.142602,pepperpowder,25682,8,44.75,25.76,6915,6,44.58,26.12,8018,6,44.78,26.07,25019,8,45.6,25.42,31550,8,44.6,26.94,13885,7,43.78,27.09,19838,8,43.46,27.93,22424,8,43.36,28.03
318029,2026-07-15T15:21:08.494099,pepperpowder,25682,8,44.77,25.72,6915,7,44.83,26.1,8018,6,44.8,25.99,25019,8,45.64,25.33,31550,8,44.62,26.86,13885,7,44.01,27.04,19838,8,43.48,27.86,22424,8,43.4,27.96
318379,2026-07-15T15:21:08.842780,pepperpowder,25682,8,44.81,25.66,6915,7,45.06,26.09,8018,6,44.81,25.97,25019,8,45.69,25.29,33693,8,44.65,26.81,13885,7,44.14,27.0,20765,8,43.5,27.8,22424,8,43.44,27.91
318729,2026-07-15T15:21:09.190550,pepperpowder,25682,8,44.84,25.62,6915,7,45.18,26.03,8018,6,44.83,25.91,25019,8,45.71,25.22,33693,9,44.68,26.77,13885,7,44.23,26.95,20765,9,43.53,27.73,22424,8,43.47,27.84
319079,2026-07-15T15:21:09.543257,pepperpowder,26862,8,44.85,25.56,6915,7,45.27,25.97,7970,6,44.85,25.87,26267,8,45.74,25.16,33693,9,44.7,26.71,43611,7,44.29,26.89,20765,9,43.55,27.68,23738,8,43.49,27.79
319429,2026-07-15T15:21:09.888121,pepperpowder,26862,9,44.87,25.52,30210,7,45.33,25.93,7970,7,45.12,25.87,26267,9,45.77,25.1,33693,9,44.72,26.66,43611,8,44.34,26.79,20765,9,43.58,27.63,23738,9,43.51,27.72
319779,2026-07-15T15:21:10.243101,pepperpowder,26862,9,44.89,25.48,30210,8,45.37,25.84,7970,7,45.34,25.83,26267,9,45.79,25.05,33693,9,44.74,26.6,43611,8,44.39,26.72,20765,9,43.6,27.58,23738,9,43.53,27.66
320129,2026-07-15T15:21:10.593193,pepperpowder,26862,9,44.91,25.41,30210,8,45.42,25.8,7970,7,45.47,25.79,26267,9,45.81,25.01,34015,9,44.76,26.54,43611,8,44.43,26.65,21052,9,43.62,27.53,23738,9,43.56,27.6
320479,2026-07-15T15:21:10.935474,pepperpowder,26862,9,44.93,25.39,30210,8,45.46,25.72,7970,7,45.56,25.72,26267,9,45.83,24.95,34015,0,44.78,26.52,43611,8,44.46,26.62,21052,0,43.63,27.48,23738,9,43.58,27.55
320829,2026-07-15T15:21:11.293405,pepperpowder,27170,9,44.95,25.35,30210,8,45.49,25.67,27292,7,45.62,25.65,26627,9,45.86,24.93,34015,0,44.79,26.47,45665,8,44.49,26.54,21052,0,43.65,27.45,24060,9,43.61,27.49
321179,2026-07-15T15:21:11.643257,pepperpowder,27170,0,44.97,25.34,31387,8,45.51,25.6,27292,8,45.67,25.57,26627,0,45.87,24.89,34015,0,44.82,26.43,45665,9,44.51,26.48,21052,0,43.67,27.4,24060,0,43.62,27.47
321529,2026-07-15T15:21:11.993258,pepperpowder,27170,0,44.99,25.3,31387,9,45.54,25.54,27292,8,45.71,25.51,26627,0,45.9,24.84,34015,0,44.82,26.41,45665,9,44.54,26.42,21052,0,43.68,27.36,24060,0,43.64,27.44
321879,2026-07-15T15:21:12.339366,pepperpowder,27170,0,45.01,25.26,31387,9,45.56,25.49,27292,8,45.75,25.45,26627,0,45.92,24.81,34288,0,44.85,26.38,45665,9,44.56,26.37,21178,0,43.69,27.32,24060,0,43.65,27.37
322229,2026-07-15T15:21:12.693416,pepperpowder,27170,0,45.03,25.21,31387,9,45.59,25.44,27292,8,45.78,25.41,26627,0,45.94,24.76,34288,1,44.15,26.24,45665,9,44.58,26.32,21178,1,43.05,27.23,24060,0,43.67,27.35
322579,2026-07-15T15:21:13.043216,pepperpowder,27362,0,45.04,25.2,31387,9,45.61,25.39,28381,8,45.81,25.32,26811,0,45.96,24.73,74440,1,43.64,26.21,46259,9,44.6,26.27,32586,1,42.56,27.17,24224,0,43.69,27.31
322929,2026-07-15T15:21:13.385785,pepperpowder,27362,1,44.37,25.1,31738,9,45.63,25.34,28381,9,45.84,25.28,26811,1,45.29,24.64,74440,2,43.36,26.23,46259,0,44.62,26.23,32586,2,42.31,27.18,24224,1,43.05,27.19
323279,2026-07-15T15:21:13.741739,pepperpowder,44429,1,43.89,25.06,31738,0,45.66,25.31,28381,9,45.86,25.21,39131,1,44.8,24.59,74440,2,43.2,26.36,46259,0,44.63,26.18,32586,2,42.16,27.23,45086,1,42.57,27.14
323629,2026-07-15T15:21:14.091149,pepperpowder,44429,2,43.66,25.09,31738,0,45.67,25.26,28381,9,45.89,25.17,39131,2,44.54,24.62,74440,2,43.01,26.43,46259,0,44.65,26.14,32586,2,42.06,27.27,45086,2,42.31,27.14
323979,2026-07-15T15:21:14.443031,pepperpowder,44429,2,43.53,25.14,31738,0,45.68,25.23,28381,9,45.9,25.15,39131,2,44.38,24.65,74440,2,42.96,26.52,46259,0,44.66,26.11,32586,2,41.99,27.35,45086,2,42.16,27.2
324329,2026-07-15T15:21:14.793765,pepperpowder,44429,2,43.46,25.22,31738,0,45.71,25.19,28628,9,45.93,25.09,39131,2,44.28,24.73,74440,2,42.92,26.6,46562,0,44.67,26.07,32586,2,41.93,27.44,45086,2,42.06,27.25
324679,2026-07-15T15:21:15.143537,pepperpowder,44429,2,43.41,25.3,31976,0,45.71,25.14,28628,0,45.94,25.05,39131,2,44.21,24.78,74440,2,42.88,26.68,46562,1,43.98,25.94,32586,2,41.91,27.54,45086,2,42.0,27.34
325029,2026-07-15T15:21:15.493199,pepperpowder,44429,2,43.38,25.37,31976,1,45.02,25.06,28628,0,45.96,25.01,39131,2,44.16,24.86,74440,2,42.86,26.74,90555,1,43.46,25.9,32586,2,41.84,27.68,45086,2,41.94,27.41
325379,2026-07-15T15:21:15.843104,pepperpowder,44429,2,43.36,25.46,43257,1,44.52,25.01,28628,0,45.97,24.96,39131,2,44.13,24.94,74440,2,42.83,26.84,90555,2,43.17,25.92,32586,2,41.82,27.74,45086,2,41.9,27.5
325729,2026-07-15T15:21:16.190206,pepperpowder,44429,2,43.34,25.51,43257,2,44.25,25.03,28628,0,45.98,24.94,39131,2,44.1,25.03,30360,2,42.81,26.91,90555,2,43.0,25.98,12258,2,41.8,27.83,45086,2,41.87,27.57
326079,2026-07-15T15:21:16.545812,pepperpowder,44429,2,43.33,25.58,43257,2,44.1,25.1,28648,0,45.98,24.89,39131,2,44.08,25.08,30360,3,42.8,26.97,90555,2,42.89,26.05,12258,3,41.79,27.87,45086,2,41.84,27.66
326429,2026-07-15T15:21:16.886439,pepperpowder,44429,2,43.32,25.66,43257,2,43.99,25.15,28648,1,45.3,24.79,39131,2,44.06,25.15,30360,3,42.78,27.04,90555,2,42.81,26.12,12258,3,41.77,27.96,45086,2,41.82,27.7
326779,2026-07-15T15:21:17.240650,pepperpowder,17297,2,43.31,25.72,43257,2,43.92,25.24,48892,1,44.78,24.76,14538,2,44.04,25.23,30360,3,42.77,27.1,90555,2,42.74,26.22,12258,3,41.76,28.01,17481,2,41.79,27.76
327129,2026-07-15T15:21:17.592046,pepperpowder,17297,3,43.3,25.75,43257,2,43.87,25.32,48892,2,44.5,24.78,14538,3,44.04,25.29,30360,3,42.75,27.16,90555,2,42.69,26.3,12258,3,41.75,28.07,17481,3,41.78,27.84
327479,2026-07-15T15:21:17.943215,pepperpowder,17297,3,43.3,25.81,43257,2,43.83,25.4,48892,2,44.34,24.86,14538,3,44.03,25.34,30360,3,42.74,27.21,90555,2,42.66,26.39,12258,3,41.73,28.1,17481,3,41.76,27.92
327829,2026-07-15T15:21:18.290569,pepperpowder,17297,3,43.29,25.86,43257,2,43.81,25.49,48892,2,44.24,24.93,14538,3,44.01,25.37,30360,3,42.72,27.26,90555,2,42.62,26.45,12258,3,41.72,28.17,17481,3,41.75,27.98
328179,2026-07-15T15:21:18.642753,pepperpowder,17297,3,43.29,25.91,43257,2,43.77,25.57,48892,2,44.17,25.02,14538,3,44.0,25.43,30360,3,42.71,27.31,90555,2,42.6,26.53,12258,3,41.71,28.21,17481,3,41.74,28.02
328529,2026-07-15T15:21:18.992979,pepperpowder,17297,3,43.28,25.94,43257,2,43.74,25.62,48892,2,44.11,25.08,14538,3,43.98,25.48,30360,3,42.71,27.36,35368,2,42.57,26.59,12258,3,41.71,28.26,17481,3,41.72,28.06
328879,2026-07-15T15:21:19.341879,pepperpowder,17297,3,43.27,25.97,17062,2,43.73,25.7,48892,2,44.06,25.18,14538,3,43.97,25.53,30360,3,42.69,27.4,35368,3,42.55,26.67,12258,3,41.69,28.29,17481,3,41.71,28.12
329229,2026-07-15T15:21:19.692890,pepperpowder,17297,3,43.27,26.01,17062,3,43.72,25.76,48892,2,44.03,25.28,14538,3,43.97,25.56,30360,3,42.69,27.43,35368,3,42.54,26.74,12258,3,41.69,28.35,17481,3,41.71,28.16
329579,2026-07-15T15:21:20.037282,pepperpowder,17297,3,43.27,26.04,17062,3,43.71,25.83,48892,2,43.99,25.36,14538,3,43.96,25.6,30360,3,42.67,27.46,35368,3,42.52,26.8,12258,3,41.68,28.37,17481,3,41.7,28.2
329929,2026-07-15T15:21:20.392736,pepperpowder,17297,3,43.25,26.07,17062,3,43.69,25.89,48892,2,43.97,25.41,14538,3,43.94,25.63,30360,3,42.67,27.49,35368,3,42.5,26.84,12258,3,41.68,28.4,17481,3,41.68,28.25
330279,2026-07-15T15:21:20.746310,pepperpowder,17297,3,43.25,26.08,17062,3,43.67,25.93,19619,2,43.95,25.5,14538,3,43.94,25.49,30360,3,42.66,27.53,35368,3,42.5,26.88,12258,3,41.67,28.42,17481,3,41.68,28.28
330629,2026-07-15T15:21:21.092151,pepperpowder,17297,3,43.24,26.12,17062,3,43.66,25.98,19619,3,43.94,25.56,14538,3,43.92,25.59,30360,3,42.66,27.56,35368,3,42.49,26.96,12258,3,41.66,28.46,17481,3,41.67,28.33
330979,2026-07-15T15:21:21.442475,pepperpowder,17297,3,43.23,26.13,17062,3,43.65,26.04,19619,3,43.91,25.62,14538,3,43.91,25.73,30360,3,42.65,27.6,35368,3,42.47,27.01,12258,3,41.66,28.5,17481,3,41.65,28.36
331329,2026-07-15T15:21:21.779105,pepperpowder,17297,3,43.23,26.16,17062,3,43.64,26.08,19619,3,43.9,25.68,14538,3,43.9,25.79,30360,3,42.65,27.62,35368,3,42.46,27.05,12258,3,41.65,28.53,17481,3,41.65,28.38
331679,2026-07-15T15:21:22.133646,pepperpowder,17297,3,43.22,26.18,17062,3,43.63,26.12,19619,3,43.89,25.72,14538,3,43.89,25.77,30360,3,42.64,27.63,35368,3,42.46,27.09,12258,3,41.65,28.55,17481,3,41.65,28.4
332029,2026-07-15T15:21:22.492734,pepperpowder,17297,3,43.21,26.21,17062,3,43.63,26.14,19619,3,43.88,25.79,14538,3,43.88,25.81,30360,3,42.63,27.65,35368,3,42.44,27.12,12258,3,41.65,28.58,17481,3,41.63,28.42
332379,2026-07-15T15:21:22.843430,pepperpowder,17297,3,43.21,26.23,17062,3,43.62,26.16,19619,3,43.87,25.83,14538,3,43.88,25.82,30360,3,42.62,27.68,35368,3,42.44,27.17,12258,3,41.63,28.58,17481,3,41.63,28.47
332729,2026-07-15T15:21:23.188863,pepperpowder,17297,3,43.21,26.23,17062,3,43.61,26.2,19619,3,43.85,25.85,14538,3,43.87,25.85,30360,3,42.62,27.68,35368,3,42.43,27.19,12258,3,41.63,28.6,17481,3,41.63,28.49
333079,2026-07-15T15:21:23.540720,pepperpowder,17297,3,43.2,26.24,17062,3,43.61,26.24,19619,3,43.85,25.92,14538,3,43.87,25.87,30360,3,42.62,27.72,35368,3,42.42,27.23,12258,3,41.62,28.62,17481,3,41.62,28.51
333429,2026-07-15T15:21:23.894526,pepperpowder,17297,3,43.19,26.4,17062,3,43.61,26.26,19619,3,43.85,25.94,14538,3,43.86,25.88,30360,3,42.61,27.73,35368,3,42.42,27.25,12258,3,41.61,28.64,17481,3,41.61,28.54
333779,2026-07-15T15:21:24.229783,pepperpowder,17297,3,43.19,26.27,17062,3,43.6,26.28,19619,3,43.84,25.98,14538,3,43.85,25.88,30360,3,42.61,27.75,35368,3,42.41,27.29,12258,3,41.61,28.65,17481,3,41.6,28.55
334129,2026-07-15T15:21:24.589000,pepperpowder,17297,3,43.18,26.29,17062,3,43.59,26.3,19619,3,43.82,26.02,14538,3,43.85,25.91,30360,3,42.6,27.76,35368,3,42.41,27.31,12258,3,41.61,28.69,17481,3,41.6,28.56
334479,2026-07-15T15:21:24.932547,pepperpowder,17297,3,43.17,26.29,17062,3,43.59,26.33,19619,3,43.82,26.03,14538,3,43.84,25.93,30360,3,42.6,27.78,35368,3,42.4,27.33,12258,3,41.61,28.7,17481,3,41.6,28.6
334829,2026-07-15T15:21:25.292749,pepperpowder,17297,3,43.17,26.31,17062,3,43.59,26.35,19619,3,43.81,26.05,14538,3,43.84,25.94,30360,3,42.59,27.79,35368,3,42.4,27.36,12258,3,41.6,28.71,17481,3,41.59,28.61
335179,2026-07-15T15:21:25.635401,pepperpowder,17297,3,43.17,26.33,17062,3,43.58,26.35,19619,3,43.81,26.08,14538,3,43.83,25.95,30360,3,42.59,27.81,35368,3,42.39,27.38,12258,3,41.59,28.71,17481,3,41.59,28.63
335529,2026-07-15T15:21:25.984943,pepperpowder,17297,3,43.16,26.34,17062,3,43.58,26.39,19619,3,43.8,26.09,14538,3,43.83,25.97,30360,3,42.58,27.83,35368,3,42.38,27.39,12258,3,41.59,28.73,17481,3,41.58,28.64
335879,2026-07-15T15:21:26.342724,pepperpowder,17297,3,43.16,26.35,17062,3,43.56,26.41,19619,3,43.8,26.13,14538,3,43.83,25.97,30360,3,42.58,27.83,35368,3,42.38,27.41,12258,3,41.58,28.74,17481,3,41.58,28.65
336229,2026-07-15T15:21:26.683750,pepperpowder,17297,3,43.16,26.35,17062,3,43.57,26.41,19619,3,43.79,26.14,14538,3,43.82,25.99,23805,3,42.58,27.86,35368,3,42.39,27.43,7916,3,41.58,28.77,17481,3,41.57,28.66
336579,2026-07-15T15:21:27.045617,pepperpowder,17297,3,43.15,26.37,17062,3,43.56,26.45,19619,3,43.79,26.17,14538,3,43.82,25.99,23805,4,43.02,27.92,35368,3,42.37,27.43,7916,4,41.98,28.83,17481,3,41.57,28.68
336929,2026-07-15T15:21:27.399519,pepperpowder,12848,3,43.15,26.38,17062,3,43.56,26.43,19619,3,43.79,26.17,10116,3,43.82,26.0,23805,4,43.36,27.94,35368,3,42.37,27.46,7916,4,42.31,28.85,17481,3,41.57,28.69
337279,2026-07-15T15:21:27.735290,pepperpowder,12848,4,43.59,26.43,17062,3,43.56,26.45,19619,3,43.78,26.2,10116,4,44.25,26.07,23805,4,43.53,27.92,35368,3,42.37,27.5,7916,4,42.46,28.83,12167,3,41.57,28.7
337629,2026-07-15T15:21:28.088724,pepperpowder,12848,4,43.92,26.44,17062,3,43.55,26.47,19619,3,43.78,26.22,10116,4,44.58,26.09,23805,4,43.63,27.87,35368,3,42.37,27.5,7916,4,42.56,28.78,12167,4,41.98,28.77
337979,2026-07-15T15:21:28.445750,pepperpowder,12848,4,44.06,26.4,17062,3,43.56,26.47,19619,3,43.78,26.24,10116,4,44.75,26.07,10547,4,43.7,27.79,35368,3,42.37,27.51,5684,4,42.62,28.75,12167,4,42.29,28.79
338329,2026-07-15T15:21:28.785313,pepperpowder,12848,4,44.12,26.37,17062,3,43.55,26.48,19619,3,43.78,26.24,10116,4,44.84,26.01,10547,5,43.75,27.74,35368,3,42.37,27.52,5684,5,42.66,28.68,12167,4,42.44,28.78
338679,2026-07-15T15:21:29.132823,pepperpowder,6254,4,44.17,26.3,17062,3,43.55,26.51,19619,3,43.77,26.27,5684,4,44.9,25.97,10547,5,43.79,27.67,35368,3,42.37,27.54,5684,5,42.68,28.62,12167,4,42.53,28.73
339029,2026-07-15T15:21:29.495573,pepperpowder,6254,5,44.21,26.24,17062,3,43.55,26.51,19619,3,43.77,26.26,5684,5,44.95,25.91,10547,5,43.82,27.6,27610,3,42.37,27.55,5684,5,42.71,28.56,6157,4,42.6,28.68
339379,2026-07-15T15:21:29.839969,pepperpowder,6254,5,44.24,26.19,12688,3,43.55,26.52,19619,3,43.77,26.28,5684,5,44.99,25.86,10547,5,43.85,27.55,27610,4,42.81,27.59,5684,5,42.73,28.5,6157,5,42.64,28.62
339729,2026-07-15T15:21:30.192745,pepperpowder,6254,5,44.26,26.14,12688,4,43.99,26.57,19619,3,43.77,26.28,5684,5,45.02,25.79,11107,5,43.87,27.48,27610,4,43.14,27.62,5684,5,42.76,28.44,6157,5,42.68,28.56
340079,2026-07-15T15:21:30.548689,pepperpowder,6254,5,44.27,26.06,12688,4,44.32,26.59,19619,3,43.78,26.31,5684,5,45.05,25.74,11107,6,43.89,27.43,27610,4,43.3,27.6,5684,6,42.77,28.39,6157,5,42.71,28.5
340429,2026-07-15T15:21:30.886798,pepperpowder,6702,5,44.29,26.03,12688,4,44.47,26.57,19619,3,43.78,26.31,5684,5,45.06,25.69,11107,6,43.91,27.37,27610,4,43.41,27.54,5684,6,42.79,28.34,6157,5,42.73,28.44
340779,2026-07-15T15:21:31.243023,pepperpowder,6702,6,44.3,25.98,12688,4,44.57,26.53,14749,3,43.78,26.31,5684,6,45.07,25.63,11107,6,43.92,27.32,13037,4,43.49,27.5,5684,6,42.8,28.28,6611,5,42.75,28.39
341129,2026-07-15T15:21:31.588915,pepperpowder,6702,6,44.32,25.94,6611,4,44.64,26.45,14749,4,44.21,26.36,5684,6,45.09,25.59,11107,6,43.94,27.28,13037,5,43.54,27.43,5684,6,42.82,28.25,6611,6,42.77,28.34
341479,2026-07-15T15:21:31.947007,pepperpowder,6702,6,44.33,25.89,6611,5,44.68,26.39,14749,4,44.54,26.39,5684,6,45.11,25.54,11142,6,43.96,27.24,13037,5,43.58,27.37,5684,6,42.83,28.22,6611,6,42.79,28.3
341829,2026-07-15T15:21:32.292115,pepperpowder,6702,6,44.33,25.84,6611,5,44.72,26.34,14749,4,44.71,26.35,5684,6,45.12,25.49,11142,7,44.2,27.24,13037,5,43.61,27.29,5684,7,43.07,28.21,6611,6,42.8,28.24
342179,2026-07-15T15:21:32.639609,pepperpowder,6792,6,44.34,25.83,6611,5,44.75,26.28,14749,4,44.8,26.29,5684,6,45.14,25.47,11142,7,44.41,27.2,13037,5,43.64,27.24,5684,7,43.26,28.17,6611,6,42.81,28.19
342529,2026-07-15T15:21:32.994082,pepperpowder,6792,7,44.58,25.81,6611,5,44.77,26.21,7716,4,44.87,26.23,5684,7,45.36,25.46,11142,7,44.55,27.13,13894,5,43.66,27.2,5684,7,43.4,28.14,6694,6,42.83,28.15
342879,2026-07-15T15:21:33.342059,pepperpowder,6792,7,44.78,25.81,7006,5,44.79,26.15,7716,5,44.92,26.18,5684,7,45.56,25.43,11142,7,44.64,27.1,13894,6,43.69,27.13,5684,7,43.48,28.08,6694,7,43.06,28.13
343229,2026-07-15T15:21:33.692501,pepperpowder,6792,7,44.88,25.74,7006,6,44.82,26.09,7716,5,44.97,26.11,5684,7,45.7,25.41,31667,7,44.7,27.03,13894,6,43.7,27.07,19710,7,43.55,28.02,6694,7,43.27,28.12
343579,2026-07-15T15:21:34.042879,pepperpowder,6792,7,44.96,25.68,7006,6,44.83,26.05,7716,5,44.99,26.04,5684,7,45.79,25.34,31667,8,44.75,26.94,13894,6,43.72,27.04,19710,8,43.59,27.95,6694,7,43.4,28.07
343929,2026-07-15T15:21:34.394252,pepperpowder,25666,7,45.01,25.63,7006,6,44.85,26.01,7716,5,45.02,25.97,24715,7,45.85,25.29,31667,8,44.78,26.88,13894,6,43.74,26.97,19710,8,43.62,27.85,6694,7,43.47,28.0
344279,2026-07-15T15:21:34.741771,pepperpowder,25666,8,45.05,25.58,7006,6,44.87,25.97,8054,5,45.04,25.92,24715,8,45.91,25.22,31667,8,44.82,26.8,14059,6,43.75,26.94,19710,8,43.66,27.82,22638,7,43.52,27.94
344629,2026-07-15T15:21:35.093201,pepperpowder,25666,8,45.07,25.53,6993,6,44.89,25.92,8054,6,45.08,25.86,24715,8,45.94,25.16,31667,8,44.85,26.76,14059,7,44.02,26.95,19710,8,43.69,27.76,22638,8,43.58,27.89
344979,2026-07-15T15:21:35.445554,pepperpowder,25666,8,45.09,25.47,6993,7,45.15,25.92,8054,6,45.09,25.81,24715,8,45.97,25.1,33324,8,44.87,26.69,14059,7,44.24,26.92,20605,8,43.71,27.68,22638,8,43.62,27.81
345329,2026-07-15T15:21:35.790821,pepperpowder,25666,8,45.12,25.41,6993,7,45.36,25.9,8054,6,45.11,25.78,24715,8,46.01,25.03,33324,9,44.9,26.65,14059,7,44.38,26.84,20605,9,43.73,27.62,22638,8,43.65,27.75
345679,2026-07-15T15:21:36.141701,pepperpowder,26879,8,45.14,25.38,6993,7,45.49,25.86,8054,6,45.13,25.73,26058,8,46.04,24.99,33324,9,44.92,26.59,14059,7,44.47,26.95,20605,9,43.75,27.56,22638,8,43.68,27.68
346029,2026-07-15T15:21:36.489869,pepperpowder,26879,9,45.17,25.33,6993,7,45.58,25.77,7994,6,45.14,25.68,26058,9,46.06,24.92,33324,9,44.94,26.54,43389,7,44.53,26.72,20605,9,43.78,27.52,23818,8,43.7,27.8
346379,2026-07-15T15:21:36.846834,pepperpowder,26879,9,45.18,25.28,29809,7,45.65,25.73,7994,7,45.41,25.69,26058,9,46.08,24.89,33324,9,44.96,26.67,43389,8,44.62,26.58,20605,9,43.8,27.47,23818,9,43.76,27.52
346729,2026-07-15T15:21:37.192915,pepperpowder,26879,9,45.2,25.24,29809,8,45.69,25.66,7994,7,45.63,25.64,26058,9,46.1,24.83,33934,9,44.98,26.44,43389,8,44.66,26.53,20928,9,43.81,27.41,23818,9,43.77,27.47
347079,2026-07-15T15:21:37.536363,pepperpowder,26879,9,45.21,25.18,29809,8,45.73,25.6,7994,7,45.76,25.57,26058,9,46.12,24.78,33934,0,45.02,26.35,43389,8,44.7,26.44,20928,0,43.83,27.37,23818,9,43.79,27.41
347429,2026-07-15T15:21:37.891694,pepperpowder,27187,9,45.24,25.16,29809,8,45.77,25.53,7994,7,45.85,25.53,26644,9,46.14,24.74,33934,0,45.03,26.31,45763,8,44.74,26.39,20928,0,43.84,27.31,24293,9,43.82,27.37
347779,2026-07-15T15:21:38.232783,pepperpowder,27187,0,45.26,25.16,29809,8,45.8,25.48,26795,7,45.92,25.45,26644,0,46.17,24.7,33934,0,45.05,26.27,45763,9,44.76,26.34,20928,0,43.86,27.27,24293,0,43.83,27.31
348129,2026-07-15T15:21:38.579766,pepperpowder,27187,0,45.28,25.09,31181,8,45.83,25.41,26795,8,45.97,25.39,26644,0,46.19,24.67,34151,0,45.07,26.23,45763,9,44.78,26.26,21136,0,43.89,27.21,24293,0,43.86,27.29
348479,2026-07-15T15:21:38.942140,pepperpowder,27187,0,45.3,25.07,31181,9,45.85,25.34,26795,8,46.02,25.31,26644,0,46.21,24.64,34151,1,44.38,26.12,45763,9,44.8,26.2,21136,1,43.26,27.1,24293,0,43.87,27.24
348829,2026-07-15T15:21:39.282807,pepperpowder,27187,0,45.31,25.04,31181,9,45.87,25.29,26795,8,46.06,25.26,26644,0,46.23,24.59,76992,1,43.86,26.07,45763,9,44.82,26.15,34454,1,42.77,27.06,24293,0,43.89,27.21
349179,2026-07-15T15:21:39.636111,pepperpowder,27379,0,45.32,25.02,31181,9,45.9,25.24,26795,8,46.09,25.19,26778,0,46.24,24.56,76992,2,43.59,26.08,46309,9,44.84,26.13,34454,2,42.51,27.04,24348,0,43.9,27.16
349529,2026-07-15T15:21:39.992164,pepperpowder,27379,1,44.66,24.91,31181,9,45.91,25.2,28082,8,46.11,25.13,26778,1,45.58,24.47,76992,2,43.43,26.12,46309,0,44.86,26.07,34454,2,42.36,27.08,24348,1,43.26,27.06
349879,2026-07-15T15:21:40.334387,pepperpowder,48120,1,44.18,24.88,31457,9,45.94,25.16,28082,9,46.14,25.09,41290,1,45.09,24.41,76992,2,43.31,26.2,46309,0,44.87,26.02,34454,2,42.26,27.14,48448,1,42.77,27.0
350229,2026-07-15T15:21:40.683681,pepperpowder,48120,2,43.94,24.9,31457,0,45.95,25.11,28082,9,46.16,25.02,41290,2,44.82,24.43,76992,2,43.24,26.28,46309,0,44.89,25.98,34454,2,42.19,27.23,48448,2,42.52,27.01
350579,2026-07-15T15:21:41.039468,pepperpowder,48120,2,43.82,24.96,31457,0,45.97,25.06,28082,9,46.18,24.97,41290,2,44.67,24.48,76992,2,43.18,26.37,46309,0,44.9,25.94,34454,2,42.14,27.3,48448,2,42.37,27.04
350929,2026-07-15T15:21:41.392209,pepperpowder,48120,2,43.74,25.03,31457,0,45.99,25.03,28082,9,46.2,24.95,41290,2,44.57,24.53,76992,2,43.13,26.43,46613,0,44.91,25.91,34454,2,42.09,27.39,48448,2,42.26,27.11
351279,2026-07-15T15:21:41.734926,pepperpowder,48120,2,43.69,25.09,31457,0,45.99,24.99,28268,9,46.22,24.88,41290,2,44.5,24.61,76992,2,43.1,26.53,46613,1,44.21,25.81,34454,2,42.06,27.47,48448,2,42.19,27.18
351629,2026-07-15T15:21:42.092687,pepperpowder,48120,2,43.67,25.17,31691,0,46.01,24.95,28268,0,46.23,24.84,41290,2,44.44,24.68,76992,2,43.07,26.61,96294,1,43.69,25.74,34454,2,42.04,27.53,48448,2,42.14,27.26
351979,2026-07-15T15:21:42.438941,pepperpowder,48120,2,43.64,25.25,31691,1,45.31,24.86,28268,0,46.24,24.82,41290,2,44.41,24.75,76992,2,43.06,26.69,96294,2,43.39,25.77,34454,2,42.02,27.62,48448,2,42.1,27.34
352329,2026-07-15T15:21:42.786272,pepperpowder,48120,2,43.62,25.33,45616,1,44.8,24.81,28268,0,46.25,24.78,41290,2,44.39,24.83,31714,2,43.03,26.75,96294,2,43.23,25.79,12911,2,42.0,27.69,48448,2,42.07,27.41
352679,2026-07-15T15:21:43.142533,pepperpowder,48120,2,43.62,25.4,45616,2,44.55,24.82,28268,0,46.26,24.74,41290,2,44.36,24.9,31714,3,43.01,26.81,96294,2,43.11,25.89,12911,3,41.98,27.73,48448,2,42.04,27.49
353029,2026-07-15T15:21:43.492057,pepperpowder,48120,2,43.61,25.48,45616,2,44.39,24.88,28495,0,46.27,24.73,41290,2,44.33,24.96,31714,3,43.0,26.88,96294,2,43.03,25.96,12911,3,41.96,27.81,48448,2,42.02,27.56
353379,2026-07-15T15:21:43.849307,pepperpowder,18212,2,43.59,25.51,45616,2,44.28,24.94,28495,1,45.57,24.59,15212,2,44.33,25.02,31714,3,42.98,26.92,96294,2,42.97,26.05,12911,3,41.96,27.86,18306,2,42.0,27.64
353729,2026-07-15T15:21:44.187324,pepperpowder,18212,3,43.59,25.58,45616,2,44.22,25.03,50513,1,45.06,24.56,15212,3,44.31,25.07,31714,3,42.97,26.98,96294,2,42.93,26.12,12911,3,41.95,27.93,18306,3,41.98,27.69
354079,2026-07-15T15:21:44.542518,pepperpowder,18212,3,43.58,25.62,45616,2,44.16,25.09,50513,2,44.79,24.6,15212,3,44.3,25.13,31714,3,42.96,27.08,96294,2,42.89,26.2,12911,3,41.94,27.96,18306,3,41.97,27.76
354429,2026-07-15T15:21:44.888817,pepperpowder,18212,3,43.58,25.67,45616,2,44.12,25.18,50513,2,44.63,24.66,15212,3,44.29,25.19,31714,3,42.95,27.09,96294,2,42.86,26.28,12911,3,41.92,28.0,18306,3,41.96,27.82
354779,2026-07-15T15:21:45.242000,pepperpowder,18212,3,43.57,25.73,45616,2,44.08,25.27,50513,2,44.51,24.74,15212,3,44.28,25.23,31714,3,42.93,27.15,96294,2,42.83,26.37,12911,3,41.91,28.05,18306,3,41.94,27.86
355129,2026-07-15T15:21:45.591580,pepperpowder,18212,3,43.56,25.76,45616,2,44.06,25.36,50513,2,44.44,24.82,15212,3,44.27,25.27,31714,3,42.93,27.18,36802,2,42.81,26.43,12911,3,41.91,28.1,18306,3,41.93,27.9
355479,2026-07-15T15:21:45.932107,pepperpowder,18212,3,43.56,25.77,45616,2,44.04,25.41,50513,2,44.37,24.9,15212,3,44.26,25.3,31714,3,42.92,27.2,36802,3,42.79,26.5,12911,3,41.9,28.14,18306,3,41.92,27.96
355829,2026-07-15T15:21:46.292298,pepperpowder,18212,3,43.55,25.81,17862,2,44.02,25.5,50513,2,44.34,24.98,15212,3,44.25,25.35,31714,3,42.9,27.23,36802,3,42.76,26.56,12911,3,41.89,28.19,18306,3,41.91,28.01
356179,2026-07-15T15:21:46.642175,pepperpowder,18212,3,43.55,25.81,17862,3,44.0,25.55,50513,2,44.3,25.07,15212,3,44.24,25.38,31714,3,42.9,27.29,36802,3,42.75,26.61,12911,3,41.88,28.21,18306,3,41.9,28.04
356529,2026-07-15T15:21:46.992691,pepperpowder,18212,3,43.54,25.88,17862,3,43.99,25.62,50513,2,44.27,25.15,15212,3,44.23,25.43,31714,3,42.89,27.31,36802,3,42.74,26.69,12911,3,41.88,28.24,18306,3,41.89,28.09
356879,2026-07-15T15:21:47.342683,pepperpowder,18212,3,43.53,25.88,17862,3,43.98,25.65,50513,2,44.24,25.22,15212,3,44.21,25.46,31714,3,42.88,27.33,36802,3,42.72,26.73,12911,3,41.87,28.26,18306,3,41.88,28.13
357229,2026-07-15T15:21:47.692851,pepperpowder,18212,3,43.52,25.91,17862,3,43.96,25.73,20081,2,44.22,25.3,15212,3,44.2,25.47,31714,3,42.87,27.39,36802,3,42.7,26.78,12911,3,41.86,28.33,18306,3,41.87,28.16
357579,2026-07-15T15:21:48.038571,pepperpowder,18212,3,43.51,25.93,17862,3,43.95,25.73,20081,3,44.21,25.35,15212,3,44.2,25.5,31714,3,42.86,27.4,36802,3,42.7,26.82,12911,3,41.85,28.32,18306,3,41.86,28.18
357929,2026-07-15T15:21:48.388898,pepperpowder,18212,3,43.51,25.94,17862,3,43.94,25.87,20081,3,44.19,25.42,15212,3,44.19,25.42,31714,3,42.86,27.42,36802,3,42.69,26.87,12911,3,41.84,28.35,18306,3,41.85,28.22
358279,2026-07-15T15:21:48.738776,pepperpowder,18212,3,43.5,25.96,17862,3,43.93,25.84,20081,3,44.18,25.48,15212,3,44.18,25.59,31714,3,42.86,27.45,36802,3,42.67,26.92,12911,3,41.84,28.38,18306,3,41.85,28.23
358629,2026-07-15T15:21:49.092451,pepperpowder,18212,3,43.5,25.99,17862,3,43.92,25.92,20081,3,44.15,25.53,15212,3,44.16,25.61,31714,3,42.85,27.47,36802,3,42.68,26.93,12911,3,41.83,28.39,18306,3,41.83,28.27
358979,2026-07-15T15:21:49.443635,pepperpowder,18212,3,43.49,25.99,17862,3,43.92,25.92,20081,3,44.16,25.57,15212,3,44.16,25.62,31714,3,42.84,27.49,36802,3,42.66,26.98,12911,3,41.83,28.43,18306,3,41.83,28.29
359329,2026-07-15T15:21:49.795173,pepperpowder,18212,3,43.48,26.0,17862,3,43.9,25.98,20081,3,44.15,25.63,15212,3,44.15,25.64,31714,3,42.84,27.52,36802,3,42.66,27.01,12911,3,41.82,28.45,18306,3,41.82,28.31
359679,2026-07-15T15:21:50.142366,pepperpowder,18212,3,43.48,26.02,17862,3,43.9,26.02,20081,3,44.13,25.66,15212,3,44.15,25.67,31714,3,42.84,27.54,36802,3,42.65,27.03,12911,3,41.82,28.46,18306,3,41.81,28.34
360029,2026-07-15T15:21:50.491924,pepperpowder,18212,3,43.47,26.04,17862,3,43.9,26.04,20081,3,44.13,25.7,15212,3,44.14,25.68,31714,3,42.83,27.55,36802,3,42.65,27.07,12911,3,41.81,28.47,18306,3,41.81,28.37
360379,2026-07-15T15:21:50.830650,pepperpowder,18212,3,43.47,26.06,17862,3,43.89,26.07,20081,3,44.12,25.74,15212,3,44.13,25.68,31714,3,42.83,27.56,36802,3,42.64,27.1,12911,3,41.81,28.49,18306,3,41.8,28.37
360729,2026-07-15T15:21:51.193410,pepperpowder,18212,3,43.46,26.07,17862,3,43.88,26.11,20081,3,44.11,25.76,15212,3,44.13,25.72,31714,3,42.82,27.6,36802,3,42.63,27.14,12911,3,41.81,28.51,18306,3,41.8,28.38
361079,2026-07-15T15:21:51.538501,pepperpowder,18212,3,43.46,26.08,17862,3,43.87,26.11,20081,3,44.1,25.8,15212,3,44.12,25.72,31714,3,42.82,27.59,36802,3,42.62,27.16,12911,3,41.79,28.53,18306,3,41.8,28.41
361429,2026-07-15T15:21:51.889858,pepperpowder,18212,3,43.46,26.09,17862,3,43.87,26.13,20081,3,44.1,25.82,15212,3,44.12,25.74,31714,3,42.81,27.61,36802,3,42.62,27.19,12911,3,41.8,28.56,18306,3,41.79,28.43
361779,2026-07-15T15:21:52.241381,pepperpowder,18212,3,43.45,26.1,17862,3,43.87,26.16,20081,3,44.1,25.85,15212,3,44.11,25.74,31714,3,42.81,27.63,36802,3,42.62,27.19,12911,3,41.79,28.55,18306,3,41.78,28.46
362129,2026-07-15T15:21:52.593344,pepperpowder,18212,3,43.44,26.15,17862,3,43.86,26.18,20081,3,44.08,25.88,15212,3,44.11,25.76,31714,3,42.8,27.64,36802,3,42.6,27.22,12911,3,41.79,28.58,18306,3,41.78,28.45
362479,2026-07-15T15:21:52.938628,pepperpowder,18212,3,43.44,26.11,17862,3,43.86,26.19,20081,3,44.08,25.91,15212,3,44.1,25.76,31714,3,42.81,27.67,36802,3,42.61,27.22,12911,3,41.78,28.58,18306,3,41.78,28.47
362829,2026-07-15T15:21:53.291719,pepperpowder,18212,3,43.44,26.13,17862,3,43.86,26.19,20081,3,44.07,25.92,15212,3,44.1,25.78,24686,3,42.8,27.66,36802,3,42.61,27.24,8196,3,41.78,28.59,18306,3,41.77,28.48
363179,2026-07-15T15:21:53.641951,pepperpowder,18212,3,43.43,26.15,17862,3,43.85,26.22,20081,3,44.06,25.94,15212,3,44.1,25.77,24686,4,43.26,27.73,36802,3,42.6,27.27,8196,4,42.19,28.67,18306,3,41.76,28.51
363529,2026-07-15T15:21:53.995255,pepperpowder,13456,3,43.43,26.15,17862,3,43.85,26.24,20081,3,44.06,25.94,10505,3,44.09,25.8,24686,4,43.58,27.75,36802,3,42.6,27.29,8196,4,42.51,28.69,18306,3,41.76,28.54
363879,2026-07-15T15:21:54.338956,pepperpowder,13456,4,43.88,26.2,17862,3,43.85,26.24,20081,3,44.06,25.98,10505,4,44.54,25.86,24686,4,43.75,27.73,36802,3,42.6,27.3,8196,4,42.66,28.67,12643,3,41.76,28.53
364229,2026-07-15T15:21:54.693250,pepperpowder,13456,4,44.18,26.22,17862,3,43.84,26.26,20081,3,44.06,25.98,10505,4,44.86,25.87,24686,4,43.85,27.68,36802,3,42.59,27.32,8196,4,42.75,28.61,12643,4,42.18,28.61
364579,2026-07-15T15:21:55.036384,pepperpowder,13456,4,44.33,26.19,17862,3,43.84,26.25,20081,3,44.05,26.01,10505,4,45.02,25.86,10684,4,43.93,27.62,36802,3,42.59,27.32,5684,4,42.81,28.57,12643,4,42.51,28.63
364929,2026-07-15T15:21:55.392363,pepperpowder,13456,4,44.4,26.14,17862,3,43.84,26.27,20081,3,44.05,26.01,10505,4,45.12,25.82,10684,5,43.98,27.56,36802,3,42.59,27.33,5684,5,42.86,28.5,12643,4,42.64,28.61
365279,2026-07-15T15:21:55.737335,pepperpowder,6359,4,44.45,26.1,17862,3,43.84,26.29,20081,3,44.04,26.05,5684,4,45.19,25.75,10684,5,44.02,27.49,36802,3,42.59,27.34,5684,5,42.89,28.44,12643,4,42.73,28.57
365629,2026-07-15T15:21:56.082367,pepperpowder,6359,5,44.5,26.02,17862,3,43.84,26.3,20081,3,44.04,26.05,5684,5,45.23,25.69,10684,5,44.05,27.43,28648,3,42.59,27.36,5684,5,42.93,28.4,6302,4,42.8,28.5
365979,2026-07-15T15:21:56.440576,pepperpowder,6359,5,44.52,25.97,13109,3,43.84,26.3,20081,3,44.05,26.05,5684,5,45.27,25.64,10684,5,44.08,27.37,28648,4,43.04,27.41,5684,5,42.94,28.35,6302,5,42.84,28.45
366329,2026-07-15T15:21:56.791823,pepperpowder,6359,5,44.54,25.91,13109,4,44.28,26.35,20081,3,44.05,26.07,5684,5,45.29,25.59,11271,5,44.1,27.31,28648,4,43.36,27.43,5684,5,42.96,28.26,6302,5,42.88,28.4
366679,2026-07-15T15:21:57.149237,pepperpowder,6359,5,44.56,25.86,13109,4,44.61,26.36,20081,3,44.04,26.08,5684,5,45.32,25.51,11271,6,44.11,27.25,28648,4,43.54,27.42,5684,6,42.97,28.23,6302,5,42.91,28.32
367029,2026-07-15T15:21:57.492670,pepperpowder,6862,5,44.56,25.81,13109,4,44.75,26.35,20081,3,44.05,26.1,5684,5,45.33,25.46,11271,6,44.13,27.21,28648,4,43.64,27.37,5684,6,42.99,28.18,6302,5,42.94,28.29
367379,2026-07-15T15:21:57.841783,pepperpowder,6862,6,44.58,25.77,13109,4,44.85,26.3,20081,3,44.05,26.1,5684,6,45.33,25.42,11271,6,44.14,27.14,13166,4,43.71,27.33,5684,6,43.0,28.13,6736,5,42.95,28.22
367729,2026-07-15T15:21:58.187585,pepperpowder,6862,6,44.59,25.71,6702,4,44.91,26.24,14935,3,44.05,26.11,5684,6,45.36,25.38,11271,6,44.15,27.11,13166,5,43.75,27.25,5684,6,43.01,28.08,6736,6,42.97,28.16
368079,2026-07-15T15:21:58.541708,pepperpowder,6862,6,44.59,25.66,6702,5,44.97,26.2,14935,4,44.49,26.16,5684,6,45.36,25.33,11391,6,44.17,27.07,13166,5,43.8,27.19,5684,6,43.02,28.05,6736,6,42.98,28.12
368429,2026-07-15T15:21:58.890746,pepperpowder,6862,6,44.61,25.64,6702,5,45.01,26.13,14935,4,44.81,26.16,5684,6,45.38,25.31,11391,7,44.42,27.05,13166,5,43.84,27.13,5684,7,43.27,28.03,6736,6,43.0,28.08
368779,2026-07-15T15:21:59.237997,pepperpowder,6974,6,44.62,25.62,6702,5,45.04,26.06,14935,4,44.98,26.12,5684,6,45.4,25.26,11391,7,44.64,27.01,13166,5,43.86,27.08,5684,7,43.47,28.04,6736,6,43.01,28.03
369129,2026-07-15T15:21:59.591431,pepperpowder,6974,7,44.86,25.61,6702,5,45.07,26.0,14935,4,45.08,26.09,5684,7,45.63,25.26,11391,7,44.77,26.98,14050,5,43.88,27.02,5684,7,43.59,27.98,6823,6,43.02,27.98
369479,2026-07-15T15:21:59.941916,pepperpowder,6974,7,45.06,25.6,7100,5,45.09,25.93,7650,4,45.15,26.02,5684,7,45.85,25.22,11391,7,44.86,26.92,14050,6,43.91,26.95,5684,7,43.67,27.92,6823,7,43.27,27.99
369829,2026-07-15T15:22:00.279758,pepperpowder,6974,7,45.17,25.56,7100,6,45.11,25.89,7650,5,45.2,25.95,5684,7,45.97,25.19,31761,8,44.96,26.8,14050,6,43.93,26.92,19765,7,43.73,27.85,6823,7,43.47,27.96
370179,2026-07-15T15:22:00.642537,pepperpowder,6974,7,45.23,25.49,7100,6,45.12,25.83,7650,5,45.24,25.88,5684,7,46.06,25.14,31761,8,45.0,26.73,14050,6,43.95,26.85,19765,8,43.78,27.79,6823,7,43.59,27.91
370529,2026-07-15T15:22:00.991801,pepperpowder,25900,7,45.28,25.44,7100,6,45.14,25.8,7650,5,45.27,25.83,24946,7,46.12,25.07,31761,8,45.04,26.66,14050,6,43.96,26.8,19765,8,43.82,27.64,6823,7,43.66,27.84
370879,2026-07-15T15:22:01.329710,pepperpowder,25900,8,45.32,25.37,7100,6,45.15,25.77,7650,5,45.3,25.78,24946,8,46.17,25.02,31761,8,45.07,26.61,14276,6,43.98,26.76,19765,8,43.88,27.59,22857,7,43.72,27.79
371229,2026-07-15T15:22:01.692034,pepperpowder,25900,8,45.34,25.33,7123,6,45.17,25.73,8012,5,45.33,25.71,24946,8,46.21,24.97,33586,8,45.1,26.54,14276,7,44.24,26.77,20645,8,43.91,27.54,22857,8,43.77,27.71
371579,2026-07-15T15:22:02.041258,pepperpowder,25900,8,45.37,25.28,7123,7,45.43,25.71,8012,6,45.35,25.65,24946,8,46.24,24.91,33586,9,45.12,26.5,14276,7,44.47,26.74,20645,9,43.93,27.47,22857,8,43.82,27.67
371929,2026-07-15T15:22:02.383751,pepperpowder,25900,8,45.39,25.23,7123,7,45.66,25.69,8012,6,45.38,25.61,24946,8,46.28,24.84,33586,9,45.15,26.44,14276,7,44.62,26.68,20645,9,43.95,27.42,22857,8,43.85,27.6
372279,2026-07-15T15:22:02.733735,pepperpowder,27067,8,45.41,25.16,7123,7,45.78,25.65,8012,6,45.39,25.57,26186,8,46.31,24.78,33586,9,45.17,26.36,14276,7,44.7,26.62,20645,9,43.97,27.38,22857,8,43.88,27.53
372629,2026-07-15T15:22:03.084086,pepperpowder,27067,9,45.44,25.13,7123,7,45.87,25.58,8012,6,45.41,25.52,26186,9,46.33,24.74,33586,9,45.19,26.33,43656,7,44.77,26.56,20645,9,43.99,27.32,24128,8,43.91,27.47
372979,2026-07-15T15:22:03.443079,pepperpowder,27067,9,45.45,25.07,29581,7,45.93,25.52,8036,6,45.43,25.48,26186,9,46.36,24.68,33853,9,45.22,26.31,43656,8,44.81,26.48,20949,9,44.01,27.27,24128,9,43.93,27.42
373329,2026-07-15T15:22:03.788001,pepperpowder,27067,9,45.47,25.05,29581,8,45.97,25.46,8036,7,45.69,25.47,26186,9,46.38,24.64,33853,0,45.23,26.25,43656,8,44.86,26.42,20949,0,44.03,27.25,24128,9,43.95,27.37
373679,2026-07-15T15:22:04.138079,pepperpowder,27067,9,45.49,25.01,29581,8,46.01,25.39,8036,7,45.92,25.46,26186,9,46.4,24.6,33853,0,45.25,26.22,43656,8,44.89,26.35,20949,0,44.05,27.19,24128,9,43.97,27.32
374029,2026-07-15T15:22:04.492286,pepperpowder,27414,9,45.51,24.99,29581,8,46.04,25.32,8036,7,46.05,25.39,26578,9,46.42,24.57,33853,0,45.26,26.17,43656,8,44.93,26.31,20949,0,44.07,27.14,24128,9,43.99,27.27
374379,2026-07-15T15:22:04.834024,pepperpowder,27414,0,45.52,24.95,29581,8,46.07,25.27,8036,7,46.14,25.34,26578,0,46.44,24.53,33853,0,45.28,26.15,45714,8,44.96,26.23,20949,0,44.08,27.12,24390,9,44.02,27.21
374729,2026-07-15T15:22:05.191716,pepperpowder,27414,0,45.54,24.92,30955,8,46.1,25.21,26578,7,46.2,25.26,26578,0,46.46,24.51,34233,0,45.3,26.11,45714,9,44.99,26.17,21136,0,44.1,27.09,24390,0,44.02,27.19
375079,2026-07-15T15:22:05.529051,pepperpowder,27414,0,45.56,24.88,30955,9,46.13,25.15,26578,8,46.25,25.21,26578,0,46.48,24.47,34233,1,44.6,26.01,45714,9,45.01,26.12,21136,1,43.46,26.98,24390,0,44.04,27.27
375429,2026-07-15T15:22:05.893234,pepperpowder,27414,0,45.58,24.86,30955,9,46.15,25.11,26578,8,46.29,25.15,26578,0,46.51,24.45,80025,1,44.08,25.96,45714,9,45.03,26.07,36209,1,42.97,26.94,24390,0,44.08,27.07
375779,2026-07-15T15:22:06.240416,pepperpowder,27574,0,45.6,24.82,30955,9,46.17,25.06,26578,8,46.33,25.08,26744,0,46.52,24.4,80025,2,43.81,25.97,45714,9,45.05,26.0,36209,2,42.71,26.95,24432,0,44.1,27.04
376129,2026-07-15T15:22:06.585248,pepperpowder,27574,1,44.93,24.75,30955,9,46.19,25.03,26578,8,46.36,25.01,26744,1,45.85,24.29,80025,2,43.64,26.03,46410,9,45.07,25.96,36209,2,42.55,26.98,24432,1,43.44,26.91
376479,2026-07-15T15:22:06.938175,pepperpowder,50513,1,44.44,24.71,31204,9,46.22,24.97,27627,8,46.39,24.97,43389,1,45.35,24.26,80025,2,43.53,26.1,46410,0,45.09,25.94,36209,2,42.45,27.04,51240,1,42.96,26.86
376829,2026-07-15T15:22:07.291886,pepperpowder,50513,2,44.2,24.72,31204,0,46.24,24.92,27627,9,46.42,24.91,43389,2,45.09,24.28,80025,2,43.46,26.17,46410,0,45.1,25.89,36209,2,42.38,27.14,51240,2,42.71,26.88
377179,2026-07-15T15:22:07.638052,pepperpowder,50513,2,44.08,24.79,31204,0,46.25,24.9,27627,9,46.44,24.84,43389,2,44.93,24.32,80025,2,43.4,26.27,46410,0,45.11,25.85,36209,2,42.34,27.24,51240,2,42.56,26.93
377529,2026-07-15T15:22:07.989892,pepperpowder,50513,2,44.01,24.88,31204,0,46.27,24.87,27627,9,46.46,24.81,43389,2,44.83,24.38,80025,2,43.36,26.34,46410,0,45.12,25.83,36209,2,42.29,27.28,51240,2,42.46,26.99
377879,2026-07-15T15:22:08.335831,pepperpowder,50513,2,43.95,24.93,31204,0,46.28,24.82,27627,9,46.47,24.76,43389,2,44.76,24.45,80025,2,43.32,26.46,46715,0,45.13,25.78,36209,2,42.26,27.37,51240,2,42.38,27.06
378229,2026-07-15T15:22:08.697334,pepperpowder,50513,2,43.93,25.03,31550,0,46.28,24.79,27826,9,46.49,24.71,43389,2,44.71,24.53,80025,2,43.3,26.52,46715,1,44.43,25.67,36209,2,42.23,27.45,51240,2,42.34,27.12
378579,2026-07-15T15:22:09.037488,pepperpowder,50513,2,43.91,25.1,31550,1,45.58,24.68,27826,0,46.5,24.68,43389,2,44.66,24.63,80025,2,43.27,26.61,99610,1,43.91,25.63,36209,2,42.22,27.52,51240,2,42.29,27.22
378929,2026-07-15T15:22:09.385253,pepperpowder,50513,2,43.89,25.17,48420,1,45.08,24.65,27826,0,46.52,24.63,43389,2,44.64,24.68,32586,2,43.26,26.66,99610,2,43.62,25.64,13422,2,42.2,27.58,51240,2,42.26,27.31
379279,2026-07-15T15:22:09.743021,pepperpowder,50513,2,43.88,25.24,48420,2,44.81,24.67,27826,0,46.52,24.61,43389,2,44.62,24.76,32586,3,43.23,26.75,99610,2,43.45,25.71,13422,3,42.19,27.66,51240,2,42.23,27.38
379629,2026-07-15T15:22:10.092785,pepperpowder,50513,2,43.87,25.31,48420,2,44.66,24.73,27826,0,46.53,24.58,43389,2,44.6,24.84,32586,3,43.22,26.81,99610,2,43.33,25.77,13422,3,42.17,27.74,51240,2,42.21,27.44
379979,2026-07-15T15:22:10.432940,pepperpowder,19058,2,43.87,25.36,48420,2,44.56,24.82,28045,0,46.53,24.55,15798,2,44.59,24.89,32586,3,43.2,26.87,99610,2,43.25,25.85,13422,3,42.16,27.79,19196,2,42.2,27.52
380329,2026-07-15T15:22:10.788351,pepperpowder,19058,3,43.86,25.42,48420,2,44.49,24.87,28045,1,45.84,24.45,15798,3,44.57,24.94,32586,3,43.19,26.92,99610,2,43.19,25.94,13422,3,42.14,27.84,19196,3,42.17,27.6
380679,2026-07-15T15:22:11.140611,pepperpowder,19058,3,43.85,25.47,48420,2,44.44,24.97,51990,1,45.32,24.4,15798,3,44.57,25.02,32586,3,43.18,26.96,99610,2,43.14,26.0,13422,3,42.14,27.89,19196,3,42.16,27.65
381029,2026-07-15T15:22:11.493066,pepperpowder,19058,3,43.84,25.51,48420,2,44.39,25.06,51990,2,45.05,24.45,15798,3,44.56,25.07,32586,3,43.17,27.03,99610,2,43.1,26.1,13422,3,42.12,27.95,19196,3,42.14,27.72
381379,2026-07-15T15:22:11.839776,pepperpowder,19058,3,43.83,25.54,48420,2,44.36,25.14,51990,2,44.89,24.5,15798,3,44.55,25.13,32586,3,43.16,27.07,99610,2,43.07,26.18,13422,3,42.1,27.98,19196,3,42.13,27.77
381729,2026-07-15T15:22:12.190862,pepperpowder,19058,3,43.83,25.58,48420,2,44.32,25.2,51990,2,44.78,24.6,15798,3,44.55,25.18,32586,3,43.15,27.12,99610,2,43.04,26.26,13422,3,42.1,28.03,19196,3,42.12,27.8
382079,2026-07-15T15:22:12.539629,pepperpowder,19058,3,43.81,25.64,48420,2,44.31,25.28,51990,2,44.7,24.68,15798,3,44.53,25.19,32586,3,43.13,27.14,37914,2,43.02,26.34,13422,3,42.09,28.08,19196,3,42.1,27.85
382429,2026-07-15T15:22:12.888976,pepperpowder,19058,3,43.81,25.65,18433,2,44.28,25.36,51990,2,44.65,24.77,15798,3,44.52,25.23,32586,3,43.12,27.18,37914,3,43.0,26.4,13422,3,42.08,28.11,19196,3,42.1,27.9
382779,2026-07-15T15:22:13.242060,pepperpowder,19058,3,43.81,25.69,18433,3,44.27,25.43,51990,2,44.59,24.85,15798,3,44.51,25.26,32586,3,43.11,27.22,37914,3,42.98,26.46,13422,3,42.08,28.15,19196,3,42.09,27.94
383129,2026-07-15T15:22:13.587581,pepperpowder,19058,3,43.81,25.7,18433,3,44.25,25.48,51990,2,44.57,24.97,15798,3,44.5,25.31,32586,3,43.11,27.25,37914,3,42.96,26.51,13422,3,42.07,28.16,19196,3,42.07,27.98
383479,2026-07-15T15:22:13.939213,pepperpowder,19058,3,43.79,25.76,18433,3,44.25,25.53,51990,2,44.53,25.02,15798,3,44.49,25.33,32586,3,43.09,27.28,37914,3,42.95,26.58,13422,3,42.06,28.2,19196,3,42.07,28.02
383829,2026-07-15T15:22:14.291557,pepperpowder,19058,3,43.79,25.78,18433,3,44.23,25.6,51990,2,44.51,25.09,15798,3,44.48,25.36,32586,3,43.08,27.3,37914,3,42.94,26.64,13422,3,42.05,28.24,19196,3,42.06,28.06
384179,2026-07-15T15:22:14.643251,pepperpowder,19058,3,43.78,25.77,18433,3,44.21,25.63,20486,2,44.48,25.16,15798,3,44.47,25.37,32586,3,43.08,27.34,37914,3,42.93,26.7,13422,3,42.04,28.25,19196,3,42.05,28.09
384529,2026-07-15T15:22:14.990042,pepperpowder,19058,3,43.77,25.8,18433,3,44.21,25.69,20486,3,44.46,25.22,15798,3,44.47,25.41,32586,3,43.07,27.35,37914,3,42.91,26.73,13422,3,42.03,28.29,19196,3,42.04,28.1
384879,2026-07-15T15:22:15.340954,pepperpowder,19058,3,43.77,25.82,18433,3,44.19,25.73,20486,3,44.45,25.27,15798,3,44.46,25.41,32586,3,43.07,27.38,37914,3,42.9,26.79,13422,3,42.03,28.33,19196,3,42.04,28.14
385229,2026-07-15T15:22:15.680625,pepperpowder,19058,3,43.76,25.84,18433,3,44.19,25.75,20486,3,44.43,25.36,15798,3,44.44,25.44,32586,3,43.07,27.39,37914,3,42.89,26.81,13422,3,42.03,28.34,19196,3,42.03,28.17
385579,2026-07-15T15:22:16.040630,pepperpowder,19058,3,43.76,25.84,18433,3,44.17,25.8,20486,3,44.42,25.38,15798,3,44.44,25.54,32586,3,43.06,27.44,37914,3,42.89,26.86,13422,3,42.02,28.37,19196,3,42.02,28.21
385929,2026-07-15T15:22:16.392251,pepperpowder,19058,3,43.75,25.87,18433,3,44.17,25.81,20486,3,44.42,25.44,15798,3,44.43,25.43,32586,3,43.05,27.46,37914,3,42.88,26.89,13422,3,42.01,28.37,19196,3,42.01,28.21
386279,2026-07-15T15:22:16.737009,pepperpowder,19058,3,43.74,25.87,18433,3,44.18,25.84,20486,3,44.39,25.49,15798,3,44.42,25.53,32586,3,43.05,27.47,37914,3,42.86,26.92,13422,3,42.01,28.38,19196,3,42.01,28.25
386629,2026-07-15T15:22:17.091288,pepperpowder,19058,3,43.74,25.9,18433,3,44.16,25.88,20486,3,44.38,25.53,15798,3,44.41,25.54,32586,3,43.03,27.47,37914,3,42.87,26.94,13422,3,42.01,28.41,19196,3,42.0,28.26
386979,2026-07-15T15:22:17.426210,pepperpowder,19058,3,43.73,25.91,18433,3,44.16,25.9,20486,3,44.38,25.56,15798,3,44.41,25.56,32586,3,43.03,27.48,37914,3,42.86,26.99,13422,3,42.0,28.43,19196,3,42.0,28.3
387329,2026-07-15T15:22:17.790801,pepperpowder,19058,3,43.73,25.91,18433,3,44.15,25.94,20486,3,44.37,25.59,15798,3,44.4,25.58,32586,3,43.03,27.51,37914,3,42.85,27.01,13422,3,42.0,28.44,19196,3,42.0,28.31
387679,2026-07-15T15:22:18.141860,pepperpowder,19058,3,43.72,25.93,18433,3,44.14,25.96,20486,3,44.36,25.63,15798,3,44.39,25.59,32586,3,43.02,27.52,37914,3,42.85,27.03,13422,3,41.99,28.45,19196,3,41.99,28.34
388029,2026-07-15T15:22:18.488838,pepperpowder,19058,3,43.72,25.94,18433,3,44.14,25.98,20486,3,44.36,25.64,15798,3,44.39,25.59,32586,3,43.02,27.54,37914,3,42.84,27.05,13422,3,41.98,28.47,19196,3,41.98,28.35
388379,2026-07-15T15:22:18.843179,pepperpowder,19058,3,43.72,25.97,18433,3,44.13,25.98,20486,3,44.35,25.7,15798,3,44.39,25.61,32586,3,43.02,27.56,37914,3,42.84,27.1,13422,3,41.98,28.48,19196,3,41.98,28.37
388729,2026-07-15T15:22:19.184717,pepperpowder,19058,3,43.71,25.96,18433,3,44.12,26.0,20486,3,44.35,25.73,15798,3,44.38,25.65,32586,3,43.02,27.57,37914,3,42.83,27.1,13422,3,41.98,28.51,19196,3,41.98,28.38
389079,2026-07-15T15:22:19.536629,pepperpowder,19058,3,43.7,25.98,18433,3,44.12,26.02,20486,3,44.33,25.74,15798,3,44.36,25.64,32586,3,43.01,27.57,37914,3,42.82,27.12,13422,3,41.98,28.52,19196,3,41.97,28.4
389429,2026-07-15T15:22:19.890917,pepperpowder,19058,3,43.71,25.99,18433,3,44.12,26.06,20486,3,44.33,25.77,15798,3,44.36,25.65,25167,3,43.0,27.58,37914,3,42.83,27.14,8416,3,41.96,28.52,19196,3,41.96,28.4
389779,2026-07-15T15:22:20.238110,pepperpowder,19058,3,43.69,25.99,18433,3,44.12,26.07,20486,3,44.34,25.77,15798,3,44.36,25.66,25167,4,43.46,27.64,37914,3,42.83,27.17,8416,4,42.38,28.59,19196,3,41.96,28.41
390129,2026-07-15T15:22:20.590468,pepperpowder,19058,3,43.69,26.01,18433,3,44.11,26.06,20486,3,44.31,25.8,10738,3,44.35,25.68,25167,4,43.8,27.68,37914,3,42.82,27.18,8416,4,42.7,28.62,19196,3,41.95,28.42
390479,2026-07-15T15:22:20.961659,pepperpowder,13922,3,43.69,25.99,18433,3,44.1,26.1,20486,3,44.31,25.82,10738,4,44.79,25.74,25167,4,43.98,27.65,37914,3,42.82,27.2,8416,4,42.86,28.6,13174,3,41.95,28.44
390829,2026-07-15T15:22:21.287337,pepperpowder,13922,4,44.13,26.07,18433,3,44.11,26.1,20486,3,44.3,25.84,10738,4,45.13,25.75,25167,4,44.07,27.59,37914,3,42.81,27.2,8416,4,42.95,28.53,13174,4,42.36,28.5
391179,2026-07-15T15:22:21.641120,pepperpowder,13922,4,44.46,26.18,18433,3,44.1,26.12,20486,3,44.3,25.85,10738,4,45.28,25.72,10641,4,44.14,27.54,37914,3,42.81,27.22,5684,4,43.01,28.5,13174,4,42.68,28.53
391529,2026-07-15T15:22:21.991111,pepperpowder,13922,4,44.58,25.99,18433,3,44.1,26.14,20486,3,44.31,25.88,10738,4,45.38,25.66,10641,5,44.19,27.48,37914,3,42.81,27.23,5684,5,43.05,28.43,13174,4,42.82,28.5
391879,2026-07-15T15:22:22.341326,pepperpowder,6420,4,44.73,25.95,18433,3,44.1,26.14,20486,3,44.3,25.89,5684,4,45.44,25.62,10641,5,44.23,27.4,37914,3,42.81,27.24,5684,5,43.08,28.39,13174,4,42.92,28.47
392229,2026-07-15T15:22:22.688883,pepperpowder,6420,5,44.75,25.87,18433,3,44.1,26.16,20486,3,44.3,25.9,5684,5,45.5,25.58,10641,5,44.26,27.35,37914,3,42.81,27.26,5684,5,43.11,28.33,6432,4,42.99,28.41
392579,2026-07-15T15:22:23.036876,pepperpowder,6420,5,44.78,25.82,18433,3,44.11,26.18,20486,3,44.3,25.92,5684,5,45.53,25.51,10641,5,44.28,27.32,29277,3,42.82,27.27,5684,5,43.13,28.26,6432,5,43.03,28.36
392929,2026-07-15T15:22:23.383498,pepperpowder,6420,5,44.8,25.77,13355,3,44.1,26.19,20486,3,44.29,25.93,5684,5,45.56,25.46,11295,6,44.31,27.16,29277,4,43.24,27.33,5684,5,43.15,28.21,6432,5,43.07,28.29
393279,2026-07-15T15:22:23.736113,pepperpowder,6420,5,44.81,25.72,13355,4,44.55,26.24,20486,3,44.3,25.94,5684,5,45.57,25.39,11295,6,44.33,27.12,29277,4,43.58,27.35,5684,6,43.16,28.15,6432,5,43.1,28.23
393629,2026-07-15T15:22:24.088150,pepperpowder,6938,5,44.83,25.66,13355,4,44.88,26.25,20486,3,44.3,25.95,5684,5,45.59,25.35,11295,6,44.35,27.07,29277,4,43.74,27.32,5684,6,43.19,28.07,6432,5,43.13,28.17
393979,2026-07-15T15:22:24.441250,pepperpowder,6938,6,44.84,25.61,13355,4,45.02,26.22,20486,3,44.31,25.94,5684,6,45.6,25.29,11295,6,44.36,27.02,29277,4,43.85,27.28,5684,6,43.2,28.03,6866,5,43.15,28.11
394329,2026-07-15T15:22:24.787594,pepperpowder,6938,6,44.84,25.57,13355,4,45.12,26.15,20486,3,44.31,25.98,5684,6,45.61,25.26,11502,6,44.37,26.99,13174,4,43.93,27.22,5684,6,43.21,27.98,6866,6,43.17,28.07
394679,2026-07-15T15:22:25.140078,pepperpowder,6938,6,44.86,25.51,6640,4,45.19,26.1,15094,3,44.31,25.97,5684,6,45.62,25.21,11502,7,44.64,26.98,13174,5,43.98,27.14,5684,7,43.46,27.96,6866,6,43.18,28.0
395029,2026-07-15T15:22:25.489067,pepperpowder,6938,6,44.87,25.49,6640,5,45.24,26.03,15094,4,44.76,26.02,5684,6,45.63,25.16,11502,7,44.85,26.93,13174,5,44.01,27.08,5684,7,43.65,27.95,6866,6,43.19,27.96
395379,2026-07-15T15:22:25.834751,pepperpowder,7071,6,44.88,25.46,6640,5,45.27,25.97,15094,4,45.07,26.04,5706,6,45.65,25.13,11502,7,44.98,26.9,13174,5,44.05,27.01,5684,7,43.78,27.91,6866,6,43.2,27.92
395729,2026-07-15T15:22:26.189745,pepperpowder,7071,7,45.12,25.46,6640,5,45.3,25.92,15094,4,45.24,26.02,5706,7,45.89,25.12,11502,7,45.06,26.84,13174,5,44.08,26.96,5684,7,43.86,27.84,6974,6,43.22,27.9
396079,2026-07-15T15:22:26.541063,pepperpowder,7071,7,45.31,25.43,6640,5,45.33,25.87,15094,4,45.34,25.95,5706,7,46.1,25.1,31928,7,45.12,26.75,14096,5,44.1,26.91,19857,7,43.93,27.79,6974,7,43.45,27.86
396429,2026-07-15T15:22:26.883592,pepperpowder,7071,7,45.42,25.42,7109,5,45.35,25.81,7590,4,45.41,25.88,5706,7,46.23,25.07,31928,8,45.17,26.7,14096,6,44.12,26.72,19857,8,43.97,27.72,6974,7,43.66,27.85
396779,2026-07-15T15:22:27.237680,pepperpowder,7071,7,45.49,25.35,7109,6,45.37,25.74,7590,5,45.46,25.83,5706,7,46.32,25.01,31928,8,45.22,26.64,14096,6,44.15,26.84,19857,8,44.0,27.64,6974,7,43.78,27.81
397129,2026-07-15T15:22:27.592373,pepperpowder,25995,7,45.54,25.29,7109,6,45.39,25.7,7590,5,45.5,25.76,25019,7,46.38,24.97,31928,8,45.25,26.59,14096,6,44.16,26.74,19857,8,44.04,27.58,6974,7,43.86,27.76
397479,2026-07-15T15:22:27.938674,pepperpowder,25995,8,45.57,25.22,7109,6,45.4,25.67,7590,5,45.54,25.69,25019,8,46.42,24.89,31928,8,45.28,26.52,14362,6,44.2,26.67,19857,8,44.07,27.52,22980,7,43.92,27.7
397829,2026-07-15T15:22:28.281204,pepperpowder,25995,8,45.61,25.2,7109,6,45.41,25.61,7590,5,45.57,25.64,25019,8,46.47,24.82,33719,8,45.31,26.47,14362,7,44.46,26.65,20665,8,44.1,27.45,22980,8,43.97,27.65
398179,2026-07-15T15:22:28.626872,pepperpowder,25995,8,45.63,25.13,7200,6,45.43,25.59,8030,5,45.58,25.59,25019,8,46.51,24.78,33719,9,45.33,26.41,14362,7,44.69,26.63,20665,9,44.12,27.4,22980,8,44.0,27.55
398529,2026-07-15T15:22:28.984197,pepperpowder,25995,8,45.65,25.08,7200,7,45.7,25.6,8030,6,45.61,25.53,25019,8,46.53,24.72,33719,9,45.35,26.35,14362,7,44.83,26.59,20665,9,44.14,27.35,22980,8,44.04,27.5
398879,2026-07-15T15:22:29.341602,pepperpowder,27292,8,45.67,25.05,7200,7,45.92,25.57,8030,6,45.64,25.47,26283,8,46.56,24.66,33719,9,45.38,26.29,14362,7,44.93,26.53,20665,9,44.16,27.3,22980,8,44.06,27.44
399229,2026-07-15T15:22:29.675161,pepperpowder,27292,9,45.69,24.99,7200,7,46.04,25.52,8030,6,45.65,25.45,26283,9,46.58,24.61,33719,9,45.4,26.26,43700,7,44.99,26.48,20665,9,44.18,27.26,24237,8,44.09,27.38
399579,2026-07-15T15:22:30.042969,pepperpowder,27292,9,45.71,24.95,7200,7,46.13,25.45,8030,6,45.67,25.4,26283,9,46.6,24.58,34124,9,45.41,26.22,43700,8,45.04,26.4,21011,9,44.2,27.2,24237,9,44.12,27.33
399929,2026-07-15T15:22:30.405015,pepperpowder,27292,9,45.73,24.91,29684,7,46.18,25.38,8060,6,45.69,25.35,26283,9,46.63,24.53,34124,0,45.43,26.18,43700,8,45.08,26.33,21011,0,44.22,27.17,24237,9,44.14,27.26
400279,2026-07-15T15:22:30.740715,pepperpowder,27292,9,45.74,24.88,29684,8,46.24,25.33,8060,7,45.96,25.34,26283,9,46.65,24.5,34124,0,45.44,26.14,43700,8,45.12,26.28,21011,0,44.23,27.13,24237,9,44.16,27.22
400629,2026-07-15T15:22:31.086309,pepperpowder,27592,9,45.77,24.85,29684,8,46.28,25.25,8060,7,46.17,25.32,26661,9,46.67,24.46,34124,0,45.46,26.11,43700,8,45.15,26.21,21011,0,44.25,27.09,24237,9,44.18,27.18
400979,2026-07-15T15:22:31.440170,pepperpowder,27592,0,45.78,24.8,29684,8,46.31,25.2,8060,7,46.31,25.27,26661,0,46.68,24.41,34124,0,45.49,26.09,45812,8,45.17,26.15,21011,0,44.27,27.03,24601,9,44.2,27.13
401329,2026-07-15T15:22:31.791551,pepperpowder,27592,0,45.8,24.8,29684,8,46.35,25.14,8060,7,46.4,25.22,26661,0,46.7,24.37,34261,0,45.49,26.03,45812,9,45.2,26.09,21157,0,44.28,27.01,24601,0,44.22,27.1
401679,2026-07-15T15:22:32.135094,pepperpowder,27592,0,45.82,24.75,31022,8,46.37,25.09,26348,7,46.46,25.15,26661,0,46.73,24.33,34261,1,44.81,25.92,45812,9,45.22,26.04,21157,1,43.64,26.91,24601,0,44.24,27.06
402029,2026-07-15T15:22:32.490659,pepperpowder,27592,0,45.83,24.73,31022,9,46.39,25.03,26348,8,46.51,25.07,26661,0,46.75,24.31,83469,1,44.29,25.86,45812,9,45.24,25.97,38016,1,43.15,26.85,24601,0,44.25,27.01
402379,2026-07-15T15:22:32.841285,pepperpowder,27789,0,45.85,24.73,31022,9,46.42,24.99,26348,8,46.57,25.01,26828,0,46.76,24.28,83469,2,44.01,25.9,45812,9,45.27,25.93,38016,2,42.89,26.87,24601,0,44.27,26.97
402729,2026-07-15T15:22:33.266780,pepperpowder,27789,1,45.18,24.61,31022,9,46.45,24.92,26348,8,46.6,24.95,26828,1,46.09,24.2,83469,2,43.84,25.95,46309,9,45.28,25.88,38016,2,42.73,26.92,24672,0,44.29,26.93
403079,2026-07-15T15:22:33.539410,pepperpowder,53522,1,44.69,24.57,31022,9,46.46,24.89,26348,8,46.63,24.9,45567,1,45.59,24.15,83469,2,43.73,26.05,46309,0,45.29,25.84,38016,2,42.63,26.99,24672,1,43.64,26.83
403429,2026-07-15T15:22:33.890452,pepperpowder,53522,2,44.45,24.61,31135,9,46.49,24.85,27538,8,46.65,24.84,45567,2,45.33,24.17,83469,2,43.65,26.12,46309,0,45.31,25.8,38016,2,42.56,27.08,53792,1,43.15,26.8
403779,2026-07-15T15:22:34.241209,pepperpowder,53522,2,44.33,24.65,31135,0,46.49,24.81,27538,9,46.68,24.81,45567,2,45.18,24.22,83469,2,43.59,26.21,46309,0,45.32,25.76,38016,2,42.51,27.15,53792,2,42.89,26.8
404129,2026-07-15T15:22:34.591784,pepperpowder,53522,2,44.25,24.74,31135,0,46.5,24.77,27538,9,46.7,24.73,45567,2,45.07,24.27,83469,2,43.55,26.29,46309,0,45.34,25.75,38016,2,42.48,27.24,53792,2,42.74,26.84
404479,2026-07-15T15:22:34.933714,pepperpowder,53522,2,44.21,24.81,31135,0,46.52,24.75,27538,9,46.72,24.67,45567,2,45.0,24.37,83469,2,43.51,26.4,46715,0,45.35,25.69,38016,2,42.44,27.32,53792,2,42.64,26.93
404829,2026-07-15T15:22:35.290467,pepperpowder,53522,2,44.17,24.88,31135,0,46.53,24.7,27538,9,46.74,24.65,45567,2,44.94,24.44,83469,2,43.5,26.47,46715,1,44.64,25.57,38016,2,42.41,27.4,53792,2,42.58,27.04
405179,2026-07-15T15:22:35.639990,pepperpowder,53522,2,44.15,24.98,31411,0,46.54,24.68,27681,9,46.75,24.57,45567,2,44.91,24.51,83469,2,43.47,26.55,103288,1,44.11,25.54,38016,2,42.4,27.46,53792,2,42.48,27.15
405529,2026-07-15T15:22:35.991071,pepperpowder,53522,2,44.13,25.06,31411,1,45.85,24.57,27681,0,46.75,24.55,45567,2,44.88,24.59,33934,2,43.45,26.62,103288,2,43.83,25.56,13967,2,42.38,27.53,53792,2,42.44,27.21
405879,2026-07-15T15:22:36.327686,pepperpowder,53522,2,44.13,25.12,51179,1,45.33,24.52,27681,0,46.77,24.52,45567,2,44.86,24.67,33934,3,43.44,26.67,103288,2,43.66,25.61,13967,3,42.36,27.61,53792,2,42.41,27.3
406229,2026-07-15T15:22:36.690770,pepperpowder,53522,2,44.12,25.18,51179,2,45.07,24.56,27681,0,46.78,24.49,45567,2,44.85,24.75,33934,3,43.42,26.75,103288,2,43.55,25.69,13967,3,42.35,27.66,53792,2,42.39,27.38
406579,2026-07-15T15:22:37.041644,pepperpowder,19968,2,44.11,25.25,51179,2,44.9,24.62,27681,0,46.78,24.47,16584,2,44.83,24.8,33934,3,43.41,26.8,103288,2,43.46,25.77,13967,3,42.33,27.73,20119,2,42.38,27.43
406929,2026-07-15T15:22:37.384690,pepperpowder,19968,3,44.1,25.3,51179,2,44.8,24.69,27935,0,46.79,24.44,16584,3,44.82,24.86,33934,3,43.39,26.87,103288,2,43.39,25.85,13967,3,42.32,27.78,20119,3,42.36,27.51
407279,2026-07-15T15:22:37.736721,pepperpowder,19968,3,44.1,25.35,51179,2,44.74,24.77,27935,1,46.09,24.33,16584,3,44.8,24.92,33934,3,43.38,26.91,103288,2,43.34,25.94,13967,3,42.32,27.83,20119,3,42.34,27.57
407629,2026-07-15T15:22:38.084861,pepperpowder,19968,3,44.09,25.37,51179,2,44.68,24.85,53894,1,45.56,24.29,16584,3,44.8,24.98,33934,3,43.37,26.96,103288,2,43.31,26.0,13967,3,42.3,27.89,20119,3,42.33,27.64
407979,2026-07-15T15:22:38.434694,pepperpowder,19968,3,44.08,25.43,51179,2,44.64,24.94,53894,2,45.3,24.34,16584,3,44.78,25.0,33934,3,43.36,27.02,103288,2,43.27,26.11,13967,3,42.29,27.93,20119,3,42.32,27.69
408329,2026-07-15T15:22:38.790669,pepperpowder,19968,3,44.08,25.48,51179,2,44.61,25.03,53894,2,45.13,24.4,16584,3,44.78,25.06,33934,3,43.35,27.05,103288,2,43.24,26.18,13967,3,42.28,27.97,20119,3,42.3,27.74
408679,2026-07-15T15:22:39.137018,pepperpowder,19968,3,44.07,25.51,51179,2,44.58,25.1,53894,2,45.02,24.49,16584,3,44.78,25.11,33934,3,43.34,27.08,39203,2,43.21,26.26,13967,3,42.27,28.01,20119,3,42.29,27.78
409029,2026-07-15T15:22:39.493523,pepperpowder,19968,3,44.06,25.53,51179,2,44.56,25.17,53894,2,44.95,24.57,16584,3,44.77,25.13,33934,3,43.33,27.13,39203,3,43.2,26.32,13967,3,42.27,28.05,20119,3,42.27,27.84
409379,2026-07-15T15:22:39.835172,pepperpowder,19968,3,44.06,25.58,19300,2,44.54,25.25,53894,2,44.88,24.65,16584,3,44.76,25.18,33934,3,43.32,27.16,39203,3,43.18,26.39,13967,3,42.26,28.1,20119,3,42.27,27.87
409729,2026-07-15T15:22:40.190511,pepperpowder,19968,3,44.06,25.59,19300,3,44.52,25.34,53894,2,44.84,24.73,16584,3,44.74,25.2,33934,3,43.31,27.19,39203,3,43.16,26.46,13967,3,42.25,28.12,20119,3,42.26,27.92
410079,2026-07-15T15:22:40.530390,pepperpowder,19968,3,44.04,25.61,19300,3,44.5,25.38,53894,2,44.81,24.84,16584,3,44.74,25.23,33934,3,43.3,27.22,39203,3,43.15,26.5,13967,3,42.25,28.15,20119,3,42.25,27.96
410429,2026-07-15T15:22:40.892450,pepperpowder,19968,3,44.04,25.63,19300,3,44.49,25.44,53894,2,44.78,24.92,16584,3,44.73,25.27,33934,3,43.29,27.25,39203,3,43.14,26.56,13967,3,42.24,28.19,20119,3,42.24,27.98
410779,2026-07-15T15:22:41.240707,pepperpowder,19968,3,44.03,25.66,19300,3,44.47,25.48,53894,2,44.75,24.98,16584,3,44.72,25.27,33934,3,43.29,27.27,39203,3,43.13,26.6,13967,3,42.23,28.22,20119,3,42.23,28.01
411129,2026-07-15T15:22:41.591295,pepperpowder,19968,3,44.03,25.69,19300,3,44.47,25.52,20928,2,44.72,25.05,16584,3,44.71,25.32,33934,3,43.28,27.3,39203,3,43.11,26.65,13967,3,42.23,28.22,20119,3,42.22,28.05
411479,2026-07-15T15:22:41.940877,pepperpowder,19968,3,44.02,25.69,19300,3,44.46,25.57,20928,3,44.71,25.12,16584,3,44.7,25.32,33934,3,43.28,27.33,39203,3,43.11,26.69,13967,3,42.22,28.26,20119,3,42.21,28.07
411829,2026-07-15T15:22:42.285653,pepperpowder,19968,3,44.02,25.71,19300,3,44.44,25.61,20928,3,44.7,25.18,16584,3,44.69,25.36,33934,3,43.27,27.35,39203,3,43.09,26.74,13967,3,42.22,28.28,20119,3,42.21,28.1
412179,2026-07-15T15:22:42.640779,pepperpowder,19968,3,44.0,25.73,19300,3,44.44,25.67,20928,3,44.68,25.24,16584,3,44.68,25.37,33934,3,43.26,27.36,39203,3,43.08,26.79,13967,3,42.21,28.3,20119,3,42.2,28.12
412529,2026-07-15T15:22:42.990177,pepperpowder,19968,3,44.0,25.75,19300,3,44.44,25.68,20928,3,44.67,25.29,16584,3,44.68,25.4,33934,3,43.26,27.38,39203,3,43.08,26.81,13967,3,42.2,28.32,20119,3,42.19,28.15
412879,2026-07-15T15:22:43.340990,pepperpowder,19968,3,43.99,25.77,19300,3,44.43,25.72,20928,3,44.66,25.36,16584,3,44.67,25.43,33934,3,43.25,27.41,39203,3,43.07,26.87,13967,3,42.19,28.34,20119,3,42.19,28.17
413229,2026-07-15T15:22:43.687915,pepperpowder,19968,3,43.99,25.79,19300,3,44.42,25.77,20928,3,44.65,25.4,16584,3,44.66,25.44,33934,3,43.24,27.42,39203,3,43.07,26.88,13967,3,42.19,28.36,20119,3,42.18,28.2
413579,2026-07-15T15:22:44.041249,pepperpowder,19968,3,43.99,25.81,19300,3,44.42,25.78,20928,3,44.64,25.42,16584,3,44.64,25.45,33934,3,43.24,27.43,39203,3,43.06,26.91,13967,3,42.18,28.37,20119,3,42.17,28.23
413929,2026-07-15T15:22:44.388145,pepperpowder,19968,3,43.99,25.82,19300,3,44.41,25.81,20928,3,44.62,25.47,16584,3,44.65,25.49,33934,3,43.23,27.47,39203,3,43.05,26.94,13967,3,42.18,28.37,20119,3,42.16,28.24
414279,2026-07-15T15:22:44.740038,pepperpowder,19968,3,43.97,25.84,19300,3,44.4,25.82,20928,3,44.62,25.5,16584,3,44.63,25.49,33934,3,43.23,27.47,39203,3,43.04,26.96,13967,3,42.18,28.41,20119,3,42.16,28.26
414629,2026-07-15T15:22:45.085243,pepperpowder,19968,3,43.97,25.85,19300,3,44.4,25.86,20928,3,44.6,25.54,16584,3,44.63,25.52,33934,3,43.23,27.49,39203,3,43.05,27.02,13967,3,42.17,28.41,20119,3,42.16,28.3
414979,2026-07-15T15:22:45.438655,pepperpowder,19968,3,43.97,25.85,19300,3,44.39,25.88,20928,3,44.59,25.56,16584,3,44.62,25.52,33934,3,43.22,27.51,39203,3,43.04,27.02,13967,3,42.17,28.44,20119,3,42.15,28.29
415329,2026-07-15T15:22:45.790434,pepperpowder,19968,3,43.96,25.88,19300,3,44.38,25.89,20928,3,44.59,25.6,16584,3,44.62,25.54,33934,3,43.22,27.46,39203,3,43.03,27.05,13967,3,42.16,28.43,20119,3,42.15,28.31
415679,2026-07-15T15:22:46.140953,pepperpowder,19968,3,43.96,25.86,19300,3,44.38,25.92,20928,3,44.58,25.61,16584,3,44.62,25.55,25931,3,43.21,27.54,39203,3,43.03,27.05,13967,3,42.16,28.47,20119,3,42.15,28.32
416029,2026-07-15T15:22:46.497192,pepperpowder,19968,3,43.95,25.88,19300,3,44.37,25.93,20928,3,44.58,25.66,16584,3,44.61,25.56,25931,4,43.66,27.61,39203,3,43.03,27.07,8719,3,42.16,28.48,20119,3,42.14,28.34
416379,2026-07-15T15:22:46.838449,pepperpowder,19968,3,43.95,25.9,19300,3,44.37,25.95,20928,3,44.57,25.67,16584,3,44.6,25.56,25931,4,43.99,27.62,39203,3,43.02,27.09,8719,4,42.55,28.54,20119,3,42.13,28.35
416729,2026-07-15T15:22:47.190327,pepperpowder,19968,3,43.94,25.91,19300,3,44.36,25.98,20928,3,44.56,25.68,11130,3,44.6,25.58,25931,4,44.16,27.6,39203,3,43.02,27.11,8719,4,43.04,28.56,20119,3,42.13,28.36
417079,2026-07-15T15:22:47.548279,pepperpowder,14460,3,43.93,25.91,19300,3,44.36,25.98,20928,3,44.56,25.73,11130,4,45.04,25.64,25931,4,44.26,27.54,39203,3,43.02,27.14,8719,4,43.13,28.49,13663,3,42.13,28.37
417429,2026-07-15T15:22:48.017572,pepperpowder,14460,4,44.37,25.97,19300,3,44.35,26.0,20928,3,44.56,25.73,11130,4,45.37,25.66,10792,4,44.34,27.49,39203,3,43.01,27.14,5684,4,43.18,28.44,13663,4,42.55,28.43
417779,2026-07-15T15:22:48.234786,pepperpowder,14460,4,44.7,25.96,19300,3,44.35,25.99,20928,3,44.55,25.76,11130,4,45.53,25.65,10792,5,44.38,27.42,39203,3,43.01,27.16,5684,5,43.23,28.38,13663,4,42.87,28.46
418129,2026-07-15T15:22:48.603217,pepperpowder,14460,4,44.83,25.92,19300,3,44.35,26.02,20928,3,44.55,25.76,11130,4,45.63,25.57,10792,5,44.43,27.35,39203,3,43.01,27.16,5684,5,43.25,28.31,13663,4,43.01,28.43
418479,2026-07-15T15:22:48.938954,pepperpowder,14460,4,44.91,25.9,19300,3,44.35,26.03,20928,3,44.54,25.76,5684,4,45.7,25.54,10792,5,44.46,27.28,39203,3,43.01,27.18,5684,5,43.29,28.27,13663,4,43.1,28.4
418829,2026-07-15T15:22:49.285307,pepperpowder,6522,4,44.97,25.83,19300,3,44.35,26.04,20928,3,44.54,25.79,5684,5,45.73,25.48,10792,5,44.48,27.22,39203,3,43.02,27.19,5684,5,43.31,28.2,6514,4,43.17,28.34
419179,2026-07-15T15:22:49.641605,pepperpowder,6522,5,45.01,25.76,19300,3,44.35,26.04,20928,3,44.55,25.8,5684,5,45.78,25.41,11502,5,44.51,27.16,30061,3,43.01,27.2,5684,5,43.32,28.12,6514,5,43.22,28.3
419529,2026-07-15T15:22:49.991088,pepperpowder,6522,5,45.03,25.73,19300,3,44.35,26.06,20928,3,44.55,25.82,5684,5,45.81,25.35,11502,6,44.52,27.1,30061,4,43.46,27.25,5684,6,43.34,28.09,6514,5,43.25,28.22
419879,2026-07-15T15:22:50.340365,pepperpowder,6522,5,45.05,25.6,13867,3,44.34,26.07,20928,3,44.55,25.84,5684,5,45.81,25.31,11502,6,44.54,27.05,30061,4,43.79,27.29,5684,6,43.35,28.03,6514,5,43.28,28.17
420229,2026-07-15T15:22:50.690023,pepperpowder,6522,5,45.06,25.69,13867,4,44.78,26.14,20928,3,44.55,25.85,5690,5,45.82,25.26,11502,6,44.56,27.01,30061,4,43.95,27.25,5684,6,43.37,28.0,6514,5,43.31,28.1
420579,2026-07-15T15:22:51.038662,pepperpowder,7081,5,45.07,25.55,13867,4,45.12,26.17,20928,3,44.55,25.85,5690,6,45.84,25.19,11502,6,44.57,26.96,30061,4,44.06,27.21,5684,6,43.37,27.95,6988,5,43.32,28.06
420929,2026-07-15T15:22:51.389131,pepperpowder,7081,6,45.09,25.46,13867,4,45.26,26.12,20928,3,44.55,25.86,5690,6,45.85,25.16,12064,6,44.59,26.92,13247,4,44.13,27.16,5684,6,43.4,27.93,6988,6,43.34,28.01
421279,2026-07-15T15:22:51.729264,pepperpowder,7081,6,45.1,25.43,13867,4,45.38,26.07,20928,3,44.56,25.86,5690,6,45.87,25.12,12064,7,44.83,26.92,13247,5,44.18,27.09,5684,7,43.63,27.92,6988,6,43.35,27.96
421629,2026-07-15T15:22:52.089598,pepperpowder,7081,6,45.11,25.39,6736,4,45.44,26.01,15377,3,44.55,25.89,5690,6,45.89,25.08,12064,7,45.04,26.89,13247,5,44.23,27.02,5684,7,43.83,27.88,6988,6,43.37,27.89
421979,2026-07-15T15:22:52.433597,pepperpowder,7269,6,45.13,25.36,6736,5,45.48,25.96,15377,4,45.0,25.93,5885,6,45.9,25.05,12064,7,45.17,26.85,13247,5,44.26,26.95,5684,7,43.96,27.84,6988,6,43.38,27.86
422329,2026-07-15T15:22:52.783264,pepperpowder,7269,7,45.36,25.35,6736,5,45.52,25.89,15377,4,45.32,25.95,5885,7,46.13,25.04,12064,7,45.27,26.78,13247,5,44.29,26.9,5684,7,44.05,27.78,7162,6,43.39,27.82
422679,2026-07-15T15:22:53.137464,pepperpowder,7269,7,45.55,25.33,6736,5,45.55,25.82,15377,4,45.49,25.9,5885,7,46.35,25.04,32144,7,45.32,26.74,14238,5,44.31,26.84,19968,7,44.11,27.73,7162,7,43.64,27.8
423029,2026-07-15T15:22:53.489560,pepperpowder,7269,7,45.66,25.28,6736,5,45.57,25.75,15377,4,45.58,25.85,5885,7,46.47,24.98,32144,8,45.38,26.66,14238,6,44.34,26.79,19968,8,44.15,27.65,7162,7,43.84,27.77
423379,2026-07-15T15:22:53.835908,pepperpowder,7269,7,45.73,25.25,7225,5,45.6,25.7,7600,4,45.65,25.78,5885,7,46.56,24.93,32144,8,45.41,26.59,14238,6,44.35,26.72,19968,8,44.2,27.59,7162,7,43.96,27.75
423729,2026-07-15T15:22:54.186758,pepperpowder,26315,7,45.79,25.2,7225,6,45.62,25.65,7600,5,45.71,25.72,25301,7,46.62,24.87,32144,8,45.45,26.52,14238,6,44.37,26.68,19968,8,44.22,27.53,7162,7,44.04,27.69
424079,2026-07-15T15:22:54.540581,pepperpowder,26315,8,45.82,25.14,7225,6,45.63,25.61,7600,5,45.75,25.67,25301,8,46.67,24.82,32144,8,45.48,26.46,14238,6,44.38,26.65,19968,8,44.25,27.46,23129,7,44.1,27.61
424429,2026-07-15T15:22:54.890031,pepperpowder,26315,8,45.84,25.08,7225,6,45.66,25.57,7600,5,45.78,25.6,25301,8,46.7,24.75,33934,8,45.51,26.41,14638,6,44.39,26.61,20846,8,44.28,27.42,23129,8,44.15,27.56
424779,2026-07-15T15:22:55.235170,pepperpowder,26315,8,45.88,25.03,7225,6,45.67,25.55,7600,5,45.81,25.53,25301,8,46.74,24.7,33934,9,45.53,26.33,14638,7,44.66,26.6,20846,9,44.3,27.34,23129,8,44.18,27.48
425129,2026-07-15T15:22:55.592975,pepperpowder,26315,8,45.89,25.0,7334,6,45.68,25.5,8036,5,45.83,25.49,25301,8,46.76,24.64,33934,9,45.54,26.3,14638,7,44.9,26.58,20846,9,44.33,27.31,23129,8,44.21,27.43
425479,2026-07-15T15:22:55.939995,pepperpowder,27520,8,45.91,24.93,7334,7,45.94,25.48,8036,6,45.86,25.44,26528,8,46.8,24.6,33934,9,45.57,26.26,14638,7,45.03,26.54,20846,9,44.34,27.24,23129,8,44.25,27.37
425829,2026-07-15T15:22:56.290579,pepperpowder,27520,9,45.92,24.89,7334,7,46.16,25.48,8036,6,45.88,25.39,26528,9,46.82,24.54,33934,9,45.59,26.22,14638,7,45.12,26.47,20846,9,44.36,27.2,24446,8,44.27,27.3
426179,2026-07-15T15:22:56.638040,pepperpowder,27520,9,45.96,24.85,7334,7,46.29,25.42,8036,6,45.9,25.34,26528,9,46.85,24.49,34454,9,45.61,26.18,43971,7,45.19,26.39,21094,9,44.38,27.15,24446,9,44.29,27.26
426529,2026-07-15T15:22:56.978641,pepperpowder,27520,9,45.97,24.83,7334,7,46.38,25.36,8036,6,45.93,25.3,26528,9,46.86,24.45,34454,0,45.62,26.13,43971,8,45.24,26.32,21094,0,44.4,27.1,24446,9,44.32,27.21
426879,2026-07-15T15:22:57.339188,pepperpowder,27520,9,45.99,24.78,29643,7,46.44,25.3,8109,6,45.94,25.26,26528,9,46.88,24.41,34454,0,45.64,26.09,43971,8,45.28,26.27,21094,0,44.41,27.09,24446,9,44.34,27.14
427229,2026-07-15T15:22:57.688028,pepperpowder,27826,9,46.01,24.74,29643,8,46.49,25.24,8109,7,46.2,25.26,26879,9,46.9,24.38,34454,0,45.66,26.05,43971,8,45.31,26.18,21094,0,44.43,27.04,24446,9,44.36,27.12
427579,2026-07-15T15:22:58.037572,pepperpowder,27826,0,46.01,24.73,29643,8,46.52,25.18,8109,7,46.43,25.24,26879,0,46.92,24.33,34454,0,45.67,26.03,43971,8,45.35,26.14,21094,0,44.44,27.0,24772,9,44.38,27.07
427929,2026-07-15T15:22:58.398106,pepperpowder,27826,0,46.03,24.69,29643,8,46.56,25.11,8109,7,46.57,25.17,26879,0,46.94,24.3,34678,0,45.7,25.98,45911,8,45.38,26.06,21283,0,44.46,26.98,24772,0,44.4,27.03
428279,2026-07-15T15:22:58.739756,pepperpowder,27826,0,46.05,24.67,29643,8,46.59,25.06,8109,7,46.65,25.13,26879,0,46.96,24.27,34678,1,45.0,25.9,45911,9,45.41,26.02,21283,1,43.81,26.86,24772,0,44.42,26.97
428629,2026-07-15T15:22:59.085257,pepperpowder,27826,0,46.07,24.63,31000,8,46.62,24.98,26138,7,46.72,25.05,26879,0,46.98,24.26,87223,1,44.48,25.85,45911,9,45.43,25.95,40467,1,43.33,26.82,24772,0,44.44,26.95
428979,2026-07-15T15:22:59.466049,pepperpowder,28064,0,46.09,24.62,31000,9,46.64,24.94,26138,8,46.77,24.98,27118,0,47.0,24.22,87223,2,44.19,25.86,45911,9,45.45,25.9,40467,2,43.06,26.83,24772,0,44.46,26.91
429329,2026-07-15T15:22:59.791950,pepperpowder,28064,1,45.41,24.52,31000,9,46.66,24.88,26138,8,46.81,24.92,27118,1,46.33,24.11,87223,2,44.03,25.93,45911,9,45.47,25.87,40467,2,42.91,26.88,24888,0,44.47,26.89
429679,2026-07-15T15:23:00.137274,pepperpowder,56876,1,44.91,24.48,31000,9,46.68,24.86,26138,8,46.84,24.86,48976,1,45.82,24.07,87223,2,43.93,26.0,46715,9,45.49,25.81,40467,2,42.81,26.96,24888,1,43.82,26.77
430029,2026-07-15T15:23:00.490982,pepperpowder,56876,2,44.69,24.52,31000,9,46.7,24.8,26138,8,46.87,24.81,48976,2,45.56,24.09,87223,2,43.84,26.09,46715,0,45.5,25.78,40467,2,42.73,27.02,56838,1,43.33,26.74
430379,2026-07-15T15:23:00.831127,pepperpowder,56876,2,44.55,24.58,31364,9,46.71,24.78,27432,8,46.91,24.75,48976,2,45.4,24.15,87223,2,43.79,26.16,46715,0,45.51,25.74,40467,2,42.68,27.11,56838,2,43.07,26.74
430729,2026-07-15T15:23:01.190022,pepperpowder,56876,2,44.48,24.65,31364,0,46.73,24.74,27432,9,46.92,24.68,48976,2,45.3,24.24,87223,2,43.74,26.26,46715,0,45.53,25.69,40467,2,42.64,27.19,56838,2,42.92,26.78
431079,2026-07-15T15:23:01.542728,pepperpowder,56876,2,44.43,24.74,31364,0,46.75,24.7,27432,9,46.94,24.65,48976,2,45.23,24.29,87223,2,43.71,26.35,46715,0,45.53,25.66,40467,2,42.61,27.28,56838,2,42.82,26.86
431429,2026-07-15T15:23:01.890066,pepperpowder,56876,2,44.41,24.82,31364,0,46.75,24.66,27432,9,46.96,24.59,48976,2,45.18,24.38,87223,2,43.68,26.44,47958,0,45.54,25.62,40467,2,42.59,27.34,56838,2,42.75,26.93
431779,2026-07-15T15:23:02.239560,pepperpowder,56876,2,44.39,24.91,31364,0,46.77,24.69,27432,9,46.97,24.55,48976,2,45.14,24.46,87223,2,43.65,26.51,47958,1,44.84,25.51,40467,2,42.57,27.44,56838,2,42.69,27.01
432129,2026-07-15T15:23:02.589281,pepperpowder,56876,2,44.37,24.98,31527,0,46.77,24.48,27520,9,46.98,24.52,48976,2,45.11,24.53,35457,2,43.64,26.6,107789,1,44.3,25.48,14668,2,42.55,27.5,56838,2,42.66,27.1
432479,2026-07-15T15:23:02.948010,pepperpowder,56876,2,44.36,25.04,31527,1,46.07,24.63,27520,0,46.99,24.47,48976,2,45.09,24.63,35457,3,43.62,26.66,107789,2,44.01,25.51,14668,3,42.54,27.57,56838,2,42.62,27.17
432829,2026-07-15T15:23:03.281320,pepperpowder,56876,2,44.35,25.12,54306,1,45.56,24.55,27520,0,47.0,24.43,48976,2,45.07,24.68,35457,3,43.61,26.72,107789,2,43.84,25.56,14668,3,42.52,27.64,56838,2,42.6,27.25
433179,2026-07-15T15:23:03.633853,pepperpowder,20867,2,44.35,25.17,54306,2,45.3,24.4,27520,0,47.02,24.42,17325,2,45.06,24.73,35457,3,43.6,26.79,107789,2,43.73,25.65,14668,3,42.5,27.7,56838,2,42.57,27.32
433529,2026-07-15T15:23:03.997965,pepperpowder,20867,3,44.34,25.24,54306,2,45.15,24.4,27520,0,47.02,24.38,17325,3,45.05,24.83,35457,3,43.59,26.83,107789,2,43.64,25.71,14668,3,42.49,27.76,21761,2,42.57,27.39
433879,2026-07-15T15:23:04.337912,pepperpowder,20867,3,44.34,25.27,54306,2,45.05,24.63,27862,0,47.02,24.36,17325,3,45.04,24.88,35457,3,43.57,26.88,107789,2,43.58,25.8,14668,3,42.49,27.81,21761,3,42.54,27.43
434229,2026-07-15T15:23:04.689970,pepperpowder,20867,3,44.32,25.31,54306,2,44.91,24.8,27862,1,46.32,24.25,17325,3,45.03,24.92,35457,3,43.56,26.93,107789,2,43.54,25.89,14668,3,42.48,27.86,21761,3,42.51,27.58
434579,2026-07-15T15:23:05.039296,pepperpowder,20867,3,44.32,25.36,54306,2,44.87,24.89,55579,1,45.8,24.21,17325,3,45.02,24.96,35457,3,43.55,26.98,107789,2,43.5,25.98,14668,3,42.46,27.9,21761,3,42.5,27.64
434929,2026-07-15T15:23:05.390088,pepperpowder,20867,3,44.32,25.39,54306,2,44.83,24.96,55579,2,45.54,24.26,17325,3,45.01,25.02,35457,3,43.54,27.03,107789,2,43.47,26.06,14668,3,42.47,27.96,21761,3,42.49,27.69
435279,2026-07-15T15:23:05.739807,pepperpowder,20867,3,44.31,25.44,54306,2,44.81,25.05,55579,2,45.37,24.33,17325,3,45.0,25.05,35457,3,43.53,27.08,107789,2,43.44,26.12,14668,3,42.44,27.97,21761,3,42.46,27.73
435629,2026-07-15T15:23:06.083330,pepperpowder,20867,3,44.3,25.47,54306,2,44.78,25.12,55579,2,45.25,24.41,17325,3,45.0,25.08,35457,3,43.52,27.1,40506,2,43.41,26.22,14668,3,42.44,28.03,21761,3,42.46,27.76
435979,2026-07-15T15:23:06.432702,pepperpowder,20867,3,44.29,25.5,20100,2,44.76,25.19,55579,2,45.18,24.51,17325,3,44.99,25.13,35457,3,43.52,27.14,40506,3,43.39,26.28,14668,3,42.43,28.05,21761,3,42.44,27.81
436329,2026-07-15T15:23:06.791808,pepperpowder,20867,3,44.29,25.51,20100,3,44.75,25.25,55579,2,45.12,24.6,17325,3,44.98,25.18,35457,3,43.5,27.17,40506,3,43.37,26.34,14668,3,42.42,28.08,21761,3,42.43,27.86
436679,2026-07-15T15:23:07.138250,pepperpowder,20867,3,44.28,25.56,20100,3,44.74,25.31,55579,2,45.08,24.69,17325,3,44.97,25.19,35457,3,43.49,27.21,40506,3,43.35,26.41,14668,3,42.41,28.12,21761,3,42.42,27.91
437029,2026-07-15T15:23:07.488094,pepperpowder,20867,3,44.28,25.57,20100,3,44.72,25.37,55579,2,45.03,24.77,17325,3,44.96,25.21,35457,3,43.49,27.24,40506,3,43.34,26.47,14668,3,42.41,28.16,21761,3,42.41,27.95
437379,2026-07-15T15:23:07.840437,pepperpowder,20867,3,44.26,25.6,20100,3,44.71,25.43,55579,2,45.0,24.86,17325,3,44.95,25.23,35457,3,43.48,27.25,40506,3,43.33,26.52,14668,3,42.4,28.18,21761,3,42.41,27.96
437729,2026-07-15T15:23:08.183294,pepperpowder,20867,3,44.27,25.62,20100,3,44.7,25.48,55579,2,44.98,24.93,17325,3,44.94,25.25,35457,3,43.48,27.33,40506,3,43.32,26.56,14668,3,42.4,28.21,21761,3,42.4,28.01
438079,2026-07-15T15:23:08.542200,pepperpowder,20867,3,44.26,25.64,20100,3,44.69,25.52,21607,2,44.96,25.01,17325,3,44.93,25.29,35457,3,43.47,27.34,40506,3,43.31,26.62,14668,3,42.39,28.23,21761,3,42.39,28.03
438429,2026-07-15T15:23:08.889438,pepperpowder,20867,3,44.25,25.66,20100,3,44.68,25.57,21607,3,44.94,25.07,17325,3,44.92,25.3,35457,3,43.46,27.36,40506,3,43.29,26.67,14668,3,42.38,28.27,21761,3,42.38,28.05
438779,2026-07-15T15:23:09.239812,pepperpowder,20867,3,44.24,25.67,20100,3,44.67,25.62,21607,3,44.91,25.12,17325,3,44.92,25.33,35457,3,43.45,27.37,40506,3,43.29,26.68,14668,3,42.38,28.27,21761,3,42.37,28.07
439129,2026-07-15T15:23:09.589011,pepperpowder,20867,3,44.23,25.69,20100,3,44.66,25.65,21607,3,44.9,25.18,17325,3,44.91,25.35,35457,3,43.44,27.39,40506,3,43.28,26.75,14668,3,42.37,28.33,21761,3,42.38,28.09
439479,2026-07-15T15:23:09.932935,pepperpowder,20867,3,44.23,25.69,20100,3,44.66,25.67,21607,3,44.88,25.23,17325,3,44.9,25.37,35457,3,43.44,27.41,40506,3,43.27,26.77,14668,3,42.37,28.33,21761,3,42.37,28.14
439829,2026-07-15T15:23:10.289387,pepperpowder,20867,3,44.23,25.71,20100,3,44.64,25.7,21607,3,44.88,25.28,17325,3,44.89,25.37,35457,3,43.43,27.44,40506,3,43.26,26.82,14668,3,42.36,28.35,21761,3,42.37,28.16
440179,2026-07-15T15:23:10.648848,pepperpowder,20867,3,44.21,25.71,20100,3,44.64,25.72,21607,3,44.87,25.33,17325,3,44.88,25.42,35457,3,43.43,27.45,40506,3,43.26,26.86,14668,3,42.36,28.37,21761,3,42.36,28.17
440529,2026-07-15T15:23:10.996838,pepperpowder,20867,3,44.21,25.72,20100,3,44.63,25.75,21607,3,44.87,25.38,17325,3,44.87,25.4,35457,3,43.43,27.47,40506,3,43.25,26.87,14668,3,42.35,28.38,21761,3,42.35,28.21
440879,2026-07-15T15:23:11.339562,pepperpowder,20867,3,44.21,25.76,20100,3,44.64,25.79,21607,3,44.85,25.4,17325,3,44.87,25.44,35457,3,43.42,27.48,40506,3,43.25,26.92,14668,3,42.35,28.39,21761,3,42.35,28.22
441229,2026-07-15T15:23:11.690002,pepperpowder,20867,3,44.2,25.78,20100,3,44.62,25.81,21607,3,44.84,25.44,17325,3,44.85,25.46,35457,3,43.42,27.48,40506,3,43.23,26.93,14668,3,42.35,28.42,21761,3,42.34,28.22
441579,2026-07-15T15:23:12.038237,pepperpowder,20867,3,44.2,25.79,20100,3,44.62,25.83,21607,3,44.83,25.49,17325,3,44.85,25.47,35457,3,43.41,27.5,40506,3,43.24,26.95,14668,3,42.33,28.43,21761,3,42.33,28.24
441929,2026-07-15T15:23:12.562301,pepperpowder,20867,3,44.19,25.77,20100,3,44.62,25.83,21607,3,44.83,25.51,17325,3,44.84,25.49,35457,3,43.42,27.51,40506,3,43.23,26.98,14668,3,42.33,28.44,21761,3,42.33,28.27
442279,2026-07-15T15:23:12.739992,pepperpowder,20867,3,44.19,25.79,20100,3,44.61,25.86,21607,3,44.82,25.53,17325,3,44.84,25.5,26862,3,43.41,27.51,40506,3,43.22,27.02,9098,3,42.33,28.46,21761,3,42.32,28.27
442629,2026-07-15T15:23:13.089811,pepperpowder,20867,3,44.19,25.79,20100,3,44.6,25.87,21607,3,44.82,25.56,17325,3,44.83,25.51,26862,4,43.85,27.58,40506,3,43.21,27.01,9098,4,42.74,28.51,21761,3,42.32,28.27
442979,2026-07-15T15:23:13.440213,pepperpowder,20867,3,44.18,25.81,20100,3,44.6,25.9,21607,3,44.8,25.6,17325,3,44.83,25.52,26862,4,44.19,27.62,40506,3,43.21,27.04,9098,4,43.06,28.54,21761,3,42.32,28.29
443329,2026-07-15T15:23:13.784397,pepperpowder,20867,3,44.18,25.8,20100,3,44.6,25.91,21607,3,44.8,25.61,11552,3,44.82,25.54,26862,4,44.36,27.58,40506,3,43.21,27.06,9098,4,43.21,28.51,21761,3,42.31,28.31
443679,2026-07-15T15:23:14.139957,pepperpowder,15062,3,44.17,25.82,20100,3,44.59,25.94,21607,3,44.8,25.63,11552,4,45.27,25.58,26862,4,44.47,27.53,40506,3,43.2,27.06,9098,4,43.31,28.47,14247,3,42.31,28.34
444029,2026-07-15T15:23:14.487631,pepperpowder,15062,4,44.62,25.88,20100,3,44.58,25.95,21607,3,44.79,25.65,11552,4,45.6,25.61,10958,4,44.53,27.48,40506,3,43.2,27.09,5684,4,43.37,28.43,14247,4,42.72,28.39
444379,2026-07-15T15:23:14.837890,pepperpowder,15062,4,44.93,25.89,20100,3,44.58,25.94,21607,3,44.79,25.66,11552,4,45.76,25.6,10958,5,44.59,27.4,40506,3,43.2,27.11,5684,5,43.41,28.36,14247,4,43.04,28.43
444729,2026-07-15T15:23:15.189166,pepperpowder,15062,4,45.07,25.87,20100,3,44.58,25.99,21607,3,44.79,25.7,11552,4,45.86,25.52,10958,5,44.63,27.34,40506,3,43.2,27.12,5684,5,43.45,28.3,14247,4,43.2,28.39
445079,2026-07-15T15:23:15.535248,pepperpowder,15062,4,45.16,25.81,20100,3,44.58,25.98,21607,3,44.78,25.7,5684,4,45.93,25.49,10958,5,44.66,27.29,40506,3,43.2,27.13,5684,5,43.47,28.24,14247,4,43.29,28.35
445429,2026-07-15T15:23:15.875911,pepperpowder,6694,4,45.21,25.77,20100,3,44.58,26.0,21607,3,44.78,25.72,5684,5,45.97,25.42,10958,5,44.68,27.23,40506,3,43.2,27.15,5684,5,43.49,28.19,6690,4,43.35,28.3
445779,2026-07-15T15:23:16.240876,pepperpowder,6694,5,45.24,25.71,20100,3,44.58,26.01,21607,3,44.79,25.73,5684,5,46.0,25.38,11691,5,44.71,27.16,40506,3,43.2,27.15,5684,5,43.51,28.13,6690,5,43.4,28.23
446129,2026-07-15T15:23:16.589335,pepperpowder,6694,5,45.27,25.64,20100,3,44.58,26.03,21607,3,44.78,25.76,5684,5,46.02,25.32,11691,6,44.72,27.11,30977,3,43.2,27.18,5684,6,43.53,28.09,6690,5,43.43,28.17
446479,2026-07-15T15:23:16.947726,pepperpowder,6694,5,45.29,25.58,14391,3,44.59,26.03,21607,3,44.79,25.77,5684,5,46.04,25.24,11691,6,44.74,27.05,30977,4,43.65,27.23,5684,6,43.54,28.03,6690,5,43.46,28.09
446829,2026-07-15T15:23:17.288748,pepperpowder,6694,5,45.31,25.53,14391,4,45.03,26.1,21607,3,44.78,25.77,5892,5,46.05,25.21,11691,6,44.75,27.01,30977,4,43.97,27.25,5684,6,43.56,27.99,6690,5,43.48,28.05
447179,2026-07-15T15:23:17.765931,pepperpowder,7230,5,45.32,25.48,14391,4,45.35,26.1,21607,3,44.78,25.79,5892,6,46.07,25.16,11691,6,44.76,26.97,30977,4,44.16,27.23,5684,6,43.56,27.95,7133,5,43.5,28.01
447529,2026-07-15T15:23:17.986274,pepperpowder,7230,6,45.33,25.43,14391,4,45.51,26.06,21607,3,44.79,25.8,5892,6,46.09,25.12,12293,6,44.78,26.92,30977,4,44.26,27.17,5684,6,43.58,27.91,7133,6,43.52,27.96
447879,2026-07-15T15:23:18.338885,pepperpowder,7230,6,45.33,25.38,14391,4,45.6,26.03,21607,3,44.8,25.8,5892,6,46.11,25.08,12293,7,45.02,26.92,13422,4,44.32,27.11,5684,7,43.81,27.91,7133,6,43.53,27.89
448229,2026-07-15T15:23:18.689586,pepperpowder,7230,6,45.34,25.35,6823,4,45.67,25.97,21607,3,44.79,25.83,5892,6,46.11,25.02,12293,7,45.25,26.91,13422,5,44.37,27.04,5684,7,44.01,27.87,7133,6,43.55,27.86
448579,2026-07-15T15:23:19.041480,pepperpowder,7230,6,45.35,25.35,6823,5,45.72,25.9,15833,3,44.79,25.83,6073,6,46.12,25.01,12293,7,45.37,26.85,13422,5,44.42,26.99,5684,7,44.15,27.83,7133,6,43.57,27.82
448929,2026-07-15T15:23:19.388539,pepperpowder,7436,6,45.35,25.46,6823,5,45.76,25.85,15833,4,45.23,25.89,6073,7,46.37,25.0,12293,7,45.46,26.78,13422,5,44.45,26.93,5684,7,44.23,27.78,7314,6,43.57,27.78
449279,2026-07-15T15:23:19.739247,pepperpowder,7436,7,45.79,25.27,6823,5,45.78,25.79,15833,4,45.55,25.9,6073,7,46.57,24.97,32339,7,45.52,26.73,13422,5,44.48,26.86,20195,7,44.29,27.72,7314,7,43.82,27.76
449629,2026-07-15T15:23:20.091156,pepperpowder,7436,7,45.9,25.23,6823,5,45.81,25.72,15833,4,45.72,25.85,6073,7,46.7,24.95,32339,8,45.56,26.64,14450,5,44.5,26.81,20195,8,44.34,27.64,7314,7,44.02,27.74
449979,2026-07-15T15:23:20.438892,pepperpowder,7436,7,45.97,25.2,7304,5,45.83,25.69,15833,4,45.81,25.81,6073,7,46.78,24.9,32339,8,45.6,26.59,14450,6,44.52,26.81,20195,8,44.37,27.6,7314,7,44.14,27.7
450329,2026-07-15T15:23:20.788573,pepperpowder,26495,7,46.01,25.14,7304,6,45.85,25.62,7655,4,45.89,25.74,25513,7,46.84,24.83,32339,8,45.64,26.52,14450,6,44.55,26.71,20195,8,44.4,27.53,7314,7,44.22,27.64
450679,2026-07-15T15:23:21.126240,pepperpowder,26495,8,46.05,25.06,7304,6,45.87,25.58,7655,5,45.95,25.67,25513,8,46.89,24.76,32339,8,45.66,26.46,14450,6,44.56,26.82,20195,8,44.43,27.46,23686,7,44.28,27.57
451029,2026-07-15T15:23:21.488702,pepperpowder,26495,8,46.08,25.02,7304,6,45.89,25.54,7655,5,46.0,25.62,25513,8,46.93,24.71,33988,8,45.7,26.42,14831,6,44.6,26.58,21073,8,44.46,27.4,23686,8,44.33,27.51
451379,2026-07-15T15:23:21.835352,pepperpowder,26495,8,46.1,24.96,7304,6,45.91,25.51,7655,5,46.02,25.56,25513,8,46.96,24.66,33988,9,45.72,26.36,14831,7,44.87,26.58,21073,9,44.48,27.35,23686,8,44.36,27.45
451729,2026-07-15T15:23:22.190191,pepperpowder,26495,8,46.12,24.92,7462,6,45.92,25.44,7655,5,46.05,25.5,25513,8,47.0,24.6,33988,9,45.74,26.29,14831,7,45.09,26.54,21073,9,44.5,27.3,23686,8,44.4,27.39
452079,2026-07-15T15:23:22.535414,pepperpowder,27844,8,46.14,24.87,7462,7,46.18,25.45,8121,5,46.08,25.44,26761,8,47.02,24.57,33988,9,45.76,26.27,14831,7,45.23,26.5,21073,9,44.52,27.25,23686,8,44.43,27.33
452429,2026-07-15T15:23:22.885214,pepperpowder,27844,9,46.16,24.84,7462,7,46.4,25.43,8121,6,46.1,25.39,26761,9,47.05,24.52,33988,9,45.78,26.23,14831,7,45.32,26.44,21073,9,44.54,27.19,24715,8,44.45,27.28
452779,2026-07-15T15:23:23.233144,pepperpowder,27844,9,46.18,24.79,7462,7,46.52,25.39,8121,6,46.13,25.32,26761,9,47.07,24.48,34427,9,45.8,26.18,44061,7,45.4,26.37,21262,9,44.56,27.15,24715,9,44.47,27.22
453129,2026-07-15T15:23:23.589616,pepperpowder,27844,9,46.19,24.78,7462,7,46.61,25.32,8121,6,46.15,25.3,26761,9,47.09,24.43,34427,0,45.82,26.15,44061,8,45.45,26.32,21262,0,44.57,27.11,24715,9,44.51,27.17
453479,2026-07-15T15:23:23.938796,pepperpowder,27844,9,46.21,24.73,29955,7,46.67,25.26,8121,6,46.16,25.26,26761,9,47.11,24.4,34427,0,45.84,26.11,44061,8,45.49,26.22,21262,0,44.59,27.08,24715,9,44.52,27.12
453829,2026-07-15T15:23:24.289767,pepperpowder,28119,9,46.23,24.69,29955,8,46.71,25.21,8209,6,46.17,25.21,27222,9,47.13,24.36,34427,0,45.85,26.07,44061,8,45.52,26.16,21262,0,44.61,27.04,24715,9,44.54,27.08
454179,2026-07-15T15:23:24.638807,pepperpowder,28119,0,46.25,24.67,29955,8,46.76,25.15,8209,7,46.44,25.21,27222,0,47.14,24.32,34427,0,45.87,26.05,44061,8,45.55,26.12,21262,0,44.63,27.03,25078,9,44.56,27.04
454529,2026-07-15T15:23:24.982144,pepperpowder,28119,0,46.27,24.65,29955,8,46.79,25.08,8209,7,46.66,25.19,27222,0,47.16,24.28,35020,0,45.88,26.0,46360,8,45.58,26.05,21433,0,44.65,26.99,25078,0,44.58,26.99
454879,2026-07-15T15:23:25.372886,pepperpowder,28119,0,46.28,24.62,29955,8,46.82,25.04,8209,7,46.8,25.14,27222,0,47.18,24.26,35020,1,45.2,25.91,46360,9,45.6,25.99,21433,1,44.0,26.87,25078,0,44.59,26.95
455229,2026-07-15T15:23:25.678602,pepperpowder,28119,0,46.3,24.61,31181,8,46.85,24.98,8209,7,46.88,25.08,27222,0,47.2,24.24,91330,1,44.67,25.87,46360,9,45.63,25.95,42609,1,43.51,26.81,25078,0,44.61,26.92
455579,2026-07-15T15:23:26.047363,pepperpowder,28343,0,46.31,24.55,31181,9,46.87,24.92,26122,7,46.95,25.01,27205,0,47.21,24.2,91330,2,44.39,25.88,46360,9,45.64,25.89,42609,2,43.24,26.85,25078,0,44.63,26.9
455929,2026-07-15T15:23:26.388609,pepperpowder,28343,1,45.63,24.48,31181,9,46.9,24.87,26122,8,47.0,24.95,27205,1,46.54,24.11,91330,2,44.22,25.95,46360,9,45.66,25.84,42609,2,43.09,26.89,25152,0,44.64,26.85
456279,2026-07-15T15:23:26.739092,pepperpowder,60292,1,45.15,24.45,31181,9,46.92,24.82,26122,8,47.05,24.89,51832,1,46.04,24.08,91330,2,44.11,26.03,48039,9,45.68,25.81,42609,2,42.99,26.98,25152,1,43.99,26.74
456629,2026-07-15T15:23:27.090052,pepperpowder,60292,2,44.91,24.48,31181,9,46.94,24.78,26122,8,47.07,24.82,51832,2,45.77,24.08,91330,2,44.04,26.12,48039,0,45.7,25.77,42609,2,42.92,27.04,59911,1,43.49,26.71
456979,2026-07-15T15:23:27.426065,pepperpowder,60292,2,44.78,24.56,31597,9,46.96,24.73,26122,8,47.11,24.76,51832,2,45.61,24.14,91330,2,43.98,26.2,48039,0,45.71,25.73,42609,2,42.87,27.13,59911,2,43.25,26.7
457329,2026-07-15T15:23:27.789264,pepperpowder,60292,2,44.7,24.63,31597,0,46.97,24.71,27257,8,47.13,24.72,51832,2,45.51,24.22,91330,2,43.93,26.3,48039,0,45.72,25.68,42609,2,42.82,27.21,59911,2,43.08,26.76
457679,2026-07-15T15:23:28.137085,pepperpowder,60292,2,44.65,24.71,31597,0,46.98,24.67,27257,9,47.15,24.65,51832,2,45.44,24.31,91330,2,43.9,26.4,48039,0,45.72,25.65,42609,2,42.8,27.29,59911,2,42.99,26.84
458029,2026-07-15T15:23:28.488754,pepperpowder,60292,2,44.62,24.77,31597,0,46.98,24.65,27257,9,47.17,24.62,51832,2,45.39,24.4,91330,2,43.87,26.47,48229,0,45.73,25.62,42609,2,42.77,27.38,59911,2,42.92,26.92
458379,2026-07-15T15:23:28.837623,pepperpowder,60292,2,44.6,24.88,31597,0,47.0,24.62,27257,9,47.18,24.57,51832,2,45.35,24.46,91330,2,43.84,26.57,48229,1,45.03,25.52,42609,2,42.75,27.46,59911,2,42.86,27.0
458729,2026-07-15T15:23:29.188839,pepperpowder,60292,2,44.59,24.95,31714,0,47.01,24.58,27257,9,47.19,24.51,51832,2,45.32,24.56,37026,2,43.83,26.64,113299,1,44.49,25.48,15399,2,42.72,27.54,59911,2,42.82,27.07
459079,2026-07-15T15:23:29.540342,pepperpowder,60292,2,44.58,25.03,31714,1,46.31,24.5,27735,9,47.21,24.48,51832,2,45.3,24.61,37026,3,43.81,26.7,113299,2,44.21,25.5,15399,3,42.71,27.62,59911,2,42.79,27.16
459429,2026-07-15T15:23:29.888501,pepperpowder,60292,2,44.57,25.1,57142,1,45.79,24.45,27735,0,47.22,24.46,51832,2,45.28,24.71,37026,3,43.8,26.79,113299,2,44.03,25.56,15399,3,42.69,27.66,59911,2,42.76,27.23
459779,2026-07-15T15:23:30.239160,pepperpowder,21895,2,44.56,25.15,57142,2,45.52,24.49,27735,0,47.23,24.42,18104,2,45.27,24.77,37026,3,43.78,26.83,113299,2,43.92,25.63,15399,3,42.68,27.73,59911,2,42.75,27.31
460129,2026-07-15T15:23:30.574462,pepperpowder,21895,3,44.55,25.19,57142,2,45.36,24.54,27735,0,47.24,24.39,18104,3,45.26,24.83,37026,3,43.77,26.9,113299,2,43.83,25.72,15399,3,42.67,27.79,22030,2,42.72,27.38
460479,2026-07-15T15:23:30.938575,pepperpowder,21895,3,44.55,25.25,57142,2,45.26,24.61,27735,0,47.24,24.36,18104,3,45.25,24.88,37026,3,43.76,27.05,113299,2,43.77,25.81,15399,3,42.67,27.86,22030,3,42.7,27.45
460829,2026-07-15T15:23:31.275386,pepperpowder,21895,3,44.55,25.29,57142,2,45.19,24.69,27807,0,47.24,24.35,18104,3,45.25,24.94,37026,3,43.74,27.06,113299,2,43.72,25.89,15399,3,42.65,27.91,22030,3,42.69,27.51
461179,2026-07-15T15:23:31.639968,pepperpowder,21895,3,44.54,25.33,57142,2,45.13,24.81,27807,1,46.54,24.23,18104,3,45.23,25.0,37026,3,43.72,27.09,113299,2,43.68,25.99,15399,3,42.64,27.95,22030,3,42.67,27.59
461529,2026-07-15T15:23:31.988426,pepperpowder,21895,3,44.54,25.38,57142,2,45.09,24.9,57411,1,46.03,24.21,18104,3,45.23,25.04,37026,3,43.71,27.13,113299,2,43.64,26.08,15399,3,42.63,28.05,22030,3,42.67,27.63
461879,2026-07-15T15:23:32.347469,pepperpowder,21895,3,44.53,25.41,57142,2,45.05,24.99,57411,2,45.75,24.24,18104,3,45.22,25.08,37026,3,43.71,27.18,113299,2,43.63,26.14,15399,3,42.62,28.07,22030,3,42.65,27.7
462229,2026-07-15T15:23:32.748769,pepperpowder,21895,3,44.53,25.47,57142,2,45.03,25.07,57411,2,45.58,24.33,18104,3,45.22,25.12,37026,3,43.69,27.2,41980,2,43.6,26.21,15399,3,42.61,28.11,22030,3,42.64,27.73
462579,2026-07-15T15:23:33.030741,pepperpowder,21895,3,44.52,25.48,57142,2,45.0,25.15,57411,2,45.47,24.39,18104,3,45.22,25.16,37026,3,43.69,27.25,41980,3,43.58,26.3,15399,3,42.6,28.14,22030,3,42.63,27.78
462929,2026-07-15T15:23:33.384801,pepperpowder,21895,3,44.52,25.52,21031,2,44.99,25.22,57411,2,45.4,24.48,18104,3,45.2,25.2,37026,3,43.67,27.29,41980,3,43.56,26.35,15399,3,42.59,28.18,22030,3,42.62,27.73
463279,2026-07-15T15:23:33.738790,pepperpowder,21895,3,44.51,25.55,21031,3,44.97,25.28,57411,2,45.33,24.61,18104,3,45.19,25.24,37026,3,43.67,27.31,41980,3,43.55,26.43,15399,3,42.59,28.23,22030,3,42.6,27.9
463629,2026-07-15T15:23:34.084656,pepperpowder,21895,3,44.5,25.56,21031,3,44.96,25.35,57411,2,45.29,24.68,18104,3,45.18,25.25,37026,3,43.67,27.33,41980,3,43.53,26.49,15399,3,42.58,28.21,22030,3,42.59,27.95
463979,2026-07-15T15:23:34.454888,pepperpowder,21895,3,44.5,25.6,21031,3,44.94,25.41,57411,2,45.25,24.78,18104,3,45.17,25.28,37026,3,43.66,27.36,41980,3,43.51,26.56,15399,3,42.57,28.26,22030,3,42.59,27.97
464329,2026-07-15T15:23:34.787458,pepperpowder,21895,3,44.49,25.62,21031,3,44.92,25.46,57411,2,45.22,24.87,18104,3,45.16,25.3,37026,3,43.65,27.38,41980,3,43.51,26.61,15399,3,42.56,28.28,22030,3,42.57,28.0
464679,2026-07-15T15:23:35.137220,pepperpowder,21895,3,44.48,25.63,21031,3,44.91,25.52,57411,2,45.19,24.94,18104,3,45.16,25.33,37026,3,43.64,27.41,41980,3,43.49,26.63,15399,3,42.56,28.31,22030,3,42.57,28.04
465029,2026-07-15T15:23:35.482011,pepperpowder,21895,3,44.48,25.66,21031,3,44.9,25.57,22214,2,45.17,25.01,18104,3,45.15,25.35,37026,3,43.64,27.43,41980,3,43.48,26.71,15399,3,42.56,28.33,22030,3,42.56,28.07
465379,2026-07-15T15:23:35.955369,pepperpowder,21895,3,44.46,25.66,21031,3,44.89,25.6,22214,3,45.15,25.08,18104,3,45.14,25.38,37026,3,43.63,27.44,41980,3,43.47,26.74,15399,3,42.55,28.35,22030,3,42.55,28.09
465729,2026-07-15T15:23:36.187993,pepperpowder,21895,3,44.46,25.67,21031,3,44.89,25.64,22214,3,45.13,25.13,18104,3,45.13,25.39,37026,3,43.63,27.49,41980,3,43.46,26.78,15399,3,42.54,28.38,22030,3,42.55,28.12
466079,2026-07-15T15:23:36.538429,pepperpowder,21895,3,44.45,25.69,21031,3,44.87,25.67,22214,3,45.12,25.2,18104,3,45.12,25.4,37026,3,43.62,27.5,41980,3,43.46,26.8,15399,3,42.53,28.4,22030,3,42.54,28.14
466429,2026-07-15T15:23:36.885104,pepperpowder,21895,3,44.45,25.69,21031,3,44.87,25.72,22214,3,45.11,25.26,18104,3,45.11,25.44,37026,3,43.62,27.51,41980,3,43.44,26.86,15399,3,42.53,28.42,22030,3,42.53,28.15
466779,2026-07-15T15:23:37.230071,pepperpowder,21895,3,44.44,25.72,21031,3,44.86,25.75,22214,3,45.1,25.3,18104,3,45.1,25.45,37026,3,43.61,27.53,41980,3,43.44,26.88,15399,3,42.53,28.42,22030,3,42.53,28.19
467129,2026-07-15T15:23:37.588841,pepperpowder,21895,3,44.43,25.73,21031,3,44.86,25.78,22214,3,45.09,25.35,18104,3,45.1,25.47,37026,3,43.6,27.55,41980,3,43.43,26.93,15399,3,42.51,28.45,22030,3,42.52,28.19
467479,2026-07-15T15:23:37.938733,pepperpowder,21895,3,44.43,25.74,21031,3,44.85,25.79,22214,3,45.07,25.39,18104,3,45.09,25.48,37026,3,43.6,27.57,41980,3,43.43,26.95,15399,3,42.52,28.47,22030,3,42.52,28.24
467829,2026-07-15T15:23:38.289803,pepperpowder,21895,3,44.42,25.75,21031,3,44.85,25.83,22214,3,45.07,25.43,18104,3,45.08,25.55,37026,3,43.6,27.57,41980,3,43.42,26.98,15399,3,42.51,28.49,22030,3,42.51,28.25
468179,2026-07-15T15:23:38.633366,pepperpowder,21895,3,44.41,25.78,21031,3,44.83,25.87,22214,3,45.05,25.48,18104,3,45.08,25.5,37026,3,43.59,27.59,41980,3,43.42,26.99,15399,3,42.51,28.48,22030,3,42.5,28.26
468529,2026-07-15T15:23:38.984759,pepperpowder,21895,3,44.41,25.8,21031,3,44.83,25.88,22214,3,45.04,25.51,18104,3,45.06,25.54,37026,3,43.59,27.61,41980,3,43.41,27.03,15399,3,42.5,28.54,22030,3,42.5,28.28
468879,2026-07-15T15:23:39.337240,pepperpowder,21895,3,44.42,25.8,21031,3,44.82,25.9,22214,3,45.04,25.53,18104,3,45.06,25.57,27844,3,43.59,27.62,41980,3,43.4,27.04,9453,3,42.5,28.55,22030,3,42.5,28.29
469229,2026-07-15T15:23:39.696379,pepperpowder,21895,3,44.4,25.81,21031,3,44.81,25.92,22214,3,45.03,25.58,18104,3,45.05,25.56,27844,4,44.04,27.7,41980,3,43.39,27.09,9453,4,42.91,28.6,22030,3,42.48,28.3
469579,2026-07-15T15:23:40.099520,pepperpowder,21895,3,44.4,25.83,21031,3,44.82,25.94,22214,3,45.02,25.6,18104,3,45.05,25.59,27844,4,44.37,27.7,41980,3,43.39,27.08,9453,4,43.23,28.62,22030,3,42.48,28.33
469929,2026-07-15T15:23:40.427129,pepperpowder,21895,3,44.39,25.84,21031,3,44.81,25.96,22214,3,45.02,25.61,12343,3,45.05,25.61,27844,4,44.55,27.68,41980,3,43.39,27.11,9453,4,43.38,28.62,22030,3,42.49,28.35
470279,2026-07-15T15:23:40.739160,pepperpowder,15740,3,44.38,25.85,21031,3,44.8,25.98,22214,3,45.01,25.64,12343,4,45.47,25.65,27844,4,44.66,27.65,41980,3,43.39,27.12,9453,4,43.48,28.55,14862,3,42.48,28.35
470629,2026-07-15T15:23:41.088135,pepperpowder,15740,4,44.83,25.91,21031,3,44.8,26.01,22214,3,45.0,25.67,12343,4,45.83,25.68,11200,4,44.72,27.57,41980,3,43.38,27.14,5684,4,43.54,28.5,14862,4,42.89,28.42
470979,2026-07-15T15:23:41.436252,pepperpowder,15740,4,45.15,25.92,21031,3,44.79,26.0,22214,3,45.0,25.69,12343,4,45.98,25.67,11200,5,44.77,27.53,41980,3,43.38,27.17,5684,5,43.58,28.45,14862,4,43.2,28.46
471329,2026-07-15T15:23:41.788242,pepperpowder,15740,4,45.29,25.89,21031,3,44.79,26.01,22214,3,45.0,25.72,12343,4,46.07,25.62,11200,5,44.8,27.45,41980,3,43.38,27.18,5684,5,43.61,28.39,14862,4,43.35,28.43
471679,2026-07-15T15:23:42.133251,pepperpowder,15740,4,45.37,25.83,21031,3,44.79,26.03,22214,3,44.99,25.73,5684,4,46.13,25.56,11200,5,44.83,27.39,41980,3,43.38,27.22,5684,5,43.64,28.35,14862,4,43.45,28.38
472029,2026-07-15T15:23:42.487710,pepperpowder,6814,4,45.42,25.79,21031,3,44.79,26.06,22214,3,44.99,25.75,5684,5,46.18,25.5,11200,5,44.86,27.34,41980,3,43.39,27.21,5684,5,43.66,28.27,6893,4,43.51,28.34
472379,2026-07-15T15:23:42.840111,pepperpowder,6814,5,45.46,25.72,21031,3,44.78,26.07,22214,3,44.99,25.76,5684,5,46.2,25.43,12300,5,44.88,27.27,41980,3,43.38,27.23,5684,5,43.68,28.22,6893,5,43.56,28.28
472729,2026-07-15T15:23:43.305238,pepperpowder,6814,5,45.49,25.65,21031,3,44.8,26.07,22214,3,44.99,25.79,5684,5,46.23,25.38,12300,6,44.9,27.2,32000,3,43.39,27.25,5684,6,43.69,28.18,6893,5,43.6,28.19
473079,2026-07-15T15:23:43.531129,pepperpowder,6814,5,45.51,25.61,21031,3,44.79,26.1,22214,3,44.99,25.8,5684,5,46.25,25.32,12300,6,44.92,27.17,32000,4,43.83,27.29,5684,6,43.7,28.12,6893,5,43.62,28.14
473429,2026-07-15T15:23:43.880107,pepperpowder,6814,5,45.51,25.56,14914,3,44.79,26.11,22214,3,44.99,25.81,6021,5,46.27,25.29,12300,6,44.93,27.13,32000,4,44.16,27.31,5684,6,43.71,28.09,6893,5,43.64,28.1
473779,2026-07-15T15:23:44.235080,pepperpowder,7410,5,45.53,25.51,14914,4,45.24,26.16,22214,3,44.99,25.84,6021,6,46.29,25.23,12300,6,44.95,27.07,32000,4,44.33,27.3,5684,6,43.73,28.05,7339,5,43.66,28.04
474129,2026-07-15T15:23:44.587892,pepperpowder,7410,6,45.53,25.45,14914,4,45.55,26.16,22214,3,44.99,25.85,6021,6,46.3,25.19,12546,6,44.95,27.02,32000,4,44.44,27.24,5684,6,43.74,28.0,7339,6,43.68,28.0
474479,2026-07-15T15:23:44.937491,pepperpowder,7410,6,45.54,25.42,14914,4,45.72,26.14,22214,3,45.0,25.86,6021,6,46.33,25.13,12546,7,45.22,27.02,13646,4,44.5,27.19,5684,7,43.98,28.0,7339,6,43.7,27.95
474829,2026-07-15T15:23:45.282804,pepperpowder,7410,6,45.55,25.37,14914,4,45.83,26.08,22214,3,45.0,25.86,6021,6,46.33,25.13,12546,7,45.42,27.01,13646,5,44.56,27.13,5684,7,44.18,27.97,7339,6,43.71,27.89
475179,2026-07-15T15:23:45.750551,pepperpowder,7410,6,45.55,25.37,6947,4,45.89,26.03,22214,3,45.0,25.86,6214,6,46.35,25.07,12546,7,45.55,26.96,13646,5,44.6,27.06,5684,7,44.31,27.93,7339,6,43.72,27.85
475529,2026-07-15T15:23:45.984279,pepperpowder,7579,6,45.56,25.31,6947,5,45.93,25.97,16231,3,45.01,25.9,6214,7,46.58,25.06,12546,7,45.63,26.9,13646,5,44.63,26.98,5684,7,44.39,27.88,7494,6,43.74,27.81
475879,2026-07-15T15:23:46.329438,pepperpowder,7579,7,45.81,25.33,6947,5,45.97,25.89,16231,4,45.46,25.94,6214,7,46.78,25.05,32761,7,45.7,26.83,13646,5,44.66,26.93,20349,7,44.45,27.82,7494,7,43.98,27.81
476229,2026-07-15T15:23:46.679146,pepperpowder,7579,7,46.01,25.3,6947,5,46.0,25.85,16231,4,45.77,25.95,6214,7,46.91,25.03,32761,8,45.74,26.77,14780,5,44.69,26.86,20349,8,44.5,27.74,7494,7,44.18,27.77
476579,2026-07-15T15:23:47.031860,pepperpowder,7579,7,46.11,25.26,6947,5,46.02,25.77,16231,4,45.95,25.9,6214,7,47.0,24.96,32761,8,45.78,26.71,14780,6,44.71,26.82,20349,8,44.53,27.67,7494,7,44.31,27.74
476929,2026-07-15T15:23:47.380633,pepperpowder,7579,7,46.17,25.21,7488,5,46.05,25.74,16231,4,46.04,25.86,25806,7,47.05,24.89,32761,8,45.82,26.64,14780,6,44.73,26.78,20349,8,44.57,27.63,7494,7,44.39,27.68
477279,2026-07-15T15:23:47.728884,pepperpowder,26896,7,46.23,25.26,7488,6,46.06,25.7,7688,4,46.1,25.81,25806,8,47.11,24.85,32761,8,45.85,26.59,14780,6,44.76,26.73,20349,8,44.59,27.55,23952,7,44.45,27.62
477629,2026-07-15T15:23:48.089079,pepperpowder,26896,8,46.26,25.04,7488,6,46.09,25.65,7688,5,46.16,25.73,25806,8,47.14,24.77,34678,8,45.87,26.53,14780,6,44.76,26.69,21199,8,44.62,27.5,23952,8,44.5,27.54
477979,2026-07-15T15:23:48.435511,pepperpowder,26896,8,46.29,25.04,7488,6,46.1,25.59,7688,5,46.2,25.67,25806,8,47.17,24.72,34678,9,45.9,26.48,15115,6,44.78,26.66,21199,9,44.64,27.45,23952,8,44.53,27.5
478329,2026-07-15T15:23:48.787792,pepperpowder,26896,8,46.34,24.95,7488,6,46.12,25.55,7688,5,46.24,25.59,25806,8,47.2,24.66,34678,9,45.93,26.42,15115,7,45.05,26.66,21199,9,44.67,27.39,23952,8,44.57,27.44
478679,2026-07-15T15:23:49.137662,pepperpowder,28100,8,46.35,24.91,7639,6,46.13,25.52,7688,5,46.27,25.53,27170,8,47.23,24.64,34678,9,45.95,26.39,15115,7,45.28,26.62,21199,9,44.69,27.34,23952,8,44.6,27.36
479029,2026-07-15T15:23:49.487388,pepperpowder,28100,9,46.36,24.86,7639,7,46.4,25.51,8196,5,46.29,25.48,27170,9,47.25,24.59,34678,9,45.96,26.34,15115,7,45.42,26.58,21199,9,44.71,27.29,25063,8,44.62,27.32
479379,2026-07-15T15:23:49.837858,pepperpowder,28100,9,46.38,24.83,7639,7,46.61,25.48,8196,6,46.31,25.42,27170,9,47.28,24.55,35222,9,45.98,26.28,15115,7,45.51,26.52,21563,9,44.73,27.24,25063,9,44.64,27.25
479729,2026-07-15T15:23:50.189189,pepperpowder,28100,9,46.41,24.8,7639,7,46.74,25.44,8196,6,46.34,25.39,27170,9,47.3,24.51,35222,0,45.99,26.25,44568,7,45.58,26.45,21563,0,44.74,27.21,25063,9,44.66,27.2
480079,2026-07-15T15:23:50.537829,pepperpowder,28100,9,46.42,24.76,7639,7,46.83,25.38,8196,6,46.36,25.34,27170,9,47.32,24.47,35222,0,46.01,26.21,44568,8,45.63,26.38,21563,0,44.76,27.17,25063,9,44.68,27.15
480429,2026-07-15T15:23:50.889206,pepperpowder,28533,9,46.44,24.71,30018,7,46.88,25.31,8196,6,46.38,25.3,27485,9,47.33,24.41,35222,0,46.02,26.18,44568,8,45.67,26.31,21563,0,44.77,27.13,25063,9,44.7,27.13
480779,2026-07-15T15:23:51.236379,pepperpowder,28533,0,46.46,24.7,30018,8,46.94,25.26,8305,6,46.4,25.26,27485,0,47.35,24.39,35222,0,46.05,26.15,44568,8,45.69,26.23,21563,0,44.8,27.1,25346,9,44.72,27.07
481129,2026-07-15T15:23:51.587773,pepperpowder,28533,0,46.47,24.65,30018,8,46.98,25.19,8305,7,46.66,25.25,27485,0,47.37,24.36,35281,0,46.06,26.1,44568,8,45.73,26.16,21761,0,44.81,27.07,25346,0,44.74,27.04
481479,2026-07-15T15:23:51.934202,pepperpowder,28533,0,46.48,24.65,30018,8,47.02,25.14,8305,7,46.89,25.22,27485,0,47.38,24.32,35281,1,45.37,26.01,46715,8,45.77,26.09,21761,1,44.16,26.95,25346,0,44.76,27.0
481829,2026-07-15T15:23:52.289248,pepperpowder,28533,0,46.49,24.62,30018,8,47.04,25.08,8305,7,47.02,25.19,27485,0,47.4,24.3,97116,1,44.84,25.96,46715,9,45.79,26.05,44708,1,43.66,26.89,25346,0,44.78,26.94
482179,2026-07-15T15:23:52.640138,pepperpowder,28648,0,46.52,24.61,31364,8,47.08,25.03,8305,7,47.1,25.13,27753,0,47.41,24.27,97116,2,44.56,26.01,46715,9,45.81,26.01,44708,2,43.41,26.91,25346,0,44.79,26.89
482529,2026-07-15T15:23:52.989032,pepperpowder,28648,1,45.84,24.5,31364,9,47.09,24.98,26186,7,47.16,25.05,27753,1,46.74,24.18,97116,2,44.4,26.06,46715,9,45.83,25.95,44708,2,43.24,26.98,25482,0,44.8,26.88
482879,2026-07-15T15:23:53.330763,pepperpowder,63334,1,45.34,24.47,31364,9,47.11,24.93,26186,8,47.23,24.99,54584,1,46.24,24.12,97116,2,44.28,26.1,46715,9,45.84,25.9,44708,2,43.15,27.06,25482,1,44.16,26.78
483229,2026-07-15T15:23:53.689545,pepperpowder,63334,2,45.11,24.5,31364,9,47.14,24.88,26186,8,47.27,24.91,54584,2,45.97,24.14,97116,2,44.21,26.18,48475,9,45.86,25.86,44708,2,43.08,27.15,63288,1,43.66,26.73
483579,2026-07-15T15:23:54.024975,pepperpowder,63334,2,44.98,24.57,31364,9,47.15,24.83,26186,8,47.3,24.85,54584,2,45.82,24.2,97116,2,44.11,26.41,48475,0,45.88,25.82,44708,2,43.03,27.19,63288,2,43.4,26.76
483929,2026-07-15T15:23:54.376930,pepperpowder,63334,2,44.9,24.66,31644,9,47.17,24.79,26186,8,47.32,24.78,54584,2,45.71,24.28,97116,2,44.08,26.5,48475,0,45.89,25.79,44708,2,42.95,27.38,63288,2,43.26,26.82
484279,2026-07-15T15:23:54.738236,pepperpowder,63334,2,44.85,24.73,31644,0,47.18,24.75,27397,8,47.35,24.73,54584,2,45.64,24.37,97116,2,44.04,26.59,48475,0,45.89,25.74,44708,2,42.93,27.47,63288,2,43.15,26.88
484629,2026-07-15T15:23:55.087792,pepperpowder,63334,2,44.82,24.82,31644,0,47.18,24.72,27397,9,47.36,24.69,54584,2,45.58,24.44,97116,2,44.02,26.67,48475,0,45.9,25.68,44708,2,42.91,27.56,63288,2,43.07,26.95
484979,2026-07-15T15:23:55.428028,pepperpowder,63334,2,44.79,24.91,31644,0,47.2,24.68,27397,9,47.38,24.63,54584,2,45.55,24.55,38220,2,44.0,26.74,48530,0,45.91,25.66,16084,2,42.89,27.62,63288,2,43.02,27.04
485329,2026-07-15T15:23:55.790311,pepperpowder,63334,2,44.78,24.96,31644,0,47.21,24.66,27397,9,47.4,24.59,54584,2,45.52,24.62,38220,3,43.98,26.8,48530,1,45.21,25.57,16084,3,42.87,27.69,63288,2,42.98,27.12
485679,2026-07-15T15:23:56.134737,pepperpowder,63334,2,44.78,25.05,32120,0,47.21,24.63,27397,9,47.41,24.55,54584,2,45.5,24.67,38220,3,43.97,26.87,118162,1,44.66,25.52,16084,3,42.86,27.75,63288,2,42.95,27.19
486029,2026-07-15T15:23:56.483030,pepperpowder,63334,2,44.76,25.11,32120,1,46.5,24.52,27789,9,47.42,24.51,54584,2,45.49,24.76,38220,3,43.95,26.95,118162,2,44.37,25.55,16084,3,42.85,27.8,63288,2,42.92,27.27
486379,2026-07-15T15:23:56.838072,pepperpowder,23477,2,44.76,25.19,60334,1,45.99,24.49,27789,0,47.43,24.47,19110,2,45.46,24.83,38220,3,43.95,27.0,118162,2,44.21,25.62,16084,3,42.83,27.89,63288,2,42.89,27.35
486729,2026-07-15T15:23:57.188433,pepperpowder,23477,3,44.76,25.24,60334,2,45.73,24.51,27789,0,47.43,24.42,19110,3,45.45,24.89,38220,3,43.94,27.05,118162,2,44.1,25.71,16084,3,42.83,27.94,23005,2,42.88,27.42
487079,2026-07-15T15:23:57.538439,pepperpowder,23477,3,44.75,25.26,60334,2,45.56,24.58,27789,0,47.44,24.41,19110,3,45.44,24.94,38220,3,43.93,27.1,118162,2,44.0,25.78,16084,3,42.81,27.99,23005,3,42.86,27.5
487429,2026-07-15T15:23:57.887878,pepperpowder,23477,3,44.75,25.32,60334,2,45.46,24.65,27789,0,47.44,24.38,19110,3,45.44,24.99,38220,3,43.92,27.16,118162,2,43.94,25.87,16084,3,42.81,28.03,23005,3,42.84,27.56
487779,2026-07-15T15:23:58.253438,pepperpowder,23477,3,44.74,25.35,60334,2,45.38,24.77,27753,0,47.45,24.35,19110,3,45.43,25.05,38220,3,43.91,27.19,118162,2,43.89,25.95,16084,3,42.8,28.06,23005,3,42.83,27.6
488129,2026-07-15T15:23:58.588010,pepperpowder,23477,3,44.73,25.4,60334,2,45.33,24.84,27753,1,46.75,24.24,19110,3,45.42,25.07,38220,3,43.89,27.22,118162,2,43.85,26.04,16084,3,42.78,28.1,23005,3,42.82,27.66
488479,2026-07-15T15:23:58.935703,pepperpowder,23477,3,44.72,25.44,60334,2,45.28,24.92,59827,1,46.22,24.23,19110,3,45.41,25.13,38220,3,43.89,27.28,118162,2,43.82,26.12,16084,3,42.78,28.15,23005,3,42.81,27.73
488829,2026-07-15T15:23:59.286442,pepperpowder,23477,3,44.73,25.48,60334,2,45.25,25.01,59827,2,45.95,24.26,19110,3,45.41,25.19,38220,3,43.87,27.3,118162,2,43.79,26.21,16084,3,42.76,28.17,23005,3,42.79,27.78
489179,2026-07-15T15:23:59.633553,pepperpowder,23477,3,44.72,25.49,60334,2,45.23,25.1,59827,2,45.78,24.35,19110,3,45.41,25.21,38220,3,43.87,27.34,43700,2,43.76,26.29,16084,3,42.76,28.19,23005,3,42.79,27.83
489529,2026-07-15T15:23:59.987689,pepperpowder,23477,3,44.71,25.54,60334,2,45.2,25.17,59827,2,45.67,24.42,19110,3,45.4,25.24,38220,3,43.85,27.35,43700,3,43.75,26.36,16084,3,42.74,28.24,23005,3,42.77,27.84
489879,2026-07-15T15:24:00.323010,pepperpowder,23477,3,44.7,25.55,22122,2,45.18,25.23,59827,2,45.59,24.52,19110,3,45.39,25.26,38220,3,43.84,27.36,43700,3,43.72,26.42,16084,3,42.74,28.27,23005,3,42.77,27.89
490229,2026-07-15T15:24:00.689267,pepperpowder,23477,3,44.7,25.56,22122,3,45.17,25.32,59827,2,45.53,24.59,19110,3,45.38,25.3,38220,3,43.84,27.41,43700,3,43.71,26.48,16084,3,42.73,28.29,23005,3,42.75,27.93
490579,2026-07-15T15:24:01.036115,pepperpowder,23477,3,44.69,25.59,22122,3,45.16,25.37,59827,2,45.49,24.71,19110,3,45.38,25.31,38220,3,43.84,27.45,43700,3,43.69,26.53,16084,3,42.72,28.33,23005,3,42.74,27.96
490929,2026-07-15T15:24:01.387617,pepperpowder,23477,3,44.69,25.6,22122,3,45.14,25.45,59827,2,45.45,24.79,19110,3,45.36,25.34,38220,3,43.82,27.44,43700,3,43.68,26.6,16084,3,42.72,28.34,23005,3,42.74,27.99
491279,2026-07-15T15:24:01.738185,pepperpowder,23477,3,44.68,25.65,22122,3,45.13,25.5,59827,2,45.42,24.89,19110,3,45.35,25.36,38220,3,43.81,27.49,43700,3,43.67,26.64,16084,3,42.71,28.38,23005,3,42.73,28.06
491629,2026-07-15T15:24:02.095245,pepperpowder,23477,3,44.67,25.63,22122,3,45.12,25.53,59827,2,45.4,24.96,19110,3,45.34,25.38,38220,3,43.82,27.5,43700,3,43.67,26.69,16084,3,42.7,28.39,23005,3,42.72,28.1
491979,2026-07-15T15:24:02.433811,pepperpowder,23477,3,44.66,25.65,22122,3,45.1,25.58,22906,2,45.38,25.02,19110,3,45.34,25.4,38220,3,43.81,27.51,43700,3,43.65,26.75,16084,3,42.7,28.4,23005,3,42.7,28.11
492329,2026-07-15T15:24:02.790305,pepperpowder,23477,3,44.66,25.68,22122,3,45.1,25.6,22906,3,45.35,25.08,19110,3,45.33,25.42,38220,3,43.8,27.52,43700,3,43.64,26.77,16084,3,42.69,28.43,23005,3,42.69,28.13
492679,2026-07-15T15:24:03.212122,pepperpowder,23477,3,44.64,25.71,22122,3,45.08,25.65,22906,3,45.34,25.16,19110,3,45.32,25.43,38220,3,43.79,27.53,43700,3,43.64,26.82,16084,3,42.69,28.45,23005,3,42.7,28.17
493029,2026-07-15T15:24:03.486952,pepperpowder,23477,3,44.64,25.69,22122,3,45.08,25.68,22906,3,45.32,25.22,19110,3,45.31,25.44,38220,3,43.79,27.57,43700,3,43.63,26.84,16084,3,42.68,28.45,23005,3,42.69,28.16
493379,2026-07-15T15:24:03.830614,pepperpowder,23477,3,44.64,25.71,22122,3,45.07,25.74,22906,3,45.31,25.27,19110,3,45.31,25.45,38220,3,43.77,27.58,43700,3,43.61,26.9,16084,3,42.68,28.47,23005,3,42.68,28.18
493729,2026-07-15T15:24:04.189885,pepperpowder,23477,3,44.64,25.74,22122,3,45.06,25.77,22906,3,45.29,25.29,19110,3,45.29,25.48,38220,3,43.78,27.58,43700,3,43.61,26.91,16084,3,42.67,28.47,23005,3,42.67,28.22
494079,2026-07-15T15:24:04.532513,pepperpowder,23477,3,44.63,25.75,22122,3,45.06,25.79,22906,3,45.28,25.38,19110,3,45.29,25.5,38220,3,43.77,27.59,43700,3,43.61,26.94,16084,3,42.67,28.49,23005,3,42.67,28.24
494429,2026-07-15T15:24:04.878004,pepperpowder,23477,3,44.62,25.74,22122,3,45.04,25.8,22906,3,45.27,25.39,19110,3,45.28,25.5,38220,3,43.76,27.61,43700,3,43.6,26.95,16084,3,42.66,28.5,23005,3,42.66,28.25
494779,2026-07-15T15:24:05.239789,pepperpowder,23477,3,44.61,25.77,22122,3,45.04,25.84,22906,3,45.26,25.44,19110,3,45.28,25.52,38220,3,43.77,27.62,43700,3,43.6,26.99,16084,3,42.66,28.53,23005,3,42.66,28.28
495129,2026-07-15T15:24:05.588063,pepperpowder,23477,3,44.6,25.8,22122,3,45.04,25.84,22906,3,45.25,25.46,19110,3,45.27,25.56,38220,3,43.76,27.63,43700,3,43.59,27.03,16084,3,42.65,28.55,23005,3,42.65,28.28
495479,2026-07-15T15:24:05.932437,pepperpowder,23477,3,44.6,25.76,22122,3,45.03,25.88,22906,3,45.24,25.49,19110,3,45.26,25.59,28802,3,43.75,27.66,43700,3,43.58,27.04,9846,3,42.65,28.56,23005,3,42.65,28.31
495829,2026-07-15T15:24:06.287081,pepperpowder,23477,3,44.61,25.8,22122,3,45.02,25.89,22906,3,45.23,25.53,19110,3,45.25,25.56,28802,4,44.2,27.72,43700,3,43.58,27.05,9846,4,43.06,28.61,23005,3,42.64,28.31
496179,2026-07-15T15:24:06.629528,pepperpowder,23477,3,44.59,25.81,22122,3,45.02,25.92,22906,3,45.23,25.54,19110,3,45.25,25.58,28802,4,44.55,27.73,43700,3,43.57,27.07,9846,4,43.38,28.65,23005,3,42.64,28.32
496529,2026-07-15T15:24:06.983687,pepperpowder,23477,3,44.58,25.81,22122,3,45.01,25.92,22906,3,45.21,25.6,12848,3,45.25,25.6,28802,4,44.72,27.72,43700,3,43.57,27.1,9846,4,43.54,28.63,23005,3,42.63,28.34
496879,2026-07-15T15:24:07.337706,pepperpowder,16443,3,44.59,25.83,22122,3,45.01,25.95,22906,3,45.21,25.61,12848,4,45.69,25.64,28802,4,44.82,27.65,43700,3,43.56,27.12,9846,4,43.64,28.57,15388,3,42.63,28.35
497229,2026-07-15T15:24:07.688441,pepperpowder,16443,4,45.03,25.88,22122,3,45.01,25.98,22906,3,45.2,25.64,12848,4,46.02,25.66,11379,4,44.89,27.58,43700,3,43.55,27.15,5684,4,43.69,28.51,15388,4,43.04,28.42
497579,2026-07-15T15:24:08.036986,pepperpowder,16443,4,45.33,25.89,22122,3,45.0,25.97,22906,3,45.2,25.65,12848,4,46.17,25.64,11379,5,44.94,27.54,43700,3,43.56,27.15,5684,5,43.74,28.46,15388,4,43.36,28.44
497929,2026-07-15T15:24:08.387228,pepperpowder,16443,4,45.49,25.88,22122,3,45.0,25.99,22906,3,45.2,25.69,12848,4,46.27,25.59,11379,5,44.98,27.47,43700,3,43.56,27.17,5684,5,43.76,28.39,15388,4,43.5,28.42
498279,2026-07-15T15:24:08.728877,pepperpowder,16443,4,45.57,25.81,22122,3,44.99,26.0,22906,3,45.19,25.69,5684,4,46.34,25.55,11379,5,45.01,27.38,43700,3,43.56,27.18,5684,5,43.79,28.31,15388,4,43.61,28.39
498629,2026-07-15T15:24:09.085816,pepperpowder,6915,4,45.63,25.74,22122,3,44.99,26.01,22906,3,45.19,25.71,5684,5,46.37,25.48,11379,5,45.03,27.34,43700,3,43.56,27.19,5684,5,43.81,28.27,7071,4,43.67,28.33
498979,2026-07-15T15:24:09.436821,pepperpowder,6915,5,45.66,25.69,22122,3,44.99,26.02,22906,3,45.19,25.72,5684,5,46.41,25.4,12546,5,45.05,27.26,43700,3,43.56,27.2,5684,5,43.82,28.21,7071,5,43.71,28.24
499329,2026-07-15T15:24:09.775624,pepperpowder,6915,5,45.67,25.62,22122,3,44.99,26.04,22906,3,45.18,25.75,5684,5,46.43,25.36,12546,6,45.07,27.22,43700,3,43.56,27.23,5684,6,43.84,28.15,7071,5,43.77,28.18
499679,2026-07-15T15:24:10.135910,pepperpowder,6915,5,45.7,25.57,22122,3,44.99,26.05,22906,3,45.19,25.75,5684,5,46.46,25.31,12546,6,45.09,27.16,32938,3,43.56,27.23,5684,6,43.86,28.12,7071,5,43.79,28.13
500029,2026-07-15T15:24:10.486895,pepperpowder,6915,5,45.71,25.51,22122,3,45.0,26.07,22906,3,45.19,25.76,6168,5,46.48,25.25,12546,6,45.1,27.12,32938,4,44.0,27.29,5684,6,43.87,28.06,7071,5,43.81,28.07
500379,2026-07-15T15:24:10.837124,pepperpowder,7552,5,45.72,25.46,15556,3,45.0,26.08,22906,3,45.18,25.8,6168,6,46.5,25.21,12546,6,45.11,27.06,32938,4,44.33,27.31,5684,6,43.88,28.03,7536,5,43.82,28.02
500729,2026-07-15T15:24:11.183797,pepperpowder,7552,6,45.73,25.42,15556,4,45.44,26.11,22906,3,45.19,25.81,6168,6,46.52,25.16,12787,6,45.12,27.04,32938,4,44.5,27.3,5684,6,43.88,27.99,7536,6,43.84,27.97
501079,2026-07-15T15:24:11.537200,pepperpowder,7552,6,45.74,25.36,15556,4,45.77,26.15,22906,3,45.19,25.82,6168,6,46.52,25.12,12787,7,45.37,27.02,32938,4,44.6,27.23,5684,7,44.13,27.98,7536,6,43.86,27.93
501429,2026-07-15T15:24:11.887383,pepperpowder,7552,6,45.74,25.34,15556,4,45.92,26.1,22906,3,45.19,25.82,6168,6,46.53,25.08,12787,7,45.58,26.98,13903,4,44.67,27.18,5684,7,44.33,27.95,7536,6,43.87,27.86
501779,2026-07-15T15:24:12.234736,pepperpowder,7552,6,45.75,25.3,15556,4,46.02,26.07,22906,3,45.19,25.82,6355,6,46.54,25.04,12787,7,45.71,26.94,13903,5,44.73,27.1,5684,7,44.44,27.91,7536,6,43.88,27.82
502129,2026-07-15T15:24:12.586713,pepperpowder,7733,6,45.76,25.27,7081,4,46.08,25.99,22906,3,45.19,25.84,6355,7,46.78,25.03,12787,7,45.8,26.9,13903,5,44.77,27.04,5684,7,44.54,27.86,7650,6,43.9,27.79
502479,2026-07-15T15:24:12.933045,pepperpowder,7733,7,46.0,25.28,7081,5,46.14,25.92,16675,3,45.2,25.86,6355,7,46.98,25.01,32964,7,45.86,26.82,13903,5,44.81,26.98,20506,7,44.6,27.77,7650,7,44.13,27.79
502829,2026-07-15T15:24:13.286667,pepperpowder,7733,7,46.19,25.24,7081,5,46.17,25.88,16675,4,45.64,25.9,6355,7,47.11,24.97,32964,8,45.92,26.76,13903,5,44.83,26.91,20506,8,44.64,27.74,7650,7,44.34,27.75
503179,2026-07-15T15:24:13.708114,pepperpowder,7733,7,46.31,25.22,7081,5,46.19,25.8,16675,4,45.97,25.91,6355,7,47.19,24.92,32964,8,45.95,26.69,15009,5,44.85,26.87,20506,8,44.69,27.67,7650,7,44.47,27.71
503529,2026-07-15T15:24:13.988176,pepperpowder,7733,7,46.37,25.17,7081,5,46.22,25.74,16675,4,46.14,25.88,26042,7,47.24,24.85,32964,8,45.99,26.64,15009,6,44.89,26.83,20506,8,44.72,27.59,7650,7,44.54,27.64
503879,2026-07-15T15:24:14.337515,pepperpowder,27049,7,46.42,25.1,7617,5,46.24,25.69,16675,4,46.24,25.82,26042,8,47.3,24.81,32964,8,46.02,26.57,15009,6,44.9,26.75,20506,8,44.74,27.55,24210,7,44.6,27.59
504229,2026-07-15T15:24:14.683271,pepperpowder,27049,8,46.45,25.04,7617,6,46.27,25.65,7755,4,46.31,25.75,26042,8,47.33,24.75,34650,8,46.04,26.51,15009,6,44.92,26.69,21433,8,44.77,27.48,24210,8,44.65,27.52
504579,2026-07-15T15:24:15.035873,pepperpowder,27049,8,46.48,24.99,7617,6,46.29,25.6,7755,5,46.36,25.68,26042,8,47.37,24.69,34650,9,46.07,26.46,15009,6,44.94,26.71,21433,9,44.8,27.43,24210,8,44.68,27.46
504929,2026-07-15T15:24:15.381442,pepperpowder,27049,8,46.5,24.95,7617,6,46.31,25.55,7755,5,46.41,25.62,26042,8,47.38,24.64,34650,9,46.09,26.4,15466,6,44.95,26.7,21433,9,44.82,27.36,24210,8,44.72,27.4
505279,2026-07-15T15:24:15.737026,pepperpowder,27049,8,46.52,24.91,7617,6,46.32,25.51,7755,5,46.44,25.55,27379,8,47.41,24.59,34650,9,46.1,26.43,15466,7,45.22,26.66,21433,9,44.83,27.32,24210,8,44.74,27.33
505629,2026-07-15T15:24:16.086941,pepperpowder,28306,8,46.55,24.86,7772,6,46.33,25.48,7755,5,46.47,25.49,27379,9,47.44,24.53,34650,9,46.12,26.28,15466,7,45.59,26.55,21433,9,44.85,27.29,25241,8,44.77,27.28
505979,2026-07-15T15:24:16.436997,pepperpowder,28306,9,46.56,24.82,7772,7,46.6,25.45,8285,5,46.49,25.44,27379,9,47.46,24.51,35251,0,46.16,26.24,15466,7,45.67,26.45,21650,9,44.87,27.23,25241,9,44.79,27.23
506329,2026-07-15T15:24:16.786628,pepperpowder,28306,9,46.58,24.76,7772,7,46.81,25.45,8285,6,46.51,25.4,27379,9,47.48,24.46,35251,0,46.18,26.2,44521,7,45.74,26.43,21650,0,44.89,27.11,25241,9,44.82,27.17
506679,2026-07-15T15:24:17.128226,pepperpowder,28306,9,46.59,24.73,7772,7,46.95,25.39,8285,6,46.54,25.33,27379,9,47.5,24.41,35251,0,46.19,26.17,44521,8,45.8,26.34,21650,0,44.92,27.11,25241,9,44.83,27.14
507029,2026-07-15T15:24:17.483511,pepperpowder,28667,9,46.62,24.67,7772,7,47.03,25.32,8285,6,46.56,25.29,27574,9,47.52,24.37,35251,0,46.2,26.13,44521,8,45.84,26.27,21650,0,44.94,27.08,25241,9,44.85,27.07
507379,2026-07-15T15:24:17.837330,pepperpowder,28667,0,46.64,24.65,30124,7,47.09,25.27,8285,6,46.58,25.25,27574,0,47.54,24.33,35486,0,46.22,26.12,44521,8,45.87,26.21,21783,0,44.95,27.04,25651,9,44.87,27.04
507729,2026-07-15T15:24:18.186883,pepperpowder,28667,0,46.65,24.63,30124,8,47.13,25.19,8390,6,46.6,25.22,27574,0,47.55,24.32,35486,1,45.53,25.99,44521,8,45.9,26.13,21783,1,44.31,26.93,25651,0,44.89,27.0
508079,2026-07-15T15:24:18.537306,pepperpowder,28667,0,46.66,24.61,30124,8,47.18,25.15,8390,7,46.86,25.2,27574,0,47.57,24.28,100254,1,45.0,25.95,46817,8,45.93,26.09,46817,1,43.81,26.89,25651,0,44.91,26.95
508429,2026-07-15T15:24:18.874527,pepperpowder,28667,0,46.69,24.58,30124,8,47.2,25.09,8390,7,47.08,25.17,27574,0,47.59,24.25,100254,2,44.72,25.98,46817,9,45.96,26.03,46817,2,43.55,26.89,25651,0,44.92,26.92
508779,2026-07-15T15:24:19.237276,pepperpowder,28802,0,46.7,24.55,30124,8,47.24,25.02,8390,7,47.21,25.15,27935,0,47.61,24.23,100254,2,44.56,26.04,46817,9,45.98,25.98,46817,2,43.39,26.97,25651,0,44.94,26.89
509129,2026-07-15T15:24:19.587738,pepperpowder,28802,1,46.02,24.45,31503,8,47.26,24.96,8390,7,47.31,25.08,27935,1,46.92,24.12,100254,2,44.45,26.13,46817,9,45.99,25.92,46817,2,43.29,27.05,25744,0,44.96,26.86
509479,2026-07-15T15:24:19.933494,pepperpowder,66081,1,45.52,24.45,31503,9,47.28,24.91,26251,7,47.37,24.99,57028,1,46.42,24.1,100254,2,44.36,26.21,46817,9,46.01,25.87,46817,2,43.21,27.11,25744,1,44.3,26.74
509829,2026-07-15T15:24:20.287950,pepperpowder,66081,2,45.29,24.46,31503,9,47.3,24.86,26251,8,47.42,24.91,57028,2,46.15,24.11,100254,2,44.3,26.32,48752,9,46.02,25.83,46817,2,43.16,27.21,65877,1,43.82,26.71
510179,2026-07-15T15:24:20.637506,pepperpowder,66081,2,45.16,24.51,31503,9,47.32,24.8,26251,8,47.47,24.86,57028,2,45.99,24.17,100254,2,44.26,26.42,48752,0,46.05,25.8,46817,2,43.14,27.29,65877,2,43.56,26.72
510529,2026-07-15T15:24:20.983205,pepperpowder,66081,2,45.09,24.6,31503,9,47.34,24.77,26251,8,47.49,24.8,57028,2,45.89,24.25,100254,2,44.23,26.5,48752,0,46.05,25.74,46817,2,43.1,27.38,65877,2,43.4,26.75
510879,2026-07-15T15:24:21.337299,pepperpowder,66081,2,45.03,24.69,31738,9,47.35,24.72,26251,8,47.51,24.74,57028,2,45.82,24.34,100254,2,44.2,26.57,48752,0,46.06,25.71,46817,2,43.07,27.44,65877,2,43.3,26.84
511229,2026-07-15T15:24:21.687111,pepperpowder,66081,2,45.0,24.76,31738,0,47.36,24.69,27344,8,47.53,24.66,57028,2,45.78,24.41,100254,2,44.17,26.66,48752,0,46.07,25.68,46817,2,43.05,27.53,65877,2,43.23,26.93
511579,2026-07-15T15:24:22.037237,pepperpowder,66081,2,44.97,24.86,31738,0,47.37,24.66,27344,9,47.56,24.62,57028,2,45.73,24.49,39384,2,44.16,26.73,48808,0,46.08,25.64,16767,2,43.04,27.61,65877,2,43.17,27.01
511929,2026-07-15T15:24:22.386183,pepperpowder,66081,2,44.97,24.95,31738,0,47.38,24.63,27344,9,47.56,24.57,57028,2,45.7,24.58,39384,3,44.14,26.79,48808,1,45.36,25.54,16767,3,43.02,27.68,65877,2,43.14,27.08
512279,2026-07-15T15:24:22.736246,pepperpowder,66081,2,44.95,25.01,31738,0,47.38,24.6,27344,9,47.58,24.54,57028,2,45.69,24.65,39384,3,44.13,26.87,122050,1,44.83,25.5,16767,3,43.01,27.75,65877,2,43.08,27.17
512629,2026-07-15T15:24:23.087154,pepperpowder,66081,2,44.95,25.07,32168,0,47.4,24.58,27344,9,47.59,24.49,57028,2,45.65,24.73,39384,3,44.12,26.93,122050,2,44.54,25.52,16767,3,42.99,27.8,65877,2,43.05,27.24
512979,2026-07-15T15:24:23.435499,pepperpowder,24348,2,44.95,25.13,32168,1,46.69,24.47,27645,9,47.6,24.46,19820,2,45.64,24.79,39384,3,44.1,26.99,122050,2,44.36,25.57,16767,3,42.97,27.87,65877,2,43.04,27.33
513329,2026-07-15T15:24:23.774122,pepperpowder,24348,3,44.94,25.18,64289,1,46.18,24.44,27645,0,47.61,24.43,19820,3,45.63,24.86,39384,3,44.09,27.03,122050,2,44.25,25.65,16767,3,42.97,27.91,24155,2,43.02,27.39
513679,2026-07-15T15:24:24.139886,pepperpowder,24348,3,44.94,25.24,64289,2,45.91,24.46,27645,0,47.62,24.38,19820,3,45.62,24.9,39384,3,44.08,27.09,122050,2,44.16,25.75,16767,3,42.95,27.97,24155,3,43.0,27.45
514029,2026-07-15T15:24:24.486188,pepperpowder,24348,3,44.93,25.28,64289,2,45.75,24.54,27645,0,47.63,24.35,19820,3,45.62,24.96,39384,3,44.07,27.13,122050,2,44.1,25.85,16767,3,42.94,28.01,24155,3,42.99,27.54
514379,2026-07-15T15:24:24.825318,pepperpowder,24348,3,44.93,25.32,64289,2,45.65,24.62,27645,0,47.63,24.32,19820,3,45.61,24.99,39384,3,44.06,27.15,122050,2,44.05,25.92,16767,3,42.94,28.04,24155,3,42.97,27.58
514729,2026-07-15T15:24:25.183242,pepperpowder,24348,3,44.92,25.37,64289,2,45.56,24.7,27753,0,47.63,24.28,19820,3,45.6,25.06,39384,3,44.05,27.2,122050,2,44.01,25.99,16767,3,42.93,28.08,24155,3,42.96,27.65
515079,2026-07-15T15:24:25.536971,pepperpowder,24348,3,44.92,25.37,64289,2,45.52,24.81,27753,1,46.93,24.21,19820,3,45.59,25.09,39384,3,44.05,27.24,122050,2,43.97,26.09,16767,3,42.92,28.12,24155,3,42.95,27.69
515429,2026-07-15T15:24:25.887673,pepperpowder,24348,3,44.9,25.42,64289,2,45.47,24.89,61508,1,46.41,24.19,19820,3,45.59,25.13,39384,3,44.04,27.27,122050,2,43.95,26.19,16767,3,42.92,28.17,24155,3,42.93,27.75
515779,2026-07-15T15:24:26.224854,pepperpowder,24348,3,44.9,25.46,64289,2,45.43,24.96,61508,2,46.13,24.2,19820,3,45.58,25.16,39384,3,44.03,27.32,44661,2,43.92,26.26,16767,3,42.9,28.2,24155,3,42.93,27.78
516129,2026-07-15T15:24:26.586302,pepperpowder,24348,3,44.9,25.48,64289,2,45.41,25.01,61508,2,45.97,24.28,19820,3,45.58,25.19,39384,3,44.02,27.33,44661,3,43.9,26.31,16767,3,42.9,28.23,24155,3,42.91,27.83
516479,2026-07-15T15:24:26.924493,pepperpowder,24348,3,44.89,25.5,64289,2,45.38,25.26,61508,2,45.85,24.4,19820,3,45.57,25.24,39384,3,44.01,27.36,44661,3,43.88,26.4,16767,3,42.89,28.26,24155,3,42.9,27.88
516829,2026-07-15T15:24:27.287422,pepperpowder,24348,3,44.88,25.53,22906,2,45.36,25.23,61508,2,45.77,24.47,19820,3,45.56,25.26,39384,3,44.0,27.4,44661,3,43.86,26.46,16767,3,42.88,28.27,24155,3,42.89,27.91
517179,2026-07-15T15:24:27.637398,pepperpowder,24348,3,44.88,25.55,22906,3,45.35,24.98,61508,2,45.71,24.55,19820,3,45.56,25.29,39384,3,43.99,27.42,44661,3,43.84,26.52,16767,3,42.88,28.3,24155,3,42.87,27.95
517529,2026-07-15T15:24:27.986339,pepperpowder,24348,3,44.87,25.57,22906,3,45.34,25.38,61508,2,45.66,24.64,19820,3,45.55,25.3,39384,3,43.99,27.45,44661,3,43.83,26.57,16767,3,42.87,28.33,24155,3,42.87,27.97
517879,2026-07-15T15:24:28.337053,pepperpowder,24348,3,44.86,25.59,22906,3,45.32,25.39,61508,2,45.63,24.76,19820,3,45.54,25.32,39384,3,43.98,27.46,44661,3,43.82,26.61,16767,3,42.86,28.35,24155,3,42.87,28.02
518229,2026-07-15T15:24:28.685387,pepperpowder,24348,3,44.85,25.61,22906,3,45.3,25.49,61508,2,45.6,24.84,19820,3,45.54,25.35,39384,3,43.98,27.48,44661,3,43.82,26.68,16767,3,42.86,28.37,24155,3,42.86,28.05
518579,2026-07-15T15:24:29.036952,pepperpowder,24348,3,44.84,25.61,22906,3,45.29,25.54,61508,2,45.57,24.92,19820,3,45.53,25.35,39384,3,43.97,27.52,44661,3,43.81,26.7,16767,3,42.85,28.41,24155,3,42.85,28.06
518929,2026-07-15T15:24:29.386513,pepperpowder,24348,3,44.84,25.63,22906,3,45.28,25.57,23952,2,45.55,24.98,19820,3,45.51,25.37,39384,3,43.96,27.52,44661,3,43.79,26.76,16767,3,42.84,28.41,24155,3,42.84,28.09
519279,2026-07-15T15:24:29.736009,pepperpowder,24348,3,44.84,25.66,22906,3,45.27,25.62,23952,3,45.53,25.05,19820,3,45.51,25.39,39384,3,43.95,27.55,44661,3,43.78,26.8,16767,3,42.84,28.43,24155,3,42.83,28.12
519629,2026-07-15T15:24:30.086817,pepperpowder,24348,3,44.82,25.67,22906,3,45.26,25.65,23952,3,45.51,25.1,19820,3,45.5,25.41,39384,3,43.95,27.55,44661,3,43.78,26.85,16767,3,42.84,28.45,24155,3,42.83,28.13
519979,2026-07-15T15:24:30.481773,pepperpowder,24348,3,44.82,25.66,22906,3,45.25,25.69,23952,3,45.5,25.16,19820,3,45.49,25.43,39384,3,43.94,27.58,44661,3,43.77,26.88,16767,3,42.83,28.47,24155,3,42.82,28.15
520329,2026-07-15T15:24:30.786392,pepperpowder,24348,3,44.82,25.7,22906,3,45.25,25.71,23952,3,45.48,25.22,19820,3,45.48,25.43,39384,3,43.94,27.59,44661,3,43.77,26.91,16767,3,42.82,28.48,24155,3,42.82,28.17
520679,2026-07-15T15:24:31.136694,pepperpowder,24348,3,44.81,25.7,22906,3,45.24,25.76,23952,3,45.47,25.27,19820,3,45.48,25.46,39384,3,43.93,27.59,44661,3,43.75,26.93,16767,3,42.82,28.51,24155,3,42.81,28.21
521029,2026-07-15T15:24:31.487010,pepperpowder,24348,3,44.8,25.72,22906,3,45.23,25.76,23952,3,45.46,25.32,19820,3,45.47,25.47,39384,3,43.93,27.61,44661,3,43.75,26.95,16767,3,42.81,28.51,24155,3,42.8,28.26
521379,2026-07-15T15:24:31.837051,pepperpowder,24348,3,44.79,25.71,22906,3,45.22,25.78,23952,3,45.45,25.36,19820,3,45.46,25.47,39384,3,43.92,27.65,44661,3,43.74,26.99,16767,3,42.81,28.51,24155,3,42.8,28.23
521729,2026-07-15T15:24:32.186427,pepperpowder,24348,3,44.79,25.73,22906,3,45.22,25.81,23952,3,45.44,25.4,19820,3,45.45,25.49,39384,3,43.92,27.64,44661,3,43.74,27.0,16767,3,42.81,28.55,24155,3,42.78,28.27
522079,2026-07-15T15:24:32.532990,pepperpowder,24348,3,44.79,25.73,22906,3,45.21,25.83,23952,3,45.44,25.43,19820,3,45.44,25.57,29561,3,43.92,27.66,44661,3,43.73,27.03,10136,3,42.8,28.55,24155,3,42.78,28.3
522429,2026-07-15T15:24:32.889305,pepperpowder,24348,3,44.78,25.75,22906,3,45.21,25.85,23952,3,45.43,25.47,19820,3,45.44,25.51,29561,4,44.35,27.72,44661,3,43.73,27.05,10136,4,43.2,28.61,24155,3,42.78,28.3
522779,2026-07-15T15:24:33.237148,pepperpowder,24348,3,44.78,25.77,22906,3,45.2,25.87,23952,3,45.42,25.5,19820,3,45.42,25.52,29561,4,44.7,27.74,44661,3,43.72,27.08,10136,4,43.53,28.65,24155,3,42.78,28.31
523129,2026-07-15T15:24:33.590003,pepperpowder,24348,3,44.77,25.76,22906,3,45.2,25.89,23952,3,45.41,25.52,13330,3,45.42,25.55,29561,4,44.87,27.7,44661,3,43.72,27.1,10136,4,43.67,28.6,24155,3,42.77,28.32
523479,2026-07-15T15:24:34.017737,pepperpowder,16806,3,44.77,25.76,22906,3,45.19,25.91,23952,3,45.4,25.56,13330,4,45.86,25.62,29561,4,44.98,27.65,44661,3,43.72,27.12,10136,4,43.77,28.55,15857,3,42.77,28.35
523829,2026-07-15T15:24:34.288986,pepperpowder,16806,4,45.21,25.84,22906,3,45.19,25.91,23952,3,45.4,25.58,13330,4,46.2,25.63,11539,4,45.04,27.59,44661,3,43.71,27.13,5684,4,43.83,28.51,15857,4,43.19,28.41
524179,2026-07-15T15:24:34.636842,pepperpowder,16806,4,45.52,25.84,22906,3,45.18,25.95,23952,3,45.39,25.6,13330,4,46.37,25.59,11539,5,45.09,27.52,44661,3,43.71,27.13,5684,5,43.87,28.46,15857,4,43.5,28.42
524529,2026-07-15T15:24:34.982380,pepperpowder,16806,4,45.67,25.8,22906,3,45.18,25.96,23952,3,45.39,25.63,13330,4,46.46,25.57,11539,5,45.14,27.47,44661,3,43.71,27.16,5684,5,43.91,28.4,15857,4,43.65,28.39
524879,2026-07-15T15:24:35.333924,pepperpowder,16806,4,45.77,25.77,22906,3,45.18,25.97,23952,3,45.38,25.63,5684,4,46.52,25.5,11539,5,45.17,27.41,44661,3,43.7,27.16,5684,5,43.93,28.34,15857,4,43.75,28.36
525229,2026-07-15T15:24:35.684038,pepperpowder,7062,4,45.82,25.72,22906,3,45.18,25.99,23952,3,45.38,25.66,5684,5,46.55,25.46,11539,5,45.19,27.34,44661,3,43.7,27.18,5684,5,43.95,28.27,7176,4,43.81,28.3
525579,2026-07-15T15:24:36.111039,pepperpowder,7062,5,45.85,25.64,22906,3,45.18,25.99,23952,3,45.38,25.68,5684,5,46.59,25.37,12650,5,45.21,27.29,44661,3,43.71,27.21,5684,5,43.97,28.21,7176,5,43.86,28.24
525929,2026-07-15T15:24:36.386959,pepperpowder,7062,5,45.87,25.6,22906,3,45.17,26.01,23952,3,45.38,25.69,5684,5,46.62,25.34,12650,6,45.23,27.22,44661,3,43.72,27.21,5684,6,43.98,28.15,7176,5,43.9,28.18
526279,2026-07-15T15:24:36.736121,pepperpowder,7062,5,45.89,25.51,22906,3,45.18,26.01,23952,3,45.37,25.7,5684,5,46.64,25.25,12650,6,45.25,27.18,33799,3,43.71,27.22,5684,6,44.0,28.11,7176,5,43.92,28.12
526629,2026-07-15T15:24:37.086250,pepperpowder,7062,5,45.9,25.47,22906,3,45.18,26.03,23952,3,45.37,25.72,6265,5,46.66,25.21,12650,6,45.26,27.13,33799,4,44.16,27.29,5684,6,44.01,28.08,7176,5,43.95,28.06
526979,2026-07-15T15:24:37.434432,pepperpowder,7644,5,45.91,25.42,16024,3,45.18,26.04,23952,3,45.37,25.73,6265,6,46.68,25.17,12650,6,45.28,27.08,33799,4,44.48,27.29,5684,6,44.02,28.03,7639,5,43.96,27.99
527329,2026-07-15T15:24:37.783051,pepperpowder,7644,6,45.92,25.37,16024,4,45.63,26.1,23952,3,45.38,25.75,6265,6,46.69,25.11,13021,6,45.29,27.02,33799,4,44.66,27.26,5684,6,44.03,27.98,7639,6,43.98,27.93
527679,2026-07-15T15:24:38.130443,pepperpowder,7644,6,45.93,25.33,16024,4,45.95,26.11,23952,3,45.38,25.76,6265,6,46.7,25.08,13021,7,45.53,26.9,33799,4,44.77,27.22,5684,7,44.27,27.98,7639,6,44.0,27.88
528029,2026-07-15T15:24:38.486102,pepperpowder,7644,6,45.93,25.28,16024,4,46.11,26.06,23952,3,45.38,25.78,6265,6,46.72,25.04,13021,7,45.75,26.76,13967,4,44.84,27.16,5684,7,44.46,27.95,7639,6,44.0,27.85
528379,2026-07-15T15:24:38.826458,pepperpowder,7644,6,45.94,25.27,16024,4,46.2,26.03,23952,3,45.38,25.79,6432,6,46.72,25.01,13021,7,45.96,26.87,13967,5,44.89,27.08,5684,7,44.59,27.91,7639,6,44.02,27.8
528729,2026-07-15T15:24:39.186251,pepperpowder,7846,6,45.94,25.22,7181,4,46.28,25.97,23952,3,45.39,25.79,6432,7,46.97,25.01,33040,7,46.02,26.82,13967,5,44.93,27.04,5684,7,44.69,27.85,7783,6,44.04,27.77
529079,2026-07-15T15:24:39.536083,pepperpowder,7846,7,46.18,25.21,7181,5,46.32,25.9,23952,3,45.39,25.8,6432,7,47.17,24.98,33040,8,46.07,26.74,13967,5,44.97,26.97,20645,7,44.75,27.8,7783,7,44.27,27.75
529429,2026-07-15T15:24:39.877955,pepperpowder,7846,7,46.38,25.19,7181,5,46.36,25.81,17021,3,45.39,25.8,6432,7,47.29,24.94,33040,8,46.1,26.67,13967,5,44.99,26.91,20645,8,44.83,27.66,7783,7,44.48,27.72
529779,2026-07-15T15:24:40.236495,pepperpowder,7846,7,46.49,25.15,7181,5,46.39,25.76,17021,4,45.83,25.86,6432,7,47.37,24.87,33040,8,46.13,26.63,15169,5,45.01,26.85,20645,8,44.86,27.58,7783,7,44.6,27.69
530129,2026-07-15T15:24:40.585562,pepperpowder,7846,7,46.56,25.11,7181,5,46.41,25.71,17021,4,46.16,25.86,26267,7,47.42,24.82,33040,8,46.17,26.55,15169,6,45.04,26.8,20645,8,44.89,27.51,7783,7,44.68,27.63
530479,2026-07-15T15:24:41.016103,pepperpowder,27153,7,46.6,25.05,7727,5,46.44,25.63,17021,4,46.32,25.84,26267,8,47.47,24.75,35049,8,46.18,26.51,15169,6,45.06,26.74,21519,8,44.91,27.49,24446,7,44.74,27.55
530829,2026-07-15T15:24:41.286272,pepperpowder,27153,8,46.64,25.0,7727,6,46.46,25.59,17021,4,46.43,25.77,26267,8,47.51,24.72,35049,9,46.22,26.44,15169,6,45.08,26.69,21519,9,44.93,27.42,24446,8,44.79,27.51
531179,2026-07-15T15:24:41.632578,pepperpowder,27153,8,46.67,24.95,7727,6,46.47,25.56,7789,4,46.5,25.71,26267,8,47.54,24.66,35049,9,46.24,26.38,15169,6,45.09,26.65,21519,9,44.95,27.36,24446,8,44.82,27.44
531529,2026-07-15T15:24:41.986446,pepperpowder,27153,8,46.68,24.9,7727,6,46.49,25.51,7789,5,46.54,25.63,26267,8,47.57,24.59,35049,9,46.25,26.34,15590,6,45.12,26.61,21519,9,44.97,27.31,24446,8,44.86,27.38
531879,2026-07-15T15:24:42.336195,pepperpowder,27153,8,46.71,24.86,7727,6,46.51,25.46,7789,5,46.6,25.58,27414,8,47.59,24.56,35049,9,46.27,26.32,15590,7,45.38,26.6,21519,9,45.0,27.25,24446,8,44.89,27.3
532229,2026-07-15T15:24:42.685576,pepperpowder,28533,8,46.72,24.8,7899,6,46.52,25.44,7789,5,46.63,25.51,27414,9,47.62,24.5,35516,9,46.29,26.25,15590,7,45.61,26.57,21850,9,45.01,27.21,25513,8,44.91,27.27
532579,2026-07-15T15:24:43.035547,pepperpowder,28533,9,46.74,24.77,7899,7,46.78,25.42,7789,5,46.66,25.44,27414,9,47.65,24.47,35516,0,46.31,26.23,15590,7,45.75,26.51,21850,0,45.02,27.18,25513,9,44.93,27.2
532929,2026-07-15T15:24:43.377531,pepperpowder,28533,9,46.76,24.73,7899,7,47.01,25.39,8305,5,46.68,25.39,27414,9,47.66,24.42,35516,0,46.32,26.2,15590,7,45.84,26.45,21850,0,45.04,27.13,25513,9,44.96,27.14
533279,2026-07-15T15:24:43.878991,pepperpowder,28533,9,46.77,24.68,7899,7,47.13,25.35,8305,6,46.71,25.33,27414,9,47.68,24.37,35516,0,46.35,26.16,44991,7,45.9,26.39,21850,0,45.06,27.1,25513,9,44.97,27.11
533629,2026-07-15T15:24:44.082497,pepperpowder,28533,9,46.78,24.66,7899,7,47.22,25.28,8305,6,46.73,25.29,27807,9,47.7,24.33,35516,0,46.36,26.12,44991,8,45.95,26.31,21850,0,45.08,27.08,25513,9,44.99,27.06
533979,2026-07-15T15:24:44.435319,pepperpowder,28861,9,46.79,24.63,30425,7,47.27,25.22,8305,6,46.76,25.23,27807,0,47.71,24.31,35784,0,46.38,26.1,44991,8,46.0,26.24,22030,0,45.09,27.02,25759,9,45.02,27.01
534329,2026-07-15T15:24:44.786307,pepperpowder,28861,0,46.82,24.58,30425,8,47.32,25.16,8305,6,46.77,25.2,27807,0,47.73,24.28,35784,1,45.67,25.98,44991,8,46.03,26.18,22030,1,44.44,26.92,25759,0,45.04,26.97
534679,2026-07-15T15:24:45.137764,pepperpowder,28861,0,46.83,24.61,30425,8,47.36,25.09,8456,6,46.78,25.16,27807,0,47.75,24.24,104234,1,45.14,25.94,44991,8,46.07,26.11,49660,1,43.94,26.87,25759,0,45.06,26.93
535029,2026-07-15T15:24:45.485874,pepperpowder,28861,0,46.85,24.55,30425,8,47.39,25.03,8456,7,47.05,25.14,27807,0,47.76,24.22,104234,2,44.87,25.96,48093,8,46.09,26.07,49660,2,43.68,26.89,25759,0,45.07,26.89
535379,2026-07-15T15:24:45.832445,pepperpowder,28978,0,46.88,24.5,30425,8,47.43,24.96,8456,7,47.27,25.12,27990,0,47.78,24.18,104234,2,44.7,26.03,48093,9,46.12,26.0,49660,2,43.52,26.95,25759,0,45.08,26.86
535729,2026-07-15T15:24:46.178442,pepperpowder,28978,1,46.19,24.4,31667,8,47.46,24.9,8456,7,47.41,25.07,27990,1,47.1,24.08,104234,2,44.59,26.11,48093,9,46.13,25.93,49660,2,43.43,27.02,25900,0,45.1,26.83
