timestamp,received_time,label,sensor_0_gas,sensor_0_gas_index,sensor_0_temp,sensor_0_humidity,sensor_1_gas,sensor_1_gas_index,sensor_1_temp,sensor_1_humidity,sensor_2_gas,sensor_2_gas_index,sensor_2_temp,sensor_2_humidity,sensor_3_gas,sensor_3_gas_index,sensor_3_temp,sensor_3_humidity,sensor_4_gas,sensor_4_gas_index,sensor_4_temp,sensor_4_humidity,sensor_5_gas,sensor_5_gas_index,sensor_5_temp,sensor_5_humidity,sensor_6_gas,sensor_6_gas_index,sensor_6_temp,sensor_6_humidity,sensor_7_gas,sensor_7_gas_index,sensor_7_temp,sensor_7_humidity
78629,2026-07-14T23:45:32.280126,whiskey,11015,8,43.74,37.55,15126,8,44.15,37.67,26106,7,44.83,36.96,18497,8,44.96,36.34,15775,8,44.99,37.74,25301,8,44.74,37.43,9685,8,44.28,39.21,10557,8,44.36,38.8
78979,2026-07-14T23:45:32.634547,whiskey,11015,8,43.76,37.49,15126,8,44.19,37.62,26106,8,44.88,36.89,18497,8,45.0,36.27,15775,8,45.01,37.62,25301,8,44.78,37.32,9685,8,44.31,39.1,10557,8,44.39,38.68
79329,2026-07-14T23:45:32.974793,whiskey,11271,8,43.78,37.43,15126,8,44.23,37.51,26106,8,44.92,36.8,18497,8,45.03,36.2,14420,8,45.05,37.52,25301,8,44.81,37.2,9153,8,44.33,38.98,10557,8,44.42,38.58
79679,2026-07-14T23:45:33.337774,whiskey,11271,9,43.79,37.38,15126,8,44.25,37.45,26106,8,44.96,36.72,18481,8,45.05,36.23,14420,9,45.07,37.41,25301,8,44.84,37.09,9153,9,44.36,38.89,10097,8,44.44,38.47
80029,2026-07-14T23:45:33.686850,whiskey,11271,9,43.82,37.35,15223,8,44.27,37.39,26106,8,44.98,36.68,18481,9,45.08,36.07,14420,9,45.09,37.34,23992,8,44.88,36.99,9153,9,44.39,38.79,10097,9,44.47,38.39
80379,2026-07-14T23:45:34.036776,whiskey,11271,9,43.84,37.3,15223,9,44.3,37.34,25869,8,45.01,36.57,18481,9,45.12,35.95,14420,9,45.12,37.25,23992,9,44.89,36.9,9153,9,44.39,38.73,10097,9,44.5,38.29
80729,2026-07-14T23:45:34.386076,whiskey,11271,9,43.85,37.24,15223,9,44.32,37.26,25869,9,45.03,36.53,18481,9,45.15,35.88,14420,9,45.14,37.18,23992,9,44.93,36.85,9153,9,44.42,38.64,10097,9,44.52,38.2
81079,2026-07-14T23:45:34.726104,whiskey,11212,9,43.87,37.21,15223,9,44.34,37.21,25869,9,45.04,36.44,18385,9,45.17,35.84,14352,9,45.15,37.12,23992,9,44.94,36.76,9395,9,44.44,38.59,10097,9,44.53,38.15
81429,2026-07-14T23:45:35.086506,whiskey,11212,0,43.89,37.17,15223,9,44.36,37.15,25869,9,45.07,36.38,18385,0,45.19,35.79,14352,0,45.18,37.06,23992,9,44.96,36.69,9395,0,44.46,38.54,10194,9,44.56,38.07
81779,2026-07-14T23:45:35.436657,whiskey,11212,0,43.9,37.12,15137,9,44.38,37.09,25869,9,45.1,36.31,18385,0,45.2,35.74,14352,0,45.2,37.01,23529,9,44.98,36.61,9395,0,44.47,38.48,10194,0,44.57,38.01
82129,2026-07-14T23:45:35.785094,whiskey,11212,0,43.92,37.11,15137,0,44.4,37.05,25651,9,45.11,36.29,18385,0,45.22,35.7,14352,0,45.22,36.93,23529,0,45.0,36.54,9395,0,44.5,38.41,10194,0,44.59,37.95
82479,2026-07-14T23:45:36.132354,whiskey,11212,0,43.93,37.07,15137,0,44.41,37.01,25651,0,45.13,36.2,18385,0,45.23,35.66,14352,0,45.23,36.88,23529,0,45.01,36.5,9395,0,44.51,38.35,10194,0,44.6,37.9
82829,2026-07-14T23:45:36.488185,whiskey,11177,0,43.95,37.02,15137,0,44.43,36.98,25651,0,45.15,36.16,18322,0,45.25,35.61,13894,0,45.24,36.85,23529,0,45.03,36.44,9200,0,44.53,38.3,10194,0,44.62,37.86
83179,2026-07-14T23:45:36.827657,whiskey,11177,1,43.28,36.9,15137,0,44.45,36.92,25651,0,45.15,36.13,18322,1,44.59,35.5,13894,1,44.55,36.69,23529,0,45.04,36.39,9200,1,43.89,38.15,9975,0,44.63,37.78
83529,2026-07-14T23:45:37.187026,whiskey,111449,1,42.79,36.88,15300,0,44.46,36.88,25651,0,45.18,36.08,227656,1,44.08,35.48,136061,1,44.03,36.66,22566,0,45.06,36.34,91428,1,43.39,38.11,105982,1,43.49,37.64
83879,2026-07-14T23:45:37.668128,whiskey,111449,2,42.57,36.97,15300,1,43.78,36.74,25682,0,45.2,36.04,227656,2,43.82,35.53,136061,2,43.73,36.76,22566,1,44.36,36.24,91428,2,43.13,38.17,105982,2,43.25,37.68
84229,2026-07-14T23:45:37.882800,whiskey,111449,2,42.44,37.04,175884,1,43.28,36.7,25682,1,44.51,35.91,227656,2,43.66,35.62,136061,2,43.57,36.86,261491,1,43.84,36.2,91428,2,42.97,38.26,105982,2,43.1,37.77
84579,2026-07-14T23:45:38.228998,whiskey,111449,2,42.35,37.16,175884,2,43.02,36.78,400547,1,44.01,35.92,227656,2,43.55,35.75,136061,2,43.46,36.99,261491,2,43.56,36.26,91428,2,42.87,38.4,105982,2,43.0,37.9
84929,2026-07-14T23:45:38.587271,whiskey,111449,2,42.29,37.33,175884,2,42.87,36.89,400547,2,43.74,35.98,227656,2,43.48,35.88,136061,2,43.39,37.15,261491,2,43.39,36.37,91428,2,42.8,38.55,105982,2,42.92,38.05
85279,2026-07-14T23:45:39.098026,whiskey,111449,2,42.26,37.45,175884,2,42.77,37.03,400547,2,43.58,36.09,227656,2,43.42,36.03,136061,2,43.33,37.29,261491,2,43.28,36.51,91428,2,42.74,38.7,105982,2,42.87,38.2
85629,2026-07-14T23:45:39.279625,whiskey,111449,2,42.23,37.59,175884,2,42.7,37.16,400547,2,43.48,36.24,227656,2,43.37,36.14,136061,2,43.28,37.47,261491,2,43.2,36.66,91428,2,42.69,38.86,105982,2,42.84,38.33
85979,2026-07-14T23:45:39.639588,whiskey,111449,2,42.2,37.72,175884,2,42.65,37.3,400547,2,43.4,36.39,227656,2,43.34,36.29,136061,2,43.23,37.62,261491,2,43.14,36.81,91428,2,42.67,39.0,105982,2,42.8,38.48
86329,2026-07-14T23:45:39.976777,whiskey,111449,2,42.18,37.84,175884,2,42.6,37.45,400547,2,43.34,36.55,227656,2,43.3,36.4,136061,2,43.2,37.79,261491,2,43.09,36.97,91428,2,42.63,39.16,105982,2,42.77,38.6
86679,2026-07-14T23:45:40.337577,whiskey,111449,2,42.16,37.94,175884,2,42.57,37.58,400547,2,43.29,36.67,227656,2,43.27,36.55,136061,2,43.17,37.93,261491,2,43.06,37.11,91428,2,42.6,39.3,105982,2,42.75,38.74
87029,2026-07-14T23:45:40.680805,whiskey,128772,2,42.15,38.03,175884,2,42.53,37.72,400547,2,43.25,36.82,215715,2,43.24,36.66,160200,2,43.14,38.07,261491,2,43.01,37.26,109028,2,42.59,39.25,119654,2,42.72,38.88
87379,2026-07-14T23:45:41.036821,whiskey,128772,3,42.13,38.15,175884,2,42.5,37.83,400547,2,43.23,36.95,215715,3,43.22,36.76,160200,3,43.13,38.23,261491,2,42.99,37.4,109028,3,42.55,39.75,119654,3,42.7,39.01
87729,2026-07-14T23:45:41.390342,whiskey,128772,3,42.12,38.21,179964,2,42.48,37.96,400547,2,43.2,37.07,215715,3,43.2,36.85,160200,3,43.1,38.38,280394,2,42.96,37.54,109028,3,42.54,39.89,119654,3,42.69,39.13
88079,2026-07-14T23:45:41.755876,whiskey,128772,3,42.1,38.32,179964,3,42.46,38.08,342589,2,43.17,37.18,215715,3,43.17,36.98,160200,3,43.08,38.6,280394,3,42.94,37.68,109028,3,42.53,40.04,119654,3,42.67,39.26
88429,2026-07-14T23:45:42.086148,whiskey,128772,3,42.09,38.38,179964,3,42.44,38.18,342589,3,43.15,37.29,215715,3,43.15,37.04,160200,3,43.05,38.76,280394,3,42.93,37.8,109028,3,42.52,40.17,119654,3,42.66,39.38
88779,2026-07-14T23:45:42.423841,whiskey,128772,3,42.08,38.43,179964,3,42.43,38.27,342589,3,43.13,37.4,215715,3,43.13,37.14,160200,3,43.04,38.88,280394,3,42.91,37.9,109028,3,42.51,40.29,119654,3,42.65,39.49
89129,2026-07-14T23:45:42.776130,whiskey,128772,3,42.06,38.51,179964,3,42.41,38.37,342589,3,43.11,37.49,215715,3,43.12,37.23,160200,3,43.02,38.98,280394,3,42.88,38.02,109028,3,42.5,40.41,119654,3,42.64,39.58
89479,2026-07-14T23:45:43.204678,whiskey,128772,3,42.05,38.57,179964,3,42.39,38.45,342589,3,43.08,37.58,215715,3,43.1,37.32,160200,3,43.01,39.07,280394,3,42.87,38.12,109028,3,42.49,40.5,119654,3,42.62,39.69
89829,2026-07-14T23:45:43.489578,whiskey,128772,3,42.04,38.64,179964,3,42.38,38.54,342589,3,43.07,37.67,215715,3,43.09,37.39,160200,3,43.01,39.16,280394,3,42.86,38.22,109028,3,42.47,40.6,119654,3,42.62,39.79
90179,2026-07-14T23:45:43.824434,whiskey,128772,3,42.04,38.69,179964,3,42.37,38.61,342589,3,43.06,37.76,215715,3,43.06,37.43,160200,3,42.99,39.24,280394,3,42.85,38.3,109028,3,42.46,40.68,119654,3,42.61,39.85
90529,2026-07-14T23:45:44.187850,whiskey,128772,3,42.02,38.73,179964,3,42.35,38.69,342589,3,43.05,37.85,215715,3,43.05,37.53,160200,3,42.99,39.33,280394,3,42.84,38.41,109028,3,42.45,40.76,119654,3,42.59,39.93
90879,2026-07-14T23:45:44.538096,whiskey,128772,3,42.01,38.82,179964,3,42.34,38.77,342589,3,43.03,37.91,215715,3,43.04,37.58,160200,3,42.97,39.39,280394,3,42.83,38.47,109028,3,42.45,40.81,119654,3,42.58,39.99
91229,2026-07-14T23:45:44.887040,whiskey,128772,3,42.0,38.88,179964,3,42.33,38.83,342589,3,43.02,37.98,215715,3,43.03,37.63,160200,3,42.97,39.45,280394,3,42.81,38.54,109028,3,42.43,40.88,119654,3,42.58,40.07
91579,2026-07-14T23:45:45.236267,whiskey,128772,3,41.99,38.92,179964,3,42.32,38.91,342589,3,43.02,38.04,215715,3,43.03,37.72,160200,3,42.96,39.5,280394,3,42.81,38.61,109028,3,42.43,40.95,119654,3,42.57,40.13
91929,2026-07-14T23:45:45.582955,whiskey,128772,3,41.98,38.98,179964,3,42.31,38.97,342589,3,43.0,38.1,215715,3,43.01,37.76,160200,3,42.95,39.55,280394,3,42.81,38.66,109028,3,42.42,41.0,119654,3,42.56,40.18
92279,2026-07-14T23:45:45.937705,whiskey,128772,3,41.98,39.03,179964,3,42.31,39.03,342589,3,42.99,38.16,215715,3,42.99,37.82,160200,3,42.94,39.62,280394,3,42.78,38.72,109028,3,42.42,41.04,119654,3,42.55,40.2
92629,2026-07-14T23:45:46.286128,whiskey,128772,3,41.96,39.06,179964,3,42.3,39.09,342589,3,42.98,38.23,215715,3,42.99,37.87,160200,3,42.92,39.65,280394,3,42.77,38.77,109028,3,42.41,41.08,119654,3,42.54,40.28
92979,2026-07-14T23:45:46.629903,whiskey,128772,3,41.95,39.13,179964,3,42.28,39.13,342589,3,42.97,38.28,215715,3,42.98,37.92,160200,3,42.93,39.73,280394,3,42.76,38.83,109028,3,42.4,41.15,119654,3,42.54,40.31
93329,2026-07-14T23:45:46.988305,whiskey,128772,3,41.95,39.14,179964,3,42.28,39.19,342589,3,42.95,38.32,215715,3,42.97,37.97,160200,3,42.92,39.76,280394,3,42.76,38.88,109028,3,42.4,41.2,119654,3,42.53,40.37
93679,2026-07-14T23:45:47.337827,whiskey,128772,3,41.95,39.2,179964,3,42.27,39.24,342589,3,42.95,38.37,215715,3,42.97,38.01,160200,3,42.91,39.82,280394,3,42.75,38.94,109028,3,42.39,41.23,119654,3,42.52,40.4
94029,2026-07-14T23:45:47.681048,whiskey,128772,3,41.94,39.24,179964,3,42.26,39.29,342589,3,42.95,38.42,215715,3,42.95,38.06,160200,3,42.91,39.87,280394,3,42.74,38.99,109028,3,42.39,41.28,119654,3,42.52,40.45
94379,2026-07-14T23:45:48.037633,whiskey,128772,3,41.93,39.28,179964,3,42.25,39.32,342589,3,42.94,38.48,215715,3,42.95,38.11,160200,3,42.9,39.92,280394,3,42.74,39.03,109028,3,42.39,41.31,119654,3,42.51,40.49
94729,2026-07-14T23:45:48.388140,whiskey,128772,3,41.92,39.31,179964,3,42.25,39.37,342589,3,42.92,38.5,215715,3,42.94,38.15,160200,3,42.89,39.97,280394,3,42.73,39.08,109028,3,42.38,41.35,119654,3,42.5,40.52
95079,2026-07-14T23:45:48.738273,whiskey,128772,3,41.91,39.34,179964,3,42.24,39.44,342589,3,42.91,38.53,215715,3,42.93,38.2,160200,3,42.88,39.98,280394,3,42.73,39.1,109028,3,42.37,41.4,119654,3,42.5,40.55
95429,2026-07-14T23:45:49.081471,whiskey,128772,3,41.9,39.37,179964,3,42.23,39.46,342589,3,42.91,38.57,215715,3,42.92,38.24,160200,3,42.88,40.04,280394,3,42.73,39.17,109028,3,42.37,41.47,119654,3,42.49,40.6
95779,2026-07-14T23:45:49.435766,whiskey,128772,3,41.9,39.4,179964,3,42.22,39.49,342589,3,42.9,38.61,215715,3,42.92,38.27,160200,3,42.88,40.07,280394,3,42.71,39.21,109028,3,42.36,41.49,119654,3,42.47,40.64
96129,2026-07-14T23:45:49.787557,whiskey,128772,3,41.89,39.43,179964,3,42.22,39.53,342589,3,42.9,38.66,215715,3,42.91,38.31,160200,3,42.87,40.13,280394,3,42.71,39.23,109028,3,42.36,41.53,119654,3,42.48,40.68
96479,2026-07-14T23:45:50.128983,whiskey,128772,3,41.88,39.44,179964,3,42.21,39.57,342589,3,42.89,38.67,215715,3,42.91,38.34,160200,3,42.87,40.14,280394,3,42.71,39.29,109028,3,42.35,41.56,119654,3,42.47,40.7
96829,2026-07-14T23:45:50.477412,whiskey,128772,3,41.88,39.48,179964,3,42.2,39.6,342589,3,42.89,38.72,215715,3,42.9,38.35,160200,3,42.86,40.21,280394,3,42.7,39.33,109028,3,42.35,41.61,119654,3,42.46,40.77
97179,2026-07-14T23:45:50.838028,whiskey,128772,3,41.87,39.49,179964,3,42.2,39.64,342589,3,42.88,38.75,215715,3,42.89,38.41,177901,3,42.86,40.23,280394,3,42.7,39.35,130545,3,42.35,41.65,119654,3,42.46,40.79
97529,2026-07-14T23:45:51.187618,whiskey,143497,3,41.87,39.54,179964,3,42.19,39.64,342589,3,42.88,38.78,216811,3,42.89,38.44,177901,4,43.31,40.33,280394,3,42.69,39.4,130545,4,42.74,41.74,136061,3,42.44,40.81
97879,2026-07-14T23:45:51.537733,whiskey,143497,4,42.3,39.62,179964,3,42.18,39.66,342589,3,42.87,38.81,216811,4,43.33,38.52,177901,4,43.64,40.37,280394,3,42.69,39.41,130545,4,43.06,41.76,136061,4,42.87,40.9
98229,2026-07-14T23:45:51.879414,whiskey,143497,4,42.61,39.63,194565,3,42.18,39.78,342589,3,42.86,38.84,216811,4,43.64,38.54,177901,4,43.81,40.32,294422,3,42.69,39.47,130545,4,43.22,41.72,136061,4,43.18,40.93
98579,2026-07-14T23:45:52.237587,whiskey,143497,4,42.75,39.55,194565,4,42.61,39.92,317420,3,42.86,38.88,216811,4,43.81,38.5,177901,4,43.92,40.22,294422,4,43.12,39.55,130545,4,43.31,41.65,136061,4,43.34,40.88
98929,2026-07-14T23:45:52.587095,whiskey,143497,4,42.83,39.48,194565,4,42.92,39.83,317420,4,43.29,38.93,216811,4,43.9,38.44,46159,4,43.98,40.14,294422,4,43.45,39.56,29317,4,43.38,41.54,136061,4,43.43,40.82
99279,2026-07-14T23:45:52.936458,whiskey,34622,4,42.88,39.4,194565,4,43.16,39.71,317420,4,43.61,38.97,50632,4,43.97,38.36,46159,5,44.04,40.03,294422,4,43.62,39.56,29317,5,43.43,41.45,31691,4,43.49,40.73
99629,2026-07-14T23:45:53.286564,whiskey,34622,5,42.92,39.3,45861,4,43.23,39.62,317420,4,43.76,38.89,50632,5,44.02,38.25,46159,5,44.07,39.9,294422,4,43.71,39.4,29317,5,43.46,41.34,31691,5,43.53,40.62
99979,2026-07-14T23:45:53.638081,whiskey,34622,5,42.94,39.21,45861,5,43.27,39.51,317420,4,43.85,38.82,50632,5,44.05,38.16,46159,5,44.1,39.84,75493,4,43.77,39.32,29317,5,43.48,41.23,31691,5,43.57,40.52
100329,2026-07-14T23:45:53.987836,whiskey,34622,5,42.96,39.13,45861,5,43.3,39.44,77693,4,43.92,38.72,50632,5,44.08,38.09,46159,5,44.13,39.72,75493,5,43.86,39.15,29317,5,43.51,41.15,31691,5,43.59,40.44
100679,2026-07-14T23:45:54.328907,whiskey,34622,5,42.98,39.04,45861,5,43.32,39.33,77693,5,43.96,38.62,50632,5,44.1,37.99,48724,5,44.15,39.65,75493,5,43.89,39.08,29459,5,43.52,41.07,31691,5,43.62,40.36
101029,2026-07-14T23:45:54.687192,whiskey,35457,5,42.99,38.97,45861,5,43.34,39.26,77693,5,44.0,38.53,51612,5,44.12,37.89,48724,6,44.17,39.56,75493,5,43.92,38.98,29459,6,43.55,40.98,32120,5,43.64,40.26
101379,2026-07-14T23:45:55.036070,whiskey,35457,6,43.0,38.91,46613,5,43.37,39.17,77693,5,44.03,38.42,51612,6,44.14,37.86,48724,6,44.19,39.51,77341,5,43.95,38.89,29459,6,43.56,40.92,32120,6,43.65,40.18
101729,2026-07-14T23:45:55.386666,whiskey,35457,6,43.01,38.84,46613,6,43.38,39.1,77693,5,44.05,38.37,51612,6,44.15,37.78,48724,6,44.21,39.43,77341,6,43.96,38.81,29459,6,43.58,40.83,32120,6,43.67,40.1
102079,2026-07-14T23:45:55.728815,whiskey,35457,6,43.02,38.78,46613,6,43.4,39.03,79355,5,44.07,38.27,51612,6,44.17,37.73,48724,6,44.22,39.37,77341,6,43.98,38.75,29459,6,43.59,40.79,32120,6,43.69,40.05
102429,2026-07-14T23:45:56.086461,whiskey,35457,6,43.03,38.72,46613,6,43.41,38.98,79355,6,44.09,38.2,51612,6,44.19,37.66,49060,6,44.24,39.3,77341,6,43.99,38.69,29337,6,43.6,40.72,32120,6,43.7,39.99
102779,2026-07-14T23:45:56.435874,whiskey,35754,6,43.04,38.69,46613,6,43.43,38.92,79355,6,44.1,38.13,51519,6,44.2,37.64,49060,7,44.49,39.29,77341,6,44.0,38.63,29337,7,43.83,40.71,32096,6,43.71,39.93
103129,2026-07-14T23:45:56.786849,whiskey,35754,7,43.28,38.68,46664,6,43.44,38.88,79355,6,44.12,38.07,51519,7,44.45,37.61,49060,7,44.7,39.25,78479,6,44.02,38.56,29337,7,44.06,40.68,32096,7,43.96,39.9
103479,2026-07-14T23:45:57.135489,whiskey,35754,7,43.47,38.64,46664,7,43.69,38.87,79355,6,44.12,38.05,51519,7,44.65,37.56,49060,7,44.84,39.16,78479,7,44.28,38.56,29337,7,44.18,40.58,32096,7,44.16,39.89
103829,2026-07-14T23:45:57.489503,whiskey,35754,7,43.58,38.74,46664,7,43.9,38.84,79800,6,44.14,37.97,51519,7,44.77,37.49,49060,7,44.92,39.07,78479,7,44.5,38.53,29337,7,44.26,40.52,32096,7,44.27,39.82
104179,2026-07-14T23:45:57.836313,whiskey,35754,7,43.64,38.25,46664,7,44.02,38.76,79800,7,44.4,37.97,51519,7,44.86,37.41,12286,7,44.98,38.96,78479,7,44.64,38.44,7085,7,44.32,40.42,32096,7,44.36,39.72
104529,2026-07-14T23:45:58.177909,whiskey,10165,7,43.7,38.42,46664,7,44.1,38.68,79800,7,44.61,37.92,16256,7,44.91,37.34,12286,8,45.03,38.86,78479,7,44.72,38.35,7085,8,44.37,40.33,8579,7,44.42,39.62
104879,2026-07-14T23:45:58.532283,whiskey,10165,8,43.75,38.28,13297,7,44.16,38.59,79800,7,44.74,37.84,16256,8,44.97,37.27,12286,8,45.08,38.75,20846,7,44.79,38.25,7085,8,44.4,40.22,8579,8,44.46,39.55
105229,2026-07-14T23:45:58.885113,whiskey,10165,8,43.78,38.21,13297,8,44.21,38.5,79800,7,44.82,37.76,16256,8,45.0,37.17,12286,8,45.11,38.69,20846,8,44.85,38.14,7085,8,44.44,40.13,8579,8,44.5,39.44
105579,2026-07-14T23:45:59.232345,whiskey,10165,8,43.8,38.14,13297,8,44.25,38.41,23898,7,44.88,37.66,16256,8,45.05,37.09,12286,8,45.14,38.59,20846,8,44.89,38.05,7085,8,44.47,40.03,8579,8,44.54,39.37
105929,2026-07-14T23:45:59.586701,whiskey,10272,8,43.82,38.08,13297,8,44.28,38.34,23898,8,44.93,37.58,16256,8,45.08,37.03,11615,8,45.16,38.51,20846,8,44.92,37.97,7225,8,44.49,39.96,8579,8,44.56,39.28
106279,2026-07-14T23:45:59.936152,whiskey,10272,9,43.84,38.01,13297,8,44.31,38.26,23898,8,44.97,37.49,16494,8,45.1,36.93,11615,9,45.2,38.43,20846,8,44.96,37.86,7225,9,44.52,39.9,8620,8,44.59,39.2
106629,2026-07-14T23:46:00.286439,whiskey,10272,9,43.87,37.95,13567,8,44.33,38.19,23898,8,45.0,37.39,16494,9,45.12,36.9,11615,9,45.22,38.37,20388,8,44.98,37.78,7225,9,44.54,39.82,8620,9,44.61,39.14
106979,2026-07-14T23:46:00.635318,whiskey,10272,9,43.88,37.91,13567,9,44.36,38.09,23898,8,45.03,37.31,16494,9,45.16,36.82,11615,9,45.24,38.29,20388,9,45.0,37.7,7225,9,44.56,39.75,8620,9,44.63,39.08
107329,2026-07-14T23:46:00.985949,whiskey,10272,9,43.9,37.85,13567,9,44.39,38.03,23725,8,45.06,37.24,16494,9,45.17,36.78,11615,9,45.25,38.23,20388,9,45.02,37.63,7225,9,44.58,39.69,8620,9,44.66,38.99
107679,2026-07-14T23:46:01.332822,whiskey,10342,9,43.91,37.81,13567,9,44.41,37.97,23725,9,45.09,37.16,16494,9,45.2,36.69,11527,9,45.28,38.17,20388,9,45.05,37.58,7284,9,44.59,39.64,8620,9,44.68,38.95
108029,2026-07-14T23:46:01.685170,whiskey,10342,0,43.93,37.76,13567,9,44.42,37.93,23725,9,45.11,37.1,16688,0,45.24,36.6,11527,0,45.29,38.12,20388,9,45.07,37.5,7284,0,44.62,39.6,8620,9,44.7,38.88
108379,2026-07-14T23:46:02.036057,whiskey,10342,0,43.94,37.74,13628,9,44.45,37.86,23725,9,45.13,37.03,16688,0,45.25,36.56,11527,0,45.31,38.06,20138,9,45.08,37.46,7284,0,44.64,39.55,8620,0,44.71,38.84
108729,2026-07-14T23:46:02.386651,whiskey,10342,0,43.96,37.69,13628,0,44.46,37.85,23725,9,45.15,36.99,16688,0,45.28,36.52,11527,0,45.33,38.02,20138,0,45.1,37.39,7284,0,44.66,39.49,8620,0,44.73,38.82
109079,2026-07-14T23:46:02.736321,whiskey,10342,0,43.97,37.65,13628,0,44.48,37.78,23778,9,45.16,36.93,16688,0,45.29,36.49,11527,0,45.34,37.98,20138,0,45.12,37.32,7284,0,44.67,39.4,8620,0,44.75,38.73
109429,2026-07-14T23:46:03.088565,whiskey,10372,0,43.99,37.62,13628,0,44.49,37.72,23778,0,45.18,36.86,16793,0,45.3,36.44,11428,0,45.36,37.93,20138,0,45.13,37.28,7294,1,44.02,39.28,8620,0,44.76,38.7
109779,2026-07-14T23:46:03.439689,whiskey,10372,1,43.32,37.52,13628,0,44.51,37.68,23778,0,45.2,36.83,16793,1,44.64,36.3,11428,1,44.66,37.79,20138,0,45.15,37.24,64630,1,43.53,39.26,8669,0,44.79,38.66
110129,2026-07-14T23:46:03.787408,whiskey,97449,1,42.84,37.48,13628,0,44.52,37.67,23778,0,45.22,36.78,186249,1,44.14,36.28,104234,1,44.14,37.77,20006,0,45.17,37.21,64630,2,43.28,39.32,8669,1,44.13,38.53
110479,2026-07-14T23:46:04.130305,whiskey,97449,2,42.61,37.57,13628,1,43.84,37.5,23778,0,45.23,36.74,186249,2,43.88,36.34,104234,2,43.87,37.9,20006,1,44.47,37.07,64630,2,43.12,39.42,83550,1,43.64,38.6
110829,2026-07-14T23:46:04.486287,whiskey,97449,2,42.48,37.68,145702,1,43.35,37.5,23752,0,45.25,36.7,186249,2,43.72,36.45,104234,2,43.59,38.11,208341,1,43.95,37.04,64630,2,43.02,39.57,83550,2,43.24,38.65
111179,2026-07-14T23:46:04.836932,whiskey,97449,2,42.4,37.82,145702,2,43.09,37.57,23752,1,44.56,36.59,186249,2,43.62,36.54,104234,2,43.5,38.25,208341,2,43.67,37.13,64630,2,42.95,39.73,83550,2,43.14,38.82
111529,2026-07-14T23:46:05.186802,whiskey,97449,2,42.35,37.96,145702,2,42.93,37.68,328415,1,44.07,36.57,186249,2,43.54,36.7,104234,2,43.44,38.44,208341,2,43.5,37.22,64630,2,42.89,39.89,83550,2,43.06,38.96
111879,2026-07-14T23:46:05.533161,whiskey,97449,2,42.31,38.1,145702,2,42.83,37.81,328415,2,43.79,36.65,186249,2,43.49,36.85,104234,2,43.39,38.59,208341,2,43.37,37.37,64630,2,42.86,40.03,83550,2,43.01,39.08
112229,2026-07-14T23:46:05.877252,whiskey,97449,2,42.28,38.24,145702,2,42.75,37.94,328415,2,43.64,36.77,186249,2,43.44,36.97,104234,2,43.36,38.72,208341,2,43.3,37.53,64630,2,42.83,40.16,83550,2,42.97,39.23
112579,2026-07-14T23:46:06.237045,whiskey,97449,2,42.25,38.34,145702,2,42.7,38.09,328415,2,43.53,36.9,186249,2,43.4,37.1,104234,2,43.32,38.89,208341,2,43.24,37.68,64630,2,42.79,40.31,83550,2,42.93,39.37
112929,2026-07-14T23:46:06.576012,whiskey,97449,2,42.23,38.48,145702,2,42.66,38.24,328415,2,43.45,37.06,186249,2,43.37,37.23,104234,2,43.3,39.02,208341,2,43.19,37.83,64630,2,42.77,40.43,83550,2,42.92,39.52
113279,2026-07-14T23:46:06.936243,whiskey,97449,2,42.21,38.59,145702,2,42.63,38.36,328415,2,43.39,37.2,186249,2,43.34,37.33,133090,2,43.27,39.14,208341,2,43.15,37.98,86428,2,42.74,40.56,83550,2,42.88,39.63
113629,2026-07-14T23:46:07.281229,whiskey,115367,2,42.2,38.72,145702,2,42.6,38.51,328415,2,43.35,37.37,186249,2,43.32,37.46,133090,3,43.26,39.27,208341,2,43.11,38.12,86428,3,42.73,40.66,103038,2,42.86,39.76
113979,2026-07-14T23:46:07.645652,whiskey,115367,3,42.18,38.78,145702,2,42.57,38.63,328415,2,43.3,37.49,186249,3,43.3,37.56,133090,3,43.23,39.37,208341,2,43.09,38.24,86428,3,42.71,40.77,103038,3,42.85,39.86
114329,2026-07-14T23:46:07.986679,whiskey,115367,3,42.17,38.87,156527,2,42.55,38.74,328415,2,43.28,37.64,186249,3,43.28,37.66,133090,3,43.21,39.47,238973,2,43.06,38.36,86428,3,42.7,40.87,103038,3,42.83,39.98
114679,2026-07-14T23:46:08.336878,whiskey,115367,3,42.16,38.95,156527,3,42.54,38.85,328415,2,43.24,37.76,186249,3,43.26,37.75,133090,3,43.2,39.57,238973,3,43.05,38.49,86428,3,42.68,40.96,103038,3,42.82,40.05
115029,2026-07-14T23:46:08.682002,whiskey,115367,3,42.15,39.03,156527,3,42.51,38.96,300910,2,43.22,37.87,186249,3,43.24,37.82,133090,3,43.18,39.65,238973,3,43.03,38.59,86428,3,42.67,41.06,103038,3,42.8,40.14
115379,2026-07-14T23:46:09.026162,whiskey,115367,3,42.14,39.11,156527,3,42.49,39.04,300910,3,43.2,37.99,186249,3,43.23,37.92,133090,3,43.18,39.74,238973,3,43.01,38.69,86428,3,42.66,41.13,103038,3,42.78,40.22
115729,2026-07-14T23:46:09.382751,whiskey,115367,3,42.13,39.17,156527,3,42.48,39.13,300910,3,43.18,38.08,186249,3,43.21,37.99,133090,3,43.16,39.82,238973,3,42.99,38.77,86428,3,42.65,41.19,103038,3,42.77,40.31
116079,2026-07-14T23:46:09.731627,whiskey,115367,3,42.12,39.23,156527,3,42.47,39.22,300910,3,43.16,38.17,186249,3,43.19,38.05,133090,3,43.14,39.89,238973,3,42.98,38.87,86428,3,42.64,41.27,103038,3,42.76,40.37
116429,2026-07-14T23:46:10.080831,whiskey,115367,3,42.11,39.29,156527,3,42.46,39.29,300910,3,43.15,38.27,186249,3,43.17,38.12,133090,3,43.13,39.97,238973,3,42.96,38.96,86428,3,42.62,41.34,103038,3,42.75,40.45
116779,2026-07-14T23:46:10.433260,whiskey,115367,3,42.09,39.35,156527,3,42.44,39.38,300910,3,43.13,38.36,186249,3,43.17,38.19,133090,3,43.12,40.02,238973,3,42.95,39.04,86428,3,42.62,41.39,103038,3,42.74,40.5
117129,2026-07-14T23:46:10.785303,whiskey,115367,3,42.09,39.38,156527,3,42.44,39.43,300910,3,43.12,38.42,186249,3,43.16,38.24,133090,3,43.11,40.09,238973,3,42.94,39.11,86428,3,42.61,41.46,103038,3,42.73,40.57
117479,2026-07-14T23:46:11.127362,whiskey,115367,3,42.08,39.44,156527,3,42.43,39.49,300910,3,43.11,38.49,186249,3,43.14,38.3,133090,3,43.1,40.15,238973,3,42.93,39.18,86428,3,42.61,41.5,103038,3,42.72,40.61
117829,2026-07-14T23:46:11.488352,whiskey,115367,3,42.07,39.47,156527,3,42.42,39.54,300910,3,43.09,38.56,186249,3,43.13,38.36,133090,3,43.09,40.2,238973,3,42.92,39.25,86428,3,42.6,41.56,103038,3,42.71,40.65
118179,2026-07-14T23:46:11.828847,whiskey,115367,3,42.06,39.5,156527,3,42.41,39.58,300910,3,43.08,38.62,186249,3,43.12,38.4,133090,3,43.08,40.25,238973,3,42.91,39.3,86428,3,42.58,41.62,103038,3,42.7,40.72
118529,2026-07-14T23:46:12.186818,whiskey,115367,3,42.05,39.54,156527,3,42.4,39.64,300910,3,43.07,38.69,186249,3,43.1,38.46,133090,3,43.07,40.3,238973,3,42.9,39.37,86428,3,42.58,41.64,103038,3,42.69,40.76
118879,2026-07-14T23:46:12.536328,whiskey,115367,3,42.04,39.58,156527,3,42.39,39.68,300910,3,43.05,38.73,186249,3,43.1,38.49,133090,3,43.07,40.33,238973,3,42.9,39.42,86428,3,42.57,41.7,103038,3,42.68,40.81
119229,2026-07-14T23:46:12.881667,whiskey,115367,3,42.04,39.62,156527,3,42.38,39.73,300910,3,43.05,38.78,186249,3,43.09,38.52,133090,3,43.05,40.39,238973,3,42.89,39.46,86428,3,42.56,41.74,103038,3,42.68,40.86
119579,2026-07-14T23:46:13.238753,whiskey,115367,3,42.03,39.66,156527,3,42.38,39.77,300910,3,43.04,38.83,186249,3,43.08,38.56,133090,3,43.04,40.43,238973,3,42.88,39.5,86428,3,42.55,41.76,103038,3,42.67,40.89
119929,2026-07-14T23:46:13.585772,whiskey,115367,3,42.02,39.7,156527,3,42.37,39.81,300910,3,43.03,38.89,186249,3,43.07,38.6,133090,3,43.05,40.46,238973,3,42.87,39.54,86428,3,42.56,41.81,103038,3,42.66,40.94
120279,2026-07-14T23:46:13.935447,whiskey,115367,3,42.01,39.73,156527,3,42.36,39.86,300910,3,43.03,38.92,186249,3,43.07,38.65,133090,3,43.04,40.49,238973,3,42.87,39.59,86428,3,42.54,41.83,103038,3,42.65,40.95
120629,2026-07-14T23:46:14.279373,whiskey,115367,3,42.01,39.74,156527,3,42.36,39.89,300910,3,43.02,38.96,186249,3,43.06,38.66,133090,3,43.04,40.54,238973,3,42.86,39.65,86428,3,42.54,41.87,103038,3,42.65,41.0
120979,2026-07-14T23:46:14.633492,whiskey,115367,3,42.0,39.79,156527,3,42.35,39.94,300910,3,43.01,38.99,186249,3,43.05,38.7,133090,3,43.03,40.57,238973,3,42.85,39.67,86428,3,42.54,41.91,103038,3,42.64,41.03
121329,2026-07-14T23:46:14.977454,whiskey,115367,3,42.0,39.8,156527,3,42.34,39.95,300910,3,43.01,39.02,186249,3,43.05,38.77,133090,3,43.03,40.6,238973,3,42.85,39.71,86428,3,42.53,41.93,103038,3,42.64,41.08
121679,2026-07-14T23:46:15.337210,whiskey,115367,3,41.99,39.83,156527,3,42.33,39.98,300910,3,43.0,39.08,186249,3,43.04,38.78,133090,3,43.02,40.63,238973,3,42.84,39.74,86428,3,42.53,41.97,103038,3,42.63,41.11
122029,2026-07-14T23:46:15.683591,whiskey,115367,3,41.99,39.86,156527,3,42.33,40.01,300910,3,42.99,39.1,186249,3,43.04,38.79,133090,3,43.01,40.67,238973,3,42.84,39.77,86428,3,42.52,42.0,103038,3,42.63,41.13
122379,2026-07-14T23:46:16.035639,whiskey,115367,3,41.97,39.88,156527,3,42.33,40.04,300910,3,42.98,39.13,186249,3,43.03,38.82,133090,3,43.01,40.7,238973,3,42.83,39.79,86428,3,42.51,42.02,103038,3,42.63,41.16
122729,2026-07-14T23:46:16.375911,whiskey,115367,3,41.97,39.89,156527,3,42.32,40.09,300910,3,42.98,39.15,186249,3,43.02,38.86,133090,3,43.0,40.72,238973,3,42.83,39.82,86428,3,42.51,42.06,103038,3,42.62,41.2
123079,2026-07-14T23:46:16.733318,whiskey,115367,3,41.97,39.91,156527,3,42.32,40.11,300910,3,42.96,39.19,186249,3,43.02,38.88,133090,3,43.0,40.75,238973,3,42.82,39.88,86428,3,42.5,42.08,103038,3,42.62,41.22
123429,2026-07-14T23:46:17.085501,whiskey,115367,3,41.97,39.95,156527,3,42.31,40.13,300910,3,42.96,39.2,186249,3,43.02,38.91,133090,3,43.0,40.78,238973,3,42.82,39.9,86428,3,42.51,42.11,103038,3,42.6,41.26
123779,2026-07-14T23:46:17.438546,whiskey,115367,3,41.95,39.97,156527,3,42.3,40.14,300910,3,42.96,39.23,186249,3,43.01,38.92,153569,3,42.99,40.79,238973,3,42.81,39.91,111814,3,42.5,42.15,103038,3,42.6,41.27
124129,2026-07-14T23:46:17.786445,whiskey,134031,3,41.95,39.99,156527,3,42.3,40.17,300910,3,42.95,39.25,197150,3,43.0,38.96,153569,4,43.44,40.89,238973,3,42.81,39.96,111814,4,42.91,42.23,121442,3,42.6,41.3
124479,2026-07-14T23:46:18.135955,whiskey,134031,4,42.39,40.07,156527,3,42.29,40.2,300910,3,42.95,39.29,197150,4,43.44,39.02,153569,4,43.77,40.91,238973,3,42.8,39.96,111814,4,43.22,42.24,121442,4,43.01,41.38
124829,2026-07-14T23:46:18.471641,whiskey,134031,4,42.69,40.07,173736,3,42.29,40.22,300910,3,42.94,39.32,197150,4,43.76,39.04,153569,4,43.95,40.85,257739,3,42.8,40.0,111814,4,43.38,42.2,121442,4,43.32,41.42
125179,2026-07-14T23:46:18.836721,whiskey,134031,4,42.84,39.99,173736,4,42.71,40.29,300910,3,42.94,39.32,197150,4,43.92,39.01,153569,4,44.05,40.74,257739,4,43.23,40.05,111814,4,43.48,42.11,121442,4,43.48,41.35
125529,2026-07-14T23:46:19.186354,whiskey,134031,4,42.91,39.91,173736,4,43.03,40.3,287964,3,42.94,39.35,197150,4,44.02,38.9,40353,4,44.12,40.64,257739,4,43.56,40.08,25122,4,43.55,42.01,121442,4,43.57,41.27
125879,2026-07-14T23:46:19.536244,whiskey,32266,4,42.96,39.81,173736,4,43.19,40.26,287964,4,43.37,39.42,45714,4,44.09,38.81,40353,5,44.17,40.52,257739,4,43.73,40.02,25122,5,43.59,41.88,28609,4,43.63,41.16
126229,2026-07-14T23:46:19.947353,whiskey,32266,5,43.0,39.71,173736,4,43.27,40.17,287964,4,43.68,39.43,45714,5,44.14,38.71,40353,5,44.21,40.4,257739,4,43.82,39.92,25122,5,43.62,41.75,28609,5,43.67,41.05
126579,2026-07-14T23:46:20.236692,whiskey,32266,5,43.03,39.61,42188,4,43.33,40.04,287964,4,43.84,39.36,45714,5,44.17,38.61,40353,5,44.25,40.3,67653,4,43.9,39.83,25122,5,43.64,41.67,28609,5,43.71,40.93
126929,2026-07-14T23:46:20.585283,whiskey,32266,5,43.05,39.52,42188,5,43.38,39.95,287964,4,43.94,39.27,45714,5,44.19,38.49,40353,5,44.28,40.22,67653,5,43.95,39.72,25122,5,43.66,41.57,28609,5,43.75,40.85
127279,2026-07-14T23:46:20.935452,whiskey,32266,5,43.06,39.44,42188,5,43.42,39.85,71448,4,44.01,39.17,45714,5,44.22,38.42,41734,5,44.29,40.09,67653,5,43.99,39.61,25452,5,43.69,41.49,28609,5,43.77,40.75
127629,2026-07-14T23:46:21.286375,whiskey,32938,5,43.08,39.36,42188,5,43.45,39.72,71448,5,44.06,39.06,46410,5,44.25,38.33,41734,6,44.31,40.04,67653,5,44.01,39.51,25452,6,43.7,41.41,28841,5,43.79,40.65
127979,2026-07-14T23:46:21.635636,whiskey,32938,6,43.1,39.27,42188,5,43.47,39.65,71448,5,44.1,38.94,46410,6,44.26,38.25,41734,6,44.33,39.95,67653,5,44.04,39.44,25452,6,43.72,41.31,28841,6,43.81,40.6
128329,2026-07-14T23:46:21.985853,whiskey,32938,6,43.1,39.19,42823,5,43.49,39.58,71448,5,44.13,38.87,46410,6,44.29,38.18,41734,6,44.34,39.88,69754,5,44.06,39.36,25452,6,43.73,41.25,28841,6,43.82,40.51
128679,2026-07-14T23:46:22.336055,whiskey,32938,6,43.11,39.13,42823,6,43.5,39.47,71448,5,44.15,38.76,46410,6,44.31,38.1,41734,6,44.36,39.81,69754,6,44.09,39.25,25452,6,43.75,41.19,28841,6,43.84,40.46
129029,2026-07-14T23:46:22.685864,whiskey,32938,6,43.12,39.07,42823,6,43.52,39.41,73101,5,44.16,38.67,46410,6,44.32,38.06,42482,6,44.37,39.74,69754,6,44.11,39.18,25406,6,43.76,41.15,28841,6,43.85,40.39
129379,2026-07-14T23:46:23.032354,whiskey,33092,6,43.13,39.0,42823,6,43.53,39.34,73101,6,44.19,38.59,46259,6,44.33,37.99,42482,7,44.64,39.72,69754,6,44.12,39.13,25406,7,44.0,41.13,28900,6,43.87,40.34
129729,2026-07-14T23:46:23.387407,whiskey,33092,7,43.37,39.02,42823,6,43.54,39.28,73101,6,44.19,38.54,46259,7,44.58,37.98,42482,7,44.85,39.68,69754,6,44.14,39.07,25406,7,44.21,41.1,28900,7,44.1,40.33
130079,2026-07-14T23:46:23.742278,whiskey,33092,7,43.56,38.96,43434,6,43.56,39.22,73101,6,44.21,38.45,46259,7,44.78,37.93,42482,7,44.98,39.61,71210,6,44.16,39.03,25406,7,44.34,41.07,28900,7,44.31,40.31
130429,2026-07-14T23:46:24.084691,whiskey,33092,7,43.67,38.9,43434,7,43.81,39.2,73101,6,44.23,38.4,46259,7,44.91,37.86,42482,7,45.07,39.57,71210,7,44.41,39.01,25406,7,44.43,41.01,28900,7,44.43,40.25
130779,2026-07-14T23:46:24.437243,whiskey,33092,7,43.75,38.81,43434,7,44.03,39.16,73605,6,44.24,38.33,46259,7,44.99,37.78,10695,7,45.13,39.48,71210,7,44.64,38.96,6522,7,44.49,40.93,28900,7,44.51,40.2
131129,2026-07-14T23:46:24.781174,whiskey,9224,7,43.78,38.74,43434,7,44.15,39.09,73605,7,44.5,38.3,14831,7,45.06,37.7,10695,8,45.17,39.4,71210,7,44.78,38.89,6522,8,44.53,40.86,7639,7,44.57,40.13
131479,2026-07-14T23:46:25.134442,whiskey,9224,8,43.82,38.64,43434,7,44.24,38.98,73605,7,44.72,38.24,14831,8,45.1,37.59,10695,8,45.23,39.29,71210,7,44.87,38.82,6522,8,44.56,40.77,7639,8,44.62,40.05
131829,2026-07-14T23:46:25.483693,whiskey,9224,8,43.86,38.41,12216,7,44.3,38.91,73605,7,44.85,38.18,14831,8,45.14,37.51,10695,8,45.26,39.21,18322,7,44.93,38.71,6522,8,44.63,40.69,7639,8,44.66,39.96
132179,2026-07-14T23:46:25.833189,whiskey,9224,8,43.88,38.53,12216,8,44.35,38.79,73605,7,44.93,38.07,14831,8,45.18,37.43,10695,8,45.28,39.13,18322,8,44.98,38.62,6661,8,44.67,40.57,7639,8,44.68,39.92
132529,2026-07-14T23:46:26.184492,whiskey,9606,8,43.92,38.34,12216,8,44.39,38.69,21390,7,44.99,37.97,14831,8,45.21,37.34,10433,8,45.32,39.04,18322,8,45.02,38.51,6661,9,44.69,40.53,7639,8,44.71,39.83
132879,2026-07-14T23:46:26.531335,whiskey,9606,9,43.94,38.28,12216,8,44.42,38.59,21390,8,45.04,37.87,15289,8,45.24,37.26,10433,9,45.34,38.9,18322,8,45.05,38.4,6661,9,44.71,40.42,7710,8,44.74,39.73
133229,2026-07-14T23:46:26.893275,whiskey,9606,9,43.97,38.24,12216,8,44.45,38.5,21390,8,45.09,37.8,15289,9,45.26,37.18,10433,9,45.36,38.85,18322,8,45.09,38.29,6661,9,44.73,40.36,7710,9,44.77,39.66
133579,2026-07-14T23:46:27.234405,whiskey,9606,9,43.98,38.2,12680,8,44.47,38.42,21390,8,45.12,37.67,15289,9,45.28,37.11,10433,9,45.4,38.66,18089,8,45.11,38.2,6661,9,44.76,40.27,7710,9,44.79,39.58
133929,2026-07-14T23:46:27.585203,whiskey,9606,9,44.0,38.12,12680,9,44.5,38.34,21390,8,45.16,37.59,15289,9,45.31,37.03,10392,9,45.43,38.61,18089,9,45.14,38.12,6644,9,44.76,40.2,7710,9,44.81,39.51
134279,2026-07-14T23:46:27.936045,whiskey,9818,9,44.02,38.09,12680,9,44.53,38.27,21694,8,45.17,37.53,15289,9,45.32,36.98,10392,0,45.44,38.51,18089,9,45.17,38.02,6644,0,44.79,40.12,7710,9,44.84,39.42
134629,2026-07-14T23:46:28.285327,whiskey,9818,0,44.03,38.03,12680,9,44.54,38.19,21694,9,45.2,37.44,15682,9,45.35,36.91,10392,0,45.45,38.45,18089,9,45.18,37.93,6644,0,44.81,40.04,7812,9,44.85,39.34
134979,2026-07-14T23:46:28.634041,whiskey,9818,0,44.04,38.01,12680,9,44.56,38.13,21694,9,45.22,37.37,15682,0,45.37,36.84,10392,0,45.47,38.39,18089,9,45.2,37.85,6644,0,44.82,39.98,7812,0,44.87,39.28
135329,2026-07-14T23:46:28.985111,whiskey,9818,0,44.06,37.96,12895,9,44.58,38.09,21694,9,45.25,37.32,15682,0,45.39,36.77,10392,0,45.49,38.31,18212,9,45.23,37.78,6644,0,44.83,39.88,7812,0,44.89,39.23
135679,2026-07-14T23:46:29.395855,whiskey,9818,0,44.08,37.93,12895,0,44.6,38.03,21694,9,45.27,37.25,15682,0,45.41,36.76,10454,0,45.51,38.24,18212,0,45.24,37.74,6686,0,44.85,39.85,7812,0,44.9,39.15
136029,2026-07-14T23:46:29.685446,whiskey,9891,0,44.1,37.91,12895,0,44.61,37.97,21872,9,45.29,37.2,15845,0,45.44,36.66,10454,1,44.82,38.11,18212,0,45.27,37.68,6686,1,44.21,39.71,7812,0,44.92,39.11
136379,2026-07-14T23:46:30.026760,whiskey,9891,1,43.43,37.79,12895,0,44.63,37.91,21872,0,45.31,37.15,15845,1,44.78,36.53,88489,1,44.28,38.06,18212,0,45.28,37.59,58594,1,43.71,39.66,7881,0,44.94,39.03
136729,2026-07-14T23:46:30.382700,whiskey,86956,1,42.95,37.76,12895,0,44.65,37.89,21872,0,45.33,37.09,167265,1,44.29,36.49,88489,2,44.02,38.15,18212,0,45.3,37.54,58594,2,43.45,39.7,7881,1,44.29,38.91
137079,2026-07-14T23:46:30.720879,whiskey,86956,2,42.72,37.84,12942,0,44.67,37.85,21872,0,45.34,37.04,167265,2,44.02,36.55,88489,2,43.84,38.24,18166,0,45.31,37.5,58594,2,43.29,39.79,72357,1,43.8,38.88
137429,2026-07-14T23:46:31.084743,whiskey,86956,2,42.59,37.94,12942,1,43.99,37.73,21872,0,45.36,37.0,167265,2,43.87,36.65,88489,2,43.73,38.4,18166,1,44.61,37.35,58594,2,43.18,39.91,72357,2,43.54,38.9
137779,2026-07-14T23:46:31.424155,whiskey,86956,2,42.52,38.08,130946,1,43.49,37.68,21828,0,45.39,36.96,167265,2,43.77,36.77,88489,2,43.65,38.53,173383,1,44.09,37.32,58594,2,43.12,40.06,72357,2,43.39,39.0
138129,2026-07-14T23:46:31.786465,whiskey,86956,2,42.46,38.21,130946,2,43.24,37.73,21828,1,44.69,36.84,167265,2,43.69,36.91,88489,2,43.6,38.67,173383,2,43.8,37.41,58594,2,43.05,40.22,72357,2,43.29,39.13
138479,2026-07-14T23:46:32.125659,whiskey,86956,2,42.42,38.33,130946,2,43.08,37.83,291654,1,44.18,36.83,167265,2,43.63,37.05,88489,2,43.55,38.82,173383,2,43.63,37.51,58594,2,43.01,40.34,72357,2,43.22,39.33
138829,2026-07-14T23:46:32.485982,whiskey,86956,2,42.4,38.48,130946,2,42.97,37.98,291654,2,43.92,36.88,167265,2,43.6,37.16,88489,2,43.52,38.99,173383,2,43.52,37.67,58594,2,42.99,40.5,72357,2,43.13,39.55
139179,2026-07-14T23:46:32.828341,whiskey,86956,2,42.37,38.59,130946,2,42.9,38.12,291654,2,43.75,37.0,167265,2,43.56,37.28,88489,2,43.48,39.12,173383,2,43.45,37.78,58594,2,42.96,40.61,72357,2,43.09,39.69
139529,2026-07-14T23:46:33.184381,whiskey,86956,2,42.35,38.71,130946,2,42.84,38.27,291654,2,43.64,37.14,167265,2,43.52,37.41,88489,2,43.46,39.25,173383,2,43.38,37.95,58594,2,42.94,40.73,72357,2,43.06,39.8
139879,2026-07-14T23:46:33.533927,whiskey,86956,2,42.33,38.83,130946,2,42.8,38.4,291654,2,43.58,37.3,167265,2,43.5,37.55,119152,2,43.43,39.36,173383,2,43.33,38.09,78842,2,42.92,40.86,72357,2,43.04,39.92
140229,2026-07-14T23:46:33.880049,whiskey,106711,2,42.32,38.93,130946,2,42.77,38.55,291654,2,43.51,37.44,171812,2,43.48,37.63,119152,3,43.41,39.49,173383,2,43.29,38.24,78842,3,42.89,40.97,91233,2,43.02,40.03
140579,2026-07-14T23:46:34.233330,whiskey,106711,3,42.32,39.02,130946,2,42.74,38.68,291654,2,43.47,37.6,171812,3,43.45,37.76,119152,3,43.4,39.58,173383,2,43.26,38.35,78842,3,42.88,41.05,91233,3,43.0,40.15
140929,2026-07-14T23:46:34.664227,whiskey,106711,3,42.29,39.1,130946,2,42.71,38.79,291654,2,43.43,37.73,171812,3,43.43,37.83,119152,3,43.38,39.71,173383,2,43.23,38.5,78842,3,42.87,41.16,91233,3,42.98,40.23
141279,2026-07-14T23:46:34.932157,whiskey,106711,3,42.29,39.16,145827,2,42.7,38.93,291654,2,43.4,37.85,171812,3,43.42,37.92,119152,3,43.36,39.8,209879,2,43.2,38.63,78842,3,42.86,41.27,91233,3,42.97,40.34
141629,2026-07-14T23:46:35.278650,whiskey,106711,3,42.27,39.25,145827,3,42.68,39.01,291654,2,43.38,38.0,171812,3,43.39,38.0,119152,3,43.34,39.9,209879,3,43.18,38.74,78842,3,42.84,41.34,91233,3,42.96,40.43
141979,2026-07-14T23:46:35.637407,whiskey,106711,3,42.27,39.32,145827,3,42.66,39.12,271690,2,43.35,38.09,171812,3,43.38,38.09,119152,3,43.34,39.97,209879,3,43.17,38.83,78842,3,42.83,41.42,91233,3,42.95,40.5
142329,2026-07-14T23:46:35.979849,whiskey,106711,3,42.26,39.37,145827,3,42.65,39.2,271690,3,43.33,38.2,171812,3,43.36,38.15,119152,3,43.32,40.06,209879,3,43.15,38.94,78842,3,42.83,41.53,91233,3,42.93,40.58
142679,2026-07-14T23:46:36.412706,whiskey,106711,3,42.25,39.41,145827,3,42.63,39.31,271690,3,43.31,38.29,171812,3,43.36,38.22,119152,3,43.31,40.13,209879,3,43.13,39.04,78842,3,42.82,41.58,91233,3,42.91,40.66
143029,2026-07-14T23:46:36.677468,whiskey,106711,3,42.23,39.48,145827,3,42.62,39.38,271690,3,43.29,38.39,171812,3,43.35,38.31,119152,3,43.3,40.21,209879,3,43.12,39.13,78842,3,42.8,41.66,91233,3,42.9,40.73
143379,2026-07-14T23:46:37.035805,whiskey,106711,3,42.23,39.53,145827,3,42.61,39.45,271690,3,43.27,38.48,171812,3,43.33,38.34,119152,3,43.29,40.26,209879,3,43.1,39.22,78842,3,42.79,41.72,91233,3,42.89,40.81
143729,2026-07-14T23:46:37.385507,whiskey,106711,3,42.22,39.59,145827,3,42.61,39.53,271690,3,43.26,38.57,171812,3,43.32,38.4,119152,3,43.29,40.35,209879,3,43.1,39.29,78842,3,42.79,41.78,91233,3,42.89,40.86
144079,2026-07-14T23:46:37.731910,whiskey,106711,3,42.21,39.63,145827,3,42.59,39.6,271690,3,43.24,38.64,171812,3,43.3,38.47,119152,3,43.28,40.41,209879,3,43.09,39.35,78842,3,42.78,41.85,91233,3,42.88,40.92
144429,2026-07-14T23:46:38.074599,whiskey,106711,3,42.2,39.66,145827,3,42.57,39.64,271690,3,43.23,38.7,171812,3,43.3,38.52,119152,3,43.27,40.44,209879,3,43.08,39.43,78842,3,42.77,41.89,91233,3,42.87,40.95
144779,2026-07-14T23:46:38.428342,whiskey,106711,3,42.2,39.69,145827,3,42.57,39.7,271690,3,43.22,38.74,171812,3,43.28,38.53,119152,3,43.25,40.51,209879,3,43.07,39.51,78842,3,42.75,41.92,91233,3,42.86,41.02
145129,2026-07-14T23:46:38.780825,whiskey,106711,3,42.18,39.71,145827,3,42.56,39.77,271690,3,43.22,38.81,171812,3,43.27,38.6,119152,3,43.25,40.54,209879,3,43.06,39.55,78842,3,42.75,42.0,91233,3,42.85,41.08
145479,2026-07-14T23:46:39.128907,whiskey,106711,3,42.18,39.76,145827,3,42.55,39.82,271690,3,43.2,38.88,171812,3,43.27,38.62,119152,3,43.24,40.6,209879,3,43.05,39.61,78842,3,42.74,42.03,91233,3,42.84,41.12
145829,2026-07-14T23:46:39.485807,whiskey,106711,3,42.17,39.79,145827,3,42.55,39.84,271690,3,43.19,38.92,171812,3,43.26,38.68,119152,3,43.23,40.65,209879,3,43.04,39.66,78842,3,42.74,42.08,91233,3,42.84,41.16
146179,2026-07-14T23:46:39.830866,whiskey,106711,3,42.17,39.82,145827,3,42.54,39.92,271690,3,43.19,38.97,171812,3,43.25,38.72,119152,3,43.23,40.7,209879,3,43.03,39.69,78842,3,42.73,42.11,91233,3,42.83,41.18
146529,2026-07-14T23:46:40.179857,whiskey,106711,3,42.16,39.85,145827,3,42.53,39.94,271690,3,43.18,39.02,171812,3,43.24,38.75,119152,3,43.23,40.71,209879,3,43.03,39.77,78842,3,42.73,42.15,91233,3,42.82,41.23
146879,2026-07-14T23:46:40.536694,whiskey,106711,3,42.15,39.88,145827,3,42.52,39.97,271690,3,43.17,39.07,171812,3,43.23,38.8,119152,3,43.21,40.76,209879,3,43.03,39.8,78842,3,42.72,42.19,91233,3,42.82,41.29
147229,2026-07-14T23:46:40.885681,whiskey,106711,3,42.15,39.9,145827,3,42.52,40.02,271690,3,43.16,39.09,171812,3,43.23,38.82,119152,3,43.21,40.8,209879,3,43.01,39.82,78842,3,42.71,42.22,91233,3,42.81,41.3
147579,2026-07-14T23:46:41.227186,whiskey,106711,3,42.15,39.94,145827,3,42.51,40.05,271690,3,43.15,39.14,171812,3,43.22,38.85,119152,3,43.2,40.83,209879,3,43.01,39.87,78842,3,42.71,42.26,91233,3,42.81,41.35
147929,2026-07-14T23:46:41.581439,whiskey,106711,3,42.14,39.96,145827,3,42.51,40.08,271690,3,43.15,39.18,171812,3,43.22,38.87,119152,3,43.2,40.85,209879,3,43.0,39.91,78842,3,42.7,42.28,91233,3,42.8,41.37
148279,2026-07-14T23:46:41.935570,whiskey,106711,3,42.13,40.01,145827,3,42.5,40.11,271690,3,43.14,39.21,171812,3,43.21,38.92,119152,3,43.19,40.88,209879,3,43.0,39.95,78842,3,42.7,42.32,91233,3,42.79,41.41
148629,2026-07-14T23:46:42.280298,whiskey,106711,3,42.13,40.02,145827,3,42.49,40.13,271690,3,43.13,39.26,171812,3,43.21,38.94,119152,3,43.19,40.91,209879,3,42.99,39.98,78842,3,42.69,42.35,91233,3,42.79,41.41
148979,2026-07-14T23:46:42.633084,whiskey,106711,3,42.13,40.05,145827,3,42.49,40.16,271690,3,43.13,39.27,171812,3,43.2,38.97,119152,3,43.18,40.92,209879,3,43.0,40.0,78842,3,42.69,42.36,91233,3,42.78,41.46
149329,2026-07-14T23:46:42.981751,whiskey,106711,3,42.11,40.05,145827,3,42.48,40.18,271690,3,43.13,39.3,171812,3,43.2,38.99,119152,3,43.18,40.94,209879,3,42.99,40.03,78842,3,42.69,42.38,91233,3,42.78,41.47
149679,2026-07-14T23:46:43.331016,whiskey,106711,3,42.11,40.08,145827,3,42.49,40.23,271690,3,43.13,39.34,171812,3,43.19,39.01,119152,3,43.17,40.95,209879,3,42.98,40.07,78842,3,42.68,42.41,91233,3,42.78,41.5
150029,2026-07-14T23:46:43.685496,whiskey,106711,3,42.1,40.11,145827,3,42.48,40.25,271690,3,43.11,39.36,171812,3,43.19,39.05,119152,3,43.18,40.99,209879,3,42.98,40.08,78842,3,42.68,42.41,91233,3,42.76,41.51
150379,2026-07-14T23:46:44.029306,whiskey,106711,3,42.1,40.11,145827,3,42.48,40.27,271690,3,43.1,39.38,171812,3,43.19,39.06,143136,3,43.17,41.02,209879,3,42.97,40.11,104810,3,42.67,42.44,91233,3,42.76,41.53
150729,2026-07-14T23:46:44.384566,whiskey,126295,3,42.1,40.15,145827,3,42.47,40.28,271690,3,43.1,39.41,183446,3,43.18,39.1,143136,4,43.62,41.09,209879,3,42.96,40.13,104810,4,43.09,42.53,112182,3,42.76,41.56
151079,2026-07-14T23:46:44.730583,whiskey,126295,4,42.53,40.22,145827,3,42.47,40.31,271690,3,43.09,39.44,183446,4,43.61,39.17,143136,4,43.96,41.13,209879,3,42.97,40.15,104810,4,43.4,42.55,112182,4,43.18,41.65
151429,2026-07-14T23:46:45.077550,whiskey,126295,4,42.84,40.21,145827,3,42.46,40.34,271690,3,43.1,39.46,183446,4,43.93,39.17,143136,4,44.13,41.03,209879,3,42.96,40.17,104810,4,43.56,42.48,112182,4,43.49,41.67
151779,2026-07-14T23:46:45.434260,whiskey,126295,4,42.98,40.18,165964,3,42.46,40.35,271690,3,43.08,39.49,183446,4,44.1,39.12,143136,4,44.24,40.95,238973,3,42.96,40.17,104810,4,43.65,42.4,112182,4,43.65,41.59
152129,2026-07-14T23:46:45.787426,whiskey,126295,4,43.07,40.07,165964,4,42.88,40.43,271690,3,43.08,39.51,183446,4,44.19,39.04,37514,4,44.3,40.81,238973,4,43.4,40.27,23607,4,43.71,42.25,112182,4,43.75,41.49
152479,2026-07-14T23:46:46.135142,whiskey,30865,4,43.11,39.97,165964,4,43.2,40.45,267852,3,43.08,39.52,43700,4,44.26,38.93,37514,5,44.35,40.7,238973,4,43.72,40.26,23607,5,43.75,42.17,26479,4,43.81,41.41
152829,2026-07-14T23:46:46.485027,whiskey,30865,5,43.15,39.86,165964,4,43.35,40.39,267852,4,43.52,39.61,43700,5,44.31,38.83,37514,5,44.39,40.59,238973,4,43.89,40.21,23607,5,43.79,42.03,26479,5,43.86,41.28
153179,2026-07-14T23:46:46.835182,whiskey,30865,5,43.17,39.77,165964,4,43.44,40.29,267852,4,43.83,39.61,43700,5,44.34,38.73,37514,5,44.43,40.49,238973,4,44.0,40.12,23607,5,43.82,41.94,26479,5,43.89,41.2
153529,2026-07-14T23:46:47.180595,whiskey,30865,5,43.2,39.68,40699,4,43.51,40.2,267852,4,44.0,39.54,43700,5,44.37,38.62,37514,5,44.45,40.4,62181,4,44.07,40.09,23607,5,43.85,41.9,26479,5,43.92,41.08
153879,2026-07-14T23:46:47.534738,whiskey,30865,5,43.21,39.6,40699,5,43.55,40.09,267852,4,44.1,39.44,43700,5,44.4,38.55,38917,5,44.48,40.29,62181,5,44.13,39.88,24019,6,43.88,41.64,26479,5,43.94,40.99
154229,2026-07-14T23:46:47.884893,whiskey,31527,5,43.23,39.52,40699,5,43.59,39.98,67173,4,44.15,39.36,44153,5,44.43,38.45,38917,6,44.5,40.21,62181,5,44.16,39.91,24019,6,43.89,41.58,26964,5,43.95,40.88
154579,2026-07-14T23:46:48.234866,whiskey,31527,6,43.25,39.44,40699,5,43.61,39.89,67173,5,44.21,39.22,44153,6,44.44,38.37,38917,6,44.51,40.14,62181,5,44.23,39.62,24019,6,43.91,41.51,26964,6,43.98,40.8
154929,2026-07-14T23:46:48.693498,whiskey,31527,6,43.26,39.37,40699,5,43.64,39.78,67173,5,44.24,39.12,44153,6,44.47,38.3,38917,6,44.53,40.05,64630,5,44.23,39.52,24019,6,43.92,41.44,26964,6,43.99,40.75
155279,2026-07-14T23:46:48.935427,whiskey,31527,6,43.26,39.3,41210,5,43.66,39.7,67173,5,44.27,39.03,44153,6,44.49,38.23,38917,6,44.55,39.95,64630,6,44.26,39.44,24141,6,43.94,41.38,26964,6,44.0,40.67
155629,2026-07-14T23:46:49.284846,whiskey,31527,6,43.28,39.24,41210,6,43.67,39.63,67173,5,44.3,38.95,44153,6,44.49,38.17,39825,6,44.56,39.73,64630,6,44.28,39.36,24141,7,44.19,41.37,26964,6,44.02,40.62
155979,2026-07-14T23:46:49.633836,whiskey,31667,6,43.28,39.19,41210,6,43.69,39.52,68798,5,44.32,38.82,43880,6,44.51,38.1,39825,7,44.81,40.0,64630,6,44.29,39.27,24141,7,44.39,41.29,27015,6,44.03,40.54
156329,2026-07-14T23:46:49.985666,whiskey,31667,7,43.52,39.17,41210,6,43.71,39.46,68798,6,44.34,38.74,43880,7,44.74,38.07,39825,7,45.15,39.72,64630,6,44.31,39.21,24141,7,44.51,41.24,27015,7,44.27,40.51
156679,2026-07-14T23:46:50.334819,whiskey,31667,7,43.71,39.14,41210,6,43.73,39.4,68798,6,44.35,38.69,43880,7,44.95,38.06,39825,7,45.25,39.65,65826,6,44.32,39.16,24141,7,44.59,41.15,27015,7,44.48,40.48
157029,2026-07-14T23:46:50.685835,whiskey,31667,7,43.82,39.04,41450,6,43.74,39.34,68798,6,44.37,38.62,43880,7,45.08,37.97,9855,7,45.31,39.52,65826,7,44.59,39.14,5882,7,44.67,41.04,27015,7,44.6,40.38
157379,2026-07-14T23:46:51.034713,whiskey,31667,7,43.89,39.0,41450,7,43.99,39.32,68798,6,44.39,38.55,43880,7,45.16,37.87,9855,8,45.37,39.43,65826,7,44.81,39.08,5882,8,44.72,40.97,27015,7,44.69,40.33
157729,2026-07-14T23:46:51.380047,whiskey,8946,7,43.94,38.9,41450,7,44.2,39.26,69414,6,44.4,38.49,14143,7,45.23,37.81,9855,8,45.4,39.33,65826,7,44.95,38.99,5882,8,44.76,40.87,7100,7,44.75,40.22
158079,2026-07-14T23:46:51.735418,whiskey,8946,8,43.97,38.82,41450,7,44.33,39.19,69414,7,44.67,38.49,14143,8,45.28,37.73,9855,8,45.43,39.22,65826,7,45.04,38.9,5882,8,44.79,40.79,7100,8,44.8,40.13
158429,2026-07-14T23:46:52.083119,whiskey,8946,8,44.0,38.75,41450,7,44.43,39.11,69414,7,44.88,38.44,14143,8,45.31,37.61,9855,8,45.46,39.13,17130,7,45.1,38.79,5882,8,44.82,40.7,7100,8,44.83,40.02
158779,2026-07-14T23:46:52.434392,whiskey,8946,8,44.04,38.66,11453,7,44.48,39.01,69414,7,45.01,38.35,14143,8,45.35,37.53,9738,8,45.49,39.05,17130,8,45.16,38.68,6087,8,44.84,40.6,7100,8,44.87,39.94
159129,2026-07-14T23:46:52.780813,whiskey,8946,8,44.05,38.58,11453,8,44.53,38.93,69414,7,45.1,38.24,14143,8,45.38,37.44,9738,9,45.52,38.97,17130,8,45.21,38.59,6087,9,44.87,40.53,7100,8,44.89,39.87
159479,2026-07-14T23:46:53.134367,whiskey,9137,8,44.08,38.65,11453,8,44.56,38.84,20291,7,45.16,38.14,14558,8,45.4,37.38,9738,9,45.54,38.88,17130,8,45.24,38.48,6087,9,44.89,40.47,7254,8,44.92,39.77
159829,2026-07-14T23:46:53.477186,whiskey,9137,9,44.1,38.42,11453,8,44.6,38.69,20291,8,45.21,38.05,14558,9,45.43,37.3,9738,9,45.56,38.82,17130,8,45.27,38.39,6087,9,44.91,40.37,7254,9,44.94,39.68
160179,2026-07-14T23:46:53.834611,whiskey,9137,9,44.11,38.43,11453,8,44.63,38.55,20291,8,45.25,37.96,14558,9,45.46,37.23,9738,9,45.59,38.74,16980,8,45.3,38.29,6087,9,44.94,40.33,7254,9,44.96,39.61
160529,2026-07-14T23:46:54.184286,whiskey,9137,9,44.15,38.31,12003,8,44.65,38.44,20291,8,45.29,37.86,14558,9,45.48,37.17,9773,9,45.6,38.7,16980,9,45.32,38.2,6203,9,44.95,40.26,7254,9,44.99,39.58
160879,2026-07-14T23:46:54.529890,whiskey,9337,9,44.16,38.25,12003,9,44.68,38.54,20291,8,45.32,37.77,14558,9,45.51,37.13,9773,0,45.63,38.64,16980,9,45.35,38.15,6203,0,44.96,40.21,7254,9,45.02,39.49
161229,2026-07-14T23:46:54.883635,whiskey,9337,0,44.19,38.19,12003,9,44.69,38.55,20427,8,45.34,37.71,14873,9,45.53,37.05,9773,0,45.65,38.59,16980,9,45.37,38.07,6203,0,44.98,40.15,7374,9,45.04,39.45
161579,2026-07-14T23:46:55.232127,whiskey,9337,0,44.2,38.17,12003,9,44.72,38.36,20427,9,45.38,37.63,14873,0,45.55,37.0,9773,0,45.66,38.53,16980,9,45.39,37.99,6203,0,45.0,40.11,7374,0,45.05,39.39
161929,2026-07-14T23:46:55.583428,whiskey,9337,0,44.22,38.12,12216,9,44.76,38.22,20427,9,45.4,37.56,14873,0,45.57,36.96,9773,0,45.67,38.47,16967,9,45.41,37.94,6203,0,45.01,40.06,7374,0,45.07,39.32
162279,2026-07-14T23:46:55.937652,whiskey,9337,0,44.24,38.09,12216,0,44.78,38.21,20427,9,45.42,37.48,14873,0,45.57,36.9,9791,0,45.7,38.43,16967,0,45.43,37.89,6273,0,45.03,40.02,7374,0,45.09,39.28
162629,2026-07-14T23:46:56.281259,whiskey,9321,0,44.25,38.06,12216,0,44.8,38.15,20427,9,45.44,37.43,14873,0,45.6,36.86,9791,1,45.0,38.3,16967,0,45.45,37.83,6273,1,44.38,39.89,7374,0,45.11,39.24
162979,2026-07-14T23:46:56.630309,whiskey,9321,1,43.58,37.95,12216,0,44.81,38.08,20447,9,45.46,37.35,14946,0,45.62,36.82,80025,1,44.48,38.29,16967,0,45.47,37.77,53758,1,43.89,39.88,7400,0,45.12,39.2
163329,2026-07-14T23:46:56.984321,whiskey,78914,1,43.11,37.9,12216,0,44.82,38.05,20447,0,45.48,37.3,14946,1,44.95,36.69,80025,2,44.2,38.38,16967,0,45.48,37.76,53758,2,43.62,39.98,7400,1,44.48,39.11
163679,2026-07-14T23:46:57.328729,whiskey,78914,2,42.88,37.97,12293,0,44.84,38.0,20447,0,45.5,37.25,152744,1,44.47,36.7,80025,2,44.04,38.55,16926,0,45.51,37.72,53758,2,43.48,40.13,66286,1,43.98,39.1
164029,2026-07-14T23:46:57.673502,whiskey,78914,2,42.75,38.08,12293,1,44.16,37.87,20447,0,45.52,37.18,152744,2,44.2,36.68,80025,2,43.93,38.7,16926,1,44.8,37.61,53758,2,43.37,40.31,66286,2,43.73,39.21
164379,2026-07-14T23:46:58.023136,whiskey,78914,2,42.68,38.2,119570,1,43.66,37.83,20447,0,45.54,37.14,152744,2,43.95,36.97,80025,2,43.85,38.88,151524,1,44.27,37.6,53758,2,43.29,40.51,66286,2,43.57,39.34
164729,2026-07-14T23:46:58.384801,whiskey,78914,2,42.62,38.36,119570,2,43.41,37.91,20369,0,45.55,37.12,152744,2,43.87,37.1,80025,2,43.79,39.04,151524,2,43.99,37.67,53758,2,43.24,40.68,66286,2,43.48,39.48
165079,2026-07-14T23:46:58.729918,whiskey,78914,2,42.59,38.48,119570,2,43.25,38.01,20369,1,44.86,36.98,152744,2,43.82,37.21,80025,2,43.73,39.2,151524,2,43.82,37.8,53758,2,43.2,40.84,66286,2,43.4,39.66
165429,2026-07-14T23:46:59.085364,whiskey,78914,2,42.56,38.62,119570,2,43.16,38.14,257351,1,44.35,36.97,152744,2,43.78,37.34,80025,2,43.71,39.37,151524,2,43.7,37.94,53758,2,43.17,40.97,66286,2,43.35,39.82
165779,2026-07-14T23:46:59.430129,whiskey,78914,2,42.53,38.73,119570,2,43.08,38.29,257351,2,44.08,37.03,152744,2,43.75,37.46,80025,2,43.67,39.51,151524,2,43.63,38.07,53758,2,43.15,41.1,66286,2,43.31,39.96
166129,2026-07-14T23:46:59.780060,whiskey,78914,2,42.52,38.84,119570,2,43.02,38.42,257351,2,43.92,37.15,152744,2,43.71,37.6,80025,2,43.64,39.61,151524,2,43.57,38.23,53758,2,43.13,41.22,66286,2,43.28,40.08
166479,2026-07-14T23:47:00.131741,whiskey,78914,2,42.5,38.99,119570,2,42.98,38.56,257351,2,43.82,37.31,152744,2,43.68,37.69,111014,2,43.62,39.72,151524,2,43.51,38.36,74635,2,43.1,41.35,66286,2,43.25,40.22
166829,2026-07-14T23:47:00.486497,whiskey,99902,2,42.49,39.07,119570,2,42.95,38.69,257351,2,43.74,37.45,159750,2,43.66,37.78,111014,3,43.61,39.81,151524,2,43.47,38.52,74635,3,43.08,41.41,66286,2,43.22,40.24
167179,2026-07-14T23:47:00.830132,whiskey,99902,3,42.48,39.18,119570,2,42.92,38.83,257351,2,43.68,37.59,159750,3,43.64,37.89,111014,3,43.59,39.92,151524,2,43.44,38.62,74635,3,43.07,41.49,85819,3,43.19,40.5
167529,2026-07-14T23:47:01.176158,whiskey,99902,3,42.47,39.25,119570,2,42.9,38.93,257351,2,43.63,37.75,159750,3,43.63,37.98,111014,3,43.57,39.99,151524,2,43.41,38.74,74635,3,43.06,41.58,85819,3,43.17,40.6
167879,2026-07-14T23:47:01.525018,whiskey,99902,3,42.45,39.33,136496,2,42.88,39.06,257351,2,43.59,37.9,159750,3,43.61,38.07,111014,3,43.55,40.04,191509,2,43.39,38.86,74635,3,43.04,41.62,85819,3,43.16,40.68
168229,2026-07-14T23:47:01.881095,whiskey,99902,3,42.45,39.39,136496,3,42.86,39.16,257351,2,43.56,38.02,159750,3,43.59,38.14,111014,3,43.54,40.13,191509,3,43.37,38.94,74635,3,43.02,41.69,85819,3,43.14,40.73
168579,2026-07-14T23:47:02.224915,whiskey,99902,3,42.44,39.47,136496,3,42.84,39.27,257351,2,43.54,38.14,159750,3,43.56,38.21,111014,3,43.52,40.19,191509,3,43.35,39.04,74635,3,43.02,41.76,85819,3,43.13,40.78
168929,2026-07-14T23:47:02.585418,whiskey,99902,3,42.43,39.52,136496,3,42.83,39.34,249634,2,43.51,38.26,159750,3,43.55,38.26,111014,3,43.51,40.26,191509,3,43.34,39.14,74635,3,43.01,41.8,85819,3,43.12,40.86
169279,2026-07-14T23:47:02.935099,whiskey,99902,3,42.42,39.57,136496,3,42.81,39.42,249634,3,43.5,38.36,159750,3,43.54,38.33,111014,3,43.49,40.31,191509,3,43.32,39.22,74635,3,43.0,41.84,85819,3,43.1,40.92
169629,2026-07-14T23:47:03.280906,whiskey,99902,3,42.41,39.62,136496,3,42.8,39.5,249634,3,43.49,38.45,159750,3,43.53,38.41,111014,3,43.49,40.37,191509,3,43.31,39.3,74635,3,42.99,41.9,85819,3,43.09,40.98
169979,2026-07-14T23:47:03.631018,whiskey,99902,3,42.4,39.66,136496,3,42.79,39.58,249634,3,43.46,38.54,159750,3,43.51,38.45,111014,3,43.48,40.41,191509,3,43.29,39.38,74635,3,42.98,41.95,85819,3,43.08,41.01
170329,2026-07-14T23:47:03.981156,whiskey,99902,3,42.4,39.7,136496,3,42.78,39.65,249634,3,43.45,38.6,159750,3,43.5,38.49,111014,3,43.47,40.46,191509,3,43.29,39.44,74635,3,42.98,42.0,85819,3,43.07,41.09
170679,2026-07-14T23:47:04.334124,whiskey,99902,3,42.39,39.76,136496,3,42.77,39.7,249634,3,43.44,38.72,159750,3,43.49,38.54,111014,3,43.47,40.53,191509,3,43.27,39.51,74635,3,42.97,42.05,85819,3,43.06,41.12
171029,2026-07-14T23:47:04.679320,whiskey,99902,3,42.37,39.81,136496,3,42.76,39.76,249634,3,43.42,38.79,159750,3,43.49,38.62,111014,3,43.46,40.58,191509,3,43.26,39.57,74635,3,42.95,42.07,85819,3,43.06,41.15
171379,2026-07-14T23:47:05.033556,whiskey,99902,3,42.37,39.84,136496,3,42.76,39.81,249634,3,43.41,38.84,159750,3,43.48,38.65,111014,3,43.45,40.61,191509,3,43.26,39.63,74635,3,42.96,42.13,85819,3,43.05,41.21
171729,2026-07-14T23:47:05.384646,whiskey,99902,3,42.36,39.86,136496,3,42.74,39.88,249634,3,43.4,38.9,159750,3,43.46,38.68,111014,3,43.44,40.67,191509,3,43.25,39.71,74635,3,42.95,42.17,85819,3,43.04,41.25
172079,2026-07-14T23:47:05.734537,whiskey,99902,3,42.35,39.9,136496,3,42.74,39.9,249634,3,43.39,38.97,159750,3,43.46,38.71,111014,3,43.44,40.69,191509,3,43.24,39.73,74635,3,42.94,42.2,85819,3,43.03,41.28
172429,2026-07-14T23:47:06.076436,whiskey,99902,3,42.34,39.92,136496,3,42.73,39.95,249634,3,43.38,39.01,159750,3,43.46,38.76,111014,3,43.43,40.74,191509,3,43.22,39.8,74635,3,42.93,42.24,85819,3,43.03,41.32
172779,2026-07-14T23:47:06.434525,whiskey,99902,3,42.33,39.94,136496,3,42.72,40.0,249634,3,43.37,39.06,159750,3,43.44,38.81,111014,3,43.43,40.78,191509,3,43.22,39.84,74635,3,42.93,42.28,85819,3,43.01,41.36
173129,2026-07-14T23:47:06.784845,whiskey,99902,3,42.33,39.97,136496,3,42.72,40.02,249634,3,43.36,39.1,159750,3,43.43,38.81,111014,3,43.42,40.83,191509,3,43.22,39.88,74635,3,42.92,42.32,85819,3,43.02,41.4
173479,2026-07-14T23:47:07.127971,whiskey,99902,3,42.33,40.01,136496,3,42.71,40.07,249634,3,43.35,39.17,159750,3,43.43,38.85,111014,3,43.42,40.86,191509,3,43.21,39.92,74635,3,42.92,42.37,85819,3,43.01,41.42
173829,2026-07-14T23:47:07.484019,whiskey,99902,3,42.32,40.05,136496,3,42.7,40.11,249634,3,43.36,39.2,159750,3,43.42,38.9,111014,3,43.41,40.88,191509,3,43.2,39.97,74635,3,42.91,42.38,85819,3,43.0,41.46
174179,2026-07-14T23:47:07.827997,whiskey,99902,3,42.31,40.05,136496,3,42.69,40.13,249634,3,43.34,39.21,159750,3,43.41,38.92,111014,3,43.4,40.92,191509,3,43.2,39.98,74635,3,42.91,42.42,85819,3,43.0,41.51
174529,2026-07-14T23:47:08.184720,whiskey,99902,3,42.31,40.07,136496,3,42.69,40.16,249634,3,43.34,39.26,159750,3,43.41,38.96,111014,3,43.4,40.97,191509,3,43.19,40.04,74635,3,42.9,42.45,85819,3,42.99,41.54
174879,2026-07-14T23:47:08.536190,whiskey,99902,3,42.3,40.1,136496,3,42.68,40.2,249634,3,43.33,39.29,159750,3,43.4,38.97,111014,3,43.4,40.98,191509,3,43.19,40.05,74635,3,42.9,42.47,85819,3,42.99,41.54
175229,2026-07-14T23:47:08.884420,whiskey,99902,3,42.3,40.11,136496,3,42.68,40.21,249634,3,43.33,39.34,159750,3,43.4,39.01,111014,3,43.39,41.03,191509,3,43.18,40.08,74635,3,42.89,42.51,85819,3,42.97,41.6
175579,2026-07-14T23:47:09.220218,whiskey,99902,3,42.3,40.13,136496,3,42.67,40.24,249634,3,43.31,39.34,159750,3,43.39,39.04,111014,3,43.39,41.04,191509,3,43.18,40.11,74635,3,42.89,42.69,85819,3,42.97,41.63
175929,2026-07-14T23:47:09.584710,whiskey,99902,3,42.29,40.15,136496,3,42.67,40.28,249634,3,43.3,39.39,159750,3,43.39,39.06,111014,3,43.38,41.05,191509,3,43.17,40.14,74635,3,42.88,42.59,85819,3,42.97,41.63
176279,2026-07-14T23:47:09.934542,whiskey,99902,3,42.29,40.16,136496,3,42.66,40.28,249634,3,43.3,39.43,159750,3,43.38,39.07,111014,3,43.38,41.09,191509,3,43.17,40.19,74635,3,42.88,42.63,85819,3,42.97,41.66
176629,2026-07-14T23:47:10.285435,whiskey,99902,3,42.28,40.19,136496,3,42.66,40.3,249634,3,43.28,39.44,159750,3,43.38,39.08,111014,3,43.37,41.12,191509,3,43.17,40.22,98803,3,42.87,42.65,85819,3,42.96,41.7
176979,2026-07-14T23:47:10.628026,whiskey,99902,3,42.28,40.2,136496,3,42.66,40.32,249634,3,43.29,39.47,159750,3,43.38,39.1,137486,3,43.37,41.13,191509,3,43.16,40.21,98803,4,43.28,42.71,85819,3,42.96,41.72
177329,2026-07-14T23:47:10.983500,whiskey,121097,3,42.28,40.23,136496,3,42.65,40.34,249634,3,43.28,39.48,174090,3,43.37,39.13,137486,4,43.81,41.21,191509,3,43.16,40.25,98803,4,43.6,42.72,106711,3,42.95,41.76
177679,2026-07-14T23:47:11.334850,whiskey,121097,4,42.71,40.28,136496,3,42.65,40.38,249634,3,43.28,39.51,174090,4,43.8,39.2,137486,4,44.15,41.22,191509,3,43.16,40.28,98803,4,43.75,42.68,106711,4,43.38,41.8
178029,2026-07-14T23:47:11.684869,whiskey,121097,4,43.02,40.3,136496,3,42.65,40.39,249634,3,43.27,39.54,174090,4,44.13,39.21,137486,4,44.33,41.31,191509,3,43.15,40.3,98803,4,43.84,42.58,106711,4,43.69,41.83
178379,2026-07-14T23:47:12.030651,whiskey,121097,4,43.16,40.23,158563,3,42.65,40.41,249634,3,43.27,39.55,174090,4,44.29,39.15,35844,4,44.51,40.95,218197,3,43.15,40.32,22401,4,43.91,42.45,106711,4,43.85,41.77
178729,2026-07-14T23:47:12.373701,whiskey,121097,4,43.25,40.13,158563,4,43.07,40.48,249634,3,43.27,39.57,174090,4,44.39,39.08,35844,5,44.57,40.86,218197,4,43.6,40.38,22401,5,43.96,42.34,106711,4,43.94,41.67
179079,2026-07-14T23:47:12.729477,whiskey,29809,4,43.29,40.03,158563,4,43.38,40.48,249634,3,43.26,39.6,42105,4,44.46,38.95,35844,5,44.6,40.72,218197,4,43.92,40.41,22401,5,43.98,42.24,25498,4,44.0,41.56
179429,2026-07-14T23:47:13.079280,whiskey,29809,5,43.33,39.95,158563,4,43.54,40.42,250000,3,43.26,39.61,42105,5,44.51,38.85,35844,5,44.63,40.63,218197,4,44.09,40.33,22401,5,44.02,42.14,25498,5,44.05,41.47
179779,2026-07-14T23:47:13.433031,whiskey,29809,5,43.36,39.81,158563,4,43.64,40.33,250000,4,43.7,39.69,42105,5,44.54,38.75,35844,5,44.66,40.52,218197,4,44.19,40.25,22401,5,44.05,42.05,25498,5,44.08,41.36
180129,2026-07-14T23:47:13.784663,whiskey,29809,5,43.39,39.73,39348,4,43.7,40.22,250000,4,44.02,39.68,42105,5,44.57,38.66,37155,5,44.69,40.42,58877,4,44.27,40.15,22711,5,44.06,41.95,25498,5,44.11,41.26
180479,2026-07-14T23:47:14.133899,whiskey,29809,5,43.39,39.63,39348,5,43.74,40.09,250000,4,44.18,39.6,42105,5,44.6,38.55,37155,6,44.7,40.32,58877,5,44.32,40.05,22711,6,44.08,41.86,25498,5,44.14,41.15
180829,2026-07-14T23:47:14.481902,whiskey,30295,5,43.42,39.54,39348,5,43.78,40.01,250000,4,44.27,39.51,42230,5,44.61,38.47,37155,6,44.71,40.25,58877,5,44.36,39.94,22711,6,44.1,41.79,25822,5,44.15,41.07
181179,2026-07-14T23:47:14.831631,whiskey,30295,6,43.42,39.46,39348,5,43.81,39.91,63570,4,44.35,39.4,42230,6,44.63,38.4,37155,6,44.74,40.19,58877,5,44.39,39.82,22711,6,44.11,41.73,25822,6,44.17,41.0
181529,2026-07-14T23:47:15.179328,whiskey,30295,6,43.43,39.41,39348,5,43.83,39.79,63570,5,44.4,39.27,42230,6,44.65,38.33,37155,6,44.75,40.12,58877,5,44.42,39.75,22711,6,44.13,41.66,25822,6,44.19,40.94
181879,2026-07-14T23:47:15.534944,whiskey,30295,6,43.44,39.32,39937,5,43.85,39.7,63570,5,44.43,39.18,42230,6,44.66,38.26,37982,6,44.77,40.05,60981,5,44.44,39.65,22930,6,44.13,41.62,25822,6,44.21,40.85
182229,2026-07-14T23:47:15.883830,whiskey,30295,6,43.45,39.26,39937,6,43.87,39.63,63570,5,44.46,39.07,42230,6,44.68,38.18,37982,7,45.01,40.01,60981,6,44.46,39.57,22930,7,44.38,41.6,25822,6,44.22,40.78
182579,2026-07-14T23:47:16.242015,whiskey,30468,6,43.46,39.22,39937,6,43.88,39.55,63570,5,44.49,38.97,42188,6,44.7,38.14,37982,7,45.24,39.98,60981,6,44.48,39.48,22930,7,44.59,41.56,26106,6,44.24,40.72
182929,2026-07-14T23:47:16.577959,whiskey,30468,7,43.7,39.2,39937,6,43.9,39.46,64925,5,44.52,38.87,42188,7,44.94,38.1,37982,7,45.37,39.89,60981,6,44.49,39.41,22930,7,44.72,41.48,26106,7,44.48,40.71
183279,2026-07-14T23:47:16.921493,whiskey,30468,7,43.89,39.15,39937,6,43.92,39.41,64925,6,44.52,38.8,42188,7,45.15,38.05,37982,7,45.45,39.78,60981,6,44.51,39.35,22930,7,44.81,41.39,26106,7,44.68,40.65
183629,2026-07-14T23:47:17.283183,whiskey,30468,7,44.0,39.08,40163,6,43.93,39.34,64925,6,44.55,38.7,42188,7,45.27,38.0,9470,7,45.52,39.7,62775,6,44.52,39.29,5724,7,44.86,41.31,26106,7,44.8,40.6
183979,2026-07-14T23:47:17.640951,whiskey,30468,7,44.07,39.0,40163,7,44.18,39.32,64925,6,44.57,38.64,42188,7,45.35,37.89,9470,8,45.55,39.59,62775,7,44.79,39.28,5724,8,44.9,41.21,26106,7,44.89,40.49
184329,2026-07-14T23:47:17.969475,whiskey,8805,7,44.12,38.91,40163,7,44.4,39.29,64925,6,44.58,38.6,13751,7,45.42,37.83,9470,8,45.6,39.5,62775,7,45.02,39.19,5724,8,44.94,41.11,6831,7,44.94,40.41
184679,2026-07-14T23:47:18.336957,whiskey,8805,8,44.15,38.84,40163,7,44.53,39.2,65372,6,44.6,38.52,13751,8,45.47,37.71,9470,8,45.64,39.39,62775,7,45.15,39.11,5724,8,44.97,41.01,6831,8,44.99,40.33
185029,2026-07-14T23:47:18.681807,whiskey,8805,8,44.19,38.75,40163,7,44.61,39.1,65372,7,44.86,38.51,13751,8,45.5,37.64,9470,8,45.67,39.28,62775,7,45.25,39.02,5724,8,45.01,40.91,6831,8,45.04,40.22
185379,2026-07-14T23:47:19.025039,whiskey,8805,8,44.2,38.68,11247,7,44.67,39.02,65372,7,45.08,38.44,13751,8,45.55,37.54,9386,8,45.69,39.19,16182,7,45.3,38.91,5918,8,45.03,40.84,6831,8,45.07,40.15
185729,2026-07-14T23:47:19.379627,whiskey,8805,8,44.23,38.62,11247,8,44.72,38.9,65372,7,45.21,38.4,13751,8,45.57,37.47,9386,9,45.72,39.1,16182,8,45.36,38.81,5918,9,45.06,40.75,6831,8,45.09,40.03
186079,2026-07-14T23:47:19.732586,whiskey,9067,8,44.25,38.55,11247,8,44.75,38.83,65372,7,45.3,38.28,14285,8,45.59,37.39,9386,9,45.74,39.02,16182,8,45.41,38.69,5918,9,45.07,40.67,7029,8,45.12,39.97
186429,2026-07-14T23:47:20.082960,whiskey,9067,9,44.27,38.47,11247,8,44.78,38.74,19547,7,45.36,38.17,14285,9,45.62,37.34,9386,9,45.77,38.93,16182,8,45.45,38.59,5918,9,45.09,40.6,7029,9,45.15,39.87
186779,2026-07-14T23:47:20.429189,whiskey,9067,9,44.29,38.43,11247,8,44.82,38.65,19547,8,45.41,38.08,14285,9,45.64,37.27,9386,9,45.79,38.86,16182,8,45.48,38.51,5918,9,45.12,40.53,7029,9,45.17,39.81
187129,2026-07-14T23:47:20.780506,whiskey,9067,9,44.31,38.36,11653,8,44.85,38.57,19547,8,45.46,37.98,14285,9,45.68,37.2,9428,9,45.81,38.8,16157,8,45.5,38.38,6032,9,45.14,40.44,7029,9,45.19,39.71
187479,2026-07-14T23:47:21.132013,whiskey,9067,9,44.34,38.32,11653,9,44.87,38.5,19547,8,45.48,37.9,14285,9,45.7,37.11,9428,0,45.83,38.73,16157,9,45.53,38.3,6032,0,45.16,40.39,7029,9,45.2,39.66
187829,2026-07-14T23:47:21.483512,whiskey,9256,9,44.35,38.31,11653,9,44.89,38.44,19547,8,45.51,37.82,14578,9,45.72,37.08,9428,0,45.86,38.7,16157,9,45.55,38.22,6032,0,45.17,40.32,7142,9,45.23,39.6
188179,2026-07-14T23:47:21.832030,whiskey,9256,0,44.37,38.44,11653,9,44.91,38.38,19838,8,45.55,37.72,14578,0,45.74,37.04,9428,0,45.87,38.62,16157,9,45.58,38.17,6032,0,45.19,40.29,7142,0,45.25,39.53
188529,2026-07-14T23:47:22.184045,whiskey,9256,0,44.38,38.19,11653,9,44.93,38.3,19838,9,45.57,37.64,14578,0,45.76,36.98,9428,0,45.88,38.58,16157,9,45.6,38.09,6032,0,45.21,40.24,7142,0,45.27,39.49
188879,2026-07-14T23:47:22.530595,whiskey,9256,0,44.41,38.12,12125,9,44.95,38.25,19838,9,45.59,37.58,14578,0,45.77,36.91,9470,0,45.9,38.52,16305,9,45.61,38.03,6143,0,45.23,40.17,7142,0,45.28,39.42
189229,2026-07-14T23:47:22.882903,whiskey,9378,0,44.43,38.07,12125,0,44.96,38.18,19838,9,45.61,37.51,14578,0,45.8,36.89,9470,1,45.21,38.4,16305,0,45.64,37.96,6143,1,44.58,40.06,7142,0,45.3,39.37
189579,2026-07-14T23:47:23.233794,whiskey,9378,1,43.76,37.96,12125,0,44.99,38.13,19838,9,45.64,37.45,14780,0,45.81,36.84,75227,1,44.68,38.36,16305,0,45.65,37.92,51488,1,44.08,40.02,7249,0,45.32,39.33
189929,2026-07-14T23:47:23.585307,whiskey,78842,1,43.28,37.92,12125,0,45.01,38.08,20043,9,45.65,37.38,14780,1,45.15,36.73,75227,2,44.39,38.43,16305,0,45.67,37.85,51488,2,43.81,40.07,7249,1,44.66,39.2
190279,2026-07-14T23:47:23.934065,whiskey,78842,2,43.05,38.01,12125,0,45.03,38.05,20043,0,45.68,37.34,148362,1,44.66,36.69,75227,2,44.23,38.56,16305,0,45.69,37.8,51488,2,43.66,40.17,63288,1,44.17,39.16
190629,2026-07-14T23:47:24.276377,whiskey,78842,2,42.93,38.11,12300,0,45.04,38.01,20043,0,45.69,37.27,148362,2,44.39,36.73,75227,2,44.12,38.69,16318,0,45.7,37.75,51488,2,43.56,40.32,63288,2,43.92,39.2
190979,2026-07-14T23:47:24.633048,whiskey,78842,2,42.85,38.25,12300,1,44.36,37.87,20043,0,45.71,37.23,148362,2,44.23,36.85,75227,2,44.04,38.84,16318,1,45.0,37.62,51488,2,43.49,40.45,63288,2,43.77,39.32
191329,2026-07-14T23:47:24.975053,whiskey,78842,2,42.8,38.39,118821,1,43.86,37.86,20043,0,45.73,37.19,148362,2,44.12,36.95,75227,2,43.98,38.98,143136,1,44.46,37.58,51488,2,43.43,40.61,63288,2,43.66,39.46
191679,2026-07-14T23:47:25.335953,whiskey,78842,2,42.77,38.55,118821,2,43.59,37.89,20195,0,45.74,37.14,148362,2,44.06,37.12,75227,2,43.94,39.15,143136,2,44.18,37.67,51488,2,43.39,40.75,63288,2,43.59,39.59
192029,2026-07-14T23:47:25.669504,whiskey,78842,2,42.74,38.68,118821,2,43.44,38.01,20195,1,45.04,37.02,148362,2,44.01,37.29,75227,2,43.9,39.29,143136,2,44.0,37.76,51488,2,43.35,40.89,63288,2,43.52,39.75
192379,2026-07-14T23:47:26.034024,whiskey,78842,2,42.72,38.78,118821,2,43.34,38.15,250550,1,44.54,36.99,148362,2,43.93,37.47,75227,2,43.87,39.42,143136,2,43.9,37.91,51488,2,43.33,41.02,63288,2,43.49,39.88
192729,2026-07-14T23:47:26.382248,whiskey,78842,2,42.71,38.89,118821,2,43.26,38.29,250550,2,44.27,37.05,148362,2,43.91,37.58,75227,2,43.84,39.55,143136,2,43.81,38.07,51488,2,43.31,41.15,63288,2,43.46,40.01
193079,2026-07-14T23:47:26.734986,whiskey,78842,2,42.7,39.0,118821,2,43.21,38.43,250550,2,44.11,37.17,148362,2,43.88,37.7,104939,2,43.82,39.68,143136,2,43.75,38.21,71448,2,43.29,41.27,63288,2,43.43,40.15
193429,2026-07-14T23:47:27.083872,whiskey,98348,2,42.68,39.11,118821,2,43.16,38.57,250550,2,44.01,37.33,155670,2,43.87,37.8,104939,3,43.8,39.77,143136,2,43.71,38.35,71448,3,43.27,41.37,63288,2,43.41,40.27
193779,2026-07-14T23:47:27.433687,whiskey,98348,3,42.67,39.19,118821,2,43.13,38.7,250550,2,43.93,37.47,155670,3,43.84,37.9,104939,3,43.78,39.9,143136,2,43.67,38.5,71448,3,43.26,41.48,82500,2,43.39,40.38
194129,2026-07-14T23:47:27.784461,whiskey,98348,3,42.65,39.27,118821,2,43.1,38.84,250550,2,43.86,37.61,155670,3,43.83,37.98,104939,3,43.77,39.98,143136,2,43.64,38.65,71448,3,43.24,41.56,82500,3,43.37,40.47
194479,2026-07-14T23:47:28.126837,whiskey,98348,3,42.65,39.36,118821,2,43.08,38.95,250550,2,43.82,37.77,155670,3,43.81,38.08,104939,3,43.75,40.11,143136,2,43.61,38.77,71448,3,43.22,41.67,82500,3,43.35,40.6
194829,2026-07-14T23:47:28.476623,whiskey,98348,3,42.64,39.43,134347,2,43.05,39.06,250550,2,43.79,37.91,155670,3,43.79,38.16,104939,3,43.73,40.17,177716,2,43.59,38.89,71448,3,43.22,41.74,82500,3,43.34,40.68
195179,2026-07-14T23:47:28.831056,whiskey,98348,3,42.63,39.48,134347,3,43.04,39.15,250550,2,43.75,38.04,155670,3,43.77,38.22,104939,3,43.72,40.25,177716,3,43.57,39.01,71448,3,43.2,41.82,82500,3,43.32,40.75
195529,2026-07-14T23:47:29.180071,whiskey,98348,3,42.62,39.54,134347,3,43.02,39.26,250550,2,43.73,38.16,155670,3,43.76,38.28,104939,3,43.71,40.33,177716,3,43.54,39.11,71448,3,43.19,41.9,82500,3,43.3,40.92
195879,2026-07-14T23:47:29.530378,whiskey,98348,3,42.61,39.58,134347,3,42.99,39.34,241851,2,43.7,38.28,155670,3,43.75,38.35,104939,3,43.7,40.38,177716,3,43.53,39.22,71448,3,43.18,41.96,82500,3,43.28,40.99
196229,2026-07-14T23:47:29.878386,whiskey,98348,3,42.6,39.65,134347,3,42.99,39.42,241851,3,43.68,38.37,155670,3,43.73,38.43,104939,3,43.68,40.46,177716,3,43.52,39.3,71448,3,43.17,42.03,82500,3,43.27,41.06
196579,2026-07-14T23:47:30.233425,whiskey,98348,3,42.59,39.69,134347,3,42.98,39.51,241851,3,43.66,38.47,155670,3,43.71,38.44,104939,3,43.68,40.55,177716,3,43.5,39.4,71448,3,43.17,42.08,82500,3,43.27,41.14
196929,2026-07-14T23:47:30.583771,whiskey,98348,3,42.59,39.72,134347,3,42.96,39.57,241851,3,43.65,38.59,155670,3,43.7,38.5,104939,3,43.67,40.58,177716,3,43.49,39.47,71448,3,43.16,42.15,82500,3,43.26,41.18
197279,2026-07-14T23:47:30.933501,whiskey,98348,3,42.58,39.76,134347,3,42.96,39.62,241851,3,43.63,38.64,155670,3,43.69,38.56,104939,3,43.66,40.65,177716,3,43.48,39.53,71448,3,43.16,42.27,82500,3,43.25,41.25
197629,2026-07-14T23:47:31.284530,whiskey,98348,3,42.57,39.81,134347,3,42.94,39.7,241851,3,43.62,38.73,155670,3,43.68,38.61,104939,3,43.66,40.7,177716,3,43.48,39.63,71448,3,43.13,42.29,82500,3,43.25,41.28
197979,2026-07-14T23:47:31.633492,whiskey,98348,3,42.57,39.84,134347,3,42.93,39.75,241851,3,43.61,38.81,155670,3,43.67,38.63,104939,3,43.65,40.75,177716,3,43.46,39.67,71448,3,43.13,42.33,82500,3,43.24,41.34
198329,2026-07-14T23:47:31.981174,whiskey,98348,3,42.55,39.89,134347,3,42.93,39.78,241851,3,43.6,38.87,155670,3,43.66,38.68,104939,3,43.64,40.78,177716,3,43.45,39.75,71448,3,43.12,42.39,82500,3,43.24,41.39
198679,2026-07-14T23:47:32.333795,whiskey,98348,3,42.54,39.92,134347,3,42.91,39.87,241851,3,43.59,38.92,155670,3,43.65,38.73,104939,3,43.63,40.81,177716,3,43.45,39.8,71448,3,43.11,42.41,82500,3,43.22,41.42
199029,2026-07-14T23:47:32.686100,whiskey,98348,3,42.54,39.94,134347,3,42.91,39.9,241851,3,43.57,38.99,155670,3,43.64,38.76,104939,3,43.63,40.84,177716,3,43.43,39.84,71448,3,43.11,42.44,82500,3,43.21,41.46
199379,2026-07-14T23:47:33.033859,whiskey,98348,3,42.53,39.96,134347,3,42.9,39.93,241851,3,43.56,39.04,155670,3,43.64,38.8,104939,3,43.62,40.88,177716,3,43.43,39.88,71448,3,43.09,42.48,82500,3,43.21,41.5
199729,2026-07-14T23:47:33.383379,whiskey,98348,3,42.52,39.99,134347,3,42.89,39.98,241851,3,43.56,39.08,155670,3,43.63,38.84,104939,3,43.61,40.9,177716,3,43.42,39.94,71448,3,43.1,42.53,82500,3,43.2,41.54
200079,2026-07-14T23:47:33.729679,whiskey,98348,3,42.52,40.02,134347,3,42.89,40.01,241851,3,43.55,39.11,155670,3,43.62,38.87,104939,3,43.61,40.96,177716,3,43.41,39.98,71448,3,43.09,42.55,82500,3,43.19,41.57
200429,2026-07-14T23:47:34.084677,whiskey,98348,3,42.51,40.02,134347,3,42.88,40.07,241851,3,43.54,39.18,155670,3,43.62,38.89,104939,3,43.6,41.01,177716,3,43.41,40.01,71448,3,43.09,42.58,82500,3,43.19,41.6
200779,2026-07-14T23:47:34.433355,whiskey,98348,3,42.51,40.08,134347,3,42.87,40.08,241851,3,43.53,39.22,155670,3,43.61,38.92,104939,3,43.6,41.05,177716,3,43.4,40.03,71448,3,43.09,42.62,82500,3,43.19,41.64
201129,2026-07-14T23:47:34.774741,whiskey,98348,3,42.5,40.08,134347,3,42.87,40.11,241851,3,43.52,39.27,155670,3,43.61,38.94,104939,3,43.6,41.06,177716,3,43.4,40.08,71448,3,43.08,42.64,82500,3,43.18,41.67
201479,2026-07-14T23:47:35.133573,whiskey,98348,3,42.5,40.09,134347,3,42.86,40.14,241851,3,43.52,39.28,155670,3,43.59,38.96,104939,3,43.59,41.09,177716,3,43.39,40.12,71448,3,43.07,42.7,82500,3,43.17,41.7
201829,2026-07-14T23:47:35.479750,whiskey,98348,3,42.49,40.13,134347,3,42.86,40.17,241851,3,43.51,39.31,155670,3,43.59,38.99,104939,3,43.58,41.11,177716,3,43.39,40.16,71448,3,43.06,42.72,82500,3,43.17,41.72
202179,2026-07-14T23:47:35.834585,whiskey,98348,3,42.48,40.14,134347,3,42.86,40.19,241851,3,43.51,39.35,155670,3,43.59,39.01,104939,3,43.57,41.14,177716,3,43.37,40.18,71448,3,43.06,42.74,82500,3,43.16,41.75
202529,2026-07-14T23:47:36.178642,whiskey,98348,3,42.48,40.15,134347,3,42.85,40.22,241851,3,43.51,39.38,155670,3,43.58,39.02,104939,3,43.57,41.16,177716,3,43.37,40.2,71448,3,43.06,42.77,82500,3,43.16,41.79
202879,2026-07-14T23:47:36.521561,whiskey,98348,3,42.47,40.17,134347,3,42.85,40.22,241851,3,43.5,39.41,155670,3,43.58,39.03,104939,3,43.56,41.16,177716,3,43.37,40.23,71448,3,43.05,42.78,82500,3,43.16,41.78
203229,2026-07-14T23:47:36.882692,whiskey,98348,3,42.47,40.19,134347,3,42.84,40.22,241851,3,43.5,39.43,155670,3,43.58,39.07,129358,3,43.56,41.19,177716,3,43.37,40.25,96567,3,43.05,42.8,82500,3,43.15,41.82
203579,2026-07-14T23:47:37.230636,whiskey,98348,3,42.48,40.23,134347,3,42.84,40.26,241851,3,43.49,39.44,155670,3,43.56,39.06,129358,4,44.03,41.27,177716,3,43.36,40.26,96567,4,43.46,42.88,82500,3,43.15,41.84
203929,2026-07-14T23:47:37.583773,whiskey,120159,3,42.46,40.21,134347,3,42.83,40.27,241851,3,43.49,39.48,170951,3,43.56,39.09,129358,4,44.36,41.27,177716,3,43.36,40.29,96567,4,43.78,42.9,103413,3,43.15,41.89
204279,2026-07-14T23:47:37.921267,whiskey,120159,4,42.9,40.3,134347,3,42.83,40.29,241851,3,43.49,39.5,170951,4,44.0,39.16,129358,4,44.53,41.22,177716,3,43.36,40.31,96567,4,43.93,42.84,103413,4,43.56,41.95
204629,2026-07-14T23:47:38.282525,whiskey,120159,4,43.21,40.29,134347,3,42.83,40.31,241851,3,43.47,39.5,170951,4,44.32,39.14,129358,4,44.64,41.1,177716,3,43.35,40.34,96567,4,44.03,42.75,103413,4,43.88,41.97
204979,2026-07-14T23:47:38.623456,whiskey,120159,4,43.35,40.22,134347,3,42.82,40.32,241851,3,43.47,39.53,170951,4,44.49,39.11,34820,4,44.7,40.98,177716,3,43.35,40.33,22214,4,44.1,42.62,103413,4,44.03,41.91
205329,2026-07-14T23:47:38.980659,whiskey,120159,4,43.44,40.14,157829,3,42.82,40.33,241851,3,43.47,39.54,170951,4,44.59,39.01,34820,5,44.76,40.85,206451,3,43.36,40.37,22214,5,44.14,42.5,103413,4,44.12,41.81
205679,2026-07-14T23:47:39.333366,whiskey,29725,4,43.49,40.02,157829,4,43.26,40.4,241851,3,43.47,39.57,41571,4,44.65,38.89,34820,5,44.8,40.69,206451,4,43.8,40.4,22214,5,44.18,42.36,25048,4,44.19,41.69
206029,2026-07-14T23:47:39.679648,whiskey,29725,5,43.51,39.92,157829,4,43.57,40.42,241851,3,43.46,39.58,41571,5,44.69,38.78,34820,5,44.82,40.57,206451,4,44.13,40.43,22214,5,44.2,42.26,25048,5,44.24,41.54
206379,2026-07-14T23:47:40.031497,whiskey,29725,5,43.54,39.82,157829,4,43.72,40.32,245328,3,43.47,39.59,41571,5,44.73,38.67,34820,5,44.85,40.44,206451,4,44.29,40.35,22214,5,44.23,42.13,25048,5,44.27,41.44
206729,2026-07-14T23:47:40.382045,whiskey,29725,5,43.56,39.71,157829,4,43.81,40.22,245328,4,43.9,39.66,41571,5,44.76,38.56,36425,5,44.88,40.34,206451,4,44.39,40.25,22638,5,44.25,42.02,25048,5,44.29,41.32
207079,2026-07-14T23:47:40.727153,whiskey,29725,5,43.58,39.64,39384,4,43.88,40.13,245328,4,44.21,39.66,41571,5,44.78,38.46,36425,6,44.89,40.22,57028,4,44.47,40.14,22638,6,44.26,41.91,25048,5,44.33,41.19
207429,2026-07-14T23:47:41.080509,whiskey,30338,5,43.6,39.56,39384,5,43.93,40.0,245328,4,44.38,39.6,41939,5,44.8,38.36,36425,6,44.91,40.15,57028,5,44.52,40.0,22638,6,44.28,41.82,25528,5,44.35,41.1
207779,2026-07-14T23:47:41.432106,whiskey,30338,6,43.61,39.47,39384,5,43.96,39.88,245328,4,44.48,39.49,41939,6,44.82,38.29,36425,6,44.92,40.06,57028,5,44.56,39.89,22638,6,44.29,41.72,25528,6,44.37,41.0
208129,2026-07-14T23:47:41.768765,whiskey,30338,6,43.62,39.39,39384,5,43.98,39.8,62000,4,44.55,39.37,41939,6,44.83,38.2,36425,6,44.94,39.98,57028,5,44.59,39.77,22638,6,44.3,41.65,25528,6,44.38,40.92
208479,2026-07-14T23:47:42.132149,whiskey,30338,6,43.62,39.34,39384,5,44.01,39.71,62000,5,44.59,39.25,41939,6,44.85,38.12,37187,6,44.96,39.88,57028,5,44.61,39.6,22783,6,44.32,41.56,25528,6,44.39,40.82
208829,2026-07-14T23:47:42.483800,whiskey,30338,6,43.64,39.28,40276,5,44.03,39.59,62000,5,44.64,39.14,41939,6,44.87,38.07,37187,7,45.22,39.82,59204,5,44.63,39.52,22783,7,44.55,41.51,25528,6,44.42,40.76
209179,2026-07-14T23:47:42.830623,whiskey,30512,6,43.65,39.23,40276,6,44.04,39.53,62000,5,44.67,39.05,41816,6,44.88,37.99,37187,7,45.43,39.79,59204,6,44.66,39.52,22783,7,44.77,41.47,25682,6,44.43,40.67
209529,2026-07-14T23:47:43.173842,whiskey,30512,7,43.89,39.2,40276,6,44.06,39.42,62000,5,44.7,38.95,41816,7,45.13,37.97,37187,7,45.56,39.67,59204,6,44.69,39.31,22783,7,44.9,41.37,25682,7,44.66,40.65
209879,2026-07-14T23:47:43.533263,whiskey,30512,7,44.08,39.15,40276,6,44.07,39.36,63476,5,44.72,38.86,41816,7,45.33,37.92,37187,7,45.63,39.58,59204,6,44.71,39.22,22783,7,44.98,41.27,25682,7,44.87,40.59
210229,2026-07-14T23:47:43.876168,whiskey,30512,7,44.19,39.11,40276,6,44.09,39.3,63476,6,44.74,38.76,41816,7,45.46,37.87,9313,7,45.71,39.47,61156,6,44.74,39.13,5743,7,45.04,41.17,25682,7,44.99,40.54
210579,2026-07-14T23:47:44.232003,whiskey,30512,7,44.25,39.02,40544,6,44.1,39.22,63476,6,44.76,38.69,41816,7,45.54,37.8,9313,8,45.76,39.33,61156,7,44.99,39.12,5743,8,45.08,41.06,25682,7,45.08,40.42
210929,2026-07-14T23:47:44.574262,whiskey,8871,7,44.31,38.94,40544,7,44.36,39.19,63476,6,44.77,38.6,13725,7,45.61,37.7,9313,8,45.8,39.24,61156,7,45.22,39.04,5743,8,45.12,40.95,6796,7,45.14,40.31
211279,2026-07-14T23:47:44.927509,whiskey,8871,8,44.34,38.85,40544,7,44.58,39.17,63476,6,44.79,38.56,13725,8,45.66,37.6,9313,8,45.83,39.13,61156,7,45.36,38.95,5743,8,45.16,40.84,6796,8,45.19,40.2
211629,2026-07-14T23:47:45.282378,whiskey,8871,8,44.37,38.76,40544,7,44.71,39.09,64679,6,44.8,38.48,13725,8,45.69,37.51,9313,8,45.87,39.04,61156,7,45.45,38.84,5743,8,45.2,40.77,6796,8,45.23,40.1
211979,2026-07-14T23:47:45.632304,whiskey,8871,8,44.39,38.67,40544,7,44.79,38.99,64679,7,45.07,38.45,13725,8,45.73,37.42,9305,8,45.9,38.96,15751,7,45.52,38.73,6015,8,45.22,40.67,6796,8,45.26,40.0
212329,2026-07-14T23:47:45.970410,whiskey,8871,8,44.41,38.6,11416,7,44.85,38.89,64679,7,45.29,38.41,13725,8,45.76,37.35,9305,9,45.92,38.87,15751,8,45.58,38.62,6015,9,45.24,40.59,6796,8,45.28,39.93
212679,2026-07-14T23:47:46.331100,whiskey,9161,8,44.44,38.55,11416,8,44.9,38.8,64679,7,45.42,38.32,14314,8,45.78,37.27,9305,9,45.95,38.78,15751,8,45.61,38.52,6015,9,45.26,40.53,7029,8,45.31,39.82
213029,2026-07-14T23:47:46.667969,whiskey,9161,9,44.45,38.48,11416,8,44.94,38.72,64679,7,45.5,38.22,14314,9,45.81,37.2,9305,9,45.97,38.7,15751,8,45.65,38.42,6015,9,45.29,40.42,7029,9,45.34,39.74
213379,2026-07-14T23:47:47.032839,whiskey,9161,9,44.47,38.42,11416,8,44.97,38.63,19370,7,45.57,38.13,14314,9,45.84,37.13,9305,9,45.99,38.64,15751,8,45.68,38.35,6015,9,45.32,40.36,7029,9,45.36,39.66
213729,2026-07-14T23:47:47.374427,whiskey,9161,9,44.5,38.37,11416,8,45.0,38.53,19370,8,45.62,38.03,14314,9,45.86,37.07,9378,9,46.01,38.58,15857,8,45.71,38.24,6182,9,45.33,40.31,7029,9,45.38,39.59
214079,2026-07-14T23:47:47.731238,whiskey,9161,9,44.52,38.32,12016,8,45.03,38.47,19370,8,45.65,37.92,14314,9,45.89,37.01,9378,0,46.03,38.53,15857,9,45.73,38.17,6182,0,45.35,40.25,7029,9,45.39,39.52
214429,2026-07-14T23:47:48.245414,whiskey,9288,9,44.53,38.25,12016,9,45.05,38.36,19370,8,45.69,37.84,14648,9,45.9,36.95,9378,0,46.05,38.46,15857,9,45.76,38.09,6182,0,45.36,40.18,7162,9,45.42,39.47
214779,2026-07-14T23:47:48.441428,whiskey,9288,0,44.56,38.21,12016,9,45.07,38.31,19370,8,45.72,37.75,14648,0,45.93,36.91,9378,0,46.06,38.4,15857,9,45.79,38.01,6182,0,45.38,40.13,7162,0,45.44,39.4
215129,2026-07-14T23:47:48.783202,whiskey,9288,0,44.56,38.16,12016,9,45.1,38.24,19565,8,45.75,37.66,14648,0,45.94,36.84,9378,0,46.08,38.36,15857,9,45.81,37.95,6182,0,45.41,40.1,7162,0,45.47,39.35
215479,2026-07-14T23:47:49.122401,whiskey,9288,0,44.59,38.13,12016,9,45.12,38.18,19565,9,45.77,37.59,14648,0,45.96,36.79,9470,0,46.09,38.32,15940,9,45.82,37.86,6299,0,45.42,40.04,7162,0,45.48,39.32
215829,2026-07-14T23:47:49.481684,whiskey,9288,0,44.61,38.07,12300,9,45.13,38.1,19565,9,45.79,37.5,14648,0,45.98,36.77,9470,1,45.4,38.19,15940,0,45.85,37.8,6299,1,44.77,39.9,7162,0,45.5,39.26
216179,2026-07-14T23:47:49.829023,whiskey,9461,0,44.61,38.05,12300,0,45.16,38.06,19565,9,45.81,37.44,14862,0,46.01,36.72,74181,1,44.87,38.15,15940,0,45.87,37.76,52566,1,44.26,39.88,7274,0,45.51,39.22
216529,2026-07-14T23:47:50.170945,whiskey,9461,1,43.94,37.83,12300,0,45.17,37.99,19565,9,45.85,37.36,14862,1,45.33,36.57,74181,2,44.6,38.23,15940,0,45.88,37.71,52566,2,44.0,39.94,7274,1,44.86,39.1
216879,2026-07-14T23:47:50.528458,whiskey,79207,1,43.47,37.84,12300,0,45.19,37.96,19765,9,45.87,37.3,148105,1,44.83,36.55,74181,2,44.43,38.34,15940,0,45.9,37.66,52566,2,43.84,40.05,63241,1,44.36,39.07
217229,2026-07-14T23:47:50.882433,whiskey,79207,2,43.1,38.07,12300,0,45.2,37.9,19765,0,45.88,37.23,148105,2,44.57,36.59,74181,2,44.32,38.47,15964,0,45.9,37.61,52566,2,43.75,40.2,63241,2,44.11,39.13
217579,2026-07-14T23:47:51.233104,whiskey,79207,2,43.03,38.19,12553,0,45.22,37.84,19765,0,45.9,37.17,148105,2,44.41,36.68,74181,2,44.23,38.63,15964,1,45.21,37.47,52566,2,43.67,40.35,63241,2,43.96,39.23
217929,2026-07-14T23:47:51.583327,whiskey,79207,2,42.98,38.32,12553,1,44.54,37.71,19765,0,45.91,37.12,148105,2,44.31,36.81,74181,2,44.18,38.79,138378,1,44.67,37.46,52566,2,43.62,40.51,63241,2,43.85,39.36
218279,2026-07-14T23:47:51.923754,whiskey,79207,2,42.94,38.45,121615,1,44.03,37.67,19765,0,45.93,37.09,148105,2,44.24,36.94,74181,2,44.13,38.95,138378,2,44.38,37.52,52566,2,43.58,40.66,63241,2,43.78,39.49
218629,2026-07-14T23:47:52.279183,whiskey,79207,2,42.92,38.57,121615,2,43.77,37.71,20062,0,45.95,37.03,148105,2,44.18,37.05,74181,2,44.1,39.08,138378,2,44.22,37.63,52566,2,43.55,40.8,63241,2,43.73,39.65
218979,2026-07-14T23:47:52.632730,whiskey,79207,2,42.9,38.68,121615,2,43.61,37.84,20062,1,45.24,36.88,148105,2,44.14,37.18,74181,2,44.07,39.22,138378,2,44.1,37.77,52566,2,43.52,40.94,63241,2,43.68,39.8
219329,2026-07-14T23:47:52.982724,whiskey,79207,2,42.88,38.8,121615,2,43.5,37.92,244449,1,44.73,36.87,148105,2,44.11,37.3,74181,2,44.05,39.37,138378,2,44.01,37.9,72295,2,43.47,41.16,63241,2,43.66,39.93
219679,2026-07-14T23:47:53.328187,whiskey,79207,2,42.87,38.9,121615,2,43.43,38.07,244449,2,44.46,36.93,148105,2,44.09,37.42,104043,2,44.02,39.46,138378,2,43.96,38.05,72295,3,43.47,41.28,63241,2,43.63,40.03
220029,2026-07-14T23:47:53.683898,whiskey,98121,2,42.85,38.98,121615,2,43.38,38.2,244449,2,44.3,37.03,148105,2,44.06,37.49,104043,3,44.0,39.56,138378,2,43.91,38.19,72295,3,43.45,41.36,63241,2,43.6,40.18
220379,2026-07-14T23:47:54.032887,whiskey,98121,3,42.85,39.06,121615,2,43.34,38.33,244449,2,44.19,37.18,154542,3,44.03,37.68,104043,3,43.99,39.67,138378,2,43.86,38.33,72295,3,43.43,41.47,82341,2,43.58,40.29
220729,2026-07-14T23:47:54.382563,whiskey,98121,3,42.84,39.14,121615,2,43.3,38.47,244449,2,44.12,37.34,154542,3,44.01,37.75,104043,3,43.97,39.77,138378,2,43.83,38.47,72295,3,43.42,41.53,82341,3,43.56,40.39
221079,2026-07-14T23:47:54.732654,whiskey,98121,3,42.83,39.21,121615,2,43.28,38.59,244449,2,44.06,37.48,154542,3,44.0,37.82,104043,3,43.95,39.84,138378,2,43.8,38.57,72295,3,43.41,41.62,82341,3,43.54,40.47
221429,2026-07-14T23:47:55.082740,whiskey,98121,3,42.81,39.28,121615,2,43.26,38.7,244449,2,44.01,37.6,154542,3,43.98,37.89,104043,3,43.95,39.9,172856,2,43.78,38.68,72295,3,43.4,41.69,82341,3,43.52,40.56
221779,2026-07-14T23:47:55.429258,whiskey,98121,3,42.8,39.34,135953,2,43.23,38.79,244449,2,43.97,37.75,154542,3,43.96,37.97,104043,3,43.93,39.98,172856,3,43.76,38.79,72295,3,43.38,41.76,82341,3,43.52,40.62
222129,2026-07-14T23:47:55.781801,whiskey,98121,3,42.79,39.4,135953,3,43.21,38.89,244449,2,43.94,37.87,154542,3,43.95,38.02,104043,3,43.92,39.9,172856,3,43.74,38.88,72295,3,43.37,41.77,82341,3,43.5,40.71
222479,2026-07-14T23:47:56.126987,whiskey,98121,3,42.79,39.45,135953,3,43.2,38.96,244449,2,43.91,37.99,154542,3,43.93,38.06,104043,3,43.89,40.13,172856,3,43.73,38.97,72295,3,43.36,41.82,82341,3,43.49,40.78
222829,2026-07-14T23:47:56.479586,whiskey,98121,3,42.78,39.52,135953,3,43.18,39.02,235999,2,43.9,38.1,154542,3,43.92,38.12,104043,3,43.88,40.15,172856,3,43.71,39.04,72295,3,43.35,41.86,82341,3,43.48,40.81
223179,2026-07-14T23:47:56.823516,whiskey,98121,3,42.77,39.55,135953,3,43.17,39.19,235999,3,43.86,38.22,154542,3,43.91,38.19,104043,3,43.87,40.2,172856,3,43.69,39.12,72295,3,43.34,41.9,82341,3,43.47,40.87
223529,2026-07-14T23:47:57.183017,whiskey,98121,3,42.76,39.6,135953,3,43.14,39.14,235999,3,43.85,38.31,154542,3,43.9,38.25,104043,3,43.86,40.22,172856,3,43.69,39.2,72295,3,43.33,41.93,82341,3,43.46,40.87
223879,2026-07-14T23:47:57.533040,whiskey,98121,3,42.75,39.64,135953,3,43.14,39.27,235999,3,43.83,38.41,154542,3,43.88,38.29,104043,3,43.86,40.26,172856,3,43.68,39.24,72295,3,43.33,41.93,82341,3,43.45,40.98
224229,2026-07-14T23:47:57.883355,whiskey,98121,3,42.75,39.71,135953,3,43.13,39.36,235999,3,43.82,38.48,154542,3,43.87,38.31,104043,3,43.85,40.3,172856,3,43.67,39.32,72295,3,43.32,41.97,82341,3,43.43,41.02
224579,2026-07-14T23:47:58.233677,whiskey,98121,3,42.74,39.73,135953,3,43.11,39.48,235999,3,43.81,38.56,154542,3,43.87,38.37,104043,3,43.84,40.32,172856,3,43.66,39.37,72295,3,43.31,42.01,82341,3,43.42,41.05
224929,2026-07-14T23:47:58.580390,whiskey,98121,3,42.73,39.74,135953,3,43.1,39.54,235999,3,43.8,38.64,154542,3,43.86,38.4,104043,3,43.83,40.36,172856,3,43.66,39.43,72295,3,43.31,42.02,82341,3,43.42,41.07
225279,2026-07-14T23:47:58.918815,whiskey,98121,3,42.72,39.8,135953,3,43.1,39.6,235999,3,43.79,38.7,154542,3,43.85,38.45,104043,3,43.82,40.39,172856,3,43.64,39.48,72295,3,43.31,42.06,82341,3,43.41,41.15
225629,2026-07-14T23:47:59.274040,whiskey,98121,3,42.72,39.82,135953,3,43.09,39.63,235999,3,43.77,38.77,154542,3,43.84,38.47,104043,3,43.82,40.42,172856,3,43.64,39.51,72295,3,43.3,42.08,82341,3,43.41,41.15
225979,2026-07-14T23:47:59.630246,whiskey,98121,3,42.71,39.84,135953,3,43.08,39.68,235999,3,43.76,38.82,154542,3,43.82,38.52,104043,3,43.81,40.46,172856,3,43.63,39.55,72295,3,43.29,42.11,82341,3,43.4,41.18
226329,2026-07-14T23:47:59.982737,whiskey,98121,3,42.7,39.88,135953,3,43.07,39.73,235999,3,43.76,38.86,154542,3,43.82,38.56,104043,3,43.81,40.48,172856,3,43.62,39.59,72295,3,43.3,42.15,82341,3,43.39,41.19
226679,2026-07-14T23:48:00.318817,whiskey,98121,3,42.7,39.91,135953,3,43.06,39.76,235999,3,43.74,38.92,154542,3,43.81,38.59,104043,3,43.8,40.51,172856,3,43.62,39.63,72295,3,43.29,42.16,82341,3,43.39,41.24
227029,2026-07-14T23:48:00.678658,whiskey,98121,3,42.69,39.94,135953,3,43.05,39.8,235999,3,43.74,38.99,154542,3,43.81,38.61,104043,3,43.8,40.53,172856,3,43.61,39.67,72295,3,43.28,42.18,82341,3,43.38,41.26
227379,2026-07-14T23:48:01.033633,whiskey,98121,3,42.69,39.95,135953,3,43.05,39.84,235999,3,43.73,39.02,154542,3,43.8,38.64,104043,3,43.79,40.55,172856,3,43.6,39.7,72295,3,43.28,42.21,82341,3,43.38,41.31
227729,2026-07-14T23:48:01.369566,whiskey,98121,3,42.69,39.96,135953,3,43.04,39.9,235999,3,43.72,39.05,154542,3,43.79,38.69,104043,3,43.79,40.59,172856,3,43.6,39.74,72295,3,43.26,42.24,82341,3,43.36,41.34
228079,2026-07-14T23:48:01.727794,whiskey,98121,3,42.67,40.0,135953,3,43.04,39.93,235999,3,43.71,39.1,154542,3,43.79,38.69,104043,3,43.79,40.62,172856,3,43.59,39.79,72295,3,43.26,42.28,82341,3,43.36,41.35
228429,2026-07-14T23:48:02.085167,whiskey,98121,3,42.67,40.02,135953,3,43.03,39.92,235999,3,43.71,39.13,154542,3,43.78,38.72,104043,3,43.78,40.65,172856,3,43.59,39.81,72295,3,43.26,42.29,82341,3,43.35,41.38
228779,2026-07-14T23:48:02.420871,whiskey,98121,3,42.66,40.03,135953,3,43.02,39.96,235999,3,43.7,39.14,154542,3,43.78,38.74,104043,3,43.78,40.68,172856,3,43.59,39.85,72295,3,43.26,42.35,82341,3,43.35,41.4
229129,2026-07-14T23:48:02.778318,whiskey,98121,3,42.66,40.04,135953,3,43.02,40.0,235999,3,43.69,39.18,154542,3,43.77,38.78,104043,3,43.78,40.71,172856,3,43.59,39.86,72295,3,43.25,42.34,82341,3,43.35,41.42
229479,2026-07-14T23:48:03.128739,whiskey,98121,3,42.65,40.08,135953,3,43.01,40.0,235999,3,43.69,39.22,154542,3,43.77,38.78,104043,3,43.77,40.72,172856,3,43.57,39.89,72295,3,43.25,42.36,82341,3,43.34,41.45
229829,2026-07-14T23:48:03.470541,whiskey,98121,3,42.65,40.1,135953,3,43.01,40.05,235999,3,43.69,39.23,154542,3,43.76,38.81,128967,3,43.76,40.75,172856,3,43.58,39.89,98234,3,43.24,42.39,82341,3,43.34,41.45
230179,2026-07-14T23:48:03.834194,whiskey,98121,3,42.64,40.12,135953,3,43.01,40.06,235999,3,43.68,39.27,154542,3,43.76,38.84,128967,4,44.22,40.82,172856,3,43.58,39.92,98234,4,43.65,42.47,82341,3,43.33,41.49
230529,2026-07-14T23:48:04.178217,whiskey,120159,3,42.65,40.15,135953,3,43.0,40.1,235999,3,43.67,39.3,170609,3,43.76,38.85,128967,4,44.56,40.83,172856,3,43.57,39.98,98234,4,43.97,42.49,104746,3,43.33,41.51
230879,2026-07-14T23:48:04.523223,whiskey,120159,4,43.08,40.2,135953,3,43.0,40.11,235999,3,43.67,39.33,170609,4,44.18,38.93,128967,4,44.73,40.76,172856,3,43.56,39.99,98234,4,44.13,42.43,104746,4,43.76,41.58
231229,2026-07-14T23:48:04.878142,whiskey,120159,4,43.39,40.23,135953,3,42.99,40.14,235999,3,43.66,39.34,170609,4,44.51,38.94,128967,4,44.83,40.66,172856,3,43.57,40.0,98234,4,44.23,42.33,104746,4,44.07,41.59
231579,2026-07-14T23:48:05.232736,whiskey,120159,4,43.54,40.14,135953,3,42.98,40.16,235999,3,43.66,39.37,170609,4,44.67,38.88,34991,4,44.92,40.55,172856,3,43.56,40.02,22566,4,44.29,42.2,104746,4,44.23,41.53
231929,2026-07-14T23:48:05.578174,whiskey,120159,4,43.61,40.05,159154,3,42.99,40.17,235999,3,43.66,39.4,170609,4,44.77,38.82,34991,5,44.96,40.44,204963,3,43.56,40.03,22566,5,44.34,42.09,104746,4,44.33,41.44
232279,2026-07-14T23:48:05.931941,whiskey,29997,4,43.67,39.94,159154,4,43.42,40.24,235999,3,43.66,39.41,41734,4,44.83,38.7,34991,5,45.0,40.31,204963,4,44.0,40.11,22566,5,44.37,41.95,25301,4,44.39,41.32
232629,2026-07-14T23:48:06.284196,whiskey,29997,5,43.7,39.83,159154,4,43.74,40.27,235999,3,43.66,39.44,41734,5,44.88,38.58,34991,5,45.02,40.2,204963,4,44.33,40.13,22566,5,44.4,41.85,25301,5,44.44,41.2
232979,2026-07-14T23:48:06.631932,whiskey,29997,5,43.72,39.73,159154,4,43.89,40.19,235999,3,43.66,39.46,41734,5,44.92,38.48,34991,5,45.06,40.09,204963,4,44.5,40.04,22566,5,44.42,41.74,25301,5,44.48,41.09
233329,2026-07-14T23:48:06.982325,whiskey,29997,5,43.74,39.64,159154,4,43.99,40.13,243230,3,43.66,39.47,41734,5,44.95,38.39,36240,5,45.08,39.97,204963,4,44.6,39.95,22857,5,44.44,41.65,25301,5,44.5,40.99
233679,2026-07-14T23:48:07.331775,whiskey,29997,5,43.76,39.56,40050,4,44.05,40.0,243230,4,44.09,39.55,41734,5,44.97,38.3,36240,6,45.1,39.9,56387,4,44.67,39.84,22857,6,44.46,41.55,25301,5,44.53,40.89
234029,2026-07-14T23:48:07.677683,whiskey,30425,5,43.77,39.48,40050,5,44.09,39.91,243230,4,44.4,39.56,41898,5,44.99,38.22,36240,6,45.11,39.82,56387,5,44.73,39.71,22857,6,44.47,41.49,25697,5,44.54,40.79
234379,2026-07-14T23:48:08.190026,whiskey,30425,6,43.78,39.38,40050,5,44.13,39.78,243230,4,44.57,39.48,41898,6,45.0,38.14,36240,6,45.13,39.74,56387,5,44.77,39.64,22857,6,44.48,41.39,25697,6,44.56,40.7
234729,2026-07-14T23:48:08.382927,whiskey,30425,6,43.8,39.32,40050,5,44.15,39.7,243230,4,44.68,39.38,41898,6,45.02,38.06,36240,6,45.14,39.67,56387,5,44.8,39.52,22857,6,44.5,41.32,25697,6,44.58,40.63
235079,2026-07-14T23:48:08.728245,whiskey,30425,6,43.8,39.26,40050,5,44.17,39.57,61597,4,44.75,39.27,41898,6,45.04,37.98,36962,6,45.16,39.62,56387,5,44.83,39.44,22980,6,44.51,41.26,25697,6,44.6,40.56
235429,2026-07-14T23:48:09.082186,whiskey,30425,6,43.81,39.2,40738,5,44.2,39.49,61597,5,44.8,39.14,41898,6,45.05,37.94,36962,7,45.42,39.59,59245,5,44.86,39.34,22980,7,44.76,41.24,25697,6,44.6,40.48
235779,2026-07-14T23:48:09.431920,whiskey,30403,6,43.82,39.15,40738,6,44.22,39.42,61597,5,44.83,39.02,41531,6,45.07,37.86,36962,7,45.63,39.54,59245,6,44.88,39.26,22980,7,44.97,41.2,25790,6,44.62,40.43
236129,2026-07-14T23:48:09.771881,whiskey,30403,7,44.06,39.12,40738,6,44.24,39.33,61597,5,44.86,38.91,41531,7,45.3,37.85,36962,7,45.77,39.45,59245,6,44.89,39.15,22980,7,45.09,41.13,25790,7,44.86,40.4
236479,2026-07-14T23:48:10.131535,whiskey,30403,7,44.25,39.08,40738,6,44.25,39.24,61597,5,44.89,38.82,41531,7,45.51,37.8,36962,7,45.86,39.35,59245,6,44.91,39.08,22980,7,45.17,41.04,25790,7,45.07,40.37
236829,2026-07-14T23:48:10.469369,whiskey,30403,7,44.36,39.0,40738,6,44.26,39.18,63618,5,44.9,38.72,41531,7,45.64,37.73,9337,7,45.93,39.26,59245,6,44.93,39.0,5931,7,45.24,40.97,25790,7,45.2,40.31
237179,2026-07-14T23:48:10.832348,whiskey,30403,7,44.43,38.92,41170,6,44.27,39.12,63618,6,44.93,38.65,41531,7,45.72,37.67,9337,8,45.97,39.17,60721,6,44.95,38.95,5931,8,45.29,40.88,25790,7,45.27,40.21
237529,2026-07-14T23:48:11.168694,whiskey,9036,7,44.49,38.85,41170,7,44.54,39.08,63618,6,44.95,38.58,13913,7,45.79,37.55,9337,8,46.0,39.04,60721,7,45.21,38.92,5931,8,45.33,40.79,6889,7,45.34,40.11
237879,2026-07-14T23:48:11.530174,whiskey,9036,8,44.53,38.76,41170,7,44.75,39.06,63618,6,44.97,38.5,13913,8,45.84,37.48,9337,8,46.04,38.95,60721,7,45.44,38.87,5931,8,45.37,40.68,6889,8,45.39,40.01
238229,2026-07-14T23:48:11.881411,whiskey,9036,8,44.54,38.67,41170,7,44.88,38.97,63618,6,44.98,38.43,13913,8,45.88,37.38,9337,8,46.08,38.85,60721,7,45.57,38.79,5931,8,45.4,40.59,6889,8,45.42,39.91
238579,2026-07-14T23:48:12.231515,whiskey,9036,8,44.57,38.59,41170,7,44.96,38.86,63808,6,44.99,38.35,13913,8,45.91,37.29,9353,8,46.1,38.78,60721,7,45.67,38.7,6225,8,45.42,40.51,6889,8,45.47,39.83
238929,2026-07-14T23:48:12.581589,whiskey,9036,8,44.59,38.56,11691,7,45.02,38.78,63808,7,45.25,38.35,13913,8,45.93,37.24,9353,9,46.12,38.7,15693,7,45.73,38.58,6225,9,45.44,40.42,6889,8,45.49,39.74
239279,2026-07-14T23:48:12.929267,whiskey,9345,8,44.61,38.45,11691,8,45.08,38.69,63808,7,45.47,38.29,14598,8,45.97,37.15,9353,9,46.15,38.63,15693,8,45.78,38.47,6225,9,45.47,40.36,7152,8,45.51,39.66
239629,2026-07-14T23:48:13.281809,whiskey,9345,9,44.64,38.4,11691,8,45.11,38.58,63808,7,45.61,38.22,14598,9,45.99,37.06,9353,9,46.17,38.54,15693,8,45.83,38.34,6225,9,45.49,40.28,7152,9,45.54,39.57
239979,2026-07-14T23:48:13.624187,whiskey,9345,9,44.65,38.33,11691,8,45.14,38.49,63808,7,45.69,38.11,14598,9,46.01,37.0,9353,9,46.18,38.47,15693,8,45.87,38.26,6225,9,45.51,40.21,7152,9,45.56,39.49
240329,2026-07-14T23:48:13.984245,whiskey,9345,9,44.67,38.29,11691,8,45.18,38.39,19405,7,45.76,38.0,14598,9,46.04,36.93,9504,9,46.21,38.41,15693,8,45.9,38.16,6424,9,45.52,40.16,7152,9,45.58,39.44
240679,2026-07-14T23:48:14.333099,whiskey,9345,9,44.69,38.22,12436,8,45.2,38.3,19405,8,45.81,37.89,14598,9,46.06,36.87,9504,0,46.22,38.35,15775,8,45.93,38.07,6424,0,45.54,40.09,7152,9,45.6,39.36
241029,2026-07-14T23:48:14.676032,whiskey,9580,9,44.71,38.18,12436,9,45.22,38.23,19405,8,45.85,37.8,15009,9,46.08,36.81,9504,0,46.24,38.28,15775,9,45.95,37.97,6424,0,45.56,40.15,7334,9,45.63,39.32
241379,2026-07-14T23:48:15.026519,whiskey,9580,0,44.72,38.12,12436,9,45.24,38.14,19405,8,45.89,37.71,15009,0,46.08,36.76,9504,0,46.26,38.22,15775,9,45.98,37.89,6424,0,45.59,39.93,7334,0,45.65,39.25
241729,2026-07-14T23:48:15.371559,whiskey,9580,0,44.73,38.08,12436,9,45.27,38.07,19405,8,45.92,37.61,15009,0,46.11,36.7,9504,0,46.28,38.16,15775,9,46.0,37.81,6619,0,45.61,39.88,7334,0,45.66,39.21
242079,2026-07-14T23:48:15.731338,whiskey,9580,0,44.75,38.03,12436,9,45.29,37.99,19912,8,45.95,37.51,15009,0,46.13,36.65,9667,0,46.29,38.12,15775,9,46.02,37.75,6619,1,44.96,39.75,7334,0,45.68,39.15
242429,2026-07-14T23:48:16.082086,whiskey,9580,0,44.77,38.0,12841,9,45.31,37.93,19912,9,45.97,37.45,15009,0,46.16,36.59,9667,1,45.6,37.98,15952,9,46.04,37.67,55724,1,44.46,39.7,7334,0,45.7,39.09
242779,2026-07-14T23:48:16.418009,whiskey,9782,0,44.78,37.97,12841,0,45.33,37.85,19912,9,46.0,37.36,15377,0,46.18,36.54,76235,1,45.08,37.94,15952,0,46.06,37.62,55724,2,44.2,39.75,7504,0,45.72,39.03
243129,2026-07-14T23:48:16.781255,whiskey,9782,1,44.12,37.84,12841,0,45.34,37.81,19912,9,46.03,37.29,15377,1,45.5,36.42,76235,2,44.8,37.98,15952,0,46.08,37.55,55724,2,44.04,39.85,7504,1,45.06,38.91
243479,2026-07-14T23:48:17.131344,whiskey,82740,1,43.63,37.8,12841,0,45.36,37.76,19912,9,46.05,37.21,154823,1,45.0,36.38,76235,2,44.63,38.11,15952,0,46.09,37.5,55724,2,43.93,39.98,65422,1,44.57,38.87
243829,2026-07-14T23:48:17.481872,whiskey,82740,2,43.41,37.87,12841,0,45.38,37.7,20233,9,46.07,37.16,154823,2,44.74,36.42,76235,2,44.52,38.23,15952,0,46.11,37.42,55724,2,43.86,40.13,65422,2,44.31,38.92
244179,2026-07-14T23:48:17.839877,whiskey,82740,2,43.27,37.98,13133,0,45.39,37.65,20233,0,46.08,37.1,154823,2,44.59,36.52,76235,2,44.44,38.4,16182,0,46.11,37.37,55724,2,43.81,40.25,65422,2,44.15,39.02
244529,2026-07-14T23:48:18.182428,whiskey,82740,2,43.19,38.11,13133,1,44.7,37.54,20233,0,46.1,37.04,154823,2,44.48,36.64,76235,2,44.33,38.66,16182,1,45.42,37.24,55724,2,43.77,40.37,65422,2,44.05,39.12
244879,2026-07-14T23:48:18.525984,whiskey,82740,2,43.14,38.26,127331,1,44.19,37.49,20233,0,46.11,37.0,154823,2,44.41,36.74,76235,2,44.3,38.8,139852,1,44.88,37.23,55724,2,43.74,40.5,65422,2,43.98,39.26
245229,2026-07-14T23:48:18.878293,whiskey,82740,2,43.11,38.37,127331,2,43.94,37.56,20233,0,46.12,36.96,154823,2,44.36,36.88,76235,2,44.27,38.91,139852,2,44.59,37.26,55724,2,43.71,40.62,65422,2,43.93,39.4
245579,2026-07-14T23:48:19.232228,whiskey,82740,2,43.08,38.62,127331,2,43.77,37.65,20525,0,46.13,36.89,154823,2,44.32,36.99,76235,2,44.24,39.02,139852,2,44.42,37.38,55724,2,43.7,40.73,65422,2,43.89,39.55
245929,2026-07-14T23:48:19.582058,whiskey,82740,2,43.05,38.73,127331,2,43.67,37.77,20525,1,45.43,36.78,154823,2,44.29,37.12,105004,2,44.22,39.12,139852,2,44.3,37.52,74963,2,43.67,40.85,65422,2,43.85,39.66
246279,2026-07-14T23:48:19.920262,whiskey,82740,2,43.04,38.8,127331,2,43.6,37.89,252964,1,44.92,36.75,154823,2,44.26,37.21,105004,3,44.2,39.25,139852,2,44.23,37.66,74963,3,43.65,40.95,65422,2,43.83,39.76
246629,2026-07-14T23:48:20.281699,whiskey,100787,2,43.03,38.91,127331,2,43.54,38.06,252964,2,44.65,36.83,154823,2,44.24,37.32,105004,3,44.19,39.34,139852,2,44.16,37.79,74963,3,43.64,41.06,65422,2,43.81,39.9
246979,2026-07-14T23:48:20.624086,whiskey,100787,3,43.02,39.01,127331,2,43.5,38.17,252964,2,44.48,36.93,159006,2,44.22,37.42,105004,3,44.17,39.42,139852,2,44.11,37.93,74963,3,43.63,41.15,84044,2,43.78,40.0
247329,2026-07-14T23:48:20.981346,whiskey,100787,3,43.0,39.06,127331,2,43.46,38.3,252964,2,44.37,37.07,159006,3,44.19,37.56,105004,3,44.15,39.51,139852,2,44.06,38.08,74963,3,43.61,41.22,84044,3,43.77,40.1
247679,2026-07-14T23:48:21.336693,whiskey,100787,3,43.0,39.14,127331,2,43.43,38.43,252964,2,44.29,37.2,159006,3,44.18,37.67,105004,3,44.15,39.59,139852,2,44.04,38.22,74963,3,43.6,41.3,84044,3,43.75,40.21
248029,2026-07-14T23:48:21.681772,whiskey,100787,3,42.99,39.2,127331,2,43.42,38.55,252964,2,44.24,37.36,159006,3,44.15,37.74,105004,3,44.13,39.63,139852,2,44.01,38.31,74963,3,43.6,41.37,84044,3,43.73,40.29
248379,2026-07-14T23:48:22.031624,whiskey,100787,3,42.97,39.28,139967,2,43.39,38.67,252964,2,44.19,37.51,159006,3,44.14,37.8,105004,3,44.12,39.69,174624,2,43.99,38.44,74963,3,43.59,41.42,84044,3,43.71,40.35
248729,2026-07-14T23:48:22.382499,whiskey,100787,3,42.97,39.31,139967,3,43.37,38.78,252964,2,44.15,37.65,159006,3,44.13,37.88,105004,3,44.11,39.76,174624,3,43.97,38.55,74963,3,43.57,41.46,84044,3,43.71,40.43
249079,2026-07-14T23:48:22.760419,whiskey,100787,3,42.96,39.39,139967,3,43.36,38.86,252964,2,44.12,37.77,159006,3,44.1,37.95,105004,3,44.1,39.81,174624,3,43.95,38.63,74963,3,43.57,41.48,84044,3,43.69,40.5
249429,2026-07-14T23:48:23.077289,whiskey,100787,3,42.95,39.44,139967,3,43.34,38.96,252964,2,44.1,37.89,159006,3,44.1,37.98,105004,3,44.09,39.83,174624,3,43.94,38.72,74963,3,43.56,41.52,84044,3,43.68,40.54
249779,2026-07-14T23:48:23.432085,whiskey,100787,3,42.94,39.48,139967,3,43.33,39.05,240319,2,44.08,38.02,159006,3,44.09,38.04,105004,3,44.09,39.88,174624,3,43.92,38.8,74963,3,43.55,41.55,84044,3,43.67,40.59
250129,2026-07-14T23:48:23.782464,whiskey,100787,3,42.94,39.53,139967,3,43.32,39.12,240319,3,44.06,38.12,159006,3,44.07,38.11,105004,3,44.08,39.91,174624,3,43.91,38.87,74963,3,43.55,41.58,84044,3,43.66,40.63
250479,2026-07-14T23:48:24.118503,whiskey,100787,3,42.93,39.57,139967,3,43.31,39.2,240319,3,44.03,38.21,159006,3,44.07,38.14,105004,3,44.06,39.95,174624,3,43.88,38.95,74963,3,43.54,41.6,84044,3,43.66,40.68
250829,2026-07-14T23:48:24.478231,whiskey,100787,3,42.92,39.59,139967,3,43.3,39.27,240319,3,44.02,38.32,159006,3,44.05,38.2,105004,3,44.05,39.99,174624,3,43.87,39.03,74963,3,43.53,41.62,84044,3,43.65,40.69
251179,2026-07-14T23:48:24.831864,whiskey,100787,3,42.92,39.64,139967,3,43.28,39.32,240319,3,44.0,38.38,159006,3,44.04,38.25,105004,3,44.05,40.02,174624,3,43.87,39.08,74963,3,43.52,41.65,84044,3,43.64,40.72
251529,2026-07-14T23:48:25.188709,whiskey,100787,3,42.9,39.66,139967,3,43.28,39.39,240319,3,44.0,38.46,159006,3,44.03,38.28,105004,3,44.04,40.05,174624,3,43.86,39.13,74963,3,43.52,41.67,84044,3,43.63,40.76
251879,2026-07-14T23:48:25.534136,whiskey,100787,3,42.89,39.69,139967,3,43.27,39.43,240319,3,43.97,38.54,159006,3,44.03,38.31,105004,3,44.04,40.08,174624,3,43.85,39.18,74963,3,43.51,41.71,84044,3,43.62,40.72
252229,2026-07-14T23:48:25.877175,whiskey,100787,3,42.89,39.7,139967,3,43.27,39.5,240319,3,43.97,38.61,159006,3,44.01,38.35,105004,3,44.03,40.12,174624,3,43.84,39.23,74963,3,43.51,41.74,84044,3,43.61,40.87
252579,2026-07-14T23:48:26.231818,whiskey,100787,3,42.88,39.72,139967,3,43.26,39.53,240319,3,43.95,38.65,159006,3,44.01,38.39,105004,3,44.02,40.17,174624,3,43.83,39.29,74963,3,43.5,41.8,84044,3,43.6,40.88
252929,2026-07-14T23:48:26.580362,whiskey,100787,3,42.87,39.75,139967,3,43.25,39.58,240319,3,43.94,38.69,159006,3,44.0,38.4,105004,3,44.02,40.2,174624,3,43.83,39.32,74963,3,43.5,41.82,84044,3,43.6,40.93
253279,2026-07-14T23:48:26.932819,whiskey,100787,3,42.87,39.77,139967,3,43.23,39.59,240319,3,43.93,38.75,159006,3,43.99,38.44,105004,3,44.02,40.23,174624,3,43.83,39.38,74963,3,43.48,41.84,84044,3,43.58,40.96
253629,2026-07-14T23:48:27.284976,whiskey,100787,3,42.86,39.78,139967,3,43.23,39.62,240319,3,43.93,38.78,159006,3,43.98,38.46,105004,3,44.0,40.27,174624,3,43.82,39.43,74963,3,43.48,41.9,84044,3,43.58,40.99
253979,2026-07-14T23:48:27.632482,whiskey,100787,3,42.85,39.78,139967,3,43.23,39.65,240319,3,43.92,38.82,159006,3,43.98,38.48,105004,3,44.0,40.31,174624,3,43.81,39.46,74963,3,43.47,41.92,84044,3,43.57,41.03
254329,2026-07-14T23:48:27.968620,whiskey,100787,3,42.86,39.81,139967,3,43.22,39.67,240319,3,43.91,38.84,159006,3,43.98,38.49,105004,3,43.99,40.33,174624,3,43.8,39.49,74963,3,43.47,41.96,84044,3,43.58,41.05
254679,2026-07-14T23:48:28.334194,whiskey,100787,3,42.85,39.82,139967,3,43.22,39.68,240319,3,43.9,38.87,159006,3,43.97,38.52,105004,3,43.99,40.36,174624,3,43.8,39.52,74963,3,43.47,41.97,84044,3,43.56,41.1
255029,2026-07-14T23:48:28.682750,whiskey,100787,3,42.84,39.82,139967,3,43.2,39.69,240319,3,43.9,38.91,159006,3,43.96,38.53,105004,3,43.99,40.39,174624,3,43.79,39.57,74963,3,43.46,42.04,84044,3,43.56,41.11
255379,2026-07-14T23:48:29.033770,whiskey,100787,3,42.83,39.83,139967,3,43.2,39.71,240319,3,43.9,38.93,159006,3,43.95,38.54,105004,3,43.99,40.43,174624,3,43.79,39.59,74963,3,43.46,42.06,84044,3,43.56,41.14
255729,2026-07-14T23:48:29.381895,whiskey,100787,3,42.83,39.86,139967,3,43.2,39.71,240319,3,43.89,38.94,159006,3,43.95,38.55,105004,3,43.98,40.44,174624,3,43.79,39.61,74963,3,43.46,42.09,84044,3,43.55,41.18
256079,2026-07-14T23:48:29.732388,whiskey,100787,3,42.83,39.83,139967,3,43.19,39.72,240319,3,43.88,38.97,159006,3,43.94,38.55,105004,3,43.98,40.45,174624,3,43.78,39.63,74963,3,43.46,42.11,84044,3,43.55,41.2
256429,2026-07-14T23:48:30.077511,whiskey,100787,3,42.82,39.83,139967,3,43.18,39.73,240319,3,43.87,39.0,159006,3,43.94,38.57,130745,3,43.97,40.49,174624,3,43.78,39.68,100727,3,43.45,42.14,84044,3,43.54,41.21
256779,2026-07-14T23:48:30.428999,whiskey,100787,3,42.82,39.85,139967,3,43.18,39.75,240319,3,43.87,39.02,159006,3,43.93,38.56,130745,4,44.42,40.53,174624,3,43.77,39.68,100727,4,43.86,42.2,84044,3,43.53,41.23
257129,2026-07-14T23:48:30.779147,whiskey,122137,3,42.82,39.86,139967,3,43.18,39.76,240319,3,43.86,39.04,173736,3,43.93,38.59,130745,4,44.76,40.54,174624,3,43.77,39.72,100727,4,44.17,42.2,105850,3,43.53,41.26
257479,2026-07-14T23:48:31.125199,whiskey,122137,4,43.26,39.94,139967,3,43.18,39.77,240319,3,43.85,39.07,173736,4,44.36,38.66,130745,4,44.93,40.46,174624,3,43.77,39.72,100727,4,44.33,42.13,105850,4,43.96,41.34
257829,2026-07-14T23:48:31.480396,whiskey,122137,4,43.56,39.92,139967,3,43.17,39.78,240319,3,43.85,39.08,173736,4,44.68,38.66,130745,4,45.03,40.36,174624,3,43.77,39.74,100727,4,44.42,42.02,105850,4,44.27,41.35
258179,2026-07-14T23:48:31.832073,whiskey,122137,4,43.71,39.86,139967,3,43.17,39.83,240319,3,43.84,39.1,173736,4,44.84,38.59,35486,4,45.11,40.24,174624,3,43.76,39.75,23805,4,44.49,41.93,105850,4,44.44,41.26
258529,2026-07-14T23:48:32.181047,whiskey,122137,4,43.79,39.77,139967,3,43.17,39.82,240319,3,43.85,39.12,173736,4,44.94,38.51,35486,5,45.17,40.12,174624,3,43.77,39.79,23805,5,44.54,41.79,105850,4,44.54,41.16
258879,2026-07-14T23:48:32.529443,whiskey,30578,4,43.84,39.67,162798,3,43.17,39.84,240319,3,43.84,39.15,42567,4,45.02,38.41,35486,5,45.21,40.0,207455,3,43.76,39.78,23805,5,44.57,41.67,25916,4,44.6,41.04
259229,2026-07-14T23:48:32.881445,whiskey,30578,5,43.88,39.57,162798,4,43.59,39.92,240319,3,43.84,39.18,42567,5,45.06,38.31,35486,5,45.24,39.88,207455,4,44.2,39.86,23805,5,44.6,41.57,25916,5,44.65,40.93
259579,2026-07-14T23:48:33.220722,whiskey,30578,5,43.9,39.46,162798,4,43.91,39.93,240319,3,43.84,39.17,42567,5,45.1,38.18,35486,5,45.27,39.77,207455,4,44.53,39.85,23805,5,44.62,41.46,25916,5,44.68,40.83
259929,2026-07-14T23:48:33.580300,whiskey,30578,5,43.92,39.37,162798,4,44.07,39.87,240319,3,43.84,39.21,42567,5,45.13,38.11,36739,5,45.28,39.67,207455,4,44.71,39.79,23992,5,44.64,41.34,25916,5,44.71,40.71
260279,2026-07-14T23:48:33.922979,whiskey,30578,5,43.93,39.28,162798,4,44.16,39.79,246213,3,43.85,39.22,42567,5,45.15,38.01,36739,6,45.31,39.6,207455,4,44.81,39.69,23992,6,44.67,41.24,25916,5,44.73,40.59
260629,2026-07-14T23:48:34.288539,whiskey,30977,5,43.95,39.21,40933,4,44.22,39.68,246213,4,44.28,39.28,42609,5,45.16,37.92,36739,6,45.32,39.51,57450,4,44.89,39.6,23992,6,44.67,41.15,26122,5,44.75,40.52
260979,2026-07-14T23:48:34.630503,whiskey,30977,6,43.95,39.12,40933,5,44.26,39.58,246213,4,44.59,39.27,42609,6,45.19,37.85,36739,6,45.34,39.42,57450,5,44.94,39.46,23992,6,44.7,41.09,26122,6,44.77,40.41
261329,2026-07-14T23:48:34.980896,whiskey,30977,6,43.97,39.05,40933,5,44.31,39.46,246213,4,44.77,39.21,42609,6,45.19,37.79,36739,6,45.35,39.36,57450,5,44.97,39.39,23992,6,44.71,41.02,26122,6,44.79,40.35
261679,2026-07-14T23:48:35.329392,whiskey,30977,6,43.98,38.97,40933,5,44.33,39.35,246213,4,44.86,39.13,42609,6,45.22,37.72,37252,6,45.37,39.31,57450,5,45.01,39.25,23952,6,44.71,40.96,26122,6,44.81,40.28
262029,2026-07-14T23:48:35.680447,whiskey,30977,6,43.99,38.93,40933,5,44.36,39.28,62961,4,44.93,38.98,42609,6,45.22,37.66,37252,7,45.62,39.28,57450,5,45.04,39.18,23952,7,44.96,40.94,26122,6,44.82,40.2
262379,2026-07-14T23:48:36.030866,whiskey,30843,6,44.0,38.86,41571,5,44.38,39.17,62961,5,44.98,38.89,42398,6,45.24,37.6,37252,7,45.83,39.24,59659,5,45.05,39.07,23952,7,45.17,40.91,26315,6,44.83,40.15
262729,2026-07-14T23:48:36.388509,whiskey,30843,7,44.23,38.83,41571,6,44.4,39.11,62961,5,45.01,38.77,42398,7,45.47,37.59,37252,7,45.97,39.14,59659,6,45.08,38.98,23952,7,45.29,40.82,26315,7,45.07,40.13
263079,2026-07-14T23:48:36.730386,whiskey,30843,7,44.43,38.81,41571,6,44.41,39.01,62961,5,45.05,38.67,42398,7,45.69,37.53,37252,7,46.05,39.08,59659,6,45.1,38.93,23952,7,45.38,40.72,26315,7,45.27,40.07
263429,2026-07-14T23:48:37.081736,whiskey,30843,7,44.54,38.73,41571,6,44.42,38.95,62961,5,45.08,38.58,42398,7,45.82,37.46,9495,7,46.12,38.96,59659,6,45.12,38.85,6090,7,45.45,40.6,26315,7,45.4,40.03
263779,2026-07-14T23:48:37.421892,whiskey,30843,7,44.61,38.65,41571,6,44.45,38.86,64144,5,45.1,38.46,42398,7,45.89,37.39,9495,8,46.17,38.87,59659,6,45.14,38.78,6090,8,45.53,40.49,26315,7,45.48,39.94
264129,2026-07-14T23:48:37.780307,whiskey,9161,7,44.66,38.56,41693,6,44.46,38.79,64144,6,45.11,38.38,14257,7,45.96,37.3,9495,8,46.21,38.78,61376,6,45.16,38.73,6090,8,45.56,40.41,7119,7,45.54,39.85
264479,2026-07-14T23:48:38.130623,whiskey,9161,8,44.69,38.46,41693,7,44.71,38.76,64144,6,45.14,38.31,14257,8,46.02,37.23,9495,8,46.24,38.7,61376,7,45.43,38.59,6090,8,45.59,40.33,7119,8,45.6,39.76
264829,2026-07-14T23:48:38.479182,whiskey,9161,8,44.72,38.38,41693,7,44.92,38.69,64144,6,45.15,38.23,14257,8,46.04,37.12,9495,8,46.27,38.62,61376,7,45.65,38.74,6506,8,45.62,40.26,7119,8,45.63,39.66
265179,2026-07-14T23:48:38.819722,whiskey,9161,8,44.74,38.31,41693,7,45.06,38.62,64144,6,45.17,38.17,14257,8,46.07,37.05,9546,8,46.29,38.52,61376,7,45.88,38.49,6506,9,45.64,40.2,7119,8,45.67,39.61
265529,2026-07-14T23:48:39.180618,whiskey,9161,8,44.76,38.21,41693,7,45.14,38.51,64630,6,45.18,38.07,14257,8,46.11,36.96,9546,9,46.32,38.46,15833,7,45.95,38.37,6506,9,45.66,40.13,7119,8,45.7,39.51
265879,2026-07-14T23:48:39.527698,whiskey,9555,8,44.79,38.15,12386,7,45.19,38.41,64630,7,45.45,38.08,14998,8,46.14,36.89,9546,9,46.35,38.41,15833,8,46.0,38.27,6506,9,45.68,40.06,7431,8,45.72,39.44
266229,2026-07-14T23:48:39.886088,whiskey,9555,9,44.8,38.07,12386,8,45.24,38.31,64630,7,45.67,37.99,14998,9,46.16,36.79,9546,9,46.39,38.23,15833,8,46.05,38.15,6506,9,45.7,39.99,7431,9,45.75,39.37
266579,2026-07-14T23:48:40.233088,whiskey,9555,9,44.82,38.03,12386,8,45.29,38.21,64630,7,45.8,37.92,14998,9,46.19,36.74,9738,9,46.41,38.17,15833,8,46.09,38.04,6749,9,45.72,39.93,7431,9,45.77,39.3
266929,2026-07-14T23:48:40.569702,whiskey,9555,9,44.85,37.99,12386,8,45.32,38.11,64630,7,45.88,37.83,14998,9,46.21,36.67,9738,0,46.43,38.11,15833,8,46.12,37.95,6749,0,45.74,39.87,7431,9,45.8,39.22
267279,2026-07-14T23:48:40.928246,whiskey,9555,9,44.86,37.9,12386,8,45.35,38.01,19728,7,45.96,37.71,14998,9,46.23,36.6,9738,0,46.44,38.05,16072,8,46.14,37.85,6749,0,45.76,39.81,7431,9,45.82,39.16
267629,2026-07-14T23:48:41.268819,whiskey,9910,9,44.88,37.86,13037,8,45.37,37.92,19728,8,46.01,37.61,15567,9,46.25,36.54,9738,0,46.46,38.0,16072,9,46.18,37.78,6749,0,45.78,39.75,7639,9,45.83,39.11
267979,2026-07-14T23:48:41.629646,whiskey,9910,0,44.9,37.8,13037,9,45.4,37.85,19728,8,46.06,37.51,15567,0,46.27,36.49,9738,0,46.47,37.94,16072,9,46.2,37.69,6749,0,45.79,39.71,7639,0,45.86,39.02
268329,2026-07-14T23:48:41.981588,whiskey,9910,0,44.91,37.76,13037,9,45.41,37.75,19728,8,46.09,37.41,15567,0,46.29,36.41,10003,0,46.5,37.9,16072,9,46.21,37.62,6997,0,45.81,39.66,7639,0,45.87,38.98
268679,2026-07-14T23:48:42.330658,whiskey,9910,0,44.92,37.73,13037,9,45.44,37.69,19728,8,46.12,37.3,15567,0,46.31,36.36,10003,1,45.79,37.74,16072,9,46.24,37.55,6997,1,45.16,39.54,7639,0,45.89,38.93
269029,2026-07-14T23:48:42.678197,whiskey,9910,0,44.94,37.69,13037,9,45.46,37.59,20233,8,46.15,37.23,15567,0,46.34,36.34,78769,1,45.27,37.71,16218,9,46.25,37.46,59576,1,44.66,39.48,7639,0,45.91,38.89
269379,2026-07-14T23:48:43.031053,whiskey,10126,0,44.96,37.63,13778,9,45.48,37.52,20233,9,46.18,37.13,16169,0,46.35,36.25,78769,2,44.99,37.76,16218,0,46.27,37.4,59576,2,44.39,39.55,7864,0,45.93,38.85
269729,2026-07-14T23:48:43.380711,whiskey,10126,1,44.28,37.49,13778,0,45.5,37.45,20233,9,46.2,37.03,16169,1,45.69,36.12,78769,2,44.82,37.87,16218,0,46.29,37.34,59576,2,44.24,39.65,7864,1,45.27,38.73
270079,2026-07-14T23:48:43.721858,whiskey,86079,1,43.81,37.46,13778,0,45.52,37.37,20233,9,46.21,36.97,165321,1,45.18,36.05,78769,2,44.72,38.0,16218,0,46.3,37.27,59576,2,44.14,39.78,69189,1,44.78,38.66
270429,2026-07-14T23:48:44.271344,whiskey,86079,2,43.57,37.52,13778,0,45.54,37.32,20233,9,46.24,36.89,165321,2,44.91,36.09,78769,2,44.64,38.11,16218,0,46.32,37.2,59576,2,44.07,39.9,69189,2,44.52,38.72
270779,2026-07-14T23:48:44.433255,whiskey,86079,2,43.45,37.64,13778,0,45.55,37.27,20765,9,46.25,36.82,165321,2,44.75,36.18,78769,2,44.58,38.24,16649,0,46.33,37.15,59576,2,44.01,40.04,69189,2,44.36,38.81
271129,2026-07-14T23:48:44.806315,whiskey,86079,2,43.37,37.73,14200,0,45.55,37.21,20765,0,46.27,36.77,165321,2,44.66,36.25,78769,2,44.54,38.37,16649,1,45.62,37.01,59576,2,43.96,40.17,69189,2,44.26,38.94
271479,2026-07-14T23:48:45.131165,whiskey,86079,2,43.32,37.88,14200,1,44.87,37.06,20765,0,46.29,36.71,165321,2,44.58,36.39,78769,2,44.5,38.5,145454,1,45.08,36.95,59576,2,43.93,40.27,69189,2,44.19,39.05
271829,2026-07-14T23:48:45.481108,whiskey,86079,2,43.29,38.0,142064,1,44.36,37.02,20765,0,46.3,36.64,165321,2,44.53,36.51,78769,2,44.47,38.6,145454,2,44.8,37.03,59576,2,43.91,40.38,69189,2,44.13,39.16
272179,2026-07-14T23:48:45.830866,whiskey,86079,2,43.26,38.14,142064,2,44.09,37.07,20765,0,46.3,36.58,165321,2,44.49,36.6,78769,2,44.45,38.68,145454,2,44.62,37.12,59576,2,43.89,40.47,69189,2,44.09,39.29
272529,2026-07-14T23:48:46.177431,whiskey,86079,2,43.25,38.23,142064,2,43.94,37.19,21304,0,46.31,36.57,165321,2,44.46,36.71,108199,2,44.42,38.8,145454,2,44.51,37.22,78048,2,43.87,40.57,69189,2,44.06,39.41
272879,2026-07-14T23:48:46.528555,whiskey,86079,2,43.22,38.43,142064,2,43.84,37.31,21304,1,45.62,36.44,165321,2,44.44,36.82,108199,3,44.41,38.88,145454,2,44.42,37.36,78048,3,43.85,40.64,69189,2,44.03,39.51
273229,2026-07-14T23:48:46.882948,whiskey,86079,2,43.22,38.4,142064,2,43.76,37.45,267223,1,45.11,36.41,165321,2,44.41,36.93,108199,3,44.4,38.94,145454,2,44.36,37.52,78048,3,43.83,40.73,69189,2,44.01,39.63
273579,2026-07-14T23:48:47.231461,whiskey,104425,2,43.2,38.54,142064,2,43.71,37.58,267223,2,44.83,36.46,166612,2,44.4,37.03,108199,3,44.37,39.04,145454,2,44.31,37.63,78048,3,43.83,40.78,87045,2,43.98,39.71
273929,2026-07-14T23:48:47.580767,whiskey,104425,3,43.18,38.67,142064,2,43.66,37.69,267223,2,44.66,36.59,166612,3,44.38,37.12,108199,3,44.35,39.11,145454,2,44.28,37.78,78048,3,43.81,40.85,87045,3,43.97,39.79
274279,2026-07-14T23:48:47.928859,whiskey,104425,3,43.18,38.74,142064,2,43.63,37.83,267223,2,44.55,36.7,166612,3,44.37,37.21,108199,3,44.34,39.16,145454,2,44.24,37.89,78048,3,43.8,40.91,87045,3,43.96,39.87
274629,2026-07-14T23:48:48.280888,whiskey,104425,3,43.17,38.79,142064,2,43.6,37.95,267223,2,44.48,36.86,166612,3,44.34,37.27,108199,3,44.33,39.24,145454,2,44.21,38.02,78048,3,43.79,40.97,87045,3,43.94,39.94
274979,2026-07-14T23:48:48.631051,whiskey,104425,3,43.15,38.83,142064,2,43.58,38.06,267223,2,44.41,37.0,166612,3,44.33,37.24,108199,3,44.32,39.31,178833,2,44.19,38.11,78048,3,43.78,41.04,87045,3,43.93,40.02
275329,2026-07-14T23:48:48.983738,whiskey,104425,3,43.14,38.89,149795,2,43.55,38.16,267223,2,44.37,37.11,166612,3,44.31,37.38,108199,3,44.31,39.36,178833,3,44.17,38.22,78048,3,43.77,41.09,87045,3,43.91,40.1
275679,2026-07-14T23:48:49.331027,whiskey,104425,3,43.14,38.93,149795,3,43.54,38.24,267223,2,44.33,37.25,166612,3,44.3,37.49,108199,3,44.3,39.4,178833,3,44.15,38.33,78048,3,43.76,41.12,87045,3,43.91,40.15
276029,2026-07-14T23:48:49.677156,whiskey,104425,3,43.13,38.96,149795,3,43.52,38.34,267223,2,44.3,37.35,166612,3,44.28,37.55,108199,3,44.29,39.46,178833,3,44.13,38.41,78048,3,43.75,41.17,87045,3,43.89,40.22
276379,2026-07-14T23:48:50.022332,whiskey,104425,3,43.12,39.02,149795,3,43.51,38.41,267223,2,44.27,37.49,166612,3,44.27,37.58,108199,3,44.28,39.49,178833,3,44.12,38.49,78048,3,43.75,41.22,87045,3,43.89,40.28
276729,2026-07-14T23:48:50.380749,whiskey,104425,3,43.11,39.04,149795,3,43.49,38.48,248182,2,44.25,37.59,166612,3,44.25,37.63,108199,3,44.27,39.54,178833,3,44.11,38.59,78048,3,43.74,41.26,87045,3,43.87,40.32
277079,2026-07-14T23:48:50.731160,whiskey,104425,3,43.11,39.06,149795,3,43.48,38.54,248182,3,44.23,37.68,166612,3,44.24,37.66,108199,3,44.26,39.58,178833,3,44.1,38.63,78048,3,43.74,41.29,87045,3,43.86,40.38
277429,2026-07-14T23:48:51.072381,whiskey,104425,3,43.1,39.11,149795,3,43.47,38.61,248182,3,44.21,37.78,166612,3,44.23,37.69,108199,3,44.25,39.62,178833,3,44.08,38.71,78048,3,43.73,41.32,87045,3,43.86,40.4
277779,2026-07-14T23:48:51.432626,whiskey,104425,3,43.09,39.15,149795,3,43.46,38.67,248182,3,44.2,37.86,166612,3,44.21,37.73,108199,3,44.25,39.63,178833,3,44.06,38.76,78048,3,43.72,41.36,87045,3,43.84,40.45
278129,2026-07-14T23:48:51.784665,whiskey,104425,3,43.08,39.15,149795,3,43.45,38.7,248182,3,44.18,37.94,166612,3,44.21,37.76,108199,3,44.23,39.69,178833,3,44.05,38.81,78048,3,43.71,41.38,87045,3,43.84,40.49
278479,2026-07-14T23:48:52.131363,whiskey,104425,3,43.07,39.18,149795,3,43.44,38.76,248182,3,44.17,38.01,166612,3,44.2,37.79,108199,3,44.24,39.71,178833,3,44.05,38.86,78048,3,43.7,41.41,87045,3,43.83,40.52
278829,2026-07-14T23:48:52.480969,whiskey,104425,3,43.07,39.19,149795,3,43.43,38.79,248182,3,44.16,38.09,166612,3,44.19,37.82,108199,3,44.22,39.73,178833,3,44.04,38.92,78048,3,43.7,41.43,87045,3,43.82,40.53
279179,2026-07-14T23:48:52.830933,whiskey,104425,3,43.06,39.22,149795,3,43.43,38.84,248182,3,44.14,38.14,166612,3,44.19,37.85,108199,3,44.22,39.75,178833,3,44.02,38.95,78048,3,43.69,41.44,87045,3,43.81,40.57
279529,2026-07-14T23:48:53.180151,whiskey,104425,3,43.05,39.25,149795,3,43.42,38.85,248182,3,44.14,38.19,166612,3,44.19,37.85,108199,3,44.21,39.78,178833,3,44.03,38.99,78048,3,43.68,41.48,87045,3,43.81,40.6
279879,2026-07-14T23:48:53.527223,whiskey,104425,3,43.04,39.26,149795,3,43.41,38.89,248182,3,44.13,38.23,166612,3,44.16,37.86,108199,3,44.2,39.79,178833,3,44.02,39.04,78048,3,43.68,41.48,87045,3,43.8,40.63
280229,2026-07-14T23:48:53.878185,whiskey,104425,3,43.04,39.26,149795,3,43.4,38.92,248182,3,44.12,38.28,166612,3,44.16,37.89,108199,3,44.21,39.81,178833,3,44.01,39.07,78048,3,43.68,41.5,87045,3,43.8,40.53
280579,2026-07-14T23:48:54.230319,whiskey,104425,3,43.04,39.28,149795,3,43.39,38.95,248182,3,44.12,38.32,166612,3,44.15,37.91,108199,3,44.2,39.82,178833,3,44.01,39.1,78048,3,43.67,41.51,87045,3,43.78,40.68
280929,2026-07-14T23:48:54.581585,whiskey,104425,3,43.03,39.29,149795,3,43.39,38.97,248182,3,44.1,38.37,166612,3,44.15,37.91,108199,3,44.2,39.85,178833,3,44.0,39.13,78048,3,43.66,41.53,87045,3,43.78,40.7
281279,2026-07-14T23:48:54.931093,whiskey,104425,3,43.02,39.35,149795,3,43.38,38.99,248182,3,44.09,38.38,166612,3,44.14,37.93,108199,3,44.19,39.86,178833,3,43.99,39.15,78048,3,43.66,41.56,87045,3,43.78,40.73
281629,2026-07-14T23:48:55.280360,whiskey,104425,3,43.02,39.33,149795,3,43.38,39.01,248182,3,44.09,38.43,166612,3,44.13,37.95,108199,3,44.19,39.86,178833,3,43.99,39.18,78048,3,43.66,41.56,87045,3,43.77,40.73
281979,2026-07-14T23:48:55.631059,whiskey,104425,3,43.01,39.35,149795,3,43.37,39.02,248182,3,44.08,38.44,166612,3,44.12,37.97,108199,3,44.18,39.89,178833,3,43.98,39.21,78048,3,43.65,41.57,87045,3,43.77,40.75
282329,2026-07-14T23:48:55.982994,whiskey,104425,3,43.0,39.36,149795,3,43.37,39.05,248182,3,44.08,38.47,166612,3,44.13,37.95,108199,3,44.18,39.89,178833,3,43.98,39.21,78048,3,43.64,41.6,87045,3,43.76,40.76
282679,2026-07-14T23:48:56.330259,whiskey,104425,3,43.0,39.37,149795,3,43.36,39.06,248182,3,44.06,38.48,166612,3,44.12,37.98,108199,3,44.18,39.89,178833,3,43.98,39.24,78048,3,43.65,41.58,87045,3,43.76,40.78
283029,2026-07-14T23:48:56.681691,whiskey,104425,3,42.99,39.36,149795,3,43.35,39.07,248182,3,44.06,38.51,166612,3,44.11,37.98,133507,3,44.17,39.91,178833,3,43.98,39.27,103917,3,43.64,41.58,87045,3,43.75,40.79
283379,2026-07-14T23:48:57.031023,whiskey,104425,3,42.98,39.38,149795,3,43.35,39.09,248182,3,44.05,38.52,166612,3,44.11,38.01,133507,4,44.63,39.95,178833,3,43.97,39.28,103917,4,44.06,41.65,87045,3,43.74,40.8
283729,2026-07-14T23:48:57.379206,whiskey,125922,3,42.99,39.38,149795,3,43.34,39.09,248182,3,44.05,38.56,181110,3,44.1,38.01,133507,4,44.96,39.96,178833,3,43.97,39.28,103917,4,44.37,41.65,108612,3,43.73,40.8
284079,2026-07-14T23:48:57.731080,whiskey,125922,4,43.42,39.43,149795,3,43.34,39.12,248182,3,44.04,38.54,181110,4,44.54,38.07,133507,4,45.13,39.87,178833,3,43.97,39.3,103917,4,44.52,41.56,108612,4,44.16,40.87
284429,2026-07-14T23:48:58.071247,whiskey,125922,4,43.73,39.45,149795,3,43.33,39.13,248182,3,44.04,38.58,181110,4,44.86,38.07,133507,4,45.25,39.76,178833,3,43.97,39.31,103917,4,44.63,41.47,108612,4,44.48,40.87
284779,2026-07-14T23:48:58.430308,whiskey,125922,4,43.89,39.34,149795,3,43.33,39.13,248182,3,44.04,38.58,181110,4,45.03,38.0,36456,4,45.32,39.65,178833,3,43.97,39.34,24844,4,44.69,41.34,108612,4,44.63,40.8
285129,2026-07-14T23:48:58.783480,whiskey,125922,4,43.97,39.24,149795,3,43.33,39.14,248182,3,44.03,38.58,181110,4,45.13,37.91,36456,5,45.37,39.54,178833,3,43.96,39.35,24844,5,44.73,41.2,108612,4,44.73,40.7
285479,2026-07-14T23:48:59.129290,whiskey,31457,4,44.01,39.1,149795,3,43.32,39.12,248182,3,44.03,38.59,44802,4,45.19,37.78,36456,5,45.4,39.41,209621,3,43.96,39.34,24844,5,44.77,41.07,26845,4,44.8,40.61
285829,2026-07-14T23:48:59.476733,whiskey,31457,5,44.05,38.98,172681,3,43.32,39.11,248182,3,44.02,38.58,44802,5,45.24,37.65,36456,5,45.44,39.28,209621,4,44.41,39.4,24844,5,44.82,40.88,26845,5,44.85,40.47
286179,2026-07-14T23:48:59.830571,whiskey,31457,5,44.08,38.87,172681,4,43.76,39.11,248182,3,44.03,38.58,44802,5,45.28,37.51,36456,5,45.45,39.16,209621,4,44.74,39.4,25063,5,44.84,40.78,26845,5,44.88,40.37
286529,2026-07-14T23:49:00.173284,whiskey,31457,5,44.09,38.74,172681,4,44.08,39.13,248182,3,44.02,38.56,44802,5,45.3,37.38,38152,5,45.48,39.05,209621,4,44.92,39.31,25063,6,44.86,40.67,26845,5,44.91,40.25
286879,2026-07-14T23:49:00.530899,whiskey,31457,5,44.1,38.64,172681,4,44.23,39.05,248182,3,44.03,38.56,44802,5,45.32,37.27,38152,6,45.5,38.94,209621,4,45.02,39.2,25063,6,44.88,40.59,26845,5,44.93,40.15
287229,2026-07-14T23:49:00.881038,whiskey,31714,5,44.11,38.52,172681,4,44.32,38.82,253716,3,44.03,38.55,45181,5,45.33,37.15,38152,6,45.52,38.85,59204,4,45.09,39.08,25063,6,44.89,40.49,27397,5,44.95,40.03
287579,2026-07-14T23:49:01.229804,whiskey,31714,6,44.13,38.43,44290,4,44.39,38.67,253716,4,44.47,38.6,45181,6,45.35,37.03,38152,6,45.53,38.72,59204,5,45.14,38.93,25063,6,44.89,40.4,27397,6,44.97,39.95
287929,2026-07-14T23:49:01.580337,whiskey,31714,6,44.14,38.34,44290,5,44.45,38.67,253716,4,44.79,38.56,45181,6,45.38,36.92,39131,6,45.56,38.51,59204,5,45.18,38.81,25513,6,44.9,40.31,27397,6,44.99,39.86
288279,2026-07-14T23:49:01.926222,whiskey,31714,6,44.15,38.26,44290,5,44.5,38.4,253716,4,44.95,38.46,45181,6,45.38,36.83,39131,7,45.81,38.46,59204,5,45.21,38.67,25513,7,45.15,40.25,27397,6,45.0,39.77
288629,2026-07-14T23:49:02.280382,whiskey,31714,6,44.15,38.17,44290,5,44.53,38.29,253716,4,45.04,38.37,45181,6,45.39,36.74,39131,7,46.03,38.35,59204,5,45.25,38.54,25513,7,45.36,40.17,27397,6,45.03,39.66
288979,2026-07-14T23:49:02.632953,whiskey,31880,6,44.17,38.14,45763,5,44.55,38.18,65173,4,45.12,38.22,44896,6,45.41,36.65,39131,7,46.16,38.25,62500,5,45.26,38.42,25513,7,45.49,40.05,27753,6,45.04,39.57
289329,2026-07-14T23:49:02.971276,whiskey,31880,7,44.4,38.1,45763,6,44.57,38.06,65173,5,45.16,38.1,44896,7,45.64,36.59,39131,7,46.25,38.1,62500,6,45.29,38.3,25513,7,45.57,39.93,27753,7,45.27,39.51
289679,2026-07-14T23:49:03.357017,whiskey,31880,7,44.6,38.04,45763,6,44.58,37.97,65173,5,45.2,37.96,44896,7,45.86,36.53,11224,7,46.31,37.98,62500,6,45.3,38.2,7761,7,45.63,39.8,27753,7,45.48,39.43
290029,2026-07-14T23:49:03.669980,whiskey,31880,7,44.71,37.97,45763,6,44.59,37.87,65173,5,45.23,37.85,44896,7,45.98,36.47,11224,8,46.36,37.83,62500,6,45.32,38.1,7761,8,45.67,39.69,27753,7,45.6,39.34
290379,2026-07-14T23:49:04.033295,whiskey,31880,7,44.77,37.87,45763,6,44.61,37.77,65173,5,45.26,37.75,44896,7,46.07,36.36,11224,8,46.4,37.72,62500,6,45.33,38.0,7761,8,45.72,39.53,27753,7,45.69,39.23
290729,2026-07-14T23:49:04.379139,whiskey,10631,7,44.82,37.78,45911,6,44.62,37.69,67121,5,45.28,37.63,17438,7,46.12,36.24,11224,8,46.43,37.56,64240,6,45.36,37.91,7761,8,45.75,39.43,8383,7,45.75,39.11
291079,2026-07-14T23:49:04.718083,whiskey,10631,8,44.86,37.7,45911,7,44.87,37.65,67121,6,45.3,37.5,17438,8,46.18,36.16,11224,8,46.47,37.47,64240,7,45.63,37.84,7761,8,45.78,39.32,8383,8,45.8,38.97
291429,2026-07-14T23:49:05.071984,whiskey,10631,8,44.88,37.61,45911,7,45.09,37.62,67121,6,45.32,37.44,17438,8,46.22,36.05,11319,8,46.49,37.38,64240,7,45.86,37.78,8140,8,45.8,39.21,8383,8,45.83,38.88
291779,2026-07-14T23:49:05.423782,whiskey,10631,8,44.9,37.52,45911,7,45.22,37.53,67121,6,45.34,37.38,17438,8,46.25,35.96,11319,9,46.52,37.26,64240,7,45.99,37.69,8140,9,45.82,39.11,8383,8,45.87,38.76
292129,2026-07-14T23:49:05.772019,whiskey,10631,8,44.93,37.43,45911,7,45.3,37.44,67121,6,45.36,37.3,17438,8,46.28,35.89,11319,9,46.54,37.17,64240,7,46.09,37.58,8140,9,45.84,39.01,8383,8,45.9,38.66
292479,2026-07-14T23:49:06.129996,whiskey,11118,8,44.95,37.37,15051,7,45.36,37.36,67653,6,45.38,37.23,18244,8,46.31,35.81,11319,9,46.56,37.1,17567,7,46.16,37.47,8140,9,45.87,38.93,8690,8,45.92,38.57
292829,2026-07-14T23:49:06.479243,whiskey,11118,9,44.97,37.33,15051,8,45.41,37.25,67653,7,45.63,37.21,18244,9,46.34,35.74,11319,9,46.59,37.04,17567,8,46.21,37.37,8140,9,45.89,38.85,8690,9,45.94,38.47
293179,2026-07-14T23:49:06.832017,whiskey,11118,9,45.0,37.24,15051,8,45.45,37.15,67653,7,45.85,37.15,18244,9,46.35,35.7,11142,9,46.6,37.0,17567,8,46.24,37.26,8030,9,45.9,38.79,8690,9,45.97,38.4
293529,2026-07-14T23:49:07.168921,whiskey,11118,9,45.01,37.18,15051,8,45.48,37.09,67653,7,45.99,37.08,18244,9,46.38,35.66,11142,0,46.62,36.96,17567,8,46.29,37.16,8030,0,45.94,38.72,8690,9,45.99,38.33
293879,2026-07-14T23:49:07.530954,whiskey,11118,9,45.02,37.12,15051,8,45.51,37.03,67653,7,46.07,36.98,18244,9,46.4,35.59,11142,0,46.64,36.9,17567,8,46.31,37.06,8030,0,45.95,38.68,8690,9,46.01,38.25
294229,2026-07-14T23:49:07.882145,whiskey,11490,9,45.04,37.09,15455,8,45.54,36.96,22122,7,46.15,36.88,18385,9,46.41,35.58,11142,0,46.66,36.86,17787,8,46.34,36.98,8030,0,45.97,38.63,8871,9,46.02,38.2
294579,2026-07-14T23:49:08.236131,whiskey,11490,0,45.06,37.05,15455,9,45.56,36.89,22122,8,46.19,36.78,18385,0,46.44,35.53,11142,0,46.67,36.83,17787,9,46.37,36.91,8030,0,45.99,38.6,8871,0,46.05,38.16
294929,2026-07-14T23:49:08.575241,whiskey,11490,0,45.08,37.01,15455,9,45.59,36.83,22122,8,46.23,36.7,18385,0,46.46,35.49,11118,0,46.69,36.8,17787,9,46.39,36.84,7994,0,46.0,38.56,8871,0,46.06,38.12
295279,2026-07-14T23:49:08.927653,whiskey,11490,0,45.09,36.96,15455,9,45.6,36.76,22122,8,46.27,36.62,18385,0,46.47,35.45,11118,1,45.99,36.69,17787,9,46.42,36.78,7994,1,45.35,38.46,8871,0,46.08,38.05
295629,2026-07-14T23:49:09.279453,whiskey,11490,0,45.11,36.93,15455,9,45.62,36.7,22122,8,46.29,36.51,18385,0,46.5,35.41,90941,1,45.46,36.68,17787,9,46.44,36.74,70855,1,44.85,38.43,8871,0,46.1,38.0
295979,2026-07-14T23:49:09.629960,whiskey,11704,0,45.13,36.88,16482,9,45.65,36.64,22686,8,46.33,36.44,18906,0,46.52,35.37,90941,2,45.19,36.76,17922,9,46.46,36.67,70855,2,44.58,38.51,8923,0,46.12,37.99
296329,2026-07-14T23:49:09.976277,whiskey,11704,1,44.45,36.78,16482,0,45.67,36.58,22686,9,46.35,36.38,18906,1,45.85,35.25,90941,2,45.01,36.86,17922,0,46.47,36.6,70855,2,44.42,38.62,8923,1,45.46,37.87
296679,2026-07-14T23:49:10.326274,whiskey,107112,1,43.97,36.75,16482,0,45.68,36.52,22686,9,46.38,36.3,213823,1,45.33,35.21,90941,2,44.91,37.01,17922,0,46.5,36.54,70855,2,44.31,38.75,81946,1,44.97,37.84
297029,2026-07-14T23:49:10.679499,whiskey,107112,2,43.73,36.81,16482,0,45.69,36.43,22686,9,46.4,36.23,213823,2,45.08,35.24,90941,2,44.82,37.16,17922,0,46.5,36.51,70855,2,44.25,38.91,81946,2,44.7,37.9
297379,2026-07-14T23:49:11.027074,whiskey,107112,2,43.6,36.91,16482,0,45.71,36.37,22686,9,46.42,36.14,213823,2,44.92,35.3,90941,2,44.77,37.29,17922,0,46.52,36.46,70855,2,44.2,39.07,81946,2,44.55,38.01
297729,2026-07-14T23:49:11.375906,whiskey,107112,2,43.53,37.02,17772,0,45.72,36.33,23791,9,46.44,36.08,213823,2,44.81,35.39,90941,2,44.73,37.43,18275,0,46.52,36.39,70855,2,44.15,39.2,81946,2,44.45,38.11
298079,2026-07-14T23:49:11.730023,whiskey,107112,2,43.47,37.17,17772,1,45.03,36.18,23791,0,46.45,36.03,213823,2,44.75,35.51,90941,2,44.69,37.54,18275,1,45.81,36.25,70855,2,44.12,39.34,81946,2,44.38,38.25
298429,2026-07-14T23:49:12.079750,whiskey,107112,2,43.44,37.3,201337,1,44.52,36.12,23791,0,46.47,35.97,213823,2,44.69,35.6,90941,2,44.66,37.65,166449,1,45.27,36.2,70855,2,44.09,39.44,81946,2,44.32,38.4
298779,2026-07-14T23:49:12.432224,whiskey,107112,2,43.42,37.41,201337,2,44.25,36.2,23791,0,46.47,35.94,213823,2,44.65,35.72,90941,2,44.64,37.75,166449,2,44.99,36.28,70855,2,44.07,39.56,81946,2,44.29,38.52
299129,2026-07-14T23:49:12.780438,whiskey,107112,2,43.41,37.51,201337,2,44.09,36.26,23791,0,46.48,35.87,213823,2,44.62,35.83,120075,2,44.62,37.85,166449,2,44.81,36.37,88215,2,44.05,39.65,81946,2,44.25,38.65
299479,2026-07-14T23:49:13.131650,whiskey,107112,2,43.39,37.63,201337,2,43.99,36.38,24390,0,46.49,35.83,213823,2,44.6,35.92,120075,3,44.6,37.94,166449,2,44.69,36.5,88215,3,44.04,39.74,81946,2,44.22,38.72
299829,2026-07-14T23:49:13.476046,whiskey,107112,2,43.37,37.73,201337,2,43.91,36.5,24390,1,45.79,35.71,213823,2,44.57,36.01,120075,3,44.59,38.01,166449,2,44.61,36.6,88215,3,44.03,39.83,81946,2,44.19,38.85
300179,2026-07-14T23:49:13.830280,whiskey,119570,2,43.38,37.81,201337,2,43.87,36.64,318606,1,45.27,35.7,201813,2,44.56,36.11,120075,3,44.57,38.07,166449,2,44.55,36.76,88215,3,44.0,39.89,98860,2,44.18,38.94
300529,2026-07-14T23:49:14.180429,whiskey,119570,3,43.36,37.89,201337,2,43.82,36.73,318606,2,44.99,35.74,201813,3,44.54,36.18,120075,3,44.56,38.15,166449,2,44.51,36.88,88215,3,43.99,39.95,98860,3,44.16,39.04
300879,2026-07-14T23:49:14.526548,whiskey,119570,3,43.35,37.98,201337,2,43.78,36.86,318606,2,44.83,35.87,201813,3,44.53,36.23,120075,3,44.54,38.18,166449,2,44.46,36.99,88215,3,43.98,40.0,98860,3,44.14,39.12
301229,2026-07-14T23:49:14.879602,whiskey,119570,3,43.34,38.1,201337,2,43.75,36.96,318606,2,44.72,36.0,201813,3,44.52,36.3,120075,3,44.53,38.24,166449,2,44.43,37.11,88215,3,43.97,40.07,98860,3,44.12,39.18
301579,2026-07-14T23:49:15.226223,whiskey,119570,3,43.33,38.06,201337,2,43.73,37.07,318606,2,44.64,36.15,201813,3,44.5,36.35,120075,3,44.52,38.27,166449,2,44.4,37.21,88215,3,43.97,40.1,98860,3,44.11,39.23
301929,2026-07-14T23:49:15.573878,whiskey,119570,3,43.31,38.2,192589,2,43.71,37.18,318606,2,44.59,36.27,201813,3,44.49,36.39,120075,3,44.5,38.31,199454,2,44.38,37.3,88215,3,43.95,40.14,98860,3,44.1,39.29
302279,2026-07-14T23:49:15.929418,whiskey,119570,3,43.3,38.24,192589,3,43.68,37.25,318606,2,44.53,36.4,201813,3,44.48,36.43,120075,3,44.49,38.33,199454,3,44.35,37.41,88215,3,43.94,40.14,98860,3,44.09,39.33
302629,2026-07-14T23:49:16.280960,whiskey,119570,3,43.28,38.3,192589,3,43.67,37.35,318606,2,44.5,36.55,201813,3,44.46,36.47,120075,3,44.48,38.34,199454,3,44.34,37.46,88215,3,43.93,40.2,98860,3,44.08,39.37
302979,2026-07-14T23:49:16.630827,whiskey,119570,3,43.28,38.33,192589,3,43.65,37.42,318606,2,44.46,36.65,201813,3,44.45,36.45,120075,3,44.48,38.33,199454,3,44.32,37.55,88215,3,43.92,40.2,98860,3,44.06,39.42
303329,2026-07-14T23:49:16.967501,whiskey,119570,3,43.27,38.37,192589,3,43.64,37.48,318606,2,44.44,36.75,201813,3,44.42,36.58,120075,3,44.47,38.36,199454,3,44.3,37.61,88215,3,43.92,40.19,98860,3,44.06,39.45
303679,2026-07-14T23:49:17.329430,whiskey,119570,3,43.27,38.41,192589,3,43.63,37.56,285077,2,44.41,36.87,201813,3,44.42,36.59,120075,3,44.45,38.35,199454,3,44.3,37.66,88215,3,43.91,40.2,98860,3,44.04,39.46
304029,2026-07-14T23:49:17.679673,whiskey,119570,3,43.25,38.42,192589,3,43.61,37.6,285077,3,44.39,36.95,201813,3,44.4,36.61,120075,3,44.44,38.34,199454,3,44.29,37.68,88215,3,43.91,40.19,98860,3,44.03,39.47
304379,2026-07-14T23:49:18.030200,whiskey,119570,3,43.25,38.43,192589,3,43.61,37.65,285077,3,44.37,37.01,201813,3,44.39,36.62,120075,3,44.44,38.35,199454,3,44.26,37.73,88215,3,43.9,40.17,98860,3,44.02,39.48
304729,2026-07-14T23:49:18.470742,whiskey,119570,3,43.25,38.46,192589,3,43.59,37.67,285077,3,44.36,37.1,201813,3,44.37,36.63,120075,3,44.43,38.35,199454,3,44.26,37.78,88215,3,43.89,40.17,98860,3,44.02,39.51
305079,2026-07-14T23:49:18.807229,whiskey,119570,3,43.24,38.48,192589,3,43.59,37.71,285077,3,44.35,37.17,201813,3,44.36,36.63,120075,3,44.43,38.36,199454,3,44.25,37.82,88215,3,43.88,40.15,98860,3,44.0,39.51
305429,2026-07-14T23:49:19.069413,whiskey,119570,3,43.23,38.47,192589,3,43.58,37.75,285077,3,44.34,37.21,201813,3,44.35,36.63,120075,3,44.41,38.34,199454,3,44.23,37.84,88215,3,43.88,40.16,98860,3,44.0,39.5
305779,2026-07-14T23:49:19.427579,whiskey,119570,3,43.22,38.5,192589,3,43.58,37.79,285077,3,44.32,37.28,201813,3,44.35,36.68,120075,3,44.41,38.33,199454,3,44.23,37.87,88215,3,43.87,40.15,98860,3,44.0,39.53
306129,2026-07-14T23:49:19.782014,whiskey,119570,3,43.22,38.52,192589,3,43.56,37.82,285077,3,44.31,37.32,201813,3,44.34,36.7,120075,3,44.4,38.34,199454,3,44.22,37.9,88215,3,43.86,40.14,98860,3,43.99,39.52
306479,2026-07-14T23:49:20.129432,whiskey,119570,3,43.22,38.51,192589,3,43.55,37.87,285077,3,44.29,37.35,201813,3,44.33,36.7,120075,3,44.4,38.32,199454,3,44.22,37.93,88215,3,43.86,40.13,98860,3,43.98,39.53
306829,2026-07-14T23:49:20.480020,whiskey,119570,3,43.21,38.53,192589,3,43.55,37.93,285077,3,44.28,37.4,201813,3,44.33,36.74,120075,3,44.4,38.34,199454,3,44.21,37.96,88215,3,43.85,40.15,98860,3,43.98,39.54
307179,2026-07-14T23:49:20.826122,whiskey,119570,3,43.2,38.56,192589,3,43.54,37.97,285077,3,44.27,37.45,201813,3,44.31,36.78,120075,3,44.37,38.37,199454,3,44.2,37.98,88215,3,43.84,39.95,98860,3,43.97,39.56
307529,2026-07-14T23:49:21.179414,whiskey,119570,3,43.2,38.57,192589,3,43.53,37.98,285077,3,44.26,37.48,201813,3,44.31,36.8,120075,3,44.37,38.37,199454,3,44.19,38.03,88215,3,43.83,40.16,98860,3,43.96,39.57
307879,2026-07-14T23:49:21.529991,whiskey,119570,3,43.17,38.6,192589,3,43.52,38.02,285077,3,44.25,37.55,201813,3,44.3,36.84,120075,3,44.37,38.41,199454,3,44.19,38.05,88215,3,43.83,40.19,98860,3,43.96,39.57
308229,2026-07-14T23:49:21.878408,whiskey,119570,3,43.17,38.62,192589,3,43.51,38.05,285077,3,44.25,37.58,201813,3,44.29,36.87,120075,3,44.37,38.43,199454,3,44.18,38.08,88215,3,43.82,40.19,98860,3,43.95,39.45
308579,2026-07-14T23:49:22.229891,whiskey,119570,3,43.17,38.6,192589,3,43.52,38.05,285077,3,44.24,37.6,201813,3,44.29,36.88,120075,3,44.36,38.46,199454,3,44.17,38.1,88215,3,43.82,40.22,98860,3,43.95,39.64
308929,2026-07-14T23:49:22.580053,whiskey,119570,3,43.16,38.64,192589,3,43.5,38.08,285077,3,44.23,37.63,201813,3,44.28,36.89,120075,3,44.36,38.48,199454,3,44.17,38.13,88215,3,43.82,40.25,98860,3,43.94,39.67
309279,2026-07-14T23:49:22.929927,whiskey,119570,3,43.16,38.62,192589,3,43.5,38.08,285077,3,44.23,37.65,201813,3,44.27,36.89,120075,3,44.35,38.58,199454,3,44.17,38.16,116310,3,43.81,40.26,98860,3,43.94,39.68
309629,2026-07-14T23:49:23.280021,whiskey,119570,3,43.16,38.61,192589,3,43.5,38.09,285077,3,44.22,37.66,201813,3,44.28,36.88,149401,4,44.81,38.58,199454,3,44.17,38.18,116310,4,44.23,40.33,98860,3,43.93,39.7
309979,2026-07-14T23:49:23.631211,whiskey,119570,3,43.14,38.61,192589,3,43.5,38.12,285077,3,44.22,37.67,201813,3,44.26,36.9,149401,4,45.14,38.57,199454,3,44.16,38.17,116310,4,44.55,40.34,98860,3,43.93,39.7
310329,2026-07-14T23:49:23.978399,whiskey,139852,3,43.14,38.63,192589,3,43.49,38.11,285077,3,44.22,37.69,211964,3,44.26,36.88,149401,4,45.33,38.5,199454,3,44.16,38.2,116310,4,44.71,40.28,122488,3,43.92,39.72
310679,2026-07-14T23:49:24.325720,whiskey,139852,4,43.59,38.67,192589,3,43.48,38.1,285077,3,44.2,37.68,211964,4,44.7,36.92,149401,4,45.43,38.37,199454,3,44.15,38.22,116310,4,44.8,40.19,122488,4,44.35,39.79
311029,2026-07-14T23:49:24.679795,whiskey,139852,4,43.89,38.65,192589,3,43.48,38.13,285077,3,44.21,37.7,211964,4,45.02,36.92,41612,4,45.5,38.24,199454,3,44.15,38.19,28783,4,44.87,40.06,122488,4,44.66,39.8
311379,2026-07-14T23:49:25.028968,whiskey,139852,4,44.04,38.56,192589,3,43.47,38.13,285077,3,44.19,37.71,211964,4,45.19,36.85,41612,5,45.55,38.1,199454,3,44.15,38.21,28783,5,44.91,39.93,122488,4,44.82,39.71
311729,2026-07-14T23:49:25.379614,whiskey,139852,4,44.13,38.49,192589,3,43.47,38.13,285077,3,44.19,37.71,211964,4,45.28,36.75,41612,5,45.58,37.95,199454,3,44.15,38.18,28783,5,44.94,39.82,122488,4,44.91,39.61
312079,2026-07-14T23:49:25.737623,whiskey,35222,4,44.18,38.39,192589,3,43.47,38.2,285077,3,44.19,37.74,53024,4,45.35,36.66,41612,5,45.62,37.82,199454,3,44.14,38.2,28783,5,44.97,39.65,30622,4,44.98,39.48
312429,2026-07-14T23:49:26.079155,whiskey,35222,5,44.2,38.32,209492,3,43.47,38.23,285077,3,44.18,37.77,53024,5,45.4,36.58,41612,5,45.64,37.73,230890,3,44.15,38.18,28783,5,44.99,39.54,30622,5,45.03,39.34
312779,2026-07-14T23:49:26.434599,whiskey,35222,5,44.22,38.23,209492,4,43.91,38.34,285077,3,44.18,37.8,53024,5,45.43,36.52,43434,5,45.66,37.61,230890,4,44.6,38.25,29581,5,45.01,39.41,30622,5,45.06,39.24
313129,2026-07-14T23:49:26.790846,whiskey,35222,5,44.24,38.17,209492,4,44.22,38.4,285077,3,44.19,37.86,53024,5,45.45,36.45,43434,6,45.68,37.51,230890,4,44.93,38.24,29581,6,45.03,39.35,30622,5,45.09,39.12
313479,2026-07-14T23:49:27.331777,whiskey,35222,5,44.25,38.12,209492,4,44.39,38.39,285077,3,44.19,37.89,53024,5,45.48,36.41,43434,6,45.7,37.47,230890,4,45.1,38.17,29581,6,45.04,39.25,30622,5,45.13,39.01
313829,2026-07-14T23:49:27.471571,whiskey,35634,5,44.27,38.1,209492,4,44.48,38.34,285077,3,44.19,37.96,51926,5,45.49,36.39,43434,6,45.72,37.4,230890,4,45.21,38.09,29581,6,45.05,39.15,31022,5,45.15,38.91
314179,2026-07-14T23:49:27.829186,whiskey,35634,6,44.27,38.05,52181,4,44.55,38.28,281783,3,44.19,38.01,51926,6,45.52,36.35,43434,6,45.73,37.37,64875,4,45.28,38.0,29581,6,45.07,39.09,31022,6,45.16,38.82
314529,2026-07-14T23:49:28.180993,whiskey,35634,6,44.29,38.03,52181,5,44.59,38.23,281783,4,44.63,38.14,51926,6,45.53,36.33,43700,6,45.74,37.33,64875,5,45.33,37.93,29459,6,45.07,39.05,31022,6,45.18,38.76
314879,2026-07-14T23:49:28.521015,whiskey,35634,6,44.29,37.99,52181,5,44.62,38.18,281783,4,44.94,38.19,51926,6,45.53,36.34,43700,7,46.0,37.36,64875,5,45.37,37.81,29459,7,45.33,39.03,31022,6,45.19,38.7
315229,2026-07-14T23:49:28.871912,whiskey,35634,6,44.31,37.99,52181,5,44.65,38.1,281783,4,45.11,38.17,51926,6,45.55,36.32,43700,7,46.22,37.35,64875,5,45.41,37.74,29459,7,45.53,39.0,31022,6,45.2,38.64
315579,2026-07-14T23:49:29.229468,whiskey,35427,6,44.32,37.96,52181,5,44.68,38.06,281783,4,45.21,38.12,51118,6,45.57,36.31,43700,7,46.35,37.32,64875,5,45.43,37.67,29459,7,45.66,38.95,30688,6,45.22,38.59
315929,2026-07-14T23:49:29.578750,whiskey,35427,7,44.54,38.0,52696,5,44.69,38.0,71688,4,45.28,38.05,51118,7,45.81,36.34,43700,7,46.43,37.27,67332,5,45.46,37.62,29459,7,45.75,38.92,30688,7,45.46,38.6
316279,2026-07-14T23:49:30.037866,whiskey,35427,7,44.75,37.99,52696,6,44.7,37.94,71688,5,45.33,37.95,51118,7,46.01,36.33,11477,7,46.5,37.23,67332,6,45.48,37.55,8247,7,45.81,38.86,30688,7,45.66,38.57
316629,2026-07-14T23:49:30.278804,whiskey,35427,7,44.85,37.96,52696,6,44.73,37.88,71688,5,45.38,37.89,51118,7,46.13,36.32,11477,8,46.55,37.18,67332,6,45.5,37.52,8247,8,45.86,38.82,30688,7,45.8,38.54
316979,2026-07-14T23:49:30.628496,whiskey,35427,7,44.92,37.87,52696,6,44.74,37.82,71688,5,45.4,37.8,51118,7,46.22,36.24,11477,8,46.59,37.1,67332,6,45.51,37.48,8247,8,45.9,38.77,30688,7,45.88,38.48
317329,2026-07-14T23:49:30.979126,whiskey,12502,7,44.97,37.83,52696,6,44.75,37.78,71688,5,45.43,37.74,18593,7,46.28,36.21,11477,8,46.62,37.08,67332,6,45.54,37.44,8247,8,45.94,38.72,8923,7,45.93,38.41
317679,2026-07-14T23:49:31.327545,whiskey,12502,8,45.0,37.77,52053,6,44.76,37.74,72976,5,45.44,37.68,18593,8,46.34,36.16,11477,8,46.65,37.03,68632,6,45.55,37.41,8247,8,45.97,38.67,8923,8,45.98,38.35
318029,2026-07-14T23:49:31.678533,whiskey,12502,8,45.03,37.72,52053,7,45.03,37.72,72976,6,45.47,37.58,18593,8,46.37,36.1,11666,8,46.68,36.98,68632,7,45.82,37.41,8669,8,45.99,38.64,8923,8,46.02,38.28
318379,2026-07-14T23:49:32.027433,whiskey,12502,8,45.06,37.64,52053,7,45.24,37.71,72976,6,45.49,37.55,18593,8,46.41,36.06,11666,9,46.7,36.94,68632,7,46.06,37.37,8669,9,46.01,38.6,8923,8,46.05,38.23
318729,2026-07-14T23:49:32.380188,whiskey,12502,8,45.08,37.6,52053,7,45.36,37.65,72976,6,45.51,37.5,18593,8,46.44,35.99,11666,9,46.73,36.9,68632,7,46.19,37.32,8669,9,46.03,38.6,8923,8,46.08,38.19
319079,2026-07-14T23:49:32.727986,whiskey,13013,8,45.1,37.54,52053,7,45.45,37.57,72976,6,45.53,37.47,19583,8,46.46,35.93,11666,9,46.74,36.87,68632,7,46.28,37.25,8669,9,46.05,38.56,9240,8,46.11,38.14
319429,2026-07-14T23:49:33.076389,whiskey,13013,9,45.12,37.51,16675,7,45.52,37.51,72727,6,45.54,37.42,19583,9,46.49,35.88,11666,9,46.76,36.83,18353,7,46.34,37.18,8669,9,46.07,38.53,9240,9,46.13,38.08
319779,2026-07-14T23:49:33.419601,whiskey,13013,9,45.13,37.48,16675,8,45.56,37.41,72727,7,45.8,37.42,19583,9,46.51,35.85,11704,9,46.78,36.8,18353,8,46.4,37.09,8827,9,46.1,38.49,9240,9,46.16,38.03
320129,2026-07-14T23:49:33.777588,whiskey,13013,9,45.16,37.46,16675,8,45.6,37.34,72727,7,46.03,37.39,19583,9,46.53,35.82,11704,0,46.8,36.78,18353,8,46.44,37.02,8827,0,46.11,38.48,9240,9,46.17,38.0
320479,2026-07-14T23:49:34.128021,whiskey,13013,9,45.17,37.42,16675,8,45.63,37.3,72727,7,46.16,37.33,19583,9,46.55,35.78,11704,0,46.82,36.78,18353,8,46.48,36.95,8827,0,46.13,38.45,9240,9,46.19,37.95
320829,2026-07-14T23:49:34.482678,whiskey,13347,9,45.19,37.4,16675,8,45.66,37.23,72727,7,46.25,37.26,20006,9,46.57,35.73,11704,0,46.83,36.73,18353,8,46.51,36.87,8827,0,46.14,38.44,9470,9,46.21,37.92
321179,2026-07-14T23:49:34.814891,whiskey,13347,0,45.21,37.36,17227,8,45.69,37.17,24033,7,46.31,37.14,20006,0,46.58,35.7,11704,0,46.85,36.73,18433,8,46.54,36.8,8827,0,46.16,38.43,9470,0,46.24,37.9
321529,2026-07-14T23:49:35.176352,whiskey,13347,0,45.22,37.32,17227,9,45.7,37.11,24033,8,46.36,37.07,20006,0,46.61,35.67,12188,0,46.87,36.72,18433,9,46.56,36.75,9006,0,46.17,38.41,9470,0,46.25,37.88
321879,2026-07-14T23:49:35.528325,whiskey,13347,0,45.23,37.3,17227,9,45.74,37.06,24033,8,46.41,36.98,20006,0,46.63,35.65,12188,1,46.16,36.61,18433,9,46.59,36.67,9006,1,45.52,38.3,9470,0,46.28,37.84
322229,2026-07-14T23:49:35.870493,whiskey,13347,0,45.26,37.26,17227,9,45.76,37.01,24033,8,46.45,36.9,20006,0,46.64,35.63,100966,1,45.63,36.59,18433,9,46.61,36.64,82500,1,45.02,38.3,9470,0,46.29,37.81
322579,2026-07-14T23:49:36.228964,whiskey,13363,0,45.27,37.24,17227,9,45.77,36.95,24033,8,46.48,36.83,20291,0,46.66,35.59,100966,2,45.35,36.69,18433,9,46.63,36.58,82500,2,44.76,38.4,9720,0,46.32,37.8
322929,2026-07-14T23:49:36.580185,whiskey,13363,1,44.59,37.14,17510,9,45.79,36.9,24601,8,46.5,36.75,20291,1,45.99,35.5,100966,2,45.19,36.83,18790,9,46.65,36.45,82500,2,44.59,38.53,9720,1,45.65,37.69
323279,2026-07-14T23:49:36.928923,whiskey,126482,1,44.1,37.12,17510,0,45.81,36.87,24601,9,46.52,36.69,235186,1,45.48,35.49,100966,2,45.08,37.0,18790,0,46.67,36.58,82500,2,44.49,38.7,91038,1,45.15,37.67
323629,2026-07-14T23:49:37.277318,whiskey,126482,2,43.87,37.2,17510,0,45.83,36.85,24601,9,46.54,36.64,235186,2,45.22,35.54,100966,2,45.0,37.15,18790,0,46.69,36.46,82500,2,44.42,38.87,91038,2,44.89,37.75
323979,2026-07-14T23:49:37.628608,whiskey,126482,2,43.74,37.31,17510,0,45.84,36.8,24601,9,46.57,36.57,235186,2,45.07,35.65,100966,2,44.94,37.3,18790,0,46.7,36.47,82500,2,44.36,39.04,91038,2,44.73,37.88
324329,2026-07-14T23:49:37.978291,whiskey,126482,2,43.67,37.45,17510,0,45.85,36.81,24601,9,46.58,36.52,235186,2,44.96,35.77,100966,2,44.9,37.47,18957,0,46.72,36.35,82500,2,44.32,39.21,91038,2,44.63,38.02
324679,2026-07-14T23:49:38.328728,whiskey,126482,2,43.62,37.61,17728,0,45.86,36.78,25376,9,46.6,36.47,235186,2,44.89,35.92,100966,2,44.87,37.64,18957,1,45.98,36.22,82500,2,44.29,39.36,91038,2,44.57,38.16
325029,2026-07-14T23:49:38.679296,whiskey,126482,2,43.58,37.76,17728,1,45.16,36.69,25376,0,46.62,36.44,235186,2,44.83,36.07,100966,2,44.83,37.77,170609,1,45.45,36.22,82500,2,44.27,39.5,91038,2,44.51,38.32
325379,2026-07-14T23:49:39.017002,whiskey,126482,2,43.56,37.92,197721,1,44.66,36.66,25376,0,46.62,36.39,235186,2,44.79,36.22,100966,2,44.81,37.93,170609,2,45.16,36.28,82500,2,44.25,39.64,91038,2,44.47,38.46
325729,2026-07-14T23:49:39.378671,whiskey,126482,2,43.54,38.01,197721,2,44.4,36.74,25376,0,46.63,36.35,235186,2,44.76,36.35,124817,2,44.79,38.03,170609,2,45.0,36.42,98009,2,44.23,39.76,91038,2,44.43,38.59
326079,2026-07-14T23:49:39.729369,whiskey,126482,2,43.53,38.14,197721,2,44.24,36.85,25376,0,46.64,36.34,235186,2,44.75,36.49,124817,3,44.78,38.14,170609,2,44.88,36.57,98009,3,44.22,39.86,91038,2,44.4,38.73
326429,2026-07-14T23:49:40.070445,whiskey,126482,2,43.51,38.24,197721,2,44.13,37.0,25979,0,46.65,36.29,235186,2,44.73,36.6,124817,3,44.77,38.25,170609,2,44.8,36.73,98009,3,44.2,39.93,91038,2,44.38,38.85
326779,2026-07-14T23:49:40.428160,whiskey,134136,2,43.51,38.34,197721,2,44.05,37.15,25979,1,45.94,36.19,214630,2,44.71,36.72,124817,3,44.75,38.37,170609,2,44.74,36.88,98009,3,44.19,40.02,105068,2,44.36,38.97
327129,2026-07-14T23:49:40.779255,whiskey,134136,3,43.5,38.43,197721,2,43.99,37.27,349607,1,45.43,36.16,214630,3,44.69,36.81,124817,3,44.73,38.45,170609,2,44.67,37.05,98009,3,44.17,40.1,105068,3,44.34,39.07
327479,2026-07-14T23:49:41.129585,whiskey,134136,3,43.49,38.47,197721,2,43.95,37.39,349607,2,45.15,36.24,214630,3,44.68,36.88,124817,3,44.72,38.54,170609,2,44.64,37.17,98009,3,44.17,40.19,105068,3,44.32,39.17
327829,2026-07-14T23:49:41.474583,whiskey,134136,3,43.48,38.55,197721,2,43.92,37.51,349607,2,44.98,36.35,214630,3,44.66,36.97,124817,3,44.71,38.6,170609,2,44.61,37.32,98009,3,44.16,40.26,105068,3,44.31,39.26
328179,2026-07-14T23:49:41.826951,whiskey,134136,3,43.47,38.6,197721,2,43.89,37.61,349607,2,44.87,36.47,214630,3,44.65,37.01,124817,3,44.7,38.69,170609,2,44.58,37.47,98009,3,44.15,40.32,105068,3,44.29,39.35
328529,2026-07-14T23:49:42.179463,whiskey,134136,3,43.46,38.64,197721,2,43.86,37.68,349607,2,44.79,36.62,214630,3,44.64,37.06,124817,3,44.68,38.73,204963,2,44.56,37.58,98009,3,44.13,40.3,105068,3,44.28,39.44
328879,2026-07-14T23:49:42.528947,whiskey,134136,3,43.45,38.69,186861,2,43.84,37.76,349607,2,44.73,36.77,214630,3,44.63,37.13,124817,3,44.67,38.8,204963,3,44.54,37.69,98009,3,44.12,40.51,105068,3,44.27,39.51
329229,2026-07-14T23:49:42.886304,whiskey,134136,3,43.44,38.72,186861,3,43.83,37.85,349607,2,44.69,36.9,214630,3,44.62,37.16,124817,3,44.67,38.85,204963,3,44.51,37.79,98009,3,44.1,40.56,105068,3,44.26,39.58
329579,2026-07-14T23:49:43.226225,whiskey,134136,3,43.44,38.66,186861,3,43.81,37.92,349607,2,44.65,37.0,214630,3,44.61,37.18,124817,3,44.66,38.87,204963,3,44.5,37.88,98009,3,44.1,40.61,105068,3,44.25,39.63
329929,2026-07-14T23:49:43.581203,whiskey,134136,3,43.43,38.7,186861,3,43.8,37.97,349607,2,44.62,37.13,214630,3,44.59,37.23,124817,3,44.65,38.92,204963,3,44.48,37.97,98009,3,44.09,40.67,105068,3,44.24,39.7
330279,2026-07-14T23:49:43.927592,whiskey,134136,3,43.42,38.83,186861,3,43.79,38.02,349607,2,44.58,37.24,214630,3,44.59,37.18,124817,3,44.64,38.98,204963,3,44.47,38.06,98009,3,44.08,40.7,105068,3,44.23,39.76
330629,2026-07-14T23:49:44.271519,whiskey,134136,3,43.41,38.85,186861,3,43.77,38.08,302243,2,44.56,37.34,214630,3,44.58,37.28,124817,3,44.63,38.99,204963,3,44.45,38.11,98009,3,44.08,40.73,105068,3,44.22,39.81
330979,2026-07-14T23:49:44.628908,whiskey,134136,3,43.4,38.86,186861,3,43.76,38.1,302243,3,44.54,37.41,214630,3,44.55,37.29,124817,3,44.62,39.0,204963,3,44.44,38.18,98009,3,44.07,40.76,105068,3,44.21,39.83
331329,2026-07-14T23:49:45.043571,whiskey,134136,3,43.38,38.89,186861,3,43.75,38.15,302243,3,44.53,37.48,214630,3,44.54,37.3,124817,3,44.6,39.04,204963,3,44.43,38.21,98009,3,44.06,40.78,105068,3,44.2,39.89
331679,2026-07-14T23:49:45.317377,whiskey,134136,3,43.38,38.89,186861,3,43.74,38.16,302243,3,44.51,37.6,214630,3,44.53,37.31,124817,3,44.61,39.07,204963,3,44.42,38.27,98009,3,44.05,40.8,105068,3,44.19,39.92
332029,2026-07-14T23:49:45.679245,whiskey,134136,3,43.38,38.91,186861,3,43.73,38.19,302243,3,44.5,37.65,214630,3,44.52,37.32,124817,3,44.6,39.08,204963,3,44.42,38.33,98009,3,44.05,40.79,105068,3,44.19,39.94
332379,2026-07-14T23:49:46.029507,whiskey,134136,3,43.37,38.9,186861,3,43.72,38.21,302243,3,44.49,37.7,214630,3,44.51,37.32,124817,3,44.59,39.07,204963,3,44.41,38.35,98009,3,44.04,40.82,105068,3,44.17,39.98
332729,2026-07-14T23:49:46.379560,whiskey,134136,3,43.36,38.93,186861,3,43.71,38.22,302243,3,44.47,37.76,214630,3,44.5,37.29,124817,3,44.59,39.09,204963,3,44.4,38.39,98009,3,44.04,40.83,105068,3,44.17,39.99
333079,2026-07-14T23:49:46.729090,whiskey,134136,3,43.36,38.94,186861,3,43.71,38.26,302243,3,44.46,37.8,214630,3,44.49,37.31,124817,3,44.58,39.07,204963,3,44.39,38.41,98009,3,44.03,40.84,105068,3,44.16,40.0
333429,2026-07-14T23:49:47.064307,whiskey,134136,3,43.35,38.96,186861,3,43.69,38.25,302243,3,44.46,37.87,214630,3,44.49,37.3,124817,3,44.57,39.09,204963,3,44.38,38.41,98009,3,44.03,40.84,105068,3,44.15,40.03
333779,2026-07-14T23:49:47.429607,whiskey,134136,3,43.34,38.96,186861,3,43.69,38.27,302243,3,44.44,37.88,214630,3,44.48,37.31,124817,3,44.57,39.06,204963,3,44.38,38.45,98009,3,44.02,40.85,105068,3,44.15,40.05
334129,2026-07-14T23:49:47.779331,whiskey,134136,3,43.33,38.97,186861,3,43.67,38.32,302243,3,44.44,37.95,214630,3,44.47,37.33,124817,3,44.57,39.08,204963,3,44.37,38.47,98009,3,44.03,40.83,105068,3,44.14,40.05
334479,2026-07-14T23:49:48.128799,whiskey,134136,3,43.33,39.02,186861,3,43.67,38.31,302243,3,44.42,37.97,214630,3,44.46,37.33,124817,3,44.56,39.08,204963,3,44.37,38.47,98009,3,44.0,40.82,105068,3,44.14,40.04
334829,2026-07-14T23:49:48.478981,whiskey,134136,3,43.32,39.02,186861,3,43.67,38.36,302243,3,44.4,38.01,214630,3,44.46,37.34,124817,3,44.55,39.06,204963,3,44.36,38.51,98009,3,44.0,40.83,105068,3,44.13,40.04
335179,2026-07-14T23:49:48.830114,whiskey,134136,3,43.32,39.05,186861,3,43.65,38.36,302243,3,44.4,38.06,214630,3,44.45,37.37,124817,3,44.55,39.05,204963,3,44.35,38.5,98009,3,44.0,40.82,105068,3,44.13,40.06
335529,2026-07-14T23:49:49.256185,whiskey,134136,3,43.31,39.05,186861,3,43.66,38.4,302243,3,44.39,38.11,214630,3,44.44,37.38,124817,3,44.55,39.07,204963,3,44.36,38.52,98009,3,43.99,40.82,105068,3,44.12,40.08
335879,2026-07-14T23:49:49.519833,whiskey,134136,3,43.31,39.09,186861,3,43.65,38.44,302243,3,44.38,38.15,214630,3,44.43,37.41,150322,3,44.54,39.07,204963,3,44.34,38.54,122752,3,43.99,40.83,105068,3,44.12,40.05
336229,2026-07-14T23:49:49.880101,whiskey,134136,3,43.3,39.12,186861,3,43.64,38.46,302243,3,44.38,38.17,214630,3,44.43,37.44,150322,4,44.98,39.1,204963,3,44.34,38.56,122752,4,44.4,40.86,105068,3,44.11,40.07
336579,2026-07-14T23:49:50.229192,whiskey,134136,3,43.29,39.13,186861,3,43.64,38.5,302243,3,44.37,38.21,214630,3,44.42,37.43,150322,4,45.33,39.09,204963,3,44.34,38.57,122752,4,44.72,40.87,105068,3,44.11,40.08
336929,2026-07-14T23:49:50.573416,whiskey,151658,3,43.29,39.15,186861,3,43.63,38.52,302243,3,44.37,38.24,221309,3,44.41,37.47,150322,4,45.5,39.04,204963,3,44.33,38.57,122752,4,44.89,40.78,105068,3,44.1,40.16
337279,2026-07-14T23:49:50.926645,whiskey,151658,4,43.72,39.22,186861,3,43.63,38.55,302243,3,44.36,38.28,221309,4,44.86,37.53,150322,4,45.6,38.92,204963,3,44.33,38.59,122752,4,44.98,40.66,127426,4,44.53,40.13
337629,2026-07-14T23:49:51.276200,whiskey,151658,4,44.04,39.22,186861,3,43.63,38.57,302243,3,44.36,38.3,221309,4,45.18,37.53,41170,4,45.66,38.8,204963,3,44.32,38.6,29357,4,45.04,40.56,127426,4,44.85,40.14
337979,2026-07-14T23:49:51.624456,whiskey,151658,4,44.18,39.17,186861,3,43.62,38.6,302243,3,44.35,38.3,221309,4,45.34,37.48,41170,5,45.73,38.67,204963,3,44.33,38.62,29357,5,45.08,40.4,127426,4,45.0,40.05
338329,2026-07-14T23:49:51.974017,whiskey,151658,4,44.26,39.06,186861,3,43.62,38.62,302243,3,44.35,38.34,221309,4,45.44,37.38,41170,5,45.77,38.52,204963,3,44.33,38.63,29357,5,45.12,40.26,127426,4,45.1,39.96
338679,2026-07-14T23:49:52.328319,whiskey,37448,4,44.32,38.96,186861,3,43.62,38.66,302243,3,44.35,38.35,53997,4,45.5,37.28,41170,5,45.79,38.38,204963,3,44.33,38.63,29357,5,45.15,40.14,30865,4,45.16,39.84
339029,2026-07-14T23:49:52.677024,whiskey,37448,5,44.35,38.88,186861,3,43.61,38.68,302243,3,44.34,38.36,53997,5,45.55,37.15,41170,5,45.82,38.25,233576,3,44.32,38.61,29357,5,45.17,40.03,30865,5,45.21,39.7
339379,2026-07-14T23:49:53.028298,whiskey,37448,5,44.37,38.75,208341,3,43.61,38.67,302243,3,44.34,38.38,53997,5,45.59,37.04,42866,5,45.85,38.14,233576,4,44.77,38.66,29622,5,45.19,39.89,30865,5,45.25,39.56
339729,2026-07-14T23:49:53.378718,whiskey,37448,5,44.38,38.64,208341,4,44.05,38.72,302243,3,44.34,38.38,53997,5,45.61,36.92,42866,6,45.87,38.01,233576,4,45.11,38.66,29622,6,45.2,39.77,30865,5,45.27,39.45
340079,2026-07-14T23:49:53.726831,whiskey,37448,5,44.4,38.54,208341,4,44.37,38.71,302243,3,44.34,38.39,53997,5,45.63,36.81,42866,6,45.88,37.9,233576,4,45.28,38.56,29622,6,45.22,39.66,30865,5,45.29,39.32
340429,2026-07-14T23:49:54.078587,whiskey,37090,5,44.41,38.44,208341,4,44.52,38.63,302243,3,44.34,38.37,53322,5,45.65,36.66,42866,6,45.9,37.77,233576,4,45.39,38.45,29622,6,45.22,39.54,31135,5,45.32,39.21
340779,2026-07-14T23:49:54.429061,whiskey,37090,6,44.42,38.34,208341,4,44.62,38.5,302243,3,44.35,38.37,53322,6,45.67,36.56,42866,6,45.91,37.67,65624,4,45.46,38.29,29622,6,45.23,39.45,31135,6,45.33,39.1
341129,2026-07-14T23:49:54.783596,whiskey,37090,6,44.43,38.25,52859,4,44.68,38.35,291654,3,44.34,38.33,53322,6,45.68,36.44,43971,6,45.92,37.53,65624,5,45.51,38.15,29913,6,45.24,39.36,31135,6,45.35,38.97
341479,2026-07-14T23:49:55.128505,whiskey,37090,6,44.44,38.17,52859,5,44.73,38.22,291654,4,44.79,38.39,53322,6,45.7,36.34,43971,7,46.16,37.47,65624,5,45.55,38.0,29913,7,45.5,39.28,31135,6,45.36,38.88
341829,2026-07-14T23:49:55.480403,whiskey,37090,6,44.45,38.1,52859,5,44.76,38.08,291654,4,45.11,38.36,53322,6,45.71,36.24,43971,7,46.38,37.38,65624,5,45.59,37.88,29913,7,45.7,39.19,31135,6,45.37,38.78
342179,2026-07-14T23:49:55.829407,whiskey,37090,6,44.46,38.06,52859,5,44.79,37.95,291654,4,45.28,38.27,53090,6,45.72,36.16,43971,7,46.52,37.27,65624,5,45.62,37.73,29913,7,45.83,39.09,31527,6,45.39,38.68
342529,2026-07-14T23:49:56.179670,whiskey,37090,7,44.69,38.01,52859,5,44.81,37.84,291654,4,45.38,38.15,53090,7,45.95,36.13,43971,7,46.6,37.14,68577,5,45.63,37.6,29913,7,45.92,38.97,31527,7,45.63,38.63
342879,2026-07-14T23:49:56.526258,whiskey,37090,7,44.89,37.98,53288,5,44.83,37.76,74052,4,45.44,38.05,53090,7,46.17,36.11,13297,7,46.66,37.03,68577,6,45.65,37.51,9729,7,45.98,38.84,31527,7,45.83,38.55
343229,2026-07-14T23:49:56.874475,whiskey,37090,7,45.0,37.92,53288,6,44.85,37.66,74052,5,45.49,37.92,53090,7,46.28,36.03,13297,8,46.71,36.91,68577,6,45.67,37.42,9729,8,46.02,38.71,31527,7,45.96,38.47
343579,2026-07-14T23:49:57.218341,whiskey,37090,7,45.06,37.85,53288,6,44.87,37.6,74052,5,45.53,37.85,53090,7,46.37,35.97,13297,8,46.75,36.8,68577,6,45.69,37.32,9729,8,46.07,38.61,31527,7,46.04,38.36
343929,2026-07-14T23:49:57.576582,whiskey,12926,7,45.11,37.8,53288,6,44.88,37.53,74052,5,45.56,37.74,20081,7,46.44,35.9,13297,8,46.78,36.72,68577,6,45.71,37.27,9729,8,46.1,38.5,9650,7,46.1,38.25
344279,2026-07-14T23:49:57.927537,whiskey,12926,8,45.15,37.71,53288,6,44.89,37.47,74052,5,45.58,37.67,20081,8,46.48,35.81,13297,8,46.82,36.66,70213,6,45.73,37.2,9729,8,46.13,38.42,9650,8,46.14,38.15
344629,2026-07-14T23:49:58.274295,whiskey,12926,8,45.18,37.64,52794,6,44.91,37.41,75227,5,45.61,37.56,20081,8,46.52,35.75,12771,8,46.84,36.57,70213,7,45.99,37.16,9487,8,46.15,38.31,9650,8,46.19,38.07
344979,2026-07-14T23:49:58.627862,whiskey,12926,8,45.2,37.57,52794,7,45.17,37.38,75227,6,45.63,37.5,20081,8,46.56,35.7,12771,9,46.86,36.5,70213,7,46.23,37.11,9487,9,46.18,38.23,9650,8,46.22,37.99
345329,2026-07-14T23:49:58.976860,whiskey,12926,8,45.22,37.51,52794,7,45.38,37.35,75227,6,45.64,37.43,20081,8,46.58,35.64,12771,9,46.89,36.43,70213,7,46.37,37.05,9487,9,46.19,38.18,9650,8,46.24,37.91
345679,2026-07-14T23:49:59.327992,whiskey,13363,8,45.23,37.47,52794,7,45.51,37.29,75227,6,45.66,37.36,20705,8,46.61,35.61,12771,9,46.9,36.4,70213,7,46.46,36.97,9487,9,46.21,38.12,9773,8,46.28,37.83
346029,2026-07-14T23:49:59.668762,whiskey,13363,9,45.25,37.4,52794,7,45.59,37.22,75227,6,45.68,37.3,20705,9,46.62,35.54,12771,9,46.93,36.34,18923,7,46.53,36.88,9487,9,46.23,38.06,9773,9,46.31,37.75
346379,2026-07-14T23:50:00.028912,whiskey,13363,9,45.28,37.37,17611,7,45.66,37.14,75294,6,45.69,37.27,20705,9,46.66,35.49,12576,9,46.95,36.3,18923,8,46.57,36.78,9329,9,46.26,38.01,9773,9,46.32,37.69
346729,2026-07-14T23:50:00.377954,whiskey,13363,9,45.29,37.3,17611,8,45.71,37.07,75294,7,45.97,37.26,20705,9,46.67,35.45,12576,0,46.96,36.28,18923,8,46.61,36.7,9329,0,46.27,37.99,9773,9,46.35,37.63
347079,2026-07-14T23:50:00.728013,whiskey,13363,9,45.31,37.28,17611,8,45.74,36.99,75294,7,46.19,37.24,20705,9,46.69,35.42,12576,0,46.98,36.24,18923,8,46.65,36.62,9329,0,46.29,37.93,9773,9,46.36,37.6
347429,2026-07-14T23:50:01.073832,whiskey,13716,9,45.33,37.25,17611,8,45.78,36.93,75294,7,46.32,37.16,20806,9,46.71,35.4,12576,0,47.01,36.23,18923,8,46.69,36.56,9329,0,46.31,37.91,9846,9,46.39,37.54
347779,2026-07-14T23:50:01.428004,whiskey,13716,0,45.34,37.23,17611,8,45.81,36.87,75294,7,46.41,37.09,20806,0,46.73,35.38,12576,0,47.01,36.2,18957,8,46.72,36.51,9329,0,46.32,37.88,9846,0,46.41,37.51
348129,2026-07-14T23:50:01.777927,whiskey,13716,0,45.35,37.19,17967,8,45.83,36.83,24530,7,46.47,37.01,20806,0,46.75,35.35,12451,0,47.03,36.18,18957,9,46.74,36.44,9184,0,46.33,37.87,9846,0,46.43,37.47
348479,2026-07-14T23:50:02.128070,whiskey,13716,0,45.37,37.17,17967,9,45.86,36.78,24530,8,46.52,36.93,20806,0,46.76,35.34,12451,1,46.33,36.09,18957,9,46.76,36.37,9184,1,45.68,37.76,9846,0,46.45,37.46
348829,2026-07-14T23:50:02.478243,whiskey,13716,0,45.38,37.14,17967,9,45.87,36.74,24530,8,46.57,36.86,20806,0,46.78,35.32,103476,1,45.8,36.1,18957,9,46.78,36.31,84796,1,45.18,37.73,9846,0,46.46,37.4
349179,2026-07-14T23:50:02.828022,whiskey,13894,0,45.4,37.12,17967,9,45.89,36.68,24530,8,46.6,36.78,20969,0,46.8,35.33,103476,2,45.52,36.17,18957,9,46.81,36.28,84796,2,44.91,37.81,9891,0,46.48,37.39
349529,2026-07-14T23:50:03.178249,whiskey,13894,1,44.72,37.03,17967,9,45.92,36.65,24530,8,46.62,36.68,20969,1,46.13,35.2,103476,2,45.35,36.31,18974,9,46.82,36.22,84796,2,44.76,37.96,9891,1,45.82,37.26
349879,2026-07-14T23:50:03.522630,whiskey,132987,1,44.23,37.0,18135,9,45.93,36.6,25256,8,46.65,36.62,248543,1,45.62,35.2,103476,2,45.24,36.47,18974,0,46.84,36.18,84796,2,44.66,38.1,94482,1,45.31,37.25
350229,2026-07-14T23:50:03.869085,whiskey,132987,2,44.0,37.1,18135,0,45.95,36.56,25256,9,46.69,36.55,248543,2,45.36,35.25,103476,2,45.16,36.63,18974,0,46.85,36.16,84796,2,44.58,38.18,94482,2,45.06,37.32
350579,2026-07-14T23:50:04.226785,whiskey,132987,2,43.88,37.2,18135,0,45.96,36.53,25256,9,46.7,36.51,248543,2,45.21,35.39,103476,2,45.11,36.84,18974,0,46.86,36.1,84796,2,44.48,38.58,94482,2,44.9,37.45
350929,2026-07-14T23:50:04.578342,whiskey,132987,2,43.8,37.33,18135,0,45.98,36.5,25256,9,46.71,36.46,248543,2,45.1,35.52,103476,2,45.06,36.98,18974,0,46.87,36.08,84796,2,44.45,38.75,94482,2,44.79,37.6
351279,2026-07-14T23:50:04.928417,whiskey,132987,2,43.74,37.48,18135,0,45.98,36.45,25256,9,46.74,36.38,248543,2,45.03,35.65,103476,2,45.02,37.14,19127,0,46.88,36.04,84796,2,44.43,38.88,94482,2,44.72,37.74
351629,2026-07-14T23:50:05.278661,whiskey,132987,2,43.72,37.61,18529,0,45.99,36.42,25635,9,46.75,36.33,248543,2,44.97,35.78,103476,2,44.99,37.29,19127,1,46.17,35.93,84796,2,44.41,39.03,94482,2,44.67,37.91
351979,2026-07-14T23:50:05.630330,whiskey,132987,2,43.7,37.73,18529,1,45.3,36.3,25635,0,46.76,36.27,248543,2,44.93,35.9,103476,2,44.97,37.41,176612,1,45.62,35.91,99727,2,44.39,39.17,94482,2,44.62,38.03
352329,2026-07-14T23:50:05.974787,whiskey,132987,2,43.68,37.86,213022,1,44.78,36.24,25635,0,46.78,36.23,248543,2,44.91,36.02,125829,2,44.95,37.56,176612,2,45.33,36.0,99727,3,44.38,39.29,94482,2,44.6,38.18
352679,2026-07-14T23:50:06.320825,whiskey,132987,2,43.66,37.94,213022,2,44.53,36.31,25635,0,46.78,36.16,248543,2,44.88,36.14,125829,3,44.93,37.84,176612,2,45.16,36.13,99727,3,44.36,39.41,94482,2,44.56,38.33
353029,2026-07-14T23:50:06.678645,whiskey,132987,2,43.65,38.03,213022,2,44.37,36.38,25635,0,46.78,36.11,248543,2,44.86,36.22,125829,3,44.9,37.87,176612,2,45.03,36.27,99727,3,44.35,39.52,94482,2,44.54,38.45
353379,2026-07-14T23:50:07.025240,whiskey,137708,2,43.64,38.12,213022,2,44.26,36.49,25837,0,46.79,36.05,221453,2,44.85,36.32,125829,3,44.89,37.98,176612,2,44.96,36.41,99727,3,44.33,39.6,106511,2,44.52,38.58
353729,2026-07-14T23:50:07.380797,whiskey,137708,3,43.63,38.18,213022,2,44.18,36.64,25837,1,46.09,35.94,221453,3,44.82,36.41,125829,3,44.88,38.04,176612,2,44.89,36.58,99727,3,44.32,39.69,106511,3,44.5,38.69
354079,2026-07-14T23:50:07.727948,whiskey,137708,3,43.61,38.27,213022,2,44.13,36.75,347472,1,45.57,35.91,221453,3,44.82,36.47,125829,3,44.87,38.14,176612,2,44.84,36.71,99727,3,44.3,39.78,106511,3,44.48,38.8
354429,2026-07-14T23:50:08.074455,whiskey,137708,3,43.61,38.32,213022,2,44.08,36.87,347472,2,45.3,35.99,221453,3,44.8,36.54,125829,3,44.86,38.2,176612,2,44.8,36.83,99727,3,44.3,39.86,106511,3,44.47,38.89
354779,2026-07-14T23:50:08.424788,whiskey,137708,3,43.6,38.38,213022,2,44.05,36.99,347472,2,45.13,36.12,221453,3,44.78,36.59,125829,3,44.84,38.25,176612,2,44.77,36.98,99727,3,44.29,39.91,106511,3,44.46,38.96
355129,2026-07-14T23:50:08.775853,whiskey,137708,3,43.6,38.44,213022,2,44.02,37.14,347472,2,45.0,36.26,221453,3,44.78,36.67,125829,3,44.83,38.32,176612,2,44.74,37.09,99727,3,44.28,39.98,106511,3,44.44,39.05
355479,2026-07-14T23:50:09.128179,whiskey,137708,3,43.59,38.5,213022,2,44.0,37.23,347472,2,44.94,36.4,221453,3,44.77,36.73,125829,3,44.82,38.36,207581,2,44.71,37.21,99727,3,44.27,40.03,106511,3,44.43,39.11
355829,2026-07-14T23:50:09.480156,whiskey,137708,3,43.58,38.54,200156,2,43.97,37.34,347472,2,44.88,36.56,221453,3,44.76,36.78,125829,3,44.82,38.42,207581,3,44.69,37.31,99727,3,44.26,40.09,106511,3,44.41,39.17
356179,2026-07-14T23:50:09.820559,whiskey,137708,3,43.57,38.58,200156,3,43.96,37.27,347472,2,44.82,36.69,221453,3,44.75,36.81,125829,3,44.8,38.44,207581,3,44.66,37.43,99727,3,44.25,40.11,106511,3,44.41,39.22
356529,2026-07-14T23:50:10.178470,whiskey,137708,3,43.56,38.64,200156,3,43.94,37.49,347472,2,44.79,36.84,221453,3,44.74,36.87,125829,3,44.8,38.49,207581,3,44.65,37.51,99727,3,44.25,40.16,106511,3,44.4,39.29
356879,2026-07-14T23:50:10.517181,whiskey,137708,3,43.56,38.67,200156,3,43.93,37.59,347472,2,44.76,36.94,221453,3,44.73,36.9,125829,3,44.79,38.53,207581,3,44.63,37.6,99727,3,44.24,40.18,106511,3,44.39,39.35
357229,2026-07-14T23:50:10.877912,whiskey,137708,3,43.55,38.7,200156,3,43.9,37.72,347472,2,44.73,37.07,221453,3,44.71,36.92,125829,3,44.78,38.53,207581,3,44.62,37.66,99727,3,44.23,40.21,106511,3,44.37,39.36
357579,2026-07-14T23:50:11.219525,whiskey,137708,3,43.54,38.72,200156,3,43.89,37.76,300910,2,44.7,37.17,221453,3,44.69,36.96,125829,3,44.77,38.55,207581,3,44.61,37.74,99727,3,44.22,40.24,106511,3,44.37,39.42
357929,2026-07-14T23:50:11.568322,whiskey,137708,3,43.54,38.68,200156,3,43.88,37.81,300910,3,44.68,37.25,221453,3,44.69,36.97,125829,3,44.77,38.6,207581,3,44.61,37.8,99727,3,44.22,40.28,106511,3,44.36,39.46
358279,2026-07-14T23:50:11.919540,whiskey,137708,3,43.53,38.84,200156,3,43.87,37.86,300910,3,44.67,37.36,221453,3,44.68,37.02,125829,3,44.76,38.63,207581,3,44.59,37.87,99727,3,44.21,40.31,106511,3,44.35,39.5
358629,2026-07-14T23:50:12.279443,whiskey,137708,3,43.51,38.79,200156,3,43.86,37.87,300910,3,44.66,37.43,221453,3,44.66,37.06,125829,3,44.76,38.63,207581,3,44.58,37.9,99727,3,44.21,40.31,106511,3,44.35,39.53
358979,2026-07-14T23:50:12.627794,whiskey,137708,3,43.51,38.79,200156,3,43.85,37.89,300910,3,44.64,37.5,221453,3,44.65,37.06,125829,3,44.75,38.67,207581,3,44.57,37.95,99727,3,44.2,40.34,106511,3,44.33,39.54
359329,2026-07-14T23:50:12.978137,whiskey,137708,3,43.49,38.81,200156,3,43.85,37.89,300910,3,44.63,37.59,221453,3,44.64,37.06,125829,3,44.74,38.66,207581,3,44.56,38.0,99727,3,44.2,40.35,106511,3,44.32,39.57
359679,2026-07-14T23:50:13.328386,whiskey,137708,3,43.49,38.83,200156,3,43.83,37.89,300910,3,44.6,37.63,221453,3,44.63,37.07,125829,3,44.73,38.67,207581,3,44.56,38.02,99727,3,44.19,40.38,106511,3,44.32,39.61
360029,2026-07-14T23:50:13.677940,whiskey,137708,3,43.49,38.83,200156,3,43.82,37.89,300910,3,44.59,37.67,221453,3,44.62,37.04,125829,3,44.73,38.67,207581,3,44.55,38.07,99727,3,44.19,40.38,106511,3,44.31,39.62
360379,2026-07-14T23:50:14.024750,whiskey,137708,3,43.47,38.82,200156,3,43.82,37.91,300910,3,44.59,37.7,221453,3,44.62,37.02,125829,3,44.72,38.69,207581,3,44.54,38.08,99727,3,44.18,40.4,106511,3,44.31,39.61
360729,2026-07-14T23:50:14.371080,whiskey,137708,3,43.47,38.81,200156,3,43.81,37.9,300910,3,44.58,37.73,221453,3,44.61,37.02,125829,3,44.72,38.68,207581,3,44.53,38.09,99727,3,44.17,40.41,106511,3,44.3,39.64
361079,2026-07-14T23:50:14.715901,whiskey,137708,3,43.46,38.8,200156,3,43.8,37.89,300910,3,44.56,37.77,221453,3,44.6,37.0,125829,3,44.72,38.66,207581,3,44.52,38.12,99727,3,44.17,40.43,106511,3,44.3,39.66
361429,2026-07-14T23:50:15.078244,whiskey,137708,3,43.46,38.8,200156,3,43.79,37.87,300910,3,44.56,37.79,221453,3,44.6,36.98,125829,3,44.71,38.66,207581,3,44.53,38.15,99727,3,44.16,40.42,106511,3,44.29,39.68
361779,2026-07-14T23:50:15.428228,whiskey,137708,3,43.45,38.81,200156,3,43.79,37.88,300910,3,44.55,37.8,221453,3,44.59,36.98,125829,3,44.7,38.63,207581,3,44.52,38.14,99727,3,44.16,40.43,106511,3,44.29,39.69
362129,2026-07-14T23:50:15.778302,whiskey,137708,3,43.44,38.81,200156,3,43.79,37.87,300910,3,44.54,37.8,221453,3,44.59,36.96,125829,3,44.69,38.61,207581,3,44.51,38.15,99727,3,44.15,40.41,106511,3,44.28,39.68
362479,2026-07-14T23:50:16.117566,whiskey,137708,3,43.44,38.81,200156,3,43.78,37.91,300910,3,44.53,37.82,221453,3,44.57,36.95,151928,3,44.69,38.61,207581,3,44.5,38.13,124908,3,44.15,40.41,106511,3,44.27,39.68
362829,2026-07-14T23:50:16.478353,whiskey,137708,3,43.43,38.82,200156,3,43.77,37.93,300910,3,44.53,37.84,221453,3,44.58,36.93,151928,4,45.14,38.65,207581,3,44.5,38.14,124908,4,44.55,40.46,106511,3,44.26,39.69
363179,2026-07-14T23:50:16.816247,whiskey,137708,3,43.42,38.84,200156,3,43.77,37.96,300910,3,44.52,37.87,221453,3,44.57,36.94,151928,4,45.48,38.61,207581,3,44.49,38.13,124908,4,44.87,40.42,106511,3,44.26,39.65
363529,2026-07-14T23:50:17.178419,whiskey,156527,3,43.42,38.86,200156,3,43.76,37.97,300910,3,44.51,37.89,227656,3,44.56,36.96,151928,4,45.66,38.53,207581,3,44.49,38.14,124908,4,45.04,40.35,106511,3,44.26,39.68
363879,2026-07-14T23:50:17.528067,whiskey,156527,4,43.86,38.92,200156,3,43.75,38.02,300910,3,44.51,37.93,227656,4,45.0,37.03,151928,4,45.77,38.38,207581,3,44.48,38.13,124908,4,45.13,40.2,128481,3,44.25,39.67
364229,2026-07-14T23:50:17.877045,whiskey,156527,4,44.17,38.96,200156,3,43.76,38.04,300910,3,44.5,37.94,227656,4,45.32,37.04,42230,4,45.83,38.24,207581,3,44.48,38.14,30167,4,45.2,40.1,128481,4,44.67,39.71
364579,2026-07-14T23:50:18.217955,whiskey,156527,4,44.32,38.89,200156,3,43.75,38.09,300910,3,44.49,37.98,227656,4,45.47,36.99,42230,5,45.89,38.14,207581,3,44.48,38.14,30167,5,45.24,39.94,128481,4,44.99,39.67
364929,2026-07-14T23:50:18.577998,whiskey,156527,4,44.4,38.82,200156,3,43.74,38.11,300910,3,44.49,38.02,227656,4,45.57,36.94,42230,5,45.93,38.04,207581,3,44.48,38.16,30167,5,45.27,39.8,128481,4,45.16,39.61
365279,2026-07-14T23:50:18.924398,whiskey,38953,4,44.45,38.74,200156,3,43.74,38.15,300910,3,44.49,38.05,55615,4,45.65,36.86,42230,5,45.96,37.9,207581,3,44.48,38.17,30167,5,45.3,39.67,128481,4,45.25,39.49
365629,2026-07-14T23:50:19.276824,whiskey,38953,5,44.48,38.62,200156,3,43.73,38.18,300910,3,44.48,38.09,55615,5,45.7,36.76,42230,5,45.98,37.8,207581,3,44.48,38.17,30167,5,45.32,39.56,31318,4,45.32,39.38
365979,2026-07-14T23:50:19.800822,whiskey,38953,5,44.51,38.55,217225,3,43.74,38.21,300910,3,44.48,38.14,55615,5,45.73,36.68,43214,5,46.0,37.69,236653,3,44.48,38.18,30210,5,45.34,39.42,31318,5,45.36,39.31
366329,2026-07-14T23:50:19.978067,whiskey,38953,5,44.52,38.45,217225,4,44.17,38.32,300910,3,44.48,38.17,55615,5,45.76,36.6,43214,6,46.02,37.61,236653,4,44.93,38.26,30210,6,45.36,39.37,31318,5,45.43,39.06
366679,2026-07-14T23:50:20.328329,whiskey,38953,5,44.54,38.38,217225,4,44.5,38.34,300910,3,44.48,38.19,55615,5,45.78,36.53,43214,6,46.04,37.54,236653,4,45.26,38.27,30210,6,45.38,39.29,31318,5,45.46,38.94
367029,2026-07-14T23:50:20.677782,whiskey,38461,5,44.54,38.3,217225,4,44.65,38.28,300910,3,44.48,38.21,54689,5,45.79,36.47,43214,6,46.05,37.48,236653,4,45.44,38.21,30210,6,45.38,39.23,31527,5,45.48,38.86
367379,2026-07-14T23:50:21.028775,whiskey,38461,6,44.55,38.25,217225,4,44.75,38.22,300910,3,44.49,38.25,54689,6,45.81,36.41,43214,6,46.06,37.43,236653,4,45.55,38.13,30210,6,45.4,39.15,31527,6,45.5,38.77
367729,2026-07-14T23:50:21.390073,whiskey,38461,6,44.56,38.17,54202,4,44.81,38.11,300910,3,44.48,38.24,54689,6,45.83,36.35,43434,6,46.07,37.38,65877,4,45.61,38.02,30061,6,45.41,39.08,31527,6,45.51,38.69
368079,2026-07-14T23:50:21.727561,whiskey,38461,6,44.57,38.14,54202,5,44.86,38.02,293662,3,44.48,38.29,54689,6,45.83,36.3,43434,7,46.32,37.34,65877,5,45.67,37.92,30061,7,45.65,39.08,31527,6,45.52,38.63
368429,2026-07-14T23:50:22.077556,whiskey,38461,6,44.58,38.06,54202,5,44.89,37.92,293662,4,44.93,38.37,54689,6,45.84,36.25,43434,7,46.55,37.32,65877,5,45.7,37.82,30061,7,45.86,39.04,31527,6,45.54,38.56
368779,2026-07-14T23:50:22.423875,whiskey,38016,6,44.58,38.02,54202,5,44.92,37.83,293662,4,45.25,38.38,53590,6,45.86,36.21,43434,7,46.67,37.25,65877,5,45.74,37.72,30061,7,45.99,38.95,31527,6,45.54,38.51
369129,2026-07-14T23:50:22.777529,whiskey,38016,7,44.82,38.02,54202,5,44.94,37.75,293662,4,45.41,38.29,53590,7,46.09,36.18,43434,7,46.75,37.18,65877,5,45.77,37.62,30061,7,46.08,38.9,31527,7,45.79,38.49
369479,2026-07-14T23:50:23.115623,whiskey,38016,7,45.02,37.98,54514,5,44.95,37.66,293662,4,45.51,38.21,53590,7,46.3,36.17,12509,7,46.83,37.1,68412,5,45.79,37.54,8976,7,46.14,38.83,31527,7,46.0,38.46
369829,2026-07-14T23:50:23.475003,whiskey,38016,7,45.13,37.91,54514,6,44.98,37.6,73605,4,45.57,38.1,53590,7,46.43,36.09,12509,8,46.87,37.0,68412,6,45.82,37.47,8976,8,46.18,38.74,31527,7,46.12,38.39
370179,2026-07-14T23:50:23.824685,whiskey,38016,7,45.19,37.86,54514,6,45.0,37.55,73605,5,45.63,37.98,53590,7,46.51,36.04,12509,8,46.91,36.93,68412,6,45.83,37.38,8976,8,46.22,38.67,31527,7,46.2,38.32
370529,2026-07-14T23:50:24.176883,whiskey,13465,7,45.24,37.79,54514,6,45.02,37.49,73605,5,45.66,37.89,20006,7,46.57,35.98,12509,8,46.94,36.86,68412,6,45.86,37.33,8976,8,46.26,38.59,9598,7,46.26,38.23
370879,2026-07-14T23:50:24.526788,whiskey,13465,8,45.27,37.73,54514,6,45.03,37.43,73605,5,45.7,37.77,20006,8,46.61,35.91,12509,8,46.98,36.76,68412,6,45.87,37.25,8976,8,46.28,38.51,9598,8,46.31,38.15
371229,2026-07-14T23:50:24.863983,whiskey,13465,8,45.3,37.62,53657,6,45.05,37.41,73605,5,45.72,37.68,20006,8,46.65,35.86,12613,8,47.0,36.71,69470,6,45.89,37.21,9461,8,46.3,38.43,9598,8,46.35,38.05
371579,2026-07-14T23:50:25.227181,whiskey,13465,8,45.32,37.56,53657,7,45.3,37.39,75227,5,45.75,37.61,20006,8,46.68,35.78,12613,9,47.02,36.62,69470,7,46.16,37.19,9461,9,46.32,38.37,9598,8,46.39,37.99
371929,2026-07-14T23:50:25.573750,whiskey,13465,8,45.34,37.5,53657,7,45.51,37.36,75227,6,45.78,37.53,20006,8,46.71,35.71,12613,9,47.04,36.6,69470,7,46.39,37.14,9461,9,46.34,38.21,9598,8,46.42,37.91
372279,2026-07-14T23:50:25.923302,whiskey,14022,8,45.36,37.47,53657,7,45.65,37.3,75227,6,45.79,37.46,21052,8,46.74,35.67,12613,9,47.07,36.52,69470,7,46.53,37.08,9461,9,46.4,38.21,9919,8,46.45,37.84
372629,2026-07-14T23:50:26.277040,whiskey,14022,9,45.38,37.4,53657,7,45.73,37.22,75227,6,45.81,37.4,21052,9,46.76,35.63,12613,9,47.08,36.49,69470,7,46.62,37.0,9641,9,46.41,38.16,9919,9,46.46,37.78
372979,2026-07-14T23:50:26.622579,whiskey,14022,9,45.39,37.35,18166,7,45.79,37.12,75227,6,45.83,37.34,21052,9,46.78,35.55,12787,9,47.1,36.43,19110,7,46.69,36.88,9641,0,46.43,38.11,9919,9,46.48,37.71
373329,2026-07-14T23:50:26.961995,whiskey,14022,9,45.41,37.32,18166,8,45.83,37.05,75029,6,45.84,37.28,21052,9,46.8,35.48,12787,0,47.12,36.39,19110,8,46.74,36.78,9641,0,46.44,38.07,9919,9,46.5,37.66
373679,2026-07-14T23:50:27.327298,whiskey,14022,9,45.43,37.26,18166,8,45.88,36.96,75029,7,46.11,37.25,21052,9,46.83,35.46,12787,0,47.14,36.36,19110,8,46.79,36.7,9641,0,46.46,38.02,9919,9,46.52,37.6
374029,2026-07-14T23:50:27.674860,whiskey,14362,9,45.45,37.22,18166,8,45.91,36.87,75029,7,46.33,37.19,21761,9,46.84,35.41,12787,0,47.16,36.31,19110,8,46.82,36.64,9641,0,46.47,38.0,10223,9,46.55,37.55
374379,2026-07-14T23:50:28.027320,whiskey,14362,0,45.46,37.17,18166,8,45.93,36.81,75029,7,46.46,37.12,21761,0,46.86,35.36,12787,0,47.18,36.32,19110,8,46.85,36.55,9937,0,46.48,37.97,10223,0,46.56,37.52
374729,2026-07-14T23:50:28.376048,whiskey,14362,0,45.48,37.13,19110,8,45.96,36.72,75029,7,46.55,37.04,21761,0,46.88,35.31,13037,1,46.45,36.13,19370,8,46.88,36.47,9937,1,45.83,37.86,10223,0,46.58,37.48
375079,2026-07-14T23:50:28.727780,whiskey,14362,0,45.49,37.09,19110,9,45.99,36.65,25482,7,46.62,36.91,21761,0,46.89,35.26,105719,1,45.94,36.1,19370,9,46.9,36.37,95916,1,45.33,37.82,10223,0,46.59,37.43
375429,2026-07-14T23:50:29.066590,whiskey,14362,0,45.51,37.06,19110,9,46.0,36.58,25482,8,46.66,36.83,21761,0,46.91,35.24,105719,2,45.66,36.18,19370,9,46.92,36.31,95916,2,45.06,37.89,10223,0,46.61,37.42
375779,2026-07-14T23:50:29.413924,whiskey,14689,0,45.52,37.04,19110,9,46.02,36.54,25482,8,46.71,36.74,22284,0,46.93,35.21,105719,2,45.49,36.3,19370,9,46.93,36.24,95916,2,44.9,38.02,10568,0,46.62,37.36
376129,2026-07-14T23:50:29.779177,whiskey,14689,1,44.85,36.92,19110,9,46.04,36.5,25482,8,46.75,36.66,22284,1,46.26,35.1,105719,2,45.39,36.45,19370,9,46.96,36.2,95916,2,44.8,38.16,10568,1,45.95,37.24
376479,2026-07-14T23:50:30.117327,whiskey,144591,1,44.37,36.88,19494,9,46.06,36.45,25482,8,46.77,36.59,272123,1,45.77,35.09,105719,2,45.31,36.6,19656,9,46.98,36.14,95916,2,44.73,38.29,101567,1,45.47,37.21
376829,2026-07-14T23:50:30.477607,whiskey,144591,2,44.13,36.99,19494,0,46.07,36.41,26429,8,46.8,36.5,272123,2,45.48,35.15,105719,2,45.25,36.75,19656,0,46.99,36.1,95916,2,44.68,38.44,101567,2,45.21,37.29
377179,2026-07-14T23:50:30.818703,whiskey,144591,2,43.99,37.1,19494,0,46.08,36.4,26429,9,46.82,36.44,272123,2,45.33,35.25,105719,2,45.21,36.91,19656,0,47.0,36.03,95916,2,44.63,38.6,101567,2,45.06,37.4
377529,2026-07-14T23:50:31.175331,whiskey,144591,2,43.93,37.23,19494,0,46.1,36.36,26429,9,46.84,36.38,272123,2,45.23,35.38,105719,2,45.17,37.05,19656,0,47.02,36.01,95916,2,44.6,38.75,101567,2,44.94,37.52
377879,2026-07-14T23:50:31.527857,whiskey,144591,2,43.87,37.38,19494,0,46.11,36.32,26429,9,46.86,36.31,272123,2,45.15,35.53,105719,2,45.14,37.22,19656,0,47.02,35.96,95916,2,44.57,38.87,101567,2,44.87,37.66
378229,2026-07-14T23:50:31.877397,whiskey,144591,2,43.84,37.51,19875,0,46.12,36.3,26429,9,46.87,36.26,272123,2,45.11,35.67,105719,2,45.12,37.33,19950,0,47.03,35.92,95916,2,44.56,39.01,101567,2,44.81,37.81
378579,2026-07-14T23:50:32.220819,whiskey,144591,2,43.81,37.63,19875,1,45.42,36.18,27015,9,46.88,36.21,272123,2,45.06,35.8,130445,2,45.1,37.45,19950,1,46.32,35.82,107247,2,44.54,39.14,101567,2,44.77,37.95
