timestamp,received_time,label,sensor_0_gas,sensor_0_gas_index,sensor_0_temp,sensor_0_humidity,sensor_1_gas,sensor_1_gas_index,sensor_1_temp,sensor_1_humidity,sensor_2_gas,sensor_2_gas_index,sensor_2_temp,sensor_2_humidity,sensor_3_gas,sensor_3_gas_index,sensor_3_temp,sensor_3_humidity,sensor_4_gas,sensor_4_gas_index,sensor_4_temp,sensor_4_humidity,sensor_5_gas,sensor_5_gas_index,sensor_5_temp,sensor_5_humidity,sensor_6_gas,sensor_6_gas_index,sensor_6_temp,sensor_6_humidity,sensor_7_gas,sensor_7_gas_index,sensor_7_temp,sensor_7_humidity
259229,2026-07-15T00:02:11.595262,wine,91624,5,43.0,38.55,646873,4,42.74,39.48,1712732,3,42.96,37.84,130346,5,44.14,37.48,109168,5,44.01,38.82,918591,4,43.01,38.68,75029,5,43.28,39.9,85390,5,43.29,39.59
259579,2026-07-15T00:02:11.942995,wine,91624,5,43.03,38.5,646873,4,43.04,39.51,1712732,3,42.96,37.91,130346,5,44.17,37.38,109168,5,44.03,38.72,918591,4,43.34,38.71,75029,5,43.29,39.83,85390,5,43.33,39.52
259929,2026-07-15T00:02:12.293766,wine,91624,5,43.05,38.43,646873,4,43.2,39.47,1712732,3,42.95,37.97,130346,5,44.2,37.34,108889,5,44.06,38.65,918591,4,43.51,38.71,72234,5,43.31,39.76,85390,5,43.35,39.44
260279,2026-07-15T00:02:12.644248,wine,91624,5,43.06,38.38,646873,4,43.29,39.41,1140311,3,42.95,38.04,130346,5,44.21,37.27,108889,6,44.06,38.6,918591,4,43.61,38.66,72234,6,43.32,39.69,85390,5,43.38,39.38
260629,2026-07-15T00:02:12.994058,wine,87223,5,43.08,38.35,120244,4,43.35,39.31,1140311,4,43.39,38.13,124725,5,44.23,37.23,108889,6,44.08,38.52,178459,4,43.68,38.58,72234,6,43.34,39.64,82103,5,43.4,39.33
260979,2026-07-15T00:02:13.347214,wine,87223,6,43.08,38.29,120244,5,43.39,39.23,1140311,4,43.7,38.19,124725,6,44.25,37.15,108889,6,44.1,38.48,178459,5,43.73,38.5,72234,6,43.35,39.56,82103,6,43.41,39.27
261329,2026-07-15T00:02:13.692614,wine,87223,6,43.09,38.27,120244,5,43.43,39.18,1140311,4,43.86,38.14,124725,6,44.25,37.11,108889,6,44.11,38.4,178459,5,43.77,38.43,72234,6,43.37,39.49,82103,6,43.43,39.22
261679,2026-07-15T00:02:14.045264,wine,87223,6,43.09,38.24,120244,5,43.45,39.11,1140311,4,43.95,38.08,124725,6,44.26,37.07,107517,6,44.12,38.35,178459,5,43.8,38.35,69983,6,43.37,39.47,82103,6,43.45,39.16
262029,2026-07-15T00:02:14.386474,wine,87223,6,43.1,38.26,120244,5,43.46,39.05,199571,4,44.03,38.05,124725,6,44.27,37.03,107517,7,44.37,38.33,178459,5,43.82,38.28,69983,7,43.62,39.46,82103,6,43.45,39.12
262379,2026-07-15T00:02:14.744753,wine,82740,6,43.11,38.22,114438,5,43.48,38.99,199571,5,44.07,37.97,119822,6,44.28,37.01,107517,7,44.59,38.3,177162,5,43.86,38.19,69983,7,43.83,39.41,79134,6,43.47,39.08
262729,2026-07-15T00:02:15.085230,wine,82740,7,43.34,38.26,114438,6,43.49,38.96,199571,5,44.11,37.89,119822,7,44.52,37.01,107517,7,44.72,38.25,177162,6,43.87,38.13,69983,7,43.96,39.36,79134,7,43.71,39.07
263079,2026-07-15T00:02:15.440685,wine,82740,7,43.53,38.22,114438,6,43.51,38.91,199571,5,44.14,37.82,119822,7,44.73,37.01,107517,7,44.8,38.15,177162,6,43.88,38.1,69983,7,44.05,39.3,79134,7,43.92,39.04
263429,2026-07-15T00:02:15.791697,wine,82740,7,43.63,38.2,114438,6,43.52,38.87,199571,5,44.16,37.76,119822,7,44.84,36.96,34316,7,44.87,38.09,177162,6,43.91,38.03,27681,7,44.11,39.21,79134,7,44.03,39.01
263779,2026-07-15T00:02:16.144445,wine,82740,7,43.69,38.15,114438,6,43.53,38.85,187271,5,44.18,37.69,119822,7,44.93,36.91,34316,8,44.91,37.95,177162,6,43.93,38.02,27681,8,44.16,39.15,79134,7,44.12,38.94
264129,2026-07-15T00:02:16.494420,wine,32120,7,43.73,38.1,109448,6,43.53,38.8,187271,6,44.2,37.65,46664,7,44.98,36.85,34316,8,44.99,37.84,173383,6,43.95,37.84,27681,8,44.19,39.09,29746,7,44.19,38.85
264479,2026-07-15T00:02:16.837481,wine,32120,8,43.76,38.05,109448,7,43.79,38.82,187271,6,44.2,37.6,46664,8,45.03,36.8,34316,8,45.01,37.8,173383,7,44.21,37.82,27681,8,44.22,39.0,29746,8,44.23,38.79
264829,2026-07-15T00:02:17.191932,wine,32120,8,43.78,38.0,109448,7,43.99,38.8,187271,6,44.22,37.57,46664,8,45.07,36.73,33907,8,45.04,37.72,173383,7,44.57,37.88,27681,8,44.25,38.94,29746,8,44.27,38.72
265179,2026-07-15T00:02:17.543338,wine,32120,8,43.81,37.97,109448,7,44.11,38.76,187271,6,44.24,37.54,46664,8,45.1,36.7,33907,9,45.07,37.63,173383,7,44.65,37.81,28495,8,44.27,38.83,29746,8,44.3,38.65
265529,2026-07-15T00:02:17.894139,wine,32120,8,43.83,37.94,109448,7,44.2,38.7,177346,6,44.25,37.51,46664,8,45.13,36.62,33907,9,45.1,37.57,54584,7,44.72,37.7,28495,9,44.3,38.78,29746,8,44.33,38.57
265879,2026-07-15T00:02:18.241872,wine,30955,8,43.85,37.9,41012,7,44.25,38.62,177346,7,44.51,37.51,49004,8,45.15,36.55,33907,9,45.11,37.49,54584,8,44.78,37.61,28495,9,44.32,38.72,30798,8,44.36,38.49
266229,2026-07-15T00:02:18.590266,wine,30955,9,43.86,37.85,41012,8,44.3,38.54,177346,7,44.73,37.49,49004,9,45.17,36.49,33907,9,45.13,37.39,54584,8,44.82,37.49,28495,9,44.35,38.64,30798,9,44.39,38.43
266579,2026-07-15T00:02:18.938500,wine,30955,9,43.88,37.8,41012,8,44.33,38.48,177346,7,44.85,37.42,49004,9,45.19,36.45,38953,9,45.15,37.28,54584,8,44.85,37.36,28495,9,44.36,38.56,30798,9,44.4,38.36
266929,2026-07-15T00:02:19.292898,wine,30955,9,43.89,37.79,41012,8,44.36,38.4,177346,7,44.93,37.32,49004,9,45.2,36.33,38953,0,45.16,37.15,54584,8,44.88,37.24,32315,9,44.38,38.44,30798,9,44.43,38.26
267279,2026-07-15T00:02:19.645484,wine,30955,9,43.9,37.75,41012,8,44.39,38.31,56276,7,45.0,37.2,49004,9,45.22,36.29,38953,0,45.18,37.02,63100,8,44.92,37.11,32315,0,44.4,38.35,30798,9,44.45,38.18
267629,2026-07-15T00:02:19.996722,wine,31090,9,43.92,37.71,43434,8,44.4,38.25,56276,8,45.04,37.11,54065,9,45.24,36.22,38953,0,45.21,36.89,63100,9,44.93,36.97,32315,0,44.42,38.16,35575,9,44.47,38.06
267979,2026-07-15T00:02:20.372074,wine,31090,0,43.92,37.69,43434,9,44.43,38.19,56276,8,45.08,37.03,54065,0,45.25,36.14,38953,0,45.22,36.75,63100,9,44.97,36.83,32315,0,44.46,38.02,35575,0,44.5,37.95
268329,2026-07-15T00:02:20.693937,wine,31090,0,43.93,37.66,43434,9,44.45,38.13,56276,8,45.12,36.95,54065,0,45.27,36.07,44475,0,45.24,36.65,63100,9,44.99,36.72,36866,0,44.47,37.91,35575,0,44.51,37.87
268679,2026-07-15T00:02:21.037861,wine,31090,0,43.94,37.65,43434,9,44.46,38.08,56276,8,45.14,36.86,54065,0,45.28,36.04,44475,1,44.55,36.47,63100,9,45.0,36.63,36866,1,43.82,37.72,35575,0,44.53,37.77
269029,2026-07-15T00:02:21.393787,wine,31090,0,43.96,37.63,43434,9,44.47,38.02,57066,8,45.17,36.77,54065,0,45.3,36.0,836943,1,44.02,36.36,66030,9,45.01,36.51,877275,1,43.33,37.61,35575,0,44.55,37.71
269379,2026-07-15T00:02:21.743364,wine,31573,0,43.98,37.62,42953,9,44.49,38.0,57066,9,45.19,36.71,52925,0,45.31,35.94,836943,2,43.74,36.36,66030,0,45.03,36.44,877275,2,43.07,37.58,37514,0,44.57,37.61
269729,2026-07-15T00:02:22.097812,wine,31573,1,43.3,37.48,42953,0,44.5,37.98,57066,9,45.2,36.65,52925,1,44.65,35.83,836943,2,43.57,36.42,66030,0,45.06,36.36,877275,2,42.92,37.59,37514,1,43.93,37.43
270079,2026-07-15T00:02:22.443720,wine,557582,1,42.82,37.47,42953,0,44.51,37.91,57066,9,45.23,36.59,1267326,1,44.16,35.8,836943,2,43.47,36.49,66030,0,45.07,36.26,877275,2,42.82,37.63,889854,1,43.43,37.35
270429,2026-07-15T00:02:22.794982,wine,557582,2,42.59,37.59,42953,0,44.52,37.9,57066,9,45.25,36.53,1267326,2,43.89,35.87,836943,2,43.39,36.54,66030,0,45.07,36.16,877275,2,42.74,37.64,889854,2,43.18,37.33
270779,2026-07-15T00:02:23.144697,wine,557582,2,42.46,37.68,42953,0,44.53,37.84,56838,9,45.27,36.51,1267326,2,43.73,36.04,836943,2,43.33,36.62,65928,0,45.09,36.05,877275,2,42.69,37.68,889854,2,43.03,37.35
271129,2026-07-15T00:02:23.493646,wine,557582,2,42.37,37.85,42737,0,44.53,37.82,56838,0,45.28,36.45,1267326,2,43.62,36.16,836943,2,43.29,36.68,65928,1,44.38,35.89,877275,2,42.65,37.7,889854,2,42.93,37.42
271479,2026-07-15T00:02:23.845080,wine,557582,2,42.31,37.95,42737,1,43.84,37.7,56838,0,45.28,36.4,1267326,2,43.49,36.37,836943,2,43.26,36.76,1380053,1,43.87,35.8,877275,2,42.62,37.73,889854,2,42.86,37.46
271829,2026-07-15T00:02:24.194743,wine,557582,2,42.28,38.11,944649,1,43.33,37.67,56838,0,45.29,36.36,1267326,2,43.45,36.49,836943,2,43.22,36.8,1380053,2,43.59,35.82,877275,2,42.59,37.74,889854,2,42.81,37.51
272179,2026-07-15T00:02:24.540179,wine,557582,2,42.26,38.25,944649,2,43.07,37.74,56838,0,45.3,36.32,1267326,2,43.42,36.61,836943,2,43.2,36.83,1380053,2,43.41,35.86,877275,2,42.57,37.74,889854,2,42.77,37.57
272529,2026-07-15T00:02:24.895575,wine,557582,2,42.23,38.37,944649,2,42.9,37.86,57104,0,45.31,36.3,1267326,2,43.39,36.74,704264,2,43.18,36.86,1380053,2,43.29,35.92,622681,2,42.55,37.76,889854,2,42.74,37.59
272879,2026-07-15T00:02:25.230344,wine,557582,2,42.22,38.47,944649,2,42.8,37.98,57104,1,44.6,36.17,1267326,2,43.37,36.86,704264,3,43.16,36.94,1380053,2,43.2,36.01,622681,3,42.54,37.79,889854,2,42.7,37.66
273229,2026-07-15T00:02:25.592505,wine,557582,2,42.2,38.59,944649,2,42.73,38.08,1459729,1,44.09,36.15,847331,2,43.35,36.95,704264,3,43.14,36.98,1380053,2,43.15,36.13,622681,3,42.53,37.86,889854,2,42.69,37.73
273579,2026-07-15T00:02:25.934012,wine,449615,2,42.19,38.69,944649,2,42.68,38.23,1459729,2,43.81,36.2,847331,3,43.33,37.05,704264,3,43.13,37.07,1380053,2,43.1,36.25,622681,3,42.52,37.94,644430,2,42.67,37.78
273929,2026-07-15T00:02:26.287310,wine,449615,3,42.17,38.76,944649,2,42.63,38.36,1459729,2,43.65,36.33,847331,3,43.32,37.14,704264,3,43.11,37.16,1380053,2,43.06,36.39,622681,3,42.5,38.04,644430,3,42.65,37.88
274279,2026-07-15T00:02:26.642695,wine,449615,3,42.16,38.86,944649,2,42.59,38.46,1459729,2,43.54,36.47,847331,3,43.3,37.22,704264,3,43.11,37.25,1380053,2,43.03,36.52,622681,3,42.5,38.13,644430,3,42.64,37.98
274629,2026-07-15T00:02:26.994294,wine,449615,3,42.15,38.92,944649,2,42.56,38.56,1459729,2,43.46,36.61,847331,3,43.28,37.28,704264,3,43.09,37.36,1380053,2,43.0,36.67,622681,3,42.49,38.23,644430,3,42.62,38.1
274979,2026-07-15T00:02:27.341142,wine,449615,3,42.15,38.99,944649,2,42.54,38.64,1459729,2,43.4,36.77,847331,3,43.26,37.33,704264,3,43.08,37.47,1099892,2,42.97,36.8,622681,3,42.48,38.33,644430,3,42.61,38.21
275329,2026-07-15T00:02:27.697457,wine,449615,3,42.13,39.04,657463,2,42.52,38.68,1459729,2,43.35,36.89,847331,3,43.26,37.36,704264,3,43.06,37.55,1099892,3,42.96,36.92,622681,3,42.47,38.43,644430,3,42.6,38.29
275679,2026-07-15T00:02:28.046289,wine,449615,3,42.12,39.07,657463,3,42.49,38.76,1459729,2,43.31,37.02,847331,3,43.24,37.41,704264,3,43.06,37.64,1099892,3,42.94,37.04,622681,3,42.47,38.53,644430,3,42.59,38.39
276029,2026-07-15T00:02:28.394502,wine,449615,3,42.11,39.1,657463,3,42.48,38.78,1459729,2,43.27,37.12,847331,3,43.22,37.43,704264,3,43.05,37.73,1099892,3,42.92,37.17,622681,3,42.46,38.64,644430,3,42.58,38.49
276379,2026-07-15T00:02:28.736825,wine,449615,3,42.11,39.14,657463,3,42.46,38.81,1459729,2,43.24,37.24,847331,3,43.21,37.45,704264,3,43.04,37.82,1099892,3,42.91,37.29,622681,3,42.45,38.76,644430,3,42.57,38.59
276729,2026-07-15T00:02:29.080513,wine,449615,3,42.09,39.15,657463,3,42.45,38.81,998537,2,43.22,37.33,847331,3,43.19,37.46,704264,3,43.03,37.89,1099892,3,42.9,37.39,622681,3,42.44,38.85,644430,3,42.57,38.71
277079,2026-07-15T00:02:29.444376,wine,449615,3,42.08,39.19,657463,3,42.44,38.82,998537,3,43.19,37.43,847331,3,43.18,37.47,704264,3,43.03,37.98,1099892,3,42.88,37.5,622681,3,42.44,38.97,644430,3,42.55,38.79
277429,2026-07-15T00:02:29.793985,wine,449615,3,42.07,39.19,657463,3,42.42,38.81,998537,3,43.17,37.5,847331,3,43.17,37.44,704264,3,43.03,38.07,1099892,3,42.87,37.6,622681,3,42.43,39.07,644430,3,42.55,38.88
277779,2026-07-15T00:02:30.144119,wine,449615,3,42.06,39.11,657463,3,42.41,38.8,998537,3,43.15,37.58,847331,3,43.15,37.47,704264,3,43.01,38.13,1099892,3,42.87,37.67,622681,3,42.42,39.13,644430,3,42.54,38.98
278129,2026-07-15T00:02:30.494775,wine,449615,3,42.05,39.1,657463,3,42.4,38.77,998537,3,43.13,37.65,847331,3,43.14,37.45,704264,3,43.0,38.21,1099892,3,42.85,37.79,622681,3,42.42,39.26,644430,3,42.54,39.06
278479,2026-07-15T00:02:30.843379,wine,449615,3,42.03,39.22,657463,3,42.39,38.79,998537,3,43.12,37.7,847331,3,43.13,37.47,704264,3,43.0,38.29,1099892,3,42.85,37.85,622681,3,42.42,39.32,644430,3,42.53,39.28
278829,2026-07-15T00:02:31.183376,wine,449615,3,42.02,39.23,657463,3,42.37,38.77,998537,3,43.11,37.76,847331,3,43.12,37.48,704264,3,43.0,38.34,1099892,3,42.84,37.93,622681,3,42.41,39.39,644430,3,42.52,39.29
279179,2026-07-15T00:02:31.544167,wine,449615,3,42.02,39.25,657463,3,42.37,38.78,998537,3,43.09,37.82,847331,3,43.1,37.47,704264,3,42.99,38.4,1099892,3,42.83,37.99,622681,3,42.41,39.47,644430,3,42.51,39.35
279529,2026-07-15T00:02:31.893698,wine,449615,3,42.01,39.23,657463,3,42.35,38.79,998537,3,43.07,37.87,847331,3,43.1,37.48,704264,3,42.99,38.47,1099892,3,42.83,38.06,622681,3,42.4,39.58,644430,3,42.5,39.4
279879,2026-07-15T00:02:32.237132,wine,449615,3,42.0,39.25,657463,3,42.35,38.79,998537,3,43.07,37.92,847331,3,43.09,37.48,704264,3,42.98,38.53,1099892,3,42.82,38.14,622681,3,42.4,39.62,644430,3,42.51,39.48
280229,2026-07-15T00:02:32.590141,wine,449615,3,42.0,39.24,657463,3,42.34,38.79,998537,3,43.06,37.95,847331,3,43.08,37.48,704264,3,42.98,38.57,1099892,3,42.82,38.18,622681,3,42.4,39.69,644430,3,42.5,39.54
280579,2026-07-15T00:02:32.944159,wine,449615,3,41.99,39.25,657463,3,42.34,38.8,998537,3,43.05,37.99,847331,3,43.07,37.48,704264,3,42.96,38.61,1099892,3,42.8,38.22,622681,3,42.39,39.76,644430,3,42.49,39.58
280929,2026-07-15T00:02:33.294069,wine,449615,3,41.98,39.26,657463,3,42.33,38.81,998537,3,43.04,38.02,847331,3,43.06,37.5,704264,3,42.96,38.67,1099892,3,42.8,38.27,622681,3,42.39,39.82,644430,3,42.5,39.63
281279,2026-07-15T00:02:33.644476,wine,449615,3,41.97,39.26,657463,3,42.33,38.83,998537,3,43.02,38.04,847331,3,43.04,37.5,704264,3,42.96,38.72,1099892,3,42.79,38.35,622681,3,42.38,39.88,644430,3,42.48,39.69
281629,2026-07-15T00:02:33.993911,wine,449615,3,41.97,39.28,657463,3,42.32,38.84,998537,3,43.02,38.08,847331,3,43.04,37.5,704264,3,42.96,38.75,1099892,3,42.79,38.38,622681,3,42.38,39.94,644430,3,42.48,39.74
281979,2026-07-15T00:02:34.340317,wine,449615,3,41.96,39.28,657463,3,42.31,38.84,998537,3,43.01,38.12,847331,3,43.04,37.51,704264,3,42.95,38.78,1099892,3,42.78,38.42,622681,3,42.38,39.97,644430,3,42.48,39.77
282329,2026-07-15T00:02:34.690058,wine,449615,3,41.95,39.29,657463,3,42.31,38.88,998537,3,43.0,38.16,847331,3,43.03,37.54,704264,3,42.95,38.84,1099892,3,42.78,38.47,622681,3,42.38,40.03,644430,3,42.46,39.81
282679,2026-07-15T00:02:35.044404,wine,449615,3,41.94,39.32,657463,3,42.3,38.9,998537,3,43.0,38.19,847331,3,43.01,37.55,704264,3,42.94,38.87,1099892,3,42.77,38.51,622681,3,42.38,40.09,644430,3,42.46,39.87
283029,2026-07-15T00:02:35.393369,wine,449615,3,41.95,39.33,657463,3,42.29,38.93,998537,3,42.99,38.21,847331,3,43.02,37.58,654313,3,42.95,38.91,1099892,3,42.77,38.56,511233,3,42.37,40.12,644430,3,42.46,39.92
283379,2026-07-15T00:02:35.738987,wine,449615,3,41.94,39.36,657463,3,42.28,38.94,998537,3,42.98,38.28,847331,3,43.01,37.61,654313,4,43.4,39.02,1099892,3,42.76,38.61,511233,4,42.79,40.21,644430,3,42.46,39.97
283729,2026-07-15T00:02:36.090106,wine,433347,3,41.93,39.36,657463,3,42.27,38.96,998537,3,42.97,38.3,710124,3,43.01,37.66,654313,4,43.72,39.05,1099892,3,42.76,38.64,511233,4,43.09,40.27,530295,3,42.46,40.0
284079,2026-07-15T00:02:36.446182,wine,433347,4,42.35,39.44,657463,3,42.27,39.01,998537,3,42.96,38.34,710124,4,43.44,37.72,654313,4,43.9,39.04,1099892,3,42.76,38.7,511233,4,43.25,40.26,530295,4,42.87,40.11
284429,2026-07-15T00:02:36.793639,wine,433347,4,42.67,39.45,657463,3,42.27,39.03,998537,3,42.96,38.37,710124,4,43.76,37.78,654313,4,44.01,38.99,1099892,3,42.75,38.75,511233,4,43.34,40.2,530295,4,43.19,40.12
284779,2026-07-15T00:02:37.140253,wine,433347,4,42.81,39.4,657463,3,42.26,39.07,998537,3,42.95,38.42,710124,4,43.92,37.77,126669,4,44.07,38.93,1099892,3,42.75,38.77,87761,4,43.42,40.15,530295,4,43.35,40.12
285129,2026-07-15T00:02:37.494013,wine,433347,4,42.89,39.31,657463,3,42.25,39.08,998537,3,42.95,38.44,710124,4,44.01,37.7,126669,5,44.13,38.88,1099892,3,42.76,38.85,87761,5,43.46,40.06,530295,4,43.44,40.06
285479,2026-07-15T00:02:37.843954,wine,81321,4,42.94,39.24,657463,3,42.25,39.13,998537,3,42.94,38.48,128288,4,44.07,37.63,126669,5,44.16,38.8,951230,3,42.75,38.89,87761,5,43.5,40.0,92219,4,43.5,39.98
285829,2026-07-15T00:02:38.194053,wine,81321,5,42.96,39.13,601291,3,42.25,39.12,998537,3,42.94,38.52,128288,5,44.12,37.53,126669,5,44.19,38.92,951230,4,43.19,38.98,87761,5,43.52,39.92,92219,5,43.55,39.9
286179,2026-07-15T00:02:38.532113,wine,81321,5,43.0,39.02,601291,4,42.69,39.2,998537,3,42.94,38.55,128288,5,44.16,37.46,123910,5,44.24,38.6,951230,4,43.53,39.01,87761,5,43.55,39.86,92219,5,43.59,39.84
286529,2026-07-15T00:02:38.890886,wine,81321,5,43.01,38.92,601291,4,42.99,39.18,998537,3,42.94,38.57,128288,5,44.18,37.35,123910,6,44.26,38.56,951230,4,43.7,38.97,82660,5,43.57,39.8,92219,5,43.62,39.74
286879,2026-07-15T00:02:39.235460,wine,81321,5,43.02,38.81,601291,4,43.15,39.08,998537,3,42.93,38.59,128288,5,44.21,37.27,123910,6,44.28,38.5,951230,4,43.8,38.92,82660,6,43.59,39.73,92219,5,43.64,39.68
287229,2026-07-15T00:02:39.584537,wine,79281,5,43.03,38.71,601291,4,43.25,38.93,820348,3,42.94,38.6,125183,5,44.21,37.16,123910,6,44.29,38.43,185641,4,43.87,38.84,82660,6,43.6,39.67,86515,5,43.66,39.61
287579,2026-07-15T00:02:39.932480,wine,79281,6,43.04,38.63,119319,4,43.31,38.77,820348,4,43.37,38.66,125183,6,44.23,37.05,123910,6,44.3,38.35,185641,5,43.93,38.75,82660,6,43.61,39.61,86515,6,43.68,39.52
287929,2026-07-15T00:02:40.287077,wine,79281,6,43.05,38.52,119319,5,43.35,38.59,820348,4,43.69,38.63,125183,6,44.25,36.96,119990,6,44.32,38.33,185641,5,43.97,38.66,82660,6,43.62,39.54,86515,6,43.7,39.47
288279,2026-07-15T00:02:40.630889,wine,79281,6,43.05,38.43,119319,5,43.37,38.42,820348,4,43.85,38.55,125183,6,44.26,36.84,119990,7,44.58,38.3,185641,5,43.99,38.57,78191,6,43.64,39.53,86515,6,43.71,39.42
288629,2026-07-15T00:02:40.986952,wine,79281,6,43.07,38.33,119319,5,43.41,38.25,820348,4,43.94,38.41,125183,6,44.26,36.73,119990,7,44.78,38.24,185641,5,44.02,38.46,78191,7,43.88,39.5,86515,6,43.72,39.36
288979,2026-07-15T00:02:41.340349,wine,77977,6,43.08,38.24,119319,5,43.43,38.09,157248,4,44.01,38.29,123462,6,44.28,36.63,119990,7,44.93,38.15,183644,5,44.05,38.38,78191,7,44.09,39.49,82421,6,43.74,39.3
289329,2026-07-15T00:02:41.682461,wine,77977,7,43.31,38.2,118986,5,43.45,37.97,157248,5,44.06,38.16,123462,7,44.52,36.6,119990,7,45.0,38.1,183644,6,44.07,38.3,78191,7,44.21,39.42,82421,7,43.98,39.27
289679,2026-07-15T00:02:42.043570,wine,77977,7,43.5,38.14,118986,6,43.46,37.87,157248,5,44.1,38.05,123462,7,44.72,36.52,35814,7,45.07,37.98,183644,6,44.09,38.21,78191,7,44.3,39.32,82421,7,44.18,39.24
290029,2026-07-15T00:02:42.393091,wine,77977,7,43.61,38.06,118986,6,43.48,37.76,157248,5,44.14,37.93,123462,7,44.84,36.46,35814,8,45.11,37.89,183644,6,44.11,38.15,27379,7,44.36,39.31,82421,7,44.31,39.16
290379,2026-07-15T00:02:42.743695,wine,77977,7,43.67,37.97,118986,6,43.5,37.68,157248,5,44.15,37.82,123462,7,44.92,36.36,35814,8,45.16,37.8,183644,6,44.13,38.08,27379,8,44.44,39.06,82421,7,44.39,39.1
290729,2026-07-15T00:02:43.093103,wine,34261,7,43.72,37.89,118986,6,43.52,37.62,156527,5,44.18,37.75,58314,7,44.98,36.27,35814,8,45.2,37.71,180535,6,44.15,38.01,27379,8,44.48,38.99,28998,7,44.45,38.99
291079,2026-07-15T00:02:43.444236,wine,34261,8,43.76,37.82,115445,6,43.52,37.58,156527,6,44.19,37.67,58314,8,45.04,36.2,35814,8,45.23,37.6,180535,7,44.39,37.99,27379,8,44.51,38.89,28998,8,44.5,38.93
291429,2026-07-15T00:02:43.794837,wine,34261,8,43.78,37.76,115445,7,43.78,37.58,156527,6,44.21,37.6,58314,8,45.08,36.15,34848,8,45.26,37.54,180535,7,44.63,37.96,27953,8,44.54,38.84,28998,8,44.54,38.83
291779,2026-07-15T00:02:44.142930,wine,34261,8,43.81,37.68,115445,7,43.99,37.58,156527,6,44.23,37.57,58314,8,45.11,36.08,34848,9,45.28,37.47,180535,7,44.76,37.87,27953,9,44.56,38.76,28998,8,44.58,38.75
292129,2026-07-15T00:02:44.493154,wine,34261,8,43.82,37.65,115445,7,44.11,37.55,156527,6,44.25,37.52,58314,8,45.14,36.03,34848,9,45.3,37.41,180535,7,44.86,37.8,27953,9,44.58,38.68,28998,8,44.6,38.65
292479,2026-07-15T00:02:44.839305,wine,33117,8,43.84,37.6,115445,7,44.2,37.53,151121,6,44.26,37.49,56462,8,45.16,35.97,34848,9,45.32,37.35,53826,7,44.93,37.69,27953,9,44.6,38.63,29117,8,44.63,38.59
292829,2026-07-15T00:02:45.189436,wine,33117,9,43.86,37.58,50904,7,44.26,37.47,151121,7,44.52,37.48,56462,9,45.19,35.94,34848,9,45.35,37.32,53826,8,44.98,37.61,27953,9,44.62,38.57,29117,9,44.65,38.51
293179,2026-07-15T00:02:45.545221,wine,33117,9,43.88,37.55,50904,8,44.31,37.42,151121,7,44.74,37.47,56462,9,45.21,35.93,33613,9,45.36,37.26,53826,8,45.02,37.51,27880,9,44.66,38.52,29117,9,44.67,38.46
293529,2026-07-15T00:02:45.884563,wine,33117,9,43.9,37.52,50904,8,44.35,37.38,151121,7,44.87,37.41,56462,9,45.23,35.89,33613,0,45.38,37.23,53826,8,45.05,37.46,27880,0,44.67,38.47,29117,9,44.7,38.41
293879,2026-07-15T00:02:46.245102,wine,33117,9,43.91,37.48,50904,8,44.39,37.32,151121,7,44.96,37.34,56462,9,45.25,35.88,33613,0,45.4,37.19,53826,8,45.09,37.34,27880,0,44.69,38.42,29117,9,44.72,38.34
294229,2026-07-15T00:02:46.592989,wine,32989,9,43.93,37.45,50904,8,44.42,37.26,55543,7,45.02,37.27,55724,9,45.27,35.85,33613,0,45.42,37.17,52181,8,45.12,37.3,27880,0,44.71,38.41,28998,9,44.74,38.28
294579,2026-07-15T00:02:46.942978,wine,32989,0,43.94,37.45,52794,8,44.44,37.2,55543,8,45.07,37.21,55724,0,45.28,35.81,33613,0,45.44,37.14,52181,9,45.15,37.22,27880,0,44.73,38.35,28998,0,44.76,38.24
294929,2026-07-15T00:02:47.277863,wine,32989,0,43.96,37.4,52794,9,44.47,37.14,55543,8,45.1,37.11,55724,0,45.3,35.79,33092,0,45.45,37.13,52181,9,45.17,37.15,27898,0,44.75,38.32,28998,0,44.77,38.21
295279,2026-07-15T00:02:47.638734,wine,32989,0,43.97,37.37,52794,9,44.49,37.09,55543,8,45.15,37.03,55724,0,45.32,35.76,33092,1,44.76,36.98,52181,9,45.18,37.1,27898,1,44.1,38.2,28998,0,44.8,38.14
295629,2026-07-15T00:02:47.993203,wine,32989,0,43.99,37.34,52794,9,44.51,37.02,55543,8,45.18,36.95,55724,0,45.34,35.72,508567,1,44.24,36.94,52181,9,45.21,37.05,515090,1,43.6,38.15,28998,0,44.81,38.09
295979,2026-07-15T00:02:48.341974,wine,33429,0,44.0,37.3,52794,9,44.53,36.98,57411,8,45.2,36.88,56914,0,45.36,35.69,508567,2,43.96,37.0,51581,9,45.22,36.99,515090,2,43.33,38.22,29177,0,44.84,38.08
296329,2026-07-15T00:02:48.686843,wine,33429,1,43.33,37.21,54829,9,44.54,36.94,57411,9,45.23,36.8,56914,1,44.7,35.57,508567,2,43.8,37.12,51581,0,45.25,36.92,515090,2,43.18,38.33,29177,1,44.18,37.94
296679,2026-07-15T00:02:49.044697,wine,625534,1,42.86,37.18,54829,0,44.56,36.85,57411,9,45.24,36.74,1501741,1,44.19,35.55,508567,2,43.68,37.25,51581,0,45.26,36.87,515090,2,43.09,38.45,560788,1,43.69,37.9
297029,2026-07-15T00:02:49.397272,wine,625534,2,42.63,37.25,54829,0,44.57,36.79,57411,9,45.27,36.68,1501741,2,43.94,35.59,508567,2,43.61,37.41,51581,0,45.27,36.82,515090,2,43.01,38.58,560788,2,43.44,37.96
297379,2026-07-15T00:02:49.743412,wine,625534,2,42.51,37.38,54829,0,44.59,36.75,57411,9,45.29,36.63,1501741,2,43.78,35.69,508567,2,43.55,37.56,51581,0,45.29,36.8,515090,2,42.96,38.73,560788,2,43.29,38.05
297729,2026-07-15T00:02:50.094402,wine,625534,2,42.42,37.49,54829,0,44.59,36.68,58554,9,45.3,36.58,1501741,2,43.68,35.79,508567,2,43.5,37.7,52053,0,45.3,36.74,515090,2,42.93,38.88,560788,2,43.19,38.19
298079,2026-07-15T00:02:50.437341,wine,625534,2,42.38,37.6,57918,0,44.6,36.6,58554,0,45.31,36.5,1501741,2,43.6,35.89,508567,2,43.47,37.83,52053,1,44.6,36.62,515090,2,42.89,38.99,560788,2,43.13,38.31
298429,2026-07-15T00:02:50.792994,wine,625534,2,42.34,37.74,57918,1,43.92,36.46,58554,0,45.33,36.43,1501741,2,43.55,36.0,508567,2,43.45,37.97,903994,1,44.06,36.58,515090,2,42.86,39.13,560788,2,43.06,38.46
298779,2026-07-15T00:02:51.143620,wine,625534,2,42.31,37.82,1672860,1,43.42,36.41,58554,0,45.33,36.39,1501741,2,43.51,36.09,508567,2,43.43,38.1,903994,2,43.79,36.65,515090,2,42.85,39.25,560788,2,43.02,38.57
299129,2026-07-15T00:02:51.494186,wine,625534,2,42.29,37.95,1672860,2,43.16,36.42,58554,0,45.34,36.32,1501741,2,43.46,36.36,477611,2,43.41,38.2,903994,2,43.62,36.75,400078,2,42.83,39.36,560788,2,43.0,38.71
299479,2026-07-15T00:02:51.949338,wine,625534,2,42.29,38.05,1672860,2,42.99,36.49,60206,0,45.35,36.28,1501741,2,43.44,36.46,477611,3,43.39,38.34,903994,2,43.5,36.86,400078,3,42.82,39.46,560788,2,42.97,38.84
299829,2026-07-15T00:02:52.193435,wine,625534,2,42.27,38.13,1672860,2,42.89,36.59,60206,1,44.65,36.17,984852,2,43.41,36.54,477611,3,43.37,38.42,903994,2,43.41,37.0,400078,3,42.81,39.58,560788,2,42.94,38.94
300179,2026-07-15T00:02:52.543670,wine,491009,2,42.26,38.22,1672860,2,42.82,36.71,1605015,1,44.14,36.12,984852,3,43.4,36.61,477611,3,43.35,38.51,903994,2,43.35,37.16,400078,3,42.79,39.67,435559,2,42.93,39.06
300529,2026-07-15T00:02:52.891891,wine,491009,3,42.25,38.28,1672860,2,42.76,36.8,1605015,2,43.87,36.18,984852,3,43.39,36.69,477611,3,43.35,38.59,903994,2,43.3,37.29,400078,3,42.78,39.74,435559,3,42.9,39.16
300879,2026-07-15T00:02:53.244752,wine,491009,3,42.23,38.36,1672860,2,42.72,36.91,1605015,2,43.7,36.28,984852,3,43.38,36.77,477611,3,43.33,38.66,903994,2,43.27,37.42,400078,3,42.77,39.81,435559,3,42.89,39.23
301229,2026-07-15T00:02:53.594289,wine,491009,3,42.22,38.41,1672860,2,42.69,37.02,1605015,2,43.59,36.42,984852,3,43.37,36.83,477611,3,43.32,38.73,903994,2,43.24,37.55,400078,3,42.74,39.89,435559,3,42.87,39.33
301579,2026-07-15T00:02:53.930772,wine,491009,3,42.22,38.47,1672860,2,42.65,37.13,1605015,2,43.52,36.53,984852,3,43.36,36.89,477611,3,43.31,38.79,903994,2,43.21,37.67,400078,3,42.74,39.94,435559,3,42.87,39.43
301929,2026-07-15T00:02:54.295623,wine,491009,3,42.21,38.54,1672860,2,42.64,37.22,1605015,2,43.46,36.67,984852,3,43.33,36.93,477611,3,43.3,38.87,793183,2,43.18,37.78,400078,3,42.74,40.01,435559,3,42.86,39.49
302279,2026-07-15T00:02:54.645260,wine,491009,3,42.2,38.58,1056487,2,42.61,37.3,1605015,2,43.4,36.81,984852,3,43.33,37.0,477611,3,43.3,38.91,793183,3,43.16,37.89,400078,3,42.72,40.06,435559,3,42.85,39.58
302629,2026-07-15T00:02:54.982721,wine,491009,3,42.19,38.61,1056487,3,42.59,37.37,1605015,2,43.37,36.93,984852,3,43.31,37.01,477611,3,43.28,38.97,793183,3,43.15,37.99,400078,3,42.71,40.11,435559,3,42.84,39.65
302979,2026-07-15T00:02:55.340278,wine,491009,3,42.18,38.64,1056487,3,42.58,37.44,1605015,2,43.34,37.06,984852,3,43.3,37.05,477611,3,43.28,39.01,793183,3,43.13,38.08,400078,3,42.7,40.15,435559,3,42.83,39.69
303329,2026-07-15T00:02:55.689693,wine,491009,3,42.17,38.68,1056487,3,42.56,37.52,1605015,2,43.31,37.18,984852,3,43.29,37.11,477611,3,43.27,39.06,793183,3,43.12,38.17,400078,3,42.7,40.2,435559,3,42.82,39.75
303679,2026-07-15T00:02:56.042860,wine,491009,3,42.16,38.73,1056487,3,42.55,37.6,1076478,2,43.28,37.29,984852,3,43.28,37.15,477611,3,43.26,39.11,793183,3,43.1,38.24,400078,3,42.7,40.26,435559,3,42.81,39.81
304029,2026-07-15T00:02:56.385255,wine,491009,3,42.15,38.77,1056487,3,42.54,37.68,1076478,3,43.25,37.4,984852,3,43.27,37.2,477611,3,43.25,39.17,793183,3,43.09,38.33,400078,3,42.68,40.31,435559,3,42.8,39.85
304379,2026-07-15T00:02:56.736602,wine,491009,3,42.14,38.82,1056487,3,42.52,37.76,1076478,3,43.24,37.48,984852,3,43.26,37.25,477611,3,43.24,39.19,793183,3,43.08,38.4,400078,3,42.68,40.34,435559,3,42.79,39.88
304729,2026-07-15T00:02:57.081334,wine,491009,3,42.14,38.83,1056487,3,42.52,37.75,1076478,3,43.22,37.59,984852,3,43.25,37.29,477611,3,43.23,39.25,793183,3,43.07,38.46,400078,3,42.68,40.37,435559,3,42.78,39.95
305079,2026-07-15T00:02:57.439733,wine,491009,3,42.13,38.88,1056487,3,42.5,37.91,1076478,3,43.21,37.67,984852,3,43.24,37.34,477611,3,43.23,39.27,793183,3,43.06,38.54,400078,3,42.66,40.39,435559,3,42.78,39.97
305429,2026-07-15T00:02:57.794074,wine,491009,3,42.12,38.9,1056487,3,42.49,38.03,1076478,3,43.19,37.74,984852,3,43.23,37.35,477611,3,43.22,39.31,793183,3,43.05,38.58,400078,3,42.66,40.45,435559,3,42.77,40.03
305779,2026-07-15T00:02:58.133724,wine,491009,3,42.11,38.94,1056487,3,42.48,38.08,1076478,3,43.18,37.83,984852,3,43.22,37.4,477611,3,43.21,39.33,793183,3,43.05,38.65,400078,3,42.65,40.47,435559,3,42.76,40.06
306129,2026-07-15T00:02:58.494619,wine,491009,3,42.11,38.92,1056487,3,42.47,38.13,1076478,3,43.17,37.9,984852,3,43.22,37.43,477611,3,43.21,39.38,793183,3,43.04,38.69,400078,3,42.65,40.5,435559,3,42.76,40.11
306479,2026-07-15T00:02:58.841871,wine,491009,3,42.1,38.87,1056487,3,42.46,38.18,1076478,3,43.16,37.95,984852,3,43.2,37.45,477611,3,43.2,39.38,793183,3,43.03,38.74,400078,3,42.65,40.53,435559,3,42.75,40.04
306829,2026-07-15T00:02:59.192950,wine,491009,3,42.09,39.01,1056487,3,42.46,38.22,1076478,3,43.15,37.99,984852,3,43.19,37.47,477611,3,43.2,39.43,793183,3,43.03,38.77,400078,3,42.65,40.56,435559,3,42.74,40.19
307179,2026-07-15T00:02:59.538208,wine,491009,3,42.08,39.05,1056487,3,42.45,38.26,1076478,3,43.15,38.07,984852,3,43.18,37.51,477611,3,43.2,39.44,793183,3,43.02,38.81,400078,3,42.64,40.56,435559,3,42.74,40.2
307529,2026-07-15T00:02:59.882999,wine,491009,3,42.07,39.08,1056487,3,42.44,38.28,1076478,3,43.13,38.09,984852,3,43.18,37.53,477611,3,43.19,39.48,793183,3,43.01,38.82,400078,3,42.64,40.59,435559,3,42.73,40.22
307879,2026-07-15T00:03:00.232288,wine,491009,3,42.06,39.11,1056487,3,42.44,38.33,1076478,3,43.12,38.12,984852,3,43.17,37.53,477611,3,43.18,39.45,793183,3,43.0,38.86,400078,3,42.63,40.6,435559,3,42.73,40.23
308229,2026-07-15T00:03:00.587176,wine,491009,3,42.06,39.11,1056487,3,42.43,38.34,1076478,3,43.11,38.18,984852,3,43.16,37.54,477611,3,43.17,39.47,793183,3,43.0,38.9,400078,3,42.63,40.61,435559,3,42.72,40.25
308579,2026-07-15T00:03:00.930970,wine,491009,3,42.06,39.13,1056487,3,42.42,38.4,1076478,3,43.11,38.21,984852,3,43.16,37.56,477611,3,43.17,39.48,793183,3,43.0,38.91,400078,3,42.62,40.63,435559,3,42.72,40.27
308929,2026-07-15T00:03:01.293357,wine,491009,3,42.05,39.16,1056487,3,42.42,38.42,1076478,3,43.1,38.25,984852,3,43.15,37.56,477611,3,43.17,39.49,793183,3,42.99,38.93,400078,3,42.61,40.62,435559,3,42.71,40.29
309279,2026-07-15T00:03:01.642432,wine,491009,3,42.04,39.19,1056487,3,42.41,38.45,1076478,3,43.08,38.29,984852,3,43.14,37.6,503317,3,43.16,39.49,793183,3,42.99,38.96,400078,3,42.62,40.65,435559,3,42.72,40.31
309629,2026-07-15T00:03:02.080462,wine,491009,3,42.04,39.23,1056487,3,42.39,38.5,1076478,3,43.08,38.33,984852,3,43.14,37.61,503317,4,43.62,39.57,793183,3,42.99,38.97,391362,3,42.61,40.66,435559,3,42.7,40.32
309979,2026-07-15T00:03:02.332816,wine,491009,3,42.03,39.25,1056487,3,42.4,38.57,1076478,3,43.07,38.36,984852,3,43.13,37.63,503317,4,43.95,39.58,793183,3,42.99,39.0,391362,4,43.02,40.72,435559,3,42.7,40.33
310329,2026-07-15T00:03:02.693286,wine,459295,3,42.03,39.29,1056487,3,42.39,38.62,1076478,3,43.07,38.4,789514,3,43.13,37.68,503317,4,44.13,39.52,793183,3,42.98,39.01,391362,4,43.33,40.72,417959,3,42.7,40.35
310679,2026-07-15T00:03:03.045072,wine,459295,4,42.45,39.38,1056487,3,42.38,38.68,1076478,3,43.07,38.45,789514,4,43.55,37.77,503317,4,44.24,39.43,793183,3,42.98,39.04,391362,4,43.49,40.68,417959,4,43.12,40.42
311029,2026-07-15T00:03:03.392872,wine,459295,4,42.76,39.41,1056487,3,42.38,38.75,1076478,3,43.05,38.51,789514,4,43.88,37.81,104682,4,44.3,39.33,793183,3,42.98,39.07,391362,4,43.59,40.61,417959,4,43.43,40.44
311379,2026-07-15T00:03:03.742927,wine,459295,4,42.91,39.36,1056487,3,42.38,38.82,1076478,3,43.06,38.53,789514,4,44.04,37.77,104682,5,44.35,39.23,793183,3,42.98,39.11,72234,4,43.65,40.49,417959,4,43.59,40.38
311729,2026-07-15T00:03:04.092519,wine,459295,4,42.99,39.32,1056487,3,42.37,38.88,1076478,3,43.06,38.58,789514,4,44.14,37.76,104682,5,44.39,39.13,793183,3,42.97,39.12,72234,5,43.7,40.4,417959,4,43.68,40.31
312079,2026-07-15T00:03:04.443303,wine,84044,4,43.05,39.22,1056487,3,42.38,38.94,1076478,3,43.05,38.64,136606,4,44.21,37.68,104682,5,44.43,39.05,793183,3,42.97,39.15,72234,5,43.74,40.24,76853,4,43.75,40.23
312429,2026-07-15T00:03:04.793272,wine,84044,5,43.08,39.15,798284,3,42.37,39.01,1076478,3,43.05,38.68,136606,5,44.25,37.64,104682,5,44.45,38.95,766467,3,42.97,39.18,72234,5,43.78,40.12,76853,5,43.8,40.11
312779,2026-07-15T00:03:05.142786,wine,84044,5,43.1,39.07,798284,4,42.81,39.11,1076478,3,43.04,38.73,136606,5,44.29,37.55,103664,5,44.47,38.88,766467,4,43.41,39.28,69527,5,43.8,40.04,76853,5,43.83,40.03
313129,2026-07-15T00:03:05.489114,wine,84044,5,43.11,39.01,798284,4,43.12,39.16,1076478,3,43.04,38.75,136606,5,44.31,37.5,103664,6,44.49,38.79,766467,4,43.74,39.28,69527,6,43.81,39.95,76853,5,43.86,39.95
313479,2026-07-15T00:03:05.835573,wine,84044,5,43.13,38.94,798284,4,43.28,39.16,1076478,3,43.04,38.79,136606,5,44.34,37.44,103664,6,44.51,38.74,766467,4,43.92,39.26,69527,6,43.83,39.9,76853,5,43.88,39.86
313829,2026-07-15T00:03:06.192086,wine,79950,5,43.13,38.9,798284,4,43.37,39.1,1076478,3,43.04,38.84,129554,5,44.36,37.4,103664,6,44.52,38.67,766467,4,44.01,39.17,69527,6,43.85,39.81,74310,5,43.9,39.77
314179,2026-07-15T00:03:06.533744,wine,79950,6,43.15,38.84,137597,4,43.44,39.05,842625,3,43.05,38.88,129554,6,44.37,37.34,103664,6,44.53,38.62,157393,4,44.1,39.08,69527,6,43.87,39.77,74310,6,43.92,39.68
314529,2026-07-15T00:03:06.893537,wine,79950,6,43.16,38.81,137597,5,43.49,39.01,842625,4,43.5,38.99,129554,6,44.39,37.3,101688,6,44.55,38.58,157393,5,44.15,38.98,66805,6,43.87,39.72,74310,6,43.94,39.63
314879,2026-07-15T00:03:07.243554,wine,79950,6,43.17,38.76,137597,5,43.52,38.95,842625,4,43.81,39.01,129554,6,44.4,37.25,101688,7,44.8,38.55,157393,5,44.18,38.89,66805,7,44.12,39.7,74310,6,43.95,39.56
315229,2026-07-15T00:03:07.591332,wine,79950,6,43.18,38.72,137597,5,43.54,38.87,842625,4,43.97,38.95,129554,6,44.41,37.23,101688,7,45.02,38.52,157393,5,44.22,38.81,66805,7,44.33,39.67,74310,6,43.96,39.49
315579,2026-07-15T00:03:07.944032,wine,76235,6,43.18,38.7,137597,5,43.57,38.83,842625,4,44.07,38.9,123195,6,44.43,37.22,101688,7,45.15,38.46,157393,5,44.25,38.73,66805,7,44.45,39.59,72295,6,43.98,39.45
315929,2026-07-15T00:03:08.294951,wine,76235,7,43.42,38.7,129751,5,43.59,38.77,157829,4,44.13,38.81,123195,7,44.66,37.24,101688,7,45.24,38.39,158122,5,44.28,38.64,66805,7,44.54,39.53,72295,7,44.22,39.43
316279,2026-07-15T00:03:08.631271,wine,76235,7,43.61,38.67,129751,6,43.6,38.73,157829,5,44.19,38.71,123195,7,44.86,37.2,30210,7,45.3,38.3,158122,6,44.3,38.51,24390,7,44.6,39.44,72295,7,44.43,39.38
316629,2026-07-15T00:03:08.990763,wine,76235,7,43.73,38.63,129751,6,43.62,38.71,157829,5,44.22,38.62,123195,7,44.98,37.19,30210,8,45.36,38.21,158122,6,44.32,38.59,24390,8,44.66,39.36,72295,7,44.56,39.34
316979,2026-07-15T00:03:09.341995,wine,76235,7,43.79,38.57,129751,6,43.64,38.65,157829,5,44.26,38.54,123195,7,45.07,37.12,30210,8,45.39,38.13,158122,6,44.33,38.64,24390,8,44.7,39.27,72295,7,44.63,39.25
317329,2026-07-15T00:03:09.692554,wine,28920,7,43.83,38.51,129751,6,43.65,38.62,157829,5,44.28,38.45,45086,7,45.14,37.06,30210,8,45.42,38.05,154263,6,44.37,38.33,24390,8,44.73,39.18,26462,7,44.69,39.16
317679,2026-07-15T00:03:10.042094,wine,28920,8,43.87,38.45,121875,6,43.66,38.59,154124,5,44.3,38.4,45086,8,45.18,37.0,30210,8,45.45,37.97,154263,7,44.63,38.32,24390,8,44.75,39.11,26462,8,44.74,39.07
318029,2026-07-15T00:03:10.381561,wine,28920,8,43.89,38.39,121875,7,43.92,38.59,154124,6,44.32,38.31,45086,8,45.23,36.95,29746,8,45.48,37.91,154263,7,44.87,38.26,25078,8,44.78,39.04,26462,8,44.77,39.0
318379,2026-07-15T00:03:10.900228,wine,28920,8,43.91,38.32,121875,7,44.13,38.58,154124,6,44.35,38.24,45086,8,45.26,36.89,29746,9,45.5,37.85,154263,7,44.99,38.2,25078,9,44.81,38.96,26462,8,44.8,38.91
318729,2026-07-15T00:03:11.079266,wine,28920,8,43.94,38.27,121875,7,44.26,38.53,154124,6,44.36,38.18,45086,8,45.28,36.83,29746,9,45.53,37.76,154263,7,45.09,38.11,25078,9,44.82,38.88,26462,8,44.84,38.82
319079,2026-07-15T00:03:11.432002,wine,29561,8,43.96,38.2,121875,7,44.35,38.46,154124,6,44.38,38.13,47931,8,45.31,36.76,29746,9,45.55,37.71,46460,7,45.15,38.01,25078,9,44.85,38.83,26811,8,44.87,38.76
319429,2026-07-15T00:03:11.790785,wine,29561,9,43.97,38.17,43214,7,44.41,38.41,149010,6,44.39,38.09,47931,9,45.34,36.72,29746,9,45.57,37.66,46460,8,45.2,37.92,25078,9,44.87,38.77,26811,9,44.89,38.66
319779,2026-07-15T00:03:12.141775,wine,29561,9,43.99,38.12,43214,8,44.46,38.32,149010,7,44.66,38.08,47931,9,45.35,36.65,29955,9,45.59,37.59,46460,8,45.25,37.8,25589,9,44.89,38.71,26811,9,44.91,38.61
320129,2026-07-15T00:03:12.493387,wine,29561,9,44.01,38.07,43214,8,44.5,38.23,149010,7,44.88,38.03,47931,9,45.38,36.61,29955,0,45.61,37.54,46460,8,45.28,37.71,25589,0,44.9,38.64,26811,9,44.93,38.54
320479,2026-07-15T00:03:12.844563,wine,29561,9,44.02,38.04,43214,8,44.53,38.16,149010,7,45.01,37.97,47931,9,45.4,36.56,29955,0,45.63,37.51,46460,8,45.31,37.64,25589,0,44.92,38.62,26811,9,44.96,38.47
320829,2026-07-15T00:03:13.188392,wine,29934,9,44.04,37.99,43214,8,44.56,38.13,149010,7,45.1,37.87,48780,9,45.42,36.52,29955,0,45.64,37.44,46159,8,45.35,37.55,25589,0,44.94,38.56,27170,9,44.97,38.43
321179,2026-07-15T00:03:13.537961,wine,29934,0,44.07,37.97,43434,8,44.58,38.04,50965,7,45.16,37.8,48780,0,45.44,36.5,29955,0,45.66,37.41,46159,9,45.38,37.47,25589,0,44.95,38.54,27170,0,45.0,38.37
321529,2026-07-15T00:03:13.891408,wine,29934,0,44.07,37.92,43434,9,44.61,37.96,50965,8,45.2,37.7,48780,0,45.45,36.45,29829,0,45.69,37.38,46159,9,45.4,37.4,25635,0,44.98,38.48,27170,0,45.02,38.33
321879,2026-07-15T00:03:14.241802,wine,29934,0,44.09,37.88,43434,9,44.63,37.9,50965,8,45.25,37.59,48780,0,45.47,36.41,29829,1,44.99,37.27,46159,9,45.42,37.34,25635,1,44.32,38.37,27170,0,45.04,38.26
322229,2026-07-15T00:03:14.583288,wine,29934,0,44.11,37.89,43434,9,44.65,37.87,50965,8,45.29,37.51,48780,0,45.49,36.38,417959,1,44.47,37.23,46159,9,45.45,37.26,436673,1,43.83,38.32,27170,0,45.05,38.24
322579,2026-07-15T00:03:14.940548,wine,30231,0,44.12,37.83,43434,9,44.67,37.81,50965,8,45.32,37.46,48641,0,45.51,36.36,417959,2,44.18,37.29,45960,9,45.46,37.21,436673,2,43.57,38.37,27344,0,45.06,38.2
322929,2026-07-15T00:03:15.424909,wine,30231,1,43.46,37.72,43971,9,44.69,37.76,52212,8,45.35,37.37,48641,1,44.84,36.25,417959,2,44.02,37.39,45960,0,45.48,37.14,436673,2,43.42,38.48,27344,1,44.42,38.05
323279,2026-07-15T00:03:15.635487,wine,512000,1,42.98,37.71,43971,0,44.7,37.74,52212,9,45.38,37.28,1085033,1,44.35,36.22,417959,2,43.92,37.51,45960,0,45.49,37.1,436673,2,43.31,38.59,490304,1,43.93,38.0
323629,2026-07-15T00:03:15.990417,wine,512000,2,42.75,37.78,43971,0,44.72,37.68,52212,9,45.4,37.2,1085033,2,44.1,36.28,417959,2,43.84,37.67,45960,0,45.51,37.04,436673,2,43.25,38.75,490304,2,43.67,38.06
323979,2026-07-15T00:03:16.338535,wine,512000,2,42.62,37.9,43971,0,44.73,37.67,52212,9,45.41,37.16,1085033,2,43.94,36.38,417959,2,43.78,37.84,45960,0,45.52,36.99,436673,2,43.19,38.87,490304,2,43.5,38.16
324329,2026-07-15T00:03:16.692575,wine,512000,2,42.55,38.04,43971,0,44.74,37.61,52212,9,45.43,37.08,1085033,2,43.84,36.51,417959,2,43.74,37.99,46010,0,45.52,36.96,436673,2,43.16,39.03,490304,2,43.41,38.28
324679,2026-07-15T00:03:17.038622,wine,512000,2,42.5,38.15,44568,0,44.75,37.58,53222,9,45.44,37.03,1085033,2,43.77,36.64,417959,2,43.7,38.12,46010,1,44.83,36.84,436673,2,43.12,39.16,490304,2,43.34,38.42
325029,2026-07-15T00:03:17.390214,wine,512000,2,42.46,38.29,44568,1,44.07,37.46,53222,0,45.46,36.98,1085033,2,43.71,36.79,417959,2,43.67,38.24,759643,1,44.29,36.8,436673,2,43.09,39.28,490304,2,43.3,38.56
325379,2026-07-15T00:03:17.741875,wine,512000,2,42.44,38.42,1032518,1,43.57,37.43,53222,0,45.46,36.92,1085033,2,43.68,36.9,417959,2,43.65,38.38,759643,2,44.0,36.85,436673,2,43.08,39.4,490304,2,43.25,38.68
325729,2026-07-15T00:03:18.092605,wine,512000,2,42.43,38.55,1032518,2,43.31,37.5,53222,0,45.47,36.89,1085033,2,43.64,37.05,405544,2,43.63,38.5,759643,2,43.83,36.95,346414,2,43.06,39.52,490304,2,43.22,38.82
326079,2026-07-15T00:03:18.440979,wine,512000,2,42.42,38.65,1032518,2,43.15,37.59,53222,0,45.48,36.87,1085033,2,43.62,37.18,405544,3,43.62,38.6,759643,2,43.72,37.09,346414,3,43.04,39.62,490304,2,43.2,38.94
326429,2026-07-15T00:03:18.786861,wine,512000,2,42.41,38.79,1032518,2,43.04,37.73,53590,0,45.48,36.81,1085033,2,43.6,37.31,405544,3,43.61,38.71,759643,2,43.64,37.22,346414,3,43.03,39.71,490304,2,43.17,39.06
326779,2026-07-15T00:03:19.143347,wine,414910,2,42.39,38.87,1032518,2,42.97,37.89,53590,1,44.79,36.67,741760,2,43.59,37.33,405544,3,43.59,38.8,759643,2,43.58,37.38,346414,3,43.02,39.8,395214,2,43.15,39.16
327129,2026-07-15T00:03:19.492250,wine,414910,3,42.38,38.95,1032518,2,42.91,38.02,1279200,1,44.27,36.65,741760,3,43.56,37.6,405544,3,43.57,38.9,759643,2,43.53,37.53,346414,3,43.01,39.89,395214,3,43.14,39.26
327479,2026-07-15T00:03:19.831356,wine,414910,3,42.38,39.05,1032518,2,42.87,38.19,1279200,2,44.01,36.74,741760,3,43.54,37.67,405544,3,43.56,38.98,759643,2,43.5,37.66,346414,3,43.0,39.97,395214,3,43.12,39.37
327829,2026-07-15T00:03:20.192713,wine,414910,3,42.36,39.11,1032518,2,42.83,38.3,1279200,2,43.85,36.85,741760,3,43.53,37.76,405544,3,43.56,39.04,759643,2,43.47,37.79,346414,3,42.99,40.03,395214,3,43.11,39.45
328179,2026-07-15T00:03:20.534948,wine,414910,3,42.35,39.19,1032518,2,42.81,38.43,1279200,2,43.73,36.98,741760,3,43.52,37.82,405544,3,43.54,39.1,759643,2,43.43,37.93,346414,3,42.97,40.1,395214,3,43.09,39.54
328529,2026-07-15T00:03:20.892809,wine,414910,3,42.34,39.25,1032518,2,42.79,38.56,1279200,2,43.66,37.13,741760,3,43.51,37.9,405544,3,43.53,39.18,681077,2,43.4,38.02,346414,3,42.97,40.16,395214,3,43.08,39.59
328879,2026-07-15T00:03:21.244388,wine,414910,3,42.33,39.31,685867,2,42.77,38.67,1279200,2,43.6,37.27,741760,3,43.5,37.95,405544,3,43.52,39.23,681077,3,43.38,38.14,346414,3,42.96,40.23,395214,3,43.07,39.69
329229,2026-07-15T00:03:21.583898,wine,414910,3,42.33,39.37,685867,3,42.74,38.78,1279200,2,43.55,37.41,741760,3,43.49,38.01,405544,3,43.52,39.32,681077,3,43.37,38.23,346414,3,42.96,40.27,395214,3,43.06,39.76
329579,2026-07-15T00:03:21.942414,wine,414910,3,42.32,39.42,685867,3,42.73,38.87,1279200,2,43.52,37.55,741760,3,43.48,38.06,405544,3,43.51,39.24,681077,3,43.35,38.33,346414,3,42.94,40.32,395214,3,43.05,39.81
329929,2026-07-15T00:03:22.293012,wine,414910,3,42.31,39.45,685867,3,42.72,38.97,1279200,2,43.49,37.69,741760,3,43.47,38.1,405544,3,43.5,39.43,681077,3,43.34,38.42,346414,3,42.93,40.38,395214,3,43.05,39.85
330279,2026-07-15T00:03:22.635478,wine,414910,3,42.3,39.49,685867,3,42.7,39.04,1279200,2,43.46,37.8,741760,3,43.45,38.14,405544,3,43.49,39.5,681077,3,43.33,38.49,346414,3,42.94,40.39,395214,3,43.03,39.91
330629,2026-07-15T00:03:22.991956,wine,414910,3,42.29,39.52,685867,3,42.69,39.13,889274,2,43.44,37.91,741760,3,43.44,38.18,405544,3,43.48,39.52,681077,3,43.32,38.58,346414,3,42.93,40.44,395214,3,43.03,39.96
330979,2026-07-15T00:03:23.342692,wine,414910,3,42.29,39.55,685867,3,42.68,39.19,889274,3,43.41,38.02,741760,3,43.43,38.22,405544,3,43.48,39.57,681077,3,43.31,38.65,346414,3,42.93,40.5,395214,3,43.02,39.99
331329,2026-07-15T00:03:23.692590,wine,414910,3,42.28,39.6,685867,3,42.67,39.26,889274,3,43.4,38.11,741760,3,43.42,38.26,405544,3,43.47,39.59,681077,3,43.3,38.72,346414,3,42.92,40.53,395214,3,43.01,40.05
331679,2026-07-15T00:03:24.038352,wine,414910,3,42.27,39.64,685867,3,42.66,39.3,889274,3,43.38,38.21,741760,3,43.41,38.3,405544,3,43.46,39.61,681077,3,43.29,38.77,346414,3,42.91,40.55,395214,3,43.01,40.08
332029,2026-07-15T00:03:24.377959,wine,414910,3,42.27,39.64,685867,3,42.65,39.34,889274,3,43.36,38.26,741760,3,43.4,38.32,405544,3,43.46,39.62,681077,3,43.28,38.83,346414,3,42.91,40.58,395214,3,43.01,40.12
332379,2026-07-15T00:03:24.731553,wine,414910,3,42.26,39.68,685867,3,42.64,39.36,889274,3,43.35,38.36,741760,3,43.4,38.33,405544,3,43.46,39.65,681077,3,43.27,38.87,346414,3,42.91,40.61,395214,3,42.99,40.14
332729,2026-07-15T00:03:25.083438,wine,414910,3,42.25,39.69,685867,3,42.64,39.38,889274,3,43.34,38.41,741760,3,43.39,38.33,405544,3,43.45,39.67,681077,3,43.26,38.9,346414,3,42.9,40.62,395214,3,42.98,40.17
333079,2026-07-15T00:03:25.436746,wine,414910,3,42.24,39.69,685867,3,42.63,39.42,889274,3,43.33,38.46,741760,3,43.37,38.32,405544,3,43.45,39.7,681077,3,43.26,38.96,346414,3,42.89,40.64,395214,3,42.98,40.22
333429,2026-07-15T00:03:25.792350,wine,414910,3,42.24,39.72,685867,3,42.62,39.42,889274,3,43.32,38.54,741760,3,43.37,38.36,405544,3,43.44,39.7,681077,3,43.26,39.01,346414,3,42.89,40.67,395214,3,42.98,40.23
333779,2026-07-15T00:03:26.132395,wine,414910,3,42.23,39.73,685867,3,42.61,39.42,889274,3,43.3,38.56,741760,3,43.36,38.35,405544,3,43.44,39.71,681077,3,43.25,39.03,346414,3,42.88,40.68,395214,3,42.97,40.25
334129,2026-07-15T00:03:26.493276,wine,414910,3,42.22,39.73,685867,3,42.61,39.43,889274,3,43.29,38.62,741760,3,43.35,38.34,405544,3,43.44,39.73,681077,3,43.24,39.06,346414,3,42.88,40.67,395214,3,42.97,40.27
334479,2026-07-15T00:03:26.841593,wine,414910,3,42.21,39.76,685867,3,42.6,39.45,889274,3,43.28,38.64,741760,3,43.35,38.36,405544,3,43.43,39.73,681077,3,43.24,39.07,346414,3,42.88,40.74,395214,3,42.97,40.44
334829,2026-07-15T00:03:27.192539,wine,414910,3,42.2,39.76,685867,3,42.59,39.47,889274,3,43.27,38.69,741760,3,43.34,38.36,405544,3,43.43,39.74,681077,3,43.23,39.09,346414,3,42.88,40.73,395214,3,42.96,40.33
335179,2026-07-15T00:03:27.527612,wine,414910,3,42.2,39.64,685867,3,42.59,39.47,889274,3,43.26,38.72,741760,3,43.34,38.36,405544,3,43.42,39.74,681077,3,43.23,39.12,346414,3,42.87,40.75,395214,3,42.96,40.34
335529,2026-07-15T00:03:27.883420,wine,414910,3,42.19,39.78,685867,3,42.58,39.47,889274,3,43.25,38.75,741760,3,43.33,38.36,405544,3,43.42,39.73,681077,3,43.22,39.15,346414,3,42.87,40.75,395214,3,42.95,40.35
335879,2026-07-15T00:03:28.242340,wine,414910,3,42.19,39.78,685867,3,42.57,39.46,889274,3,43.25,38.77,741760,3,43.32,38.35,444348,3,43.42,39.76,681077,3,43.22,39.16,349607,3,42.86,40.75,395214,3,42.94,40.36
336229,2026-07-15T00:03:28.591680,wine,414910,3,42.18,39.79,685867,3,42.57,39.46,889274,3,43.24,38.79,741760,3,43.32,38.36,444348,4,43.87,39.81,681077,3,43.22,39.19,349607,4,43.28,40.82,395214,3,42.94,40.39
336579,2026-07-15T00:03:28.942613,wine,414910,3,42.17,39.81,685867,3,42.56,39.48,889274,3,43.23,38.82,741760,3,43.32,38.37,444348,4,44.21,39.82,681077,3,43.21,39.21,349607,4,43.6,40.82,395214,3,42.94,40.4
336929,2026-07-15T00:03:29.290848,wine,403387,3,42.17,39.82,685867,3,42.56,39.48,889274,3,43.23,38.84,639001,3,43.31,38.38,444348,4,44.37,39.74,681077,3,43.21,39.2,349607,4,43.75,40.75,384745,3,42.94,40.39
337279,2026-07-15T00:03:29.642214,wine,403387,4,42.61,39.88,685867,3,42.56,39.5,889274,3,43.22,38.87,639001,4,43.75,38.43,444348,4,44.49,39.63,681077,3,43.21,39.23,349607,4,43.84,40.67,384745,4,43.36,40.49
337629,2026-07-15T00:03:29.990726,wine,403387,4,42.91,39.88,685867,3,42.55,39.52,889274,3,43.22,38.88,639001,4,44.06,38.44,94744,4,44.56,39.54,681077,3,43.21,39.24,67015,4,43.91,40.54,384745,4,43.67,40.47
337979,2026-07-15T00:03:30.341503,wine,403387,4,43.06,39.8,685867,3,42.56,39.53,889274,3,43.22,38.93,639001,4,44.21,38.35,94744,5,44.61,39.42,681077,3,43.21,39.23,67015,5,43.96,40.43,384745,4,43.83,40.43
338329,2026-07-15T00:03:30.687556,wine,403387,4,43.14,39.72,685867,3,42.55,39.52,889274,3,43.21,38.93,639001,4,44.32,38.3,94744,5,44.64,39.29,681077,3,43.21,39.26,67015,5,43.99,40.32,384745,4,43.93,40.32
338679,2026-07-15T00:03:31.042988,wine,76304,4,43.18,39.6,685867,3,42.54,39.54,889274,3,43.21,38.96,117918,4,44.4,38.17,94744,5,44.68,39.17,681077,3,43.21,39.28,67015,5,44.02,40.21,72913,4,44.0,40.22
339029,2026-07-15T00:03:31.392982,wine,76304,5,43.22,39.49,685867,3,42.55,39.55,889274,3,43.21,38.98,117918,5,44.43,38.06,94744,5,44.71,39.06,683122,3,43.21,39.29,67015,5,44.04,40.11,72913,5,44.04,40.09
339379,2026-07-15T00:03:31.737756,wine,76304,5,43.25,39.4,603951,3,42.54,39.55,889274,3,43.21,38.98,117918,5,44.48,37.98,94849,5,44.73,38.97,683122,4,43.66,39.35,64875,5,44.07,40.01,72913,5,44.08,40.0
339729,2026-07-15T00:03:32.089267,wine,76304,5,43.26,39.3,603951,4,42.97,39.62,889274,3,43.21,39.01,117918,5,44.5,37.84,94849,6,44.75,38.86,683122,4,43.99,39.35,64875,6,44.08,39.9,72913,5,44.1,39.89
340079,2026-07-15T00:03:32.441867,wine,76304,5,43.27,39.2,603951,4,43.28,39.62,889274,3,43.21,39.01,117918,5,44.52,37.78,94849,6,44.77,38.78,683122,4,44.16,39.3,64875,6,44.1,39.82,72913,5,44.13,39.79
340429,2026-07-15T00:03:32.787897,wine,74310,5,43.28,39.12,603951,4,43.44,39.56,889274,3,43.21,39.04,114978,5,44.54,37.7,94849,6,44.78,38.7,683122,4,44.27,39.19,64875,6,44.11,39.75,70737,5,44.16,39.71
340779,2026-07-15T00:03:33.130784,wine,74310,6,43.29,39.04,603951,4,43.54,39.45,889274,3,43.21,39.04,114978,6,44.56,37.59,94849,6,44.8,38.62,145207,4,44.34,39.07,64875,6,44.13,39.66,70737,6,44.17,39.6
341129,2026-07-15T00:03:33.492476,wine,74310,6,43.3,38.99,115915,4,43.59,39.34,732999,3,43.21,39.04,114978,6,44.57,37.5,94065,6,44.81,38.57,145207,5,44.38,38.95,62729,6,44.14,39.6,70737,6,44.2,39.52
341479,2026-07-15T00:03:33.841714,wine,74310,6,43.31,38.89,115915,5,43.64,39.22,732999,4,43.65,39.11,114978,6,44.59,37.42,94065,7,45.07,38.52,145207,5,44.43,38.86,62729,7,44.37,39.57,70737,6,44.21,39.43
341829,2026-07-15T00:03:34.191612,wine,74310,6,43.32,38.83,115915,5,43.68,39.09,732999,4,43.97,39.11,114978,6,44.6,37.35,94065,7,45.28,38.43,145207,5,44.46,38.74,62729,7,44.59,39.51,70737,6,44.22,39.37
342179,2026-07-15T00:03:34.544036,wine,71748,6,43.33,38.76,115915,5,43.71,38.97,732999,4,44.13,39.05,111304,6,44.61,37.26,94065,7,45.41,38.36,145207,5,44.49,38.64,62729,7,44.72,39.45,68854,6,44.24,39.29
342529,2026-07-15T00:03:34.891754,wine,71748,7,43.56,38.72,115915,5,43.73,38.85,732999,4,44.23,38.92,111304,7,44.84,37.21,94065,7,45.49,38.26,146453,5,44.51,38.55,62729,7,44.81,39.35,68854,7,44.48,39.26
342879,2026-07-15T00:03:35.241465,wine,71748,7,43.76,38.67,113299,5,43.75,38.72,144469,4,44.3,38.79,111304,7,45.05,37.16,30865,7,45.56,38.14,146453,6,44.54,38.43,24474,7,44.87,39.25,68854,7,44.68,39.22
343229,2026-07-15T00:03:35.592087,wine,71748,7,43.87,38.59,113299,6,43.77,38.59,144469,5,44.35,38.66,111304,7,45.17,37.05,30865,8,45.61,38.02,146453,6,44.57,38.35,24474,8,44.92,39.11,68854,7,44.81,39.12
343579,2026-07-15T00:03:35.941427,wine,71748,7,43.93,38.51,113299,6,43.78,38.46,144469,5,44.39,38.53,111304,7,45.25,36.95,30865,8,45.65,37.92,146453,6,44.58,38.27,24474,8,44.95,39.02,68854,7,44.89,39.04
343929,2026-07-15T00:03:36.291495,wine,30622,7,43.98,38.42,113299,6,43.8,38.36,144469,5,44.42,38.42,51026,7,45.31,36.82,30865,8,45.69,37.8,146453,6,44.6,38.19,24474,8,44.98,38.91,26380,7,44.95,38.93
344279,2026-07-15T00:03:36.639705,wine,30622,8,44.01,38.31,113299,6,43.81,38.25,144469,5,44.45,38.3,51026,8,45.36,36.71,30865,8,45.71,37.69,146202,6,44.61,38.12,24474,8,45.02,38.84,26380,8,45.0,38.83
344629,2026-07-15T00:03:36.991028,wine,30622,8,44.03,38.22,110012,6,43.83,38.16,143982,5,44.47,38.19,51026,8,45.4,36.59,31832,8,45.74,37.59,146202,7,44.89,38.06,25822,8,45.04,38.73,26380,8,45.05,38.71
344979,2026-07-15T00:03:37.339790,wine,30622,8,44.06,38.11,110012,7,44.08,38.1,143982,6,44.49,38.07,51026,8,45.43,36.49,31832,9,45.77,37.47,146202,7,45.12,38.0,25822,9,45.07,38.62,26380,8,45.08,38.61
345329,2026-07-15T00:03:37.690321,wine,30622,8,44.07,38.01,110012,7,44.29,38.0,143982,6,44.52,37.98,51026,8,45.45,36.39,31832,9,45.79,37.39,146202,7,45.25,37.9,25822,9,45.09,38.54,26380,8,45.11,38.51
345679,2026-07-15T00:03:38.042242,wine,32072,8,44.1,37.94,110012,7,44.43,37.87,143982,6,44.53,37.87,55761,8,45.48,36.26,31832,9,45.81,37.27,146202,7,45.35,37.79,25822,9,45.11,38.46,27414,8,45.14,38.45
346029,2026-07-15T00:03:38.380465,wine,32072,9,44.11,37.84,110012,7,44.5,37.74,143982,6,44.55,37.8,55761,9,45.51,36.15,31832,9,45.83,37.22,49373,7,45.42,37.67,25822,9,45.13,38.37,27414,9,45.16,38.34
346379,2026-07-15T00:03:38.738954,wine,32072,9,44.13,37.76,50632,7,44.57,37.63,141124,6,44.56,37.73,55761,9,45.53,36.06,32887,9,45.86,37.11,49373,8,45.46,37.52,26964,9,45.15,38.3,27414,9,45.18,38.24
346729,2026-07-15T00:03:39.078259,wine,32072,9,44.15,37.7,50632,8,44.61,37.49,141124,7,44.83,37.66,55761,9,45.55,35.96,32887,0,45.88,37.02,49373,8,45.5,37.41,26964,0,45.18,38.22,27414,9,45.21,38.16
347079,2026-07-15T00:03:39.441168,wine,32072,9,44.17,37.62,50632,8,44.66,37.36,141124,7,45.04,37.6,55761,9,45.57,35.88,32887,0,45.89,36.96,49373,8,45.54,37.3,26964,0,45.19,38.15,27414,9,45.22,38.09
347429,2026-07-15T00:03:39.790301,wine,32266,9,44.18,37.57,50632,8,44.69,37.26,141124,7,45.17,37.5,57066,9,45.59,35.79,32887,0,45.91,36.88,49373,8,45.58,37.17,26964,0,45.21,38.11,28045,9,45.25,38.01
347779,2026-07-15T00:03:40.141016,wine,32266,0,44.2,37.53,50632,8,44.72,37.16,141124,7,45.27,37.4,57066,0,45.61,35.74,32887,0,45.93,36.82,50156,8,45.6,37.08,26964,0,45.23,38.01,28045,0,45.26,37.95
348129,2026-07-15T00:03:40.479853,wine,32266,0,44.21,37.47,50935,8,44.74,37.07,54619,7,45.33,37.3,57066,0,45.63,35.68,33015,0,45.94,36.75,50156,9,45.63,36.99,27414,0,45.24,37.95,28045,0,45.28,37.88
348479,2026-07-15T00:03:40.831935,wine,32266,0,44.23,37.42,50935,9,44.76,36.99,54619,8,45.39,37.2,57066,0,45.65,35.63,33015,1,45.25,36.61,50156,9,45.66,36.9,27414,1,44.59,37.82,28045,0,45.3,37.81
348829,2026-07-15T00:03:41.190853,wine,32266,0,44.24,37.39,50935,9,44.78,36.94,54619,8,45.43,37.08,57066,0,45.67,35.57,495643,1,44.73,36.56,50156,9,45.68,36.82,491009,1,44.11,37.75,28045,0,45.33,37.77
349179,2026-07-15T00:03:41.542910,wine,31952,0,44.26,37.33,50935,9,44.8,36.89,54619,8,45.47,37.0,55761,0,45.69,35.53,495643,2,44.45,36.6,50156,9,45.7,36.74,491009,2,43.85,37.8,28287,0,45.34,37.7
349529,2026-07-15T00:03:41.891650,wine,31952,1,43.6,37.24,50935,9,44.82,36.82,54619,8,45.49,36.95,55761,1,45.02,35.41,495643,2,44.28,36.7,49892,9,45.72,36.65,491009,2,43.69,37.9,28287,1,44.69,37.58
349879,2026-07-15T00:03:42.241464,wine,569205,1,43.12,37.22,50274,9,44.84,36.81,55579,8,45.52,36.86,1404182,1,44.53,35.4,495643,2,44.17,36.82,49892,0,45.74,36.59,491009,2,43.59,38.01,524993,1,44.19,37.53
350229,2026-07-15T00:03:42.591594,wine,569205,2,42.89,37.3,50274,0,44.86,36.77,55579,9,45.55,36.76,1404182,2,44.26,35.43,495643,2,44.09,36.97,49892,0,45.75,36.55,491009,2,43.52,38.14,524993,2,43.95,37.55
350579,2026-07-15T00:03:42.938513,wine,569205,2,42.75,37.42,50274,0,44.88,36.73,55579,9,45.56,36.7,1404182,2,44.11,35.57,495643,2,44.04,37.11,49892,0,45.76,36.51,491009,2,43.47,38.27,524993,2,43.79,37.64
350929,2026-07-15T00:03:43.289813,wine,569205,2,42.68,37.54,50274,0,44.89,36.7,55579,9,45.58,36.66,1404182,2,44.01,35.68,495643,2,43.99,37.24,49892,0,45.77,36.43,491009,2,43.44,38.4,524993,2,43.68,37.75
351279,2026-07-15T00:03:43.630980,wine,569205,2,42.64,37.72,50274,0,44.89,36.7,55579,9,45.6,36.62,1404182,2,43.94,35.84,495643,2,43.97,37.41,49202,0,45.78,36.41,491009,2,43.4,38.52,524993,2,43.61,37.89
351629,2026-07-15T00:03:43.991421,wine,569205,2,42.61,37.84,48256,0,44.91,36.69,55435,9,45.61,36.56,1404182,2,43.89,35.98,495643,2,43.95,37.52,49202,1,45.08,36.27,491009,2,43.36,38.64,524993,2,43.57,38.04
351979,2026-07-15T00:03:44.341613,wine,569205,2,42.58,37.98,48256,1,44.22,36.6,55435,0,45.62,36.54,1404182,2,43.86,36.15,455921,2,43.91,37.77,820841,1,44.55,36.27,491009,2,43.35,38.77,524993,2,43.52,38.18
352329,2026-07-15T00:03:44.694936,wine,569205,2,42.57,38.12,1174648,1,43.72,36.58,55435,0,45.62,36.51,1404182,2,43.82,36.29,455921,3,43.87,37.89,820841,2,44.26,36.32,383448,2,43.33,38.89,524993,2,43.49,38.3
352679,2026-07-15T00:03:45.037748,wine,569205,2,42.56,38.26,1174648,2,43.45,36.68,55435,0,45.64,36.45,1404182,2,43.8,36.45,455921,3,43.87,38.0,820841,2,44.1,36.43,383448,3,43.32,38.98,524993,2,43.47,38.44
353029,2026-07-15T00:03:45.392203,wine,569205,2,42.54,38.37,1174648,2,43.3,36.81,55435,0,45.64,36.45,1404182,2,43.78,36.57,455921,3,43.86,38.12,820841,2,43.98,36.56,383448,3,43.31,39.09,524993,2,43.44,38.53
353379,2026-07-15T00:03:45.738891,wine,445507,2,42.53,38.46,1174648,2,43.2,36.96,55615,0,45.65,36.41,921692,2,43.76,36.69,455921,3,43.84,38.2,820841,2,43.89,36.74,383448,3,43.3,39.2,411410,2,43.43,38.65
353729,2026-07-15T00:03:46.092652,wine,445507,3,42.52,38.58,1174648,2,43.12,37.13,55615,1,44.96,36.31,921692,3,43.75,36.81,455921,3,43.83,38.29,820841,2,43.83,36.85,383448,3,43.29,39.26,411410,3,43.42,38.74
354079,2026-07-15T00:03:46.432061,wine,445507,3,42.52,38.68,1174648,2,43.07,37.26,1348699,1,44.45,36.3,921692,3,43.74,36.98,455921,3,43.82,38.38,820841,2,43.79,37.0,383448,3,43.27,39.34,411410,3,43.4,38.84
354429,2026-07-15T00:03:46.791086,wine,445507,3,42.5,38.73,1174648,2,43.03,37.41,1348699,2,44.17,36.37,921692,3,43.73,37.01,455921,3,43.81,38.45,820841,2,43.75,37.15,383448,3,43.27,39.42,411410,3,43.38,38.94
354779,2026-07-15T00:03:47.139776,wine,445507,3,42.49,38.8,1174648,2,42.99,37.53,1348699,2,44.01,36.47,921692,3,43.7,37.17,455921,3,43.8,38.49,820841,2,43.71,37.28,383448,3,43.26,39.48,411410,3,43.37,39.01
355129,2026-07-15T00:03:47.491348,wine,445507,3,42.49,38.85,1174648,2,42.96,37.64,1348699,2,43.9,36.61,921692,3,43.69,37.21,455921,3,43.8,38.56,820841,2,43.69,37.4,383448,3,43.25,39.54,411410,3,43.35,39.09
355479,2026-07-15T00:03:47.843221,wine,445507,3,42.47,38.9,1174648,2,42.94,37.77,1348699,2,43.82,36.74,921692,3,43.68,37.27,455921,3,43.79,38.63,718344,2,43.67,37.52,383448,3,43.24,39.59,411410,3,43.35,39.17
355829,2026-07-15T00:03:48.193840,wine,445507,3,42.47,38.95,781828,2,42.91,37.85,1348699,2,43.77,36.89,921692,3,43.67,37.3,455921,3,43.79,38.67,718344,3,43.65,37.62,383448,3,43.24,39.64,411410,3,43.34,39.21
356179,2026-07-15T00:03:48.531752,wine,445507,3,42.47,39.01,781828,3,42.89,37.96,1348699,2,43.71,37.03,921692,3,43.66,37.35,455921,3,43.77,38.69,718344,3,43.63,37.72,383448,3,43.22,39.72,411410,3,43.33,39.28
356529,2026-07-15T00:03:48.889366,wine,445507,3,42.46,39.06,781828,3,42.88,38.02,1348699,2,43.68,37.15,921692,3,43.65,37.4,455921,3,43.77,38.75,718344,3,43.61,37.82,383448,3,43.21,39.79,411410,3,43.32,39.33
356879,2026-07-15T00:03:49.244084,wine,445507,3,42.45,39.07,781828,3,42.87,38.11,1348699,2,43.65,37.29,921692,3,43.64,37.42,455921,3,43.76,38.77,718344,3,43.6,37.9,383448,3,43.2,39.82,411410,3,43.31,39.37
357229,2026-07-15T00:03:49.582600,wine,445507,3,42.45,39.12,781828,3,42.85,38.2,1348699,2,43.62,37.39,921692,3,43.63,37.47,455921,3,43.75,38.82,718344,3,43.59,37.97,383448,3,43.2,39.83,411410,3,43.31,39.43
357579,2026-07-15T00:03:49.931534,wine,445507,3,42.44,39.15,781828,3,42.84,38.27,931120,2,43.6,37.5,921692,3,43.62,37.51,455921,3,43.74,38.83,718344,3,43.58,38.04,383448,3,43.19,39.88,411410,3,43.3,39.46
357929,2026-07-15T00:03:50.287631,wine,445507,3,42.43,39.17,781828,3,42.84,38.36,931120,3,43.58,37.61,921692,3,43.61,37.55,455921,3,43.74,38.88,718344,3,43.57,38.12,383448,3,43.19,39.91,411410,3,43.29,39.51
358279,2026-07-15T00:03:50.635436,wine,445507,3,42.42,39.21,781828,3,42.82,38.41,931120,3,43.56,37.71,921692,3,43.6,37.58,455921,3,43.73,38.91,718344,3,43.55,38.17,383448,3,43.18,39.94,411410,3,43.29,39.54
358629,2026-07-15T00:03:50.991912,wine,445507,3,42.42,39.26,781828,3,42.81,38.48,931120,3,43.54,37.82,921692,3,43.59,37.61,455921,3,43.73,38.95,718344,3,43.55,38.25,383448,3,43.18,39.97,411410,3,43.28,39.58
358979,2026-07-15T00:03:51.340397,wine,445507,3,42.41,39.28,781828,3,42.8,38.55,931120,3,43.53,37.89,921692,3,43.58,37.65,455921,3,43.72,38.98,718344,3,43.54,38.3,383448,3,43.18,40.0,411410,3,43.28,39.64
359329,2026-07-15T00:03:51.690229,wine,445507,3,42.4,39.32,781828,3,42.8,38.61,931120,3,43.52,37.97,921692,3,43.58,37.7,455921,3,43.72,38.99,718344,3,43.54,38.35,383448,3,43.17,40.0,411410,3,43.27,39.65
359679,2026-07-15T00:03:52.033955,wine,445507,3,42.39,39.34,781828,3,42.79,38.66,931120,3,43.51,38.05,921692,3,43.56,37.73,455921,3,43.71,39.02,718344,3,43.53,38.42,383448,3,43.17,40.05,411410,3,43.27,39.68
360029,2026-07-15T00:03:52.376607,wine,445507,3,42.39,39.38,781828,3,42.78,38.7,931120,3,43.5,38.14,921692,3,43.56,37.77,455921,3,43.71,39.04,718344,3,43.52,38.45,383448,3,43.17,40.07,411410,3,43.26,39.72
360379,2026-07-15T00:03:52.741161,wine,445507,3,42.38,39.4,781828,3,42.77,38.78,931120,3,43.49,38.21,921692,3,43.55,37.81,455921,3,43.7,39.08,718344,3,43.51,38.5,383448,3,43.16,40.1,411410,3,43.26,39.74
360729,2026-07-15T00:03:53.091308,wine,445507,3,42.37,39.43,781828,3,42.77,38.82,931120,3,43.48,38.26,921692,3,43.54,37.84,455921,3,43.7,39.1,718344,3,43.51,38.53,383448,3,43.15,40.11,411410,3,43.25,39.75
361079,2026-07-15T00:03:53.440788,wine,445507,3,42.36,39.45,781828,3,42.77,38.89,931120,3,43.47,38.3,921692,3,43.54,37.87,455921,3,43.69,39.12,718344,3,43.51,38.58,383448,3,43.16,40.13,411410,3,43.25,39.8
361429,2026-07-15T00:03:53.791200,wine,445507,3,42.36,39.47,781828,3,42.75,38.92,931120,3,43.46,38.35,921692,3,43.53,37.9,455921,3,43.69,39.16,718344,3,43.5,38.61,383448,3,43.15,40.15,411410,3,43.25,39.8
361779,2026-07-15T00:03:54.141680,wine,445507,3,42.35,39.48,781828,3,42.75,38.94,931120,3,43.45,38.41,921692,3,43.52,37.91,455921,3,43.69,39.17,718344,3,43.5,38.65,383448,3,43.15,40.17,411410,3,43.24,39.84
362129,2026-07-15T00:03:54.484051,wine,445507,3,42.35,39.5,781828,3,42.75,38.99,931120,3,43.45,38.45,921692,3,43.52,37.94,455921,3,43.69,39.2,718344,3,43.5,38.67,383448,3,43.14,40.18,411410,3,43.24,39.84
362479,2026-07-15T00:03:54.840085,wine,445507,3,42.34,39.52,781828,3,42.74,39.0,931120,3,43.44,38.49,921692,3,43.52,37.95,477278,3,43.69,39.21,718344,3,43.49,38.7,364932,3,43.14,40.19,411410,3,43.23,39.87
362829,2026-07-15T00:03:55.186255,wine,445507,3,42.34,39.53,781828,3,42.73,39.01,931120,3,43.43,38.5,921692,3,43.5,37.95,477278,4,44.14,39.27,718344,3,43.49,38.72,364932,4,43.56,40.26,411410,3,43.22,39.9
363179,2026-07-15T00:03:55.541001,wine,445507,3,42.33,39.54,781828,3,42.72,39.01,931120,3,43.43,38.54,921692,3,43.51,37.97,477278,4,44.48,39.28,718344,3,43.48,38.74,364932,4,43.86,40.25,411410,3,43.22,39.81
363529,2026-07-15T00:03:55.890885,wine,445507,3,42.33,39.65,781828,3,42.72,39.03,931120,3,43.42,38.57,725212,3,43.49,37.97,477278,4,44.66,39.22,718344,3,43.48,38.77,364932,4,44.04,40.24,393619,3,43.21,39.95
363879,2026-07-15T00:03:56.242223,wine,421312,3,42.32,39.35,781828,3,42.72,39.09,931120,3,43.41,38.6,725212,4,43.93,38.02,477278,4,44.76,39.12,718344,3,43.49,38.8,364932,4,44.13,40.14,393619,4,43.64,40.01
364229,2026-07-15T00:03:56.590443,wine,421312,4,42.76,39.63,781828,3,42.71,39.22,931120,3,43.4,38.61,725212,4,44.25,38.04,101205,4,44.83,39.0,718344,3,43.48,38.81,70213,4,44.19,40.03,393619,4,43.95,40.02
364579,2026-07-15T00:03:56.939369,wine,421312,4,43.21,39.57,781828,3,42.7,39.04,931120,3,43.4,38.64,725212,4,44.42,37.99,101205,5,44.88,38.91,718344,3,43.48,38.82,70213,5,44.24,39.91,393619,4,44.11,39.98
364929,2026-07-15T00:03:57.276732,wine,421312,4,43.29,39.48,781828,3,42.7,39.1,931120,3,43.39,38.67,725212,4,44.52,37.92,101205,5,44.92,38.79,718344,3,43.47,38.84,70213,5,44.27,39.8,393619,4,44.21,39.88
365279,2026-07-15T00:03:57.642151,wine,79429,4,43.35,39.38,781828,3,42.69,39.13,931120,3,43.39,38.7,130645,4,44.58,37.81,101205,5,44.95,38.69,718344,3,43.48,38.84,70213,5,44.3,39.7,75029,4,44.27,39.77
365629,2026-07-15T00:03:57.991140,wine,79429,5,43.38,39.24,781828,3,42.7,39.13,931120,3,43.4,38.73,130645,5,44.63,37.71,101205,5,44.98,38.59,718344,3,43.48,38.88,70213,5,44.32,39.6,75029,5,44.32,39.68
365979,2026-07-15T00:03:58.339811,wine,79429,5,43.4,39.16,650571,3,42.7,39.11,931120,3,43.39,38.73,130645,5,44.66,37.62,101145,5,45.0,38.47,702814,3,43.49,38.88,67653,5,44.34,39.53,75029,5,44.36,39.55
366329,2026-07-15T00:03:58.677987,wine,79429,5,43.42,39.05,650571,4,43.14,39.19,931120,3,43.4,38.74,130645,5,44.7,37.5,101145,6,45.02,38.38,702814,4,43.92,38.93,67653,6,44.37,39.43,75029,5,44.39,39.45
366679,2026-07-15T00:03:59.032544,wine,79429,5,43.43,38.95,650571,4,43.44,39.12,931120,3,43.39,38.76,130645,5,44.71,37.39,101145,6,45.03,38.28,702814,4,44.26,38.96,67653,6,44.37,39.33,75029,5,44.42,39.36
367029,2026-07-15T00:03:59.387580,wine,77131,5,43.44,38.84,650571,4,43.6,39.03,931120,3,43.39,38.75,126482,5,44.73,37.28,101145,6,45.05,38.22,702814,4,44.43,38.89,67653,6,44.4,39.26,72541,5,44.44,39.27
367379,2026-07-15T00:03:59.940359,wine,77131,6,43.45,38.74,650571,4,43.69,38.88,931120,3,43.39,38.74,126482,6,44.74,37.16,101145,6,45.07,38.12,702814,4,44.53,38.78,67653,6,44.41,39.19,72541,6,44.46,39.17
367729,2026-07-15T00:04:00.082004,wine,77131,6,43.46,38.63,124543,4,43.76,38.7,931120,3,43.39,38.72,126482,6,44.75,37.03,99669,6,45.08,38.05,150721,4,44.61,38.66,65928,6,44.42,39.11,72541,6,44.48,39.09
368079,2026-07-15T00:04:00.437592,wine,77131,6,43.47,38.54,124543,5,43.8,38.55,767328,3,43.4,38.71,126482,6,44.77,36.92,99669,7,45.34,37.99,150721,5,44.66,38.53,65928,7,44.67,39.07,72541,6,44.49,39.01
368429,2026-07-15T00:04:00.790360,wine,77131,6,43.48,38.44,124543,5,43.84,38.38,767328,4,43.82,38.76,126482,6,44.78,36.81,99669,7,45.55,37.91,150721,5,44.7,38.42,65928,7,44.88,39.0,72541,6,44.5,38.9
368779,2026-07-15T00:04:01.140418,wine,75294,6,43.48,38.38,124543,5,43.87,38.23,767328,4,44.15,38.72,122929,6,44.79,36.7,99669,7,45.69,37.82,150721,5,44.73,38.3,65928,7,45.0,38.93,70562,6,44.52,38.84
369129,2026-07-15T00:04:01.490860,wine,75294,7,43.71,38.34,124543,5,43.89,38.13,767328,4,44.31,38.62,122929,7,45.03,36.65,99669,7,45.78,37.69,150721,5,44.76,38.16,65928,7,45.09,38.83,70562,7,44.76,38.82
369479,2026-07-15T00:04:01.841668,wine,75294,7,43.91,38.3,121011,5,43.91,38.01,767328,4,44.41,38.52,122929,7,45.24,36.6,32686,7,45.84,37.57,153155,5,44.79,38.07,25728,7,45.15,38.71,70562,7,44.96,38.75
369829,2026-07-15T00:04:02.177776,wine,75294,7,44.01,38.21,121011,6,43.93,37.91,149271,4,44.48,38.4,122929,7,45.36,36.5,32686,8,45.89,37.47,153155,6,44.81,37.97,25728,8,45.2,38.6,70562,7,45.09,38.68
370179,2026-07-15T00:04:02.534822,wine,75294,7,44.08,38.14,121011,6,43.94,37.83,149271,5,44.53,38.26,122929,7,45.43,36.42,32686,8,45.93,37.35,153155,6,44.83,37.82,25728,8,45.24,38.5,70562,7,45.18,38.56
370529,2026-07-15T00:04:02.881509,wine,31090,7,44.13,38.06,121011,6,43.96,37.75,149271,5,44.56,38.15,53322,7,45.49,36.32,32686,8,45.96,37.24,153155,6,44.86,37.76,25728,8,45.28,38.4,26964,7,45.24,38.46
370879,2026-07-15T00:04:03.240091,wine,31090,8,44.16,38.0,121011,6,43.98,37.73,149271,5,44.61,38.05,53322,8,45.55,36.25,32686,8,46.0,37.16,153155,6,44.88,37.73,25728,8,45.31,38.3,26964,8,45.28,38.37
371229,2026-07-15T00:04:03.589240,wine,31090,8,44.19,37.91,116549,6,44.0,37.65,149271,5,44.64,37.95,53322,8,45.58,36.17,32364,8,46.02,37.08,151255,7,45.16,37.61,26528,8,45.34,38.23,26964,8,45.32,38.27
371579,2026-07-15T00:04:03.940595,wine,31090,8,44.21,37.83,116549,7,44.25,37.65,148233,5,44.66,37.87,53322,8,45.62,36.09,32364,9,46.05,36.98,151255,7,45.4,37.54,26528,9,45.36,38.14,26964,8,45.36,38.17
371929,2026-07-15T00:04:04.290266,wine,31090,8,44.23,37.76,116549,7,44.46,37.6,148233,6,44.68,37.78,53322,8,45.65,36.02,32364,9,46.07,36.9,151255,7,45.54,37.46,26528,9,45.39,38.05,26964,8,45.39,38.09
372279,2026-07-15T00:04:04.628343,wine,31952,8,44.25,37.68,116549,7,44.59,37.54,148233,6,44.71,37.7,55113,8,45.68,35.94,32364,9,46.09,36.84,151255,7,45.62,37.37,26528,9,45.41,37.99,27520,8,45.42,38.0
372629,2026-07-15T00:04:04.983163,wine,31952,9,44.26,37.62,116549,7,44.68,37.47,148233,6,44.72,37.63,55113,9,45.7,35.89,32364,9,46.11,36.75,49060,7,45.68,37.26,26528,9,45.42,37.93,27520,9,45.45,37.9
372979,2026-07-15T00:04:05.328392,wine,31952,9,44.28,37.55,51612,7,44.74,37.36,148233,6,44.74,37.55,55113,9,45.72,35.8,32290,9,46.13,36.72,49060,8,45.75,37.17,26913,9,45.44,37.86,27520,9,45.47,37.83
373329,2026-07-15T00:04:05.686737,wine,31952,9,44.3,37.49,51612,8,44.79,37.27,143739,6,44.76,37.49,55113,9,45.75,35.75,32290,0,46.15,36.66,49060,8,45.78,37.05,26913,0,45.46,37.78,27520,9,45.49,37.76
373679,2026-07-15T00:04:06.040655,wine,31952,9,44.32,37.44,51612,8,44.82,37.14,143739,7,45.01,37.44,55113,9,45.77,35.67,32290,0,46.16,36.74,49060,8,45.83,36.95,26913,0,45.48,37.74,27520,9,45.51,37.7
374029,2026-07-15T00:04:06.380263,wine,33298,9,44.34,37.39,51612,8,44.85,37.04,143739,7,45.23,37.38,57840,9,45.78,35.61,32290,0,46.21,36.47,49060,8,45.86,36.84,26913,0,45.5,37.66,28287,9,45.53,37.63
374379,2026-07-15T00:04:06.740335,wine,33298,0,44.36,37.33,51612,8,44.88,36.93,143739,7,45.36,37.31,57840,0,45.8,35.53,33195,0,46.21,36.41,50097,8,45.88,36.75,26913,0,45.52,37.62,28287,0,45.55,37.56
374729,2026-07-15T00:04:07.084117,wine,33298,0,44.37,37.26,55399,8,44.9,36.81,143739,7,45.46,37.22,57840,0,45.82,35.46,33195,1,45.53,36.28,50097,9,45.91,36.67,27610,0,45.54,37.56,28287,0,45.58,37.51
375079,2026-07-15T00:04:07.440035,wine,33298,0,44.38,37.25,55399,9,44.93,36.73,56201,7,45.52,37.09,57840,0,45.84,35.4,498175,1,45.0,36.22,50097,9,45.93,36.57,27610,1,44.89,37.43,28287,0,45.59,37.44
375429,2026-07-15T00:04:07.779142,wine,33298,0,44.4,37.18,55399,9,44.95,36.66,56201,8,45.57,37.0,57840,0,45.86,35.35,498175,2,44.73,36.28,50097,9,45.96,36.5,507810,1,44.39,37.36,28287,0,45.6,37.41
375779,2026-07-15T00:04:08.136393,wine,33719,0,44.42,37.15,55399,9,44.98,36.56,56201,8,45.61,36.88,59493,0,45.88,35.29,498175,2,44.57,36.35,50097,9,45.97,36.42,507810,2,44.12,37.41,28802,0,45.62,37.34
376129,2026-07-15T00:04:08.489910,wine,33719,1,43.75,37.03,55399,9,45.0,36.49,56201,8,45.65,36.77,59493,1,45.21,35.18,498175,2,44.45,36.47,51057,9,46.0,36.35,507810,2,43.97,37.52,28802,1,44.96,37.21
376479,2026-07-15T00:04:08.839712,wine,623250,1,43.27,36.97,54829,9,45.02,36.43,56201,8,45.68,36.7,1609746,1,44.71,35.12,498175,2,44.37,36.59,51057,0,46.01,36.27,507810,2,43.87,37.62,540369,1,44.48,37.17
376829,2026-07-15T00:04:09.179024,wine,623250,2,43.03,37.06,54829,0,45.03,36.39,58036,8,45.72,36.62,1609746,2,44.45,35.16,498175,2,44.31,36.74,51057,0,46.03,36.21,507810,2,43.8,37.75,540369,2,44.23,37.19
377179,2026-07-15T00:04:09.537301,wine,623250,2,42.91,37.16,54829,0,45.05,36.36,58036,9,45.73,36.53,1609746,2,44.29,35.25,498175,2,44.27,36.87,51057,0,46.04,36.17,507810,2,43.76,37.87,540369,2,44.07,37.32
377529,2026-07-15T00:04:09.886877,wine,623250,2,42.83,37.27,54829,0,45.06,36.32,58036,9,45.76,36.46,1609746,2,44.19,35.37,498175,2,44.24,37.02,51057,0,46.04,36.1,507810,2,43.72,37.99,540369,2,43.97,37.39
377879,2026-07-15T00:04:10.231535,wine,623250,2,42.79,37.43,54829,0,45.07,36.3,58036,9,45.77,36.42,1609746,2,44.12,35.52,498175,2,44.21,37.14,50453,0,46.06,36.05,507810,2,43.68,38.16,540369,2,43.9,37.54
378229,2026-07-15T00:04:10.584285,wine,623250,2,42.75,37.57,51958,0,45.07,36.31,58036,9,45.78,36.37,1609746,2,44.07,35.66,498175,2,44.19,37.26,50453,1,45.35,35.94,507810,2,43.63,38.38,540369,2,43.84,37.66
378579,2026-07-15T00:04:10.932161,wine,623250,2,42.74,37.72,51958,1,44.39,36.21,57142,9,45.8,36.32,1609746,2,44.03,35.78,461469,2,44.16,37.37,857980,1,44.81,35.9,390914,2,43.62,38.47,540369,2,43.8,37.8
378929,2026-07-15T00:04:11.290089,wine,623250,2,42.72,37.85,1335507,1,43.88,36.22,57142,0,45.8,36.27,1609746,2,44.0,35.95,461469,3,44.16,37.49,857980,2,44.53,35.98,390914,3,43.61,38.57,540369,2,43.77,37.92
379279,2026-07-15T00:04:11.640108,wine,623250,2,42.7,37.96,1335507,2,43.61,36.3,57142,0,45.81,36.23,1609746,2,43.98,36.08,461469,3,44.14,37.59,857980,2,44.36,36.09,390914,3,43.6,38.66,540369,2,43.76,38.05
379629,2026-07-15T00:04:11.991147,wine,623250,2,42.7,38.08,1335507,2,43.47,36.43,57142,0,45.82,36.2,1609746,2,43.96,36.24,461469,3,44.13,37.7,857980,2,44.24,36.22,390914,3,43.59,38.75,540369,2,43.73,38.15
379979,2026-07-15T00:04:12.330244,wine,474293,2,42.68,38.18,1335507,2,43.36,36.59,57142,0,45.83,36.18,1000000,2,43.95,36.34,461469,3,44.12,37.79,857980,2,44.16,36.37,390914,3,43.58,38.85,418471,2,43.7,38.28
380329,2026-07-15T00:04:12.688625,wine,474293,3,42.68,38.29,1335507,2,43.29,36.74,57761,0,45.83,36.16,1000000,3,43.94,36.46,461469,3,44.1,37.88,857980,2,44.1,36.52,390914,3,43.57,38.91,418471,3,43.69,38.37
380679,2026-07-15T00:04:13.044824,wine,474293,3,42.68,38.39,1335507,2,43.23,36.91,57761,1,45.14,36.04,1000000,3,43.93,36.6,461469,3,44.11,37.96,857980,2,44.04,36.67,390914,3,43.55,38.99,418471,3,43.67,38.47
381029,2026-07-15T00:04:13.390296,wine,474293,3,42.66,38.48,1335507,2,43.2,37.07,1441238,1,44.63,36.03,1000000,3,43.92,36.68,461469,3,44.09,38.05,857980,2,44.0,36.82,390914,3,43.55,39.06,418471,3,43.66,38.54
381379,2026-07-15T00:04:13.741054,wine,474293,3,42.66,38.53,1335507,2,43.15,37.24,1441238,2,44.35,36.11,1000000,3,43.91,36.78,461469,3,44.08,38.14,857980,2,43.98,36.95,390914,3,43.54,39.12,418471,3,43.65,38.63
381729,2026-07-15T00:04:14.090229,wine,474293,3,42.65,38.6,1335507,2,43.13,37.39,1441238,2,44.19,36.24,1000000,3,43.9,36.81,461469,3,44.07,38.19,857980,2,43.95,37.07,390914,3,43.54,39.19,418471,3,43.64,38.71
382079,2026-07-15T00:04:14.443892,wine,474293,3,42.64,38.69,1335507,2,43.1,37.53,1441238,2,44.08,36.39,1000000,3,43.89,37.04,461469,3,44.07,38.22,741760,2,43.93,37.19,390914,3,43.53,39.24,418471,3,43.63,38.79
382429,2026-07-15T00:04:14.790224,wine,474293,3,42.64,38.78,850498,2,43.09,37.68,1441238,2,44.0,36.57,1000000,3,43.88,37.12,461469,3,44.05,38.31,741760,3,43.91,37.31,390914,3,43.52,39.29,418471,3,43.61,38.85
382779,2026-07-15T00:04:15.141061,wine,474293,3,42.62,38.83,850498,3,43.06,37.81,1441238,2,43.94,36.7,1000000,3,43.86,37.18,461469,3,44.05,38.36,741760,3,43.89,37.41,390914,3,43.51,39.31,418471,3,43.6,38.93
383129,2026-07-15T00:04:15.486943,wine,474293,3,42.62,38.9,850498,3,43.05,37.97,1441238,2,43.89,36.88,1000000,3,43.85,37.25,461469,3,44.04,38.41,741760,3,43.87,37.52,390914,3,43.5,39.38,418471,3,43.61,38.98
383479,2026-07-15T00:04:15.840365,wine,474293,3,42.61,38.93,850498,3,43.04,38.07,1441238,2,43.86,37.01,1000000,3,43.84,37.32,461469,3,44.04,38.49,741760,3,43.86,37.61,390914,3,43.5,39.43,418471,3,43.59,39.03
383829,2026-07-15T00:04:16.178795,wine,474293,3,42.61,39.01,850498,3,43.02,38.21,1441238,2,43.82,37.16,1000000,3,43.82,37.4,461469,3,44.03,38.51,741760,3,43.85,37.7,390914,3,43.5,39.47,418471,3,43.59,39.09
384179,2026-07-15T00:04:16.531601,wine,474293,3,42.6,39.05,850498,3,43.02,38.31,1441238,2,43.8,37.3,1000000,3,43.82,37.45,461469,3,44.02,38.56,741760,3,43.83,37.79,390914,3,43.49,39.52,418471,3,43.57,39.14
384529,2026-07-15T00:04:16.893172,wine,474293,3,42.59,39.12,850498,3,43.0,38.41,966721,2,43.78,37.43,1000000,3,43.81,37.52,461469,3,44.02,38.6,741760,3,43.83,37.87,390914,3,43.49,39.53,418471,3,43.57,39.18
384879,2026-07-15T00:04:17.240949,wine,474293,3,42.58,39.16,850498,3,42.99,38.52,966721,3,43.76,37.55,1000000,3,43.8,37.58,461469,3,44.02,38.65,741760,3,43.82,37.94,390914,3,43.48,39.59,418471,3,43.56,39.24
385229,2026-07-15T00:04:17.590942,wine,474293,3,42.58,39.21,850498,3,42.98,38.6,966721,3,43.73,37.66,1000000,3,43.79,37.63,461469,3,44.01,38.68,741760,3,43.81,38.01,390914,3,43.47,39.62,418471,3,43.56,39.26
385579,2026-07-15T00:04:17.936142,wine,474293,3,42.57,39.23,850498,3,42.97,38.69,966721,3,43.72,37.77,1000000,3,43.78,37.68,461469,3,44.0,38.74,741760,3,43.81,38.09,390914,3,43.47,39.68,418471,3,43.54,39.3
385929,2026-07-15T00:04:18.289428,wine,474293,3,42.56,39.28,850498,3,42.97,38.77,966721,3,43.7,37.86,1000000,3,43.77,37.75,461469,3,44.0,38.78,741760,3,43.79,38.13,390914,3,43.47,39.71,418471,3,43.54,39.38
386279,2026-07-15T00:04:18.640478,wine,474293,3,42.56,39.32,850498,3,42.96,38.83,966721,3,43.69,37.96,1000000,3,43.77,37.78,461469,3,43.99,38.82,741760,3,43.79,38.19,390914,3,43.47,39.73,418471,3,43.53,39.39
386629,2026-07-15T00:04:18.989176,wine,474293,3,42.54,39.36,850498,3,42.94,38.92,966721,3,43.69,38.05,1000000,3,43.76,37.82,461469,3,43.99,38.85,741760,3,43.79,38.25,390914,3,43.46,39.76,418471,3,43.54,39.42
386979,2026-07-15T00:04:19.340332,wine,474293,3,42.54,39.4,850498,3,42.94,38.98,966721,3,43.67,38.11,1000000,3,43.75,37.88,461469,3,43.98,38.9,741760,3,43.78,38.3,390914,3,43.46,39.8,418471,3,43.53,39.47
387329,2026-07-15T00:04:19.681538,wine,474293,3,42.53,39.4,850498,3,42.93,39.03,966721,3,43.66,38.17,1000000,3,43.75,37.93,461469,3,43.98,38.93,741760,3,43.77,38.34,390914,3,43.46,39.82,418471,3,43.52,39.48
387679,2026-07-15T00:04:20.027372,wine,474293,3,42.52,39.45,850498,3,42.94,39.09,966721,3,43.65,38.24,1000000,3,43.74,37.96,461469,3,43.98,38.92,741760,3,43.77,38.39,390914,3,43.45,39.84,418471,3,43.52,39.52
388029,2026-07-15T00:04:20.388278,wine,474293,3,42.52,39.47,850498,3,42.92,39.15,966721,3,43.64,38.31,1000000,3,43.74,37.99,461469,3,43.97,38.99,741760,3,43.76,38.43,390914,3,43.45,39.87,418471,3,43.51,39.54
388379,2026-07-15T00:04:20.740601,wine,474293,3,42.52,39.51,850498,3,42.91,39.21,966721,3,43.63,38.35,1000000,3,43.72,38.02,461469,3,43.97,39.03,741760,3,43.76,38.46,390914,3,43.45,39.91,418471,3,43.5,39.58
388729,2026-07-15T00:04:21.096637,wine,474293,3,42.51,39.53,850498,3,42.91,39.23,966721,3,43.63,38.42,1000000,3,43.71,38.06,461469,3,43.97,39.03,741760,3,43.75,38.49,390914,3,43.45,39.91,418471,3,43.5,39.6
389079,2026-07-15T00:04:21.431174,wine,474293,3,42.5,39.55,850498,3,42.9,39.27,966721,3,43.62,38.45,1000000,3,43.71,38.09,475947,3,43.97,39.04,741760,3,43.75,38.52,375229,3,43.44,39.96,418471,3,43.49,39.63
389429,2026-07-15T00:04:21.784450,wine,474293,3,42.5,39.59,850498,3,42.9,39.31,966721,3,43.61,38.5,1000000,3,43.7,38.1,475947,4,44.42,39.15,741760,3,43.75,38.56,375229,4,43.85,40.0,418471,3,43.5,39.64
389779,2026-07-15T00:04:22.140762,wine,474293,3,42.49,39.59,850498,3,42.89,39.38,966721,3,43.61,38.55,1000000,3,43.69,38.15,475947,4,44.76,39.14,741760,3,43.74,38.59,375229,4,44.16,40.03,418471,3,43.5,39.67
390129,2026-07-15T00:04:22.490137,wine,474293,3,42.49,39.63,850498,3,42.88,39.41,966721,3,43.6,38.58,760066,3,43.69,38.18,475947,4,44.94,39.08,741760,3,43.74,38.62,375229,4,44.33,40.0,418471,3,43.49,39.71
390479,2026-07-15T00:04:22.840472,wine,432797,3,42.48,39.64,850498,3,42.88,39.44,966721,3,43.59,38.6,760066,4,44.13,38.26,475947,4,45.04,38.99,741760,3,43.74,38.63,375229,4,44.42,39.89,398443,3,43.49,39.69
390829,2026-07-15T00:04:23.198703,wine,432797,4,42.91,39.72,850498,3,42.88,39.49,966721,3,43.58,38.62,760066,4,44.45,38.27,100019,4,45.11,38.9,741760,3,43.74,38.65,69697,4,44.49,39.77,398443,4,43.92,39.76
391179,2026-07-15T00:04:23.540943,wine,432797,4,43.23,39.72,850498,3,42.87,39.51,966721,3,43.58,38.66,760066,4,44.61,38.23,100019,5,45.16,38.78,741760,3,43.74,38.67,69697,5,44.53,39.66,398443,4,44.23,39.79
391529,2026-07-15T00:04:23.877888,wine,432797,4,43.38,39.65,850498,3,42.87,39.52,966721,3,43.58,38.7,760066,4,44.71,38.14,100019,5,45.21,38.68,741760,3,43.74,38.68,69697,5,44.56,39.56,398443,4,44.39,39.66
391879,2026-07-15T00:04:24.227959,wine,432797,4,43.46,39.58,850498,3,42.86,39.56,966721,3,43.58,38.74,132987,4,44.77,38.06,100019,5,45.23,38.58,741760,3,43.74,38.72,69697,5,44.59,39.47,74635,4,44.55,39.53
392229,2026-07-15T00:04:24.578739,wine,81867,4,43.51,39.42,850498,3,42.86,39.57,966721,3,43.57,38.75,132987,5,44.82,37.99,100019,5,45.26,38.48,741760,3,43.74,38.73,69697,5,44.62,39.37,74635,5,44.61,39.44
392579,2026-07-15T00:04:24.939171,wine,81867,5,43.54,39.25,850498,3,42.86,39.61,966721,3,43.58,38.77,132987,5,44.86,37.88,99205,5,45.29,38.38,708650,3,43.74,38.74,67279,5,44.64,39.28,74635,5,44.63,39.31
392929,2026-07-15T00:04:25.286984,wine,81867,5,43.56,39.28,667753,3,42.86,39.63,966721,3,43.58,38.82,132987,5,44.89,37.79,99205,6,45.3,38.3,708650,4,44.2,38.82,67279,6,44.64,39.2,74635,5,44.67,39.21
393279,2026-07-15T00:04:25.639843,wine,81867,5,43.59,39.12,667753,4,43.3,39.71,966721,3,43.58,38.83,132987,5,44.91,37.7,99205,6,45.32,38.22,708650,4,44.52,38.81,67279,6,44.68,39.16,74635,5,44.69,39.13
393629,2026-07-15T00:04:25.987837,wine,77201,5,43.6,39.01,667753,4,43.61,39.73,966721,3,43.58,38.86,127426,5,44.93,37.6,99205,6,45.34,38.15,708650,4,44.69,38.77,67279,6,44.69,39.05,72541,5,44.71,39.04
393979,2026-07-15T00:04:26.340251,wine,77201,6,43.61,38.94,667753,4,43.78,39.69,966721,3,43.58,38.87,127426,6,44.94,37.54,99205,6,45.35,38.08,708650,4,44.81,38.66,67279,6,44.7,38.98,72541,6,44.74,38.95
394329,2026-07-15T00:04:26.690101,wine,77201,6,43.61,38.88,667753,4,43.87,39.63,966721,3,43.58,38.88,127426,6,44.95,37.47,96951,6,45.36,38.01,151389,4,44.87,38.55,64826,6,44.72,38.93,72541,6,44.74,38.88
394679,2026-07-15T00:04:27.039209,wine,77201,6,43.62,38.81,124543,4,43.94,39.5,966721,3,43.58,38.9,127426,6,44.97,37.41,96951,7,45.61,38.0,151389,5,44.93,38.46,64826,7,44.95,38.91,72541,6,44.76,38.79
395029,2026-07-15T00:04:27.388281,wine,77201,6,43.63,38.75,124543,5,43.98,39.4,775170,3,43.58,38.91,127426,6,44.98,37.35,96951,7,45.83,37.95,151389,5,44.97,38.35,64826,7,45.16,38.87,72541,6,44.78,38.74
395379,2026-07-15T00:04:27.731873,wine,74440,6,43.64,38.72,124543,5,44.02,39.3,775170,4,44.03,38.98,120669,6,44.99,37.3,96951,7,45.96,37.9,151389,5,45.0,38.23,64826,7,45.29,38.8,70271,6,44.79,38.65
395729,2026-07-15T00:04:28.089728,wine,74440,7,43.87,38.7,124543,5,44.05,39.18,775170,4,44.34,39.0,120669,7,45.23,37.29,29117,7,46.11,37.69,151389,5,45.03,38.14,64826,7,45.38,38.69,70271,7,45.05,38.63
396079,2026-07-15T00:04:28.437601,wine,74440,7,44.06,38.68,124543,5,44.07,39.11,775170,4,44.5,38.91,120669,7,45.43,37.26,29117,8,46.16,37.6,152471,5,45.06,38.04,23765,7,45.44,38.6,70271,7,45.25,38.59
396429,2026-07-15T00:04:28.782885,wine,74440,7,44.17,38.6,118738,5,44.09,39.01,775170,4,44.59,38.81,120669,7,45.55,37.17,29117,8,46.2,37.49,152471,6,45.08,37.97,23765,8,45.49,38.53,70271,7,45.37,38.53
396779,2026-07-15T00:04:29.133696,wine,74440,7,44.24,38.53,118738,6,44.1,38.94,150854,4,44.67,38.71,120669,7,45.63,37.11,29117,8,46.23,37.41,152471,6,45.1,37.88,23765,8,45.52,38.42,70271,7,45.45,38.44
397129,2026-07-15T00:04:29.489215,wine,28744,7,44.29,38.46,118738,6,44.12,38.88,150854,5,44.72,38.58,44661,7,45.7,37.02,29117,8,46.27,37.32,152471,6,45.12,37.79,23765,8,45.55,38.33,25869,7,45.51,38.34
397479,2026-07-15T00:04:29.841219,wine,28744,8,44.32,38.36,118738,6,44.14,38.81,150854,5,44.76,38.5,44661,8,45.74,36.95,28920,8,46.29,37.23,152471,6,45.14,37.75,23765,8,45.58,38.24,25869,8,45.56,38.24
397829,2026-07-15T00:04:30.183958,wine,28744,8,44.35,38.29,118738,6,44.15,38.75,150854,5,44.8,38.39,44661,8,45.78,36.87,28920,9,46.32,37.16,150190,6,45.16,37.67,24629,8,45.62,38.15,25869,8,45.6,38.15
398179,2026-07-15T00:04:30.531458,wine,28744,8,44.37,38.22,112924,6,44.17,38.69,150854,5,44.83,38.27,44661,8,45.82,36.78,28920,9,46.34,37.06,150190,7,45.43,37.66,24629,9,45.64,38.09,25869,8,45.63,38.06
398529,2026-07-15T00:04:30.885884,wine,28744,8,44.39,38.15,112924,7,44.42,38.67,147465,5,44.86,38.2,44661,8,45.85,36.7,28920,9,46.36,37.02,150190,7,45.66,37.59,24629,9,45.66,38.02,25869,8,45.67,37.97
398879,2026-07-15T00:04:31.240332,wine,29540,8,44.41,38.09,112924,7,44.64,38.61,147465,6,44.87,38.1,46410,8,45.87,36.63,28920,9,46.38,36.95,150190,7,45.79,37.5,24629,9,45.67,37.96,26528,8,45.69,37.88
399229,2026-07-15T00:04:31.589124,wine,29540,9,44.43,38.02,112924,7,44.77,38.54,147465,6,44.89,38.05,46410,9,45.89,36.56,29277,9,46.39,36.88,150190,7,45.89,37.4,24629,9,45.7,37.89,26528,9,45.72,37.83
399579,2026-07-15T00:04:31.926805,wine,29540,9,44.45,37.97,112924,7,44.86,38.44,147465,6,44.91,37.97,46410,9,45.92,36.49,29277,0,46.42,36.83,45325,7,45.96,37.3,25152,9,45.72,37.84,26528,9,45.74,37.76
399929,2026-07-15T00:04:32.278208,wine,29540,9,44.46,37.93,41612,7,44.92,38.35,147465,6,44.93,37.88,46410,9,45.94,36.43,29277,0,46.43,36.77,45325,8,46.01,37.18,25152,0,45.75,37.7,26528,9,45.76,37.67
400279,2026-07-15T00:04:32.637204,wine,29540,9,44.48,37.85,41612,8,44.96,38.26,142420,6,44.95,37.81,46410,9,45.96,36.38,29277,0,46.46,36.73,45325,8,46.06,37.11,25152,0,45.77,37.65,26528,9,45.79,37.61
400629,2026-07-15T00:04:32.982224,wine,30061,9,44.5,37.83,41612,8,45.0,38.17,142420,7,45.2,37.82,48448,9,45.97,36.33,29277,0,46.47,36.68,45325,8,46.08,37.0,25152,0,45.79,37.61,26981,9,45.81,37.55
400979,2026-07-15T00:04:33.326733,wine,30061,0,44.52,37.78,41612,8,45.04,38.07,142420,7,45.43,37.74,48448,0,45.99,36.27,29418,0,46.49,36.63,45325,8,46.11,36.88,25528,0,45.81,37.56,26981,0,45.82,37.48
401329,2026-07-15T00:04:33.681525,wine,30061,0,44.53,37.74,41612,8,45.07,37.94,142420,7,45.57,37.66,48448,0,46.01,36.22,29418,1,45.79,36.49,45422,8,46.15,36.81,25528,1,45.16,37.45,26981,0,45.85,37.43
401679,2026-07-15T00:04:34.039148,wine,30061,0,44.55,37.69,45038,8,45.09,37.87,142420,7,45.65,37.55,48448,0,46.03,36.17,404823,1,45.27,36.44,45422,9,46.18,36.71,436953,1,44.67,37.41,26981,0,45.86,37.39
402029,2026-07-15T00:04:34.383123,wine,30061,0,44.56,37.65,45038,9,45.12,37.75,52244,7,45.72,37.45,48448,0,46.05,36.11,404823,2,44.98,36.51,45422,9,46.2,36.64,436953,2,44.4,37.44,26981,0,45.88,37.34
402379,2026-07-15T00:04:34.732639,wine,31113,0,44.58,37.59,45038,9,45.13,37.65,52244,8,45.77,37.33,51057,0,46.06,36.04,404823,2,44.82,36.6,45422,9,46.22,36.55,436953,2,44.23,37.53,27397,0,45.89,37.27
402729,2026-07-15T00:04:35.088929,wine,31113,1,43.91,37.45,45038,9,45.16,37.56,52244,8,45.81,37.22,51057,1,45.4,35.9,404823,2,44.71,36.73,45422,9,46.24,36.51,436953,2,44.14,37.65,27397,1,45.24,37.16
403079,2026-07-15T00:04:35.436971,wine,545987,1,43.43,37.4,45038,9,45.17,37.44,52244,8,45.85,37.13,1196261,1,44.9,35.83,404823,2,44.63,36.87,46010,9,46.25,36.42,436953,2,44.06,37.78,490304,1,44.74,37.1
403429,2026-07-15T00:04:35.781852,wine,545987,2,43.2,37.47,49776,9,45.19,37.35,52244,8,45.88,37.0,1196261,2,44.64,35.84,404823,2,44.58,36.98,46010,0,46.27,36.35,436953,2,44.01,37.91,490304,2,44.49,37.14
403779,2026-07-15T00:04:36.129238,wine,545987,2,43.07,37.54,49776,0,45.2,37.26,55184,8,45.89,36.91,1196261,2,44.48,35.92,404823,2,44.53,37.12,46010,0,46.28,36.29,436953,2,43.98,38.05,490304,2,44.32,37.24
404129,2026-07-15T00:04:36.477343,wine,545987,2,42.99,37.65,49776,0,45.22,37.15,55184,9,45.93,36.8,1196261,2,44.37,35.98,404823,2,44.49,37.22,46010,0,46.29,36.21,436953,2,43.94,38.15,490304,2,44.22,37.34
404479,2026-07-15T00:04:36.836729,wine,545987,2,42.94,37.78,49776,0,45.23,37.05,55184,9,45.94,36.73,1196261,2,44.3,36.09,404823,2,44.47,37.34,46010,0,46.3,36.15,436953,2,43.92,38.25,490304,2,44.15,37.48
404829,2026-07-15T00:04:37.188903,wine,545987,2,42.9,37.86,49776,0,45.23,36.98,55184,9,45.95,36.63,1196261,2,44.25,36.2,404823,2,44.45,37.42,48012,0,46.31,36.09,436953,2,43.9,38.35,490304,2,44.1,37.59
405179,2026-07-15T00:04:37.547400,wine,545987,2,42.89,37.97,52181,0,45.24,36.9,55184,9,45.97,36.54,1196261,2,44.2,36.26,398676,2,44.43,37.53,48012,1,45.6,35.95,340538,2,43.89,38.46,490304,2,44.05,37.72
405529,2026-07-15T00:04:37.889785,wine,545987,2,42.87,38.06,52181,1,44.56,36.73,57761,9,45.99,36.45,1196261,2,44.18,36.35,398676,3,44.41,37.6,788147,1,45.06,35.91,340538,3,43.87,38.55,490304,2,44.03,37.82
405879,2026-07-15T00:04:38.239881,wine,545987,2,42.86,38.14,1355393,1,44.05,36.65,57761,0,45.99,36.37,1196261,2,44.16,36.41,398676,3,44.4,37.69,788147,2,44.78,35.95,340538,3,43.86,38.62,490304,2,44.0,37.94
406229,2026-07-15T00:04:38.584977,wine,545987,2,42.85,38.23,1355393,2,43.78,36.63,57761,0,46.0,36.3,1196261,2,44.14,36.47,398676,3,44.38,37.72,788147,2,44.6,36.05,340538,3,43.85,38.68,490304,2,43.98,38.01
406579,2026-07-15T00:04:38.939928,wine,436953,2,42.84,38.29,1355393,2,43.62,36.71,57761,0,46.01,36.22,835406,2,44.12,36.53,398676,3,44.37,37.78,788147,2,44.48,36.16,340538,3,43.83,38.72,394529,2,43.96,38.13
406929,2026-07-15T00:04:39.283283,wine,436953,3,42.83,38.36,1355393,2,43.52,36.77,57761,0,46.01,36.15,835406,3,44.11,36.58,398676,3,44.36,37.84,788147,2,44.4,36.28,340538,3,43.81,38.78,394529,3,43.94,38.21
407279,2026-07-15T00:04:39.640694,wine,436953,3,42.83,38.39,1355393,2,43.45,36.84,59451,0,46.02,36.08,835406,3,44.1,36.61,398676,3,44.35,37.86,788147,2,44.33,36.38,340538,3,43.81,38.83,394529,3,43.93,38.28
407629,2026-07-15T00:04:39.988610,wine,436953,3,42.82,38.44,1355393,2,43.4,36.93,59451,1,45.32,35.92,835406,3,44.09,36.66,398676,3,44.33,37.87,788147,2,44.29,36.51,340538,3,43.8,38.89,394529,3,43.91,38.35
407979,2026-07-15T00:04:40.340516,wine,436953,3,42.8,38.48,1355393,2,43.35,37.03,1541588,1,44.8,35.9,835406,3,44.09,36.69,398676,3,44.33,37.91,788147,2,44.24,36.62,340538,3,43.79,38.9,394529,3,43.9,38.42
408329,2026-07-15T00:04:40.677776,wine,436953,3,42.8,38.52,1355393,2,43.32,37.09,1541588,2,44.52,35.93,835406,3,44.08,36.7,398676,3,44.32,37.95,788147,2,44.21,36.72,340538,3,43.78,38.93,394529,3,43.88,38.49
408679,2026-07-15T00:04:41.039839,wine,436953,3,42.8,38.53,1355393,2,43.29,37.15,1541588,2,44.36,36.02,835406,3,44.07,36.71,398676,3,44.31,37.96,788147,2,44.18,36.84,340538,3,43.77,38.96,394529,3,43.88,38.5
409029,2026-07-15T00:04:41.484563,wine,436953,3,42.79,38.55,1355393,2,43.26,37.23,1541588,2,44.25,36.11,835406,3,44.06,36.7,398676,3,44.31,37.97,697785,2,44.16,36.91,340538,3,43.77,38.99,394529,3,43.86,38.56
409379,2026-07-15T00:04:41.726806,wine,436953,3,42.79,38.54,875587,2,43.25,37.28,1541588,2,44.17,36.23,835406,3,44.06,36.74,398676,3,44.3,37.99,697785,3,44.14,37.01,340538,3,43.76,39.0,394529,3,43.85,38.6
409729,2026-07-15T00:04:42.089623,wine,436953,3,42.78,38.56,875587,3,43.23,37.31,1541588,2,44.11,36.35,835406,3,44.04,36.79,398676,3,44.29,38.0,697785,3,44.12,37.09,340538,3,43.76,39.03,394529,3,43.84,38.63
410079,2026-07-15T00:04:42.437977,wine,436953,3,42.77,38.57,875587,3,43.22,37.34,1541588,2,44.08,36.48,835406,3,44.03,36.71,398676,3,44.28,38.02,697785,3,44.1,37.14,340538,3,43.75,39.05,394529,3,43.84,38.69
410429,2026-07-15T00:04:42.791962,wine,436953,3,42.75,38.57,875587,3,43.2,37.36,1541588,2,44.03,36.56,835406,3,44.01,36.72,398676,3,44.28,38.04,697785,3,44.09,37.23,340538,3,43.74,39.07,394529,3,43.83,38.71
410779,2026-07-15T00:04:43.131793,wine,436953,3,42.76,38.56,875587,3,43.18,37.39,1541588,2,44.0,36.67,835406,3,44.0,36.72,398676,3,44.27,38.04,697785,3,44.08,37.27,340538,3,43.73,39.07,394529,3,43.82,38.74
411129,2026-07-15T00:04:43.487648,wine,436953,3,42.75,38.57,875587,3,43.18,37.4,1541588,2,43.98,36.77,835406,3,44.0,36.7,398676,3,44.26,38.03,697785,3,44.07,37.34,340538,3,43.73,39.1,394529,3,43.81,38.77
411479,2026-07-15T00:04:43.827380,wine,436953,3,42.74,38.6,875587,3,43.17,37.45,1028628,2,43.94,36.87,835406,3,43.99,36.72,398676,3,44.26,38.05,697785,3,44.05,37.38,340538,3,43.72,39.1,394529,3,43.81,38.8
411829,2026-07-15T00:04:44.189816,wine,436953,3,42.74,38.58,875587,3,43.16,37.46,1028628,3,43.93,36.94,835406,3,43.97,36.72,398676,3,44.26,38.06,697785,3,44.04,37.43,340538,3,43.73,39.12,394529,3,43.79,38.83
412179,2026-07-15T00:04:44.533776,wine,436953,3,42.72,38.59,875587,3,43.14,37.51,1028628,3,43.91,37.03,835406,3,43.97,36.74,398676,3,44.24,38.07,697785,3,44.04,37.49,340538,3,43.71,39.14,394529,3,43.79,38.87
412529,2026-07-15T00:04:44.888042,wine,436953,3,42.72,38.6,875587,3,43.14,37.57,1028628,3,43.89,37.1,835406,3,43.96,36.76,398676,3,44.24,38.08,697785,3,44.02,37.53,340538,3,43.71,39.15,394529,3,43.79,38.89
412879,2026-07-15T00:04:45.232954,wine,436953,3,42.72,38.63,875587,3,43.12,37.62,1028628,3,43.88,37.19,835406,3,43.95,36.81,398676,3,44.23,38.11,697785,3,44.02,37.57,340538,3,43.7,39.15,394529,3,43.78,38.9
413229,2026-07-15T00:04:45.589601,wine,436953,3,42.71,38.66,875587,3,43.12,37.7,1028628,3,43.87,37.27,835406,3,43.94,36.86,398676,3,44.23,38.13,697785,3,44.01,37.62,340538,3,43.7,39.16,394529,3,43.77,38.93
413579,2026-07-15T00:04:45.937167,wine,436953,3,42.7,38.68,875587,3,43.11,37.75,1028628,3,43.86,37.36,835406,3,43.93,36.9,398676,3,44.23,38.17,697785,3,44.0,37.65,340538,3,43.7,39.2,394529,3,43.76,38.94
413929,2026-07-15T00:04:46.283483,wine,436953,3,42.7,38.73,875587,3,43.1,37.85,1028628,3,43.84,37.44,835406,3,43.93,36.97,398676,3,44.21,38.19,697785,3,44.0,37.72,340538,3,43.69,39.23,394529,3,43.76,38.98
414279,2026-07-15T00:04:46.639027,wine,436953,3,42.69,38.74,875587,3,43.1,37.91,1028628,3,43.84,37.5,835406,3,43.92,37.02,398676,3,44.22,38.24,697785,3,44.0,37.77,340538,3,43.68,39.26,394529,3,43.76,39.0
414629,2026-07-15T00:04:46.985865,wine,436953,3,42.68,38.78,875587,3,43.09,38.01,1028628,3,43.82,37.59,835406,3,43.92,37.08,398676,3,44.21,38.26,697785,3,43.99,37.8,340538,3,43.68,39.28,394529,3,43.75,39.01
414979,2026-07-15T00:04:47.341721,wine,436953,3,42.68,38.82,875587,3,43.08,38.08,1028628,3,43.82,37.66,835406,3,43.91,37.14,398676,3,44.2,38.28,697785,3,43.98,37.86,340538,3,43.68,39.3,394529,3,43.75,39.06
415329,2026-07-15T00:04:47.683657,wine,436953,3,42.67,38.85,875587,3,43.08,38.17,1028628,3,43.81,37.71,835406,3,43.9,37.2,398676,3,44.2,38.33,697785,3,43.98,37.89,340538,3,43.67,39.33,394529,3,43.73,39.07
415679,2026-07-15T00:04:48.030930,wine,436953,3,42.67,38.89,875587,3,43.08,38.23,1028628,3,43.8,37.79,835406,3,43.9,37.26,435837,3,44.19,38.37,697785,3,43.97,37.92,343970,3,43.67,39.35,394529,3,43.73,39.09
416029,2026-07-15T00:04:48.389590,wine,436953,3,42.66,38.93,875587,3,43.06,38.31,1028628,3,43.79,37.84,835406,3,43.89,37.3,435837,4,44.66,38.47,697785,3,43.97,37.97,343970,4,44.09,39.43,394529,3,43.73,39.12
416379,2026-07-15T00:04:48.741856,wine,436953,3,42.66,38.96,875587,3,43.05,38.39,1028628,3,43.79,37.9,835406,3,43.88,37.34,435837,4,44.99,38.49,697785,3,43.97,37.99,343970,4,44.4,39.45,394529,3,43.73,39.13
416729,2026-07-15T00:04:49.082889,wine,436953,3,42.65,39.0,875587,3,43.05,38.44,1028628,3,43.78,37.94,683806,3,43.88,37.4,435837,4,45.17,38.46,697785,3,43.96,38.03,343970,4,44.56,39.41,394529,3,43.72,39.17
417079,2026-07-15T00:04:49.441384,wine,413403,3,42.65,39.02,875587,3,43.04,38.5,1028628,3,43.78,37.99,683806,4,44.31,37.51,435837,4,45.27,38.26,697785,3,43.97,38.06,343970,4,44.66,39.32,382374,3,43.71,39.2
417429,2026-07-15T00:04:49.775112,wine,413403,4,43.08,39.09,875587,3,43.04,38.57,1028628,3,43.77,38.06,683806,4,44.63,37.53,91822,5,45.4,38.19,697785,3,43.96,38.09,66858,4,44.72,39.25,382374,4,44.14,39.27
417779,2026-07-15T00:04:50.138915,wine,413403,4,43.39,39.13,875587,3,43.03,38.61,1028628,3,43.76,38.06,683806,4,44.79,37.51,91822,5,45.43,38.09,697785,3,43.96,38.14,66858,5,44.76,39.16,382374,4,44.45,39.28
418129,2026-07-15T00:04:50.489342,wine,413403,4,43.53,39.07,875587,3,43.04,38.67,1028628,3,43.76,38.13,683806,4,44.89,37.45,91822,5,45.46,37.99,697785,3,43.96,38.16,66858,5,44.8,39.04,382374,4,44.61,39.21
418479,2026-07-15T00:04:50.833161,wine,413403,4,43.61,38.99,875587,3,43.03,38.72,1028628,3,43.76,38.15,123552,4,44.96,37.37,91822,5,45.49,37.91,697785,3,43.96,38.17,66858,5,44.82,38.94,382374,4,44.71,39.16
418829,2026-07-15T00:04:51.188387,wine,78551,4,43.67,38.91,875587,3,43.03,38.76,1028628,3,43.74,38.21,123552,5,45.0,37.29,91526,5,45.5,37.82,697785,3,43.96,38.21,66858,5,44.85,38.85,72603,4,44.78,39.04
419179,2026-07-15T00:04:51.539619,wine,78551,5,43.69,38.83,875587,3,43.04,38.82,1028628,3,43.76,38.25,123552,5,45.04,37.22,91526,6,45.53,37.75,697785,3,43.96,38.23,64337,5,44.86,38.77,72603,5,44.82,38.95
419529,2026-07-15T00:04:51.889121,wine,78551,5,43.72,38.72,875587,3,43.03,38.88,1028628,3,43.75,38.27,123552,5,45.07,37.14,91526,6,45.54,37.68,683806,3,43.96,38.24,64337,6,44.88,38.7,72603,5,44.87,38.86
419879,2026-07-15T00:04:52.238510,wine,78551,5,43.73,38.65,685179,3,43.03,38.89,1028628,3,43.75,38.29,123552,5,45.09,37.08,91526,6,45.56,37.62,683806,4,44.4,38.33,64337,6,44.9,38.63,72603,5,44.9,38.74
420229,2026-07-15T00:04:52.592177,wine,78551,5,43.75,38.55,685179,4,43.47,39.01,1028628,3,43.75,38.31,118655,5,45.11,37.01,91526,6,45.57,37.57,683806,4,44.74,38.34,64337,6,44.91,38.57,72603,5,44.92,38.66
420579,2026-07-15T00:04:52.934513,wine,75227,5,43.76,38.5,685179,4,43.78,39.04,1028628,3,43.75,38.35,118655,6,45.13,36.95,90172,6,45.58,37.5,683806,4,44.92,38.27,64337,6,44.93,38.5,70041,5,44.93,38.53
420929,2026-07-15T00:04:53.285206,wine,75227,6,43.76,38.44,685179,4,43.94,39.01,1028628,3,43.76,38.37,118655,6,45.14,36.9,90172,7,45.84,37.48,683806,4,45.02,38.18,62545,6,44.94,38.42,70041,6,44.97,38.41
421279,2026-07-15T00:04:53.635535,wine,75227,6,43.78,38.24,685179,4,44.03,38.94,1028628,3,43.76,38.4,118655,6,45.15,36.84,90172,7,46.05,37.43,147211,4,45.09,38.08,62545,7,45.39,38.38,70041,6,44.98,38.34
421629,2026-07-15T00:04:53.997363,wine,75227,6,43.78,38.36,127141,4,44.09,38.83,1028628,3,43.76,38.42,118655,6,45.17,36.8,90172,7,46.19,37.38,147211,5,45.14,37.98,62545,7,45.51,38.31,70041,6,45.0,38.27
421979,2026-07-15T00:04:54.332096,wine,72418,6,43.8,38.25,127141,5,44.14,38.76,798751,3,43.77,38.45,113450,6,45.17,36.75,90172,7,46.27,37.27,147211,5,45.18,37.88,62545,7,45.6,38.24,69021,6,45.02,38.21
422329,2026-07-15T00:04:54.689144,wine,72418,7,44.03,38.24,127141,5,44.18,38.71,798751,4,44.19,38.53,113450,7,45.4,36.74,29438,7,46.33,37.2,147211,5,45.22,37.78,24019,7,45.66,38.15,69021,7,45.25,38.19
422679,2026-07-15T00:04:55.026414,wine,72418,7,44.22,38.22,127141,5,44.21,38.6,798751,4,44.51,38.54,113450,7,45.61,36.72,29438,8,46.38,37.11,147211,5,45.26,37.7,24019,8,45.71,38.08,69021,7,45.46,38.16
423029,2026-07-15T00:04:55.389227,wine,72418,7,44.33,38.17,127141,5,44.23,38.52,798751,4,44.68,38.46,113450,7,45.73,36.68,29438,8,46.42,37.03,148491,5,45.27,37.6,24019,8,45.74,37.98,69021,7,45.59,38.09
423379,2026-07-15T00:04:55.740287,wine,72418,7,44.4,38.08,120075,5,44.25,38.46,798751,4,44.78,38.38,113450,7,45.82,36.59,29438,8,46.45,36.93,148491,6,45.29,37.51,24019,8,45.78,37.89,69021,7,45.68,38.01
423729,2026-07-15T00:04:56.092785,wine,29378,7,44.45,38.02,120075,6,44.26,38.38,153707,4,44.85,38.28,45763,7,45.87,36.53,29438,8,46.48,36.85,148491,6,45.32,37.46,24019,8,45.8,37.79,26186,7,45.73,37.92
424079,2026-07-15T00:04:56.438685,wine,29378,8,44.48,37.96,120075,6,44.28,38.31,153707,5,44.9,38.2,45763,8,45.92,36.47,29378,8,46.51,36.78,148491,6,45.34,37.36,24960,8,45.83,37.76,26186,8,45.78,37.81
424429,2026-07-15T00:04:56.774879,wine,29378,8,44.51,37.87,120075,6,44.3,38.27,153707,5,44.94,38.1,45763,8,45.96,36.4,29378,9,46.54,36.72,148491,6,45.36,37.29,24960,9,45.86,37.67,26186,8,45.81,37.72
424779,2026-07-15T00:04:57.140910,wine,29378,8,44.52,37.82,120075,6,44.32,38.21,153707,5,44.98,37.96,45763,8,45.99,36.33,29378,9,46.56,36.64,147084,6,45.38,37.25,24960,9,45.87,37.6,26186,8,45.85,37.65
425129,2026-07-15T00:04:57.476264,wine,29378,8,44.54,37.76,114285,6,44.33,38.2,153707,5,45.0,37.87,45763,8,46.02,36.28,29378,9,46.58,36.59,147084,7,45.64,37.22,24960,9,45.89,37.51,26186,8,45.88,37.58
425479,2026-07-15T00:04:57.839316,wine,30295,8,44.57,37.71,114285,7,44.59,38.01,150322,5,45.02,37.79,48836,8,46.04,36.2,29378,9,46.6,36.51,147084,7,45.87,37.17,24960,9,45.92,37.48,26930,8,45.9,37.48
425829,2026-07-15T00:04:58.188362,wine,30295,9,44.58,37.65,114285,7,44.8,38.09,150322,6,45.05,37.72,48836,9,46.07,36.14,29643,9,46.62,36.45,147084,7,46.0,37.08,25528,9,45.93,37.41,26930,9,45.93,37.4
426179,2026-07-15T00:04:58.535330,wine,30295,9,44.6,37.6,114285,7,44.92,38.08,150322,6,45.07,37.62,48836,9,46.09,36.07,29643,0,46.63,36.42,147084,7,46.1,37.01,25528,0,45.96,37.37,26930,9,45.96,37.36
426529,2026-07-15T00:04:58.882989,wine,30295,9,44.62,37.54,114285,7,45.02,37.97,150322,6,45.09,37.55,48836,9,46.1,36.01,29643,0,46.65,36.35,45616,7,46.17,36.9,25528,0,45.98,37.31,26930,9,45.97,37.29
426879,2026-07-15T00:04:59.240443,wine,30295,9,44.64,37.48,44755,7,45.08,37.85,150322,6,45.12,37.49,48836,9,46.13,35.96,29643,0,46.67,36.3,45616,8,46.22,36.81,25528,0,45.99,37.25,26930,9,45.98,37.2
427229,2026-07-15T00:04:59.588494,wine,31341,9,44.65,37.44,44755,8,45.16,37.66,145454,6,45.13,37.44,51240,9,46.14,35.9,29643,0,46.68,36.27,45616,8,46.26,36.71,25528,0,46.01,37.22,27645,9,46.01,37.15
427579,2026-07-15T00:04:59.937570,wine,31341,0,44.67,37.4,44755,8,45.19,37.55,145454,7,45.39,37.41,51240,0,46.16,35.83,30188,0,46.7,36.22,45616,8,46.3,36.56,26074,0,46.03,37.18,27645,0,46.03,37.1
427929,2026-07-15T00:05:00.290209,wine,31341,0,44.68,37.34,44755,8,45.23,37.43,145454,7,45.61,37.35,51240,0,46.19,35.78,30188,1,46.0,36.08,45616,8,46.33,36.27,26074,1,45.37,37.02,27645,0,46.05,37.06
428279,2026-07-15T00:05:00.632908,wine,31341,0,44.7,37.3,51550,8,45.25,37.28,145454,7,45.74,37.24,51240,0,46.2,35.7,418728,1,45.48,36.04,46109,8,46.36,36.27,451698,1,44.87,36.99,27645,0,46.06,36.99
428629,2026-07-15T00:05:00.987692,wine,31341,0,44.71,37.23,51550,9,45.27,37.15,145454,7,45.83,37.12,51240,0,46.21,35.64,418728,2,45.19,36.08,46109,9,46.39,36.37,451698,2,44.6,37.05,27645,0,46.08,36.93
428979,2026-07-15T00:05:01.336306,wine,33298,0,44.73,37.17,51550,9,45.29,37.01,55507,7,45.9,37.02,56017,0,46.23,35.55,418728,2,45.02,36.16,46109,9,46.43,36.17,451698,2,44.44,37.14,27917,0,46.1,36.9
429329,2026-07-15T00:05:01.690398,wine,33298,1,44.06,37.03,51550,9,45.32,36.89,55507,8,45.94,36.9,56017,1,45.56,35.37,418728,2,44.91,36.3,46109,9,46.45,36.06,451698,2,44.34,37.24,27917,1,45.44,36.76
429679,2026-07-15T00:05:02.033494,wine,614277,1,43.58,36.95,51550,9,45.33,36.74,55507,8,45.99,36.75,1415831,1,45.06,35.29,418728,2,44.83,36.39,49117,9,46.45,35.98,451698,2,44.27,37.37,512384,1,44.94,36.71
430029,2026-07-15T00:05:02.386230,wine,614277,2,43.34,37.01,56800,9,45.35,36.6,55507,8,46.03,36.63,1415831,2,44.79,35.28,418728,2,44.78,36.5,49117,0,46.47,35.91,451698,2,44.22,37.49,512384,2,44.68,36.76
430379,2026-07-15T00:05:02.731047,wine,614277,2,43.22,37.04,56800,0,45.36,36.45,55507,8,46.05,36.49,1415831,2,44.64,35.29,418728,2,44.74,36.61,49117,0,46.48,35.84,451698,2,44.19,37.59,512384,2,44.53,36.84
430729,2026-07-15T00:05:03.089002,wine,614277,2,43.13,37.15,56800,0,45.37,36.33,60249,8,46.07,36.37,1415831,2,44.54,35.33,418728,2,44.7,36.7,49117,0,46.49,35.76,451698,2,44.15,37.71,512384,2,44.43,36.95
431079,2026-07-15T00:05:03.438633,wine,614277,2,43.09,37.21,56800,0,45.38,36.19,60249,9,46.09,36.26,1415831,2,44.47,35.39,418728,2,44.68,36.78,49117,0,46.5,35.67,451698,2,44.13,37.79,512384,2,44.35,37.04
431429,2026-07-15T00:05:03.791097,wine,614277,2,43.06,37.28,56800,0,45.38,36.04,60249,9,46.11,36.12,1415831,2,44.41,35.45,418728,2,44.66,36.85,51800,0,46.51,35.58,451698,2,44.1,37.87,512384,2,44.29,37.16
431779,2026-07-15T00:05:04.138522,wine,614277,2,43.04,37.34,62822,0,45.39,35.9,60249,9,46.13,36.0,1415831,2,44.37,35.47,412903,2,44.64,36.92,51800,1,45.79,35.44,351407,2,44.09,37.95,512384,2,44.25,37.28
432129,2026-07-15T00:05:04.489143,wine,614277,2,43.02,37.42,62822,1,44.7,35.63,60249,9,46.14,35.87,1415831,2,44.34,35.49,412903,3,44.61,36.96,884665,1,45.26,35.36,351407,3,44.07,38.01,512384,2,44.22,37.37
432479,2026-07-15T00:05:04.833826,wine,614277,2,43.0,37.44,1986902,1,44.19,35.47,65073,9,46.14,35.73,1415831,2,44.32,35.5,412903,3,44.6,36.99,884665,2,44.97,35.39,351407,3,44.05,38.07,512384,2,44.19,37.46
432829,2026-07-15T00:05:05.184999,wine,614277,2,43.0,37.46,1986902,2,43.93,35.39,65073,0,46.15,35.61,1415831,2,44.3,35.49,412903,3,44.59,37.02,884665,2,44.79,35.45,351407,3,44.04,38.12,512384,2,44.17,37.54
433179,2026-07-15T00:05:05.540978,wine,488200,2,42.99,37.47,1986902,2,43.78,35.33,65073,0,46.15,35.48,987701,2,44.28,35.46,412903,3,44.57,37.01,884665,2,44.66,35.5,351407,3,44.03,38.15,407481,2,44.15,37.62
433529,2026-07-15T00:05:05.888903,wine,488200,3,42.98,37.45,1986902,2,43.66,35.28,65073,0,46.16,35.31,987701,3,44.27,35.42,412903,3,44.57,37.01,884665,2,44.59,35.6,351407,3,44.02,38.17,407481,3,44.13,37.67
433879,2026-07-15T00:05:06.233162,wine,488200,3,42.98,37.42,1986902,2,43.6,35.23,65073,0,46.16,35.16,987701,3,44.25,35.38,412903,3,44.56,37.0,884665,2,44.52,35.66,351407,3,44.0,38.19,407481,3,44.11,37.72
434229,2026-07-15T00:05:06.588789,wine,488200,3,42.97,37.35,1986902,2,43.53,35.2,74052,0,46.17,35.01,987701,3,44.25,35.27,412903,3,44.54,36.98,884665,2,44.47,35.71,351407,3,43.99,38.18,407481,3,44.1,37.75
434579,2026-07-15T00:05:06.939206,wine,488200,3,42.95,37.29,1986902,2,43.49,35.14,74052,1,45.47,34.77,987701,3,44.24,35.19,412903,3,44.53,36.93,884665,2,44.43,35.75,351407,3,43.98,38.18,407481,3,44.09,37.77
434929,2026-07-15T00:05:07.281451,wine,488200,3,42.95,37.21,1986902,2,43.45,35.08,2367630,1,44.95,34.61,987701,3,44.23,35.07,412903,3,44.52,36.87,884665,2,44.4,35.8,351407,3,43.97,38.17,407481,3,44.07,37.8
435279,2026-07-15T00:05:07.639453,wine,488200,3,42.94,37.15,1986902,2,43.43,35.02,2367630,2,44.68,34.54,987701,3,44.22,34.95,412903,3,44.51,36.78,884665,2,44.36,35.8,351407,3,43.96,38.12,407481,3,44.06,37.77
435629,2026-07-15T00:05:07.989497,wine,488200,3,42.93,37.08,1986902,2,43.41,34.99,2367630,2,44.51,34.52,987701,3,44.22,34.85,412903,3,44.5,36.72,804399,2,44.34,35.81,351407,3,43.95,38.1,407481,3,44.04,37.78
435979,2026-07-15T00:05:08.341059,wine,488200,3,42.93,37.02,1311139,2,43.39,34.95,2367630,2,44.4,34.53,987701,3,44.2,34.73,412903,3,44.49,36.63,804399,3,44.32,35.82,351407,3,43.95,38.04,407481,3,44.04,37.78
436329,2026-07-15T00:05:08.687208,wine,488200,3,42.92,36.98,1311139,3,43.37,34.92,2367630,2,44.33,34.6,987701,3,44.19,34.63,412903,3,44.48,36.55,804399,3,44.3,35.81,351407,3,43.94,38.01,407481,3,44.03,37.74
436679,2026-07-15T00:05:09.039058,wine,488200,3,42.91,36.92,1311139,3,43.36,34.91,2367630,2,44.26,34.61,987701,3,44.19,34.55,412903,3,44.47,36.44,804399,3,44.29,35.82,351407,3,43.94,37.95,407481,3,44.02,37.72
437029,2026-07-15T00:05:09.374771,wine,488200,3,42.91,36.9,1311139,3,43.35,34.92,2367630,2,44.21,34.68,987701,3,44.17,34.41,412903,3,44.46,36.39,804399,3,44.27,35.8,351407,3,43.92,37.88,407481,3,44.01,37.69
437379,2026-07-15T00:05:09.737560,wine,488200,3,42.9,36.87,1311139,3,43.33,34.92,2367630,2,44.17,34.74,987701,3,44.17,34.35,412903,3,44.45,36.32,804399,3,44.26,35.8,351407,3,43.92,37.84,407481,3,44.0,37.66
437729,2026-07-15T00:05:10.089020,wine,488200,3,42.89,36.85,1311139,3,43.32,34.93,2367630,2,44.15,34.81,987701,3,44.15,34.35,412903,3,44.45,36.24,804399,3,44.24,35.81,351407,3,43.91,37.81,407481,3,43.99,37.64
438079,2026-07-15T00:05:10.446810,wine,488200,3,42.89,36.85,1311139,3,43.31,34.97,2367630,2,44.12,34.92,987701,3,44.15,34.33,412903,3,44.44,36.2,804399,3,44.24,35.81,351407,3,43.91,37.76,407481,3,43.98,37.62
438429,2026-07-15T00:05:10.788161,wine,488200,3,42.88,36.86,1311139,3,43.3,35.01,1524376,2,44.1,34.97,987701,3,44.13,34.29,412903,3,44.44,36.25,804399,3,44.23,35.83,351407,3,43.9,37.73,407481,3,43.98,37.61
438779,2026-07-15T00:05:11.138803,wine,488200,3,42.86,36.87,1311139,3,43.29,35.06,1524376,3,44.08,35.06,987701,3,44.13,34.32,412903,3,44.42,36.12,804399,3,44.22,35.84,351407,3,43.9,37.7,407481,3,43.96,37.59
439129,2026-07-15T00:05:11.492378,wine,488200,3,42.87,36.9,1311139,3,43.29,35.1,1524376,3,44.06,35.15,987701,3,44.11,34.33,412903,3,44.41,36.1,804399,3,44.21,35.87,351407,3,43.89,37.68,407481,3,43.96,37.58
439479,2026-07-15T00:05:11.846777,wine,488200,3,42.86,36.9,1311139,3,43.28,35.16,1524376,3,44.04,35.26,987701,3,44.11,34.35,412903,3,44.41,36.09,804399,3,44.2,35.91,351407,3,43.88,37.68,407481,3,43.96,37.6
439829,2026-07-15T00:05:12.195798,wine,488200,3,42.85,36.93,1311139,3,43.27,35.18,1524376,3,44.03,35.34,987701,3,44.1,34.38,412903,3,44.4,36.1,804399,3,44.19,35.92,351407,3,43.88,37.66,407481,3,43.95,37.6
440179,2026-07-15T00:05:12.538934,wine,488200,3,42.84,36.96,1311139,3,43.26,35.24,1524376,3,44.01,35.41,987701,3,44.09,34.41,412903,3,44.39,36.11,804399,3,44.18,35.97,351407,3,43.87,37.65,407481,3,43.94,37.61
440529,2026-07-15T00:05:12.891202,wine,488200,3,42.84,36.99,1311139,3,43.25,35.26,1524376,3,44.01,35.48,987701,3,44.09,34.42,412903,3,44.38,36.13,804399,3,44.17,36.01,351407,3,43.87,37.66,407481,3,43.94,37.61
440879,2026-07-15T00:05:13.238629,wine,488200,3,42.83,37.0,1311139,3,43.25,35.3,1524376,3,43.99,35.55,987701,3,44.08,34.43,412903,3,44.38,36.14,804399,3,44.16,36.03,351407,3,43.85,37.67,407481,3,43.93,37.64
441229,2026-07-15T00:05:13.573913,wine,488200,3,42.82,37.01,1311139,3,43.24,35.33,1524376,3,43.99,35.6,987701,3,44.07,34.46,412903,3,44.38,36.16,804399,3,44.16,36.04,351407,3,43.85,37.67,407481,3,43.92,37.65
441579,2026-07-15T00:05:13.938972,wine,488200,3,42.82,37.03,1311139,3,43.24,35.38,1524376,3,43.98,35.68,987701,3,44.06,34.49,412903,3,44.37,36.18,804399,3,44.15,36.1,351407,3,43.84,37.7,407481,3,43.92,37.67
441929,2026-07-15T00:05:14.288691,wine,488200,3,42.82,37.06,1311139,3,43.22,35.41,1524376,3,43.97,35.75,987701,3,44.06,34.54,477946,3,44.37,36.22,804399,3,44.15,36.14,351407,3,43.84,37.7,407481,3,43.91,37.7
442279,2026-07-15T00:05:14.625050,wine,488200,3,42.81,37.09,1311139,3,43.22,35.46,1524376,3,43.96,35.8,987701,3,44.06,34.56,477946,4,44.82,36.32,804399,3,44.15,36.2,365714,3,43.84,37.74,407481,3,43.91,37.72
442629,2026-07-15T00:05:14.989266,wine,488200,3,42.8,37.1,1311139,3,43.22,35.5,1524376,3,43.95,35.86,987701,3,44.04,34.59,477946,4,45.17,36.37,804399,3,44.14,36.23,365714,4,44.25,37.83,407481,3,43.9,37.76
442979,2026-07-15T00:05:15.334853,wine,488200,3,42.8,37.13,1311139,3,43.21,35.51,1524376,3,43.94,35.92,987701,3,44.04,34.61,477946,4,45.34,36.34,804399,3,44.14,36.3,365714,4,44.73,37.83,407481,3,43.9,37.78
443329,2026-07-15T00:05:15.680331,wine,488200,3,42.8,37.12,1311139,3,43.2,35.46,1524376,3,43.93,35.93,854757,3,44.03,34.61,477946,4,45.44,36.25,804399,3,44.14,36.32,365714,4,44.82,37.77,407481,3,43.89,37.8
443679,2026-07-15T00:05:16.030467,wine,469079,3,42.79,37.07,1311139,3,43.2,35.38,1524376,3,43.92,35.9,854757,4,44.47,34.61,103163,4,45.51,36.15,804399,3,44.13,36.33,71748,4,44.88,37.66,405063,3,43.88,37.84
444029,2026-07-15T00:05:16.382063,wine,469079,4,43.23,37.05,1311139,3,43.2,35.29,1524376,3,43.91,35.85,854757,4,44.77,34.52,103163,5,45.56,36.01,804399,3,44.13,36.34,71748,5,44.93,37.56,405063,4,44.3,37.91
444379,2026-07-15T00:05:16.736479,wine,469079,4,43.53,36.96,1311139,3,43.19,35.21,1524376,3,43.91,35.8,854757,4,44.94,34.43,103163,5,45.6,35.91,804399,3,44.13,36.32,71748,5,44.95,37.45,405063,4,44.62,37.9
444729,2026-07-15T00:05:17.087634,wine,469079,4,43.68,36.83,1311139,3,43.19,35.13,1524376,3,43.91,35.76,854757,4,45.05,34.27,103163,5,45.63,35.8,804399,3,44.13,36.31,71748,5,44.98,37.34,405063,4,44.78,37.85
445079,2026-07-15T00:05:17.439086,wine,469079,4,43.77,36.69,1311139,3,43.18,35.16,1524376,3,43.9,35.73,150854,4,45.12,34.16,103163,5,45.65,35.68,804399,3,44.12,36.32,71748,5,45.0,37.24,405063,4,44.88,37.75
445429,2026-07-15T00:05:17.786667,wine,90172,4,43.81,36.57,1311139,3,43.19,35.18,1524376,3,43.91,35.74,150854,5,45.16,34.09,106113,5,45.67,35.64,804399,3,44.13,36.34,71150,5,45.01,37.18,77906,4,44.94,37.66
445779,2026-07-15T00:05:18.138299,wine,90172,5,43.85,36.47,1311139,3,43.19,35.26,1524376,3,43.9,35.78,150854,5,45.2,34.01,106113,6,45.69,35.57,804399,3,44.13,36.35,71150,6,45.03,37.12,77906,5,44.99,37.57
446129,2026-07-15T00:05:18.484657,wine,90172,5,43.88,36.4,1311139,3,43.19,35.35,1524376,3,43.9,35.83,150854,5,45.22,33.97,106113,6,45.71,35.51,788147,3,44.13,36.38,71150,6,45.04,37.04,77906,5,45.04,37.46
446479,2026-07-15T00:05:18.836576,wine,90172,5,43.9,36.34,965354,3,43.19,35.44,1524376,3,43.9,35.9,150854,5,45.25,33.97,106113,6,45.72,35.46,788147,4,44.58,36.47,71150,6,45.05,37.0,77906,5,45.06,37.37
446829,2026-07-15T00:05:19.191638,wine,90172,5,43.91,36.32,965354,4,43.62,35.62,1524376,3,43.9,35.96,145702,5,45.26,33.95,106113,6,45.73,35.44,788147,4,44.91,36.49,71150,6,45.07,36.96,77906,5,45.07,37.29
447179,2026-07-15T00:05:19.523711,wine,86603,5,43.92,36.31,965354,4,43.94,35.75,1524376,3,43.9,36.02,145702,6,45.27,33.99,105068,6,45.75,35.42,788147,4,45.08,36.46,69414,6,45.07,36.92,76853,5,45.09,37.24
447529,2026-07-15T00:05:19.886576,wine,86603,6,43.93,36.3,965354,4,44.1,35.81,1524376,3,43.91,36.1,145702,6,45.29,33.99,105068,7,46.0,35.44,788147,4,45.19,36.42,69414,7,45.33,36.94,76853,6,45.11,37.17
447879,2026-07-15T00:05:20.238230,wine,86603,6,43.94,36.3,965354,4,44.19,35.85,1524376,3,43.91,36.21,145702,6,45.29,34.01,105068,7,46.21,35.43,166125,4,45.26,36.35,69414,7,45.53,36.92,76853,6,45.13,37.11
448229,2026-07-15T00:05:20.574248,wine,86603,6,43.94,36.31,160955,4,44.26,35.9,1524376,3,43.91,36.27,145702,6,45.31,34.05,105068,7,46.34,35.38,166125,5,45.31,36.29,69414,7,45.65,36.85,76853,6,45.14,37.06
448579,2026-07-15T00:05:20.937597,wine,86603,6,43.95,36.33,160955,5,44.3,35.9,1524376,3,43.92,36.36,138941,6,45.32,34.08,105068,7,46.42,35.32,166125,5,45.36,36.21,69414,7,45.74,36.8,76853,6,45.15,37.03
448929,2026-07-15T00:05:21.287759,wine,82901,6,43.96,36.37,160955,5,44.34,35.94,1092849,3,43.92,36.44,138941,7,45.56,34.16,38565,7,46.49,35.25,166125,5,45.4,36.14,30490,7,45.8,36.7,75294,6,45.17,36.97
449279,2026-07-15T00:05:21.639294,wine,82901,7,44.2,36.41,160955,5,44.38,35.96,1092849,4,44.36,36.58,138941,7,45.77,34.19,38565,8,46.54,35.18,166125,5,45.42,36.07,30490,8,45.84,36.61,75294,7,45.61,36.93
449629,2026-07-15T00:05:21.984556,wine,82901,7,44.39,36.5,160955,5,44.4,35.98,1092849,4,44.68,36.65,138941,7,45.89,34.23,38565,8,46.58,35.12,165481,5,45.45,36.02,30490,8,45.88,36.53,75294,7,45.73,36.89
449979,2026-07-15T00:05:22.331350,wine,82901,7,44.5,36.59,148491,5,44.42,35.99,1092849,4,44.84,36.68,138941,7,45.97,34.25,38565,8,46.61,35.06,165481,6,45.46,35.94,30490,8,45.92,36.45,75294,7,45.82,36.82
450329,2026-07-15T00:05:22.696612,wine,82901,7,44.56,36.49,148491,6,44.44,36.01,1092849,4,44.95,36.64,56201,7,46.03,34.27,38565,8,46.63,35.01,165481,6,45.49,35.92,30490,8,45.94,36.37,30732,7,45.88,36.73
450679,2026-07-15T00:05:23.037336,wine,32217,8,44.65,36.47,148491,6,44.46,36.03,196018,4,45.01,36.61,56201,8,46.07,34.28,37026,8,46.66,34.96,165481,6,45.5,35.87,31272,8,45.97,36.32,30732,8,45.92,36.67
451029,2026-07-15T00:05:23.387859,wine,32217,8,44.68,36.45,148491,6,44.48,36.05,196018,5,45.07,36.58,56201,8,46.11,34.27,37026,9,46.69,34.91,165481,6,45.52,35.82,31272,9,45.99,36.26,30732,8,45.96,36.6
451379,2026-07-15T00:05:23.731276,wine,32217,8,44.7,36.45,148491,6,44.49,36.06,196018,5,45.11,36.56,56201,8,46.14,34.28,37026,9,46.71,34.87,163892,6,45.54,35.81,31272,9,46.02,36.2,30732,8,46.0,36.5
451729,2026-07-15T00:05:24.096857,wine,32217,8,44.72,36.42,137931,6,44.51,36.06,196018,5,45.14,36.49,56201,8,46.18,34.26,37026,9,46.72,34.83,163892,7,45.81,35.81,31272,9,46.03,36.13,30732,8,46.02,36.45
452079,2026-07-15T00:05:24.438203,wine,32144,8,44.74,36.44,137931,7,44.75,36.11,196018,5,45.17,36.44,55944,8,46.2,34.24,37026,9,46.75,34.79,163892,7,46.04,35.77,31272,9,46.05,36.1,30955,8,46.05,36.37
452429,2026-07-15T00:05:24.787122,wine,32144,9,44.76,36.42,137931,7,44.97,36.1,181689,5,45.2,36.4,55944,9,46.22,34.23,36025,9,46.76,34.76,163892,7,46.18,35.73,31067,9,46.07,36.04,30955,9,46.07,36.32
452779,2026-07-15T00:05:25.138347,wine,32144,9,44.77,36.39,137931,7,45.11,36.09,181689,6,45.22,36.38,55944,9,46.25,34.22,36025,0,46.78,34.74,163892,7,46.27,35.64,31067,0,46.08,36.0,30955,9,46.09,36.26
453129,2026-07-15T00:05:25.487970,wine,32144,9,44.79,36.37,137931,7,45.19,36.05,181689,6,45.25,36.34,55944,9,46.27,34.18,36025,0,46.8,34.69,53288,7,46.33,35.57,31067,0,46.1,35.97,30955,9,46.11,36.19
453479,2026-07-15T00:05:25.837591,wine,32144,9,44.81,36.35,49805,7,45.24,35.98,181689,6,45.26,36.3,55944,9,46.28,34.18,36025,0,46.81,34.65,53288,8,46.38,35.49,31067,0,46.12,35.93,30955,9,46.13,36.14
453829,2026-07-15T00:05:26.187012,wine,32711,9,44.82,36.32,49805,8,45.3,35.95,181689,6,45.29,36.25,57450,9,46.3,34.16,36025,0,46.83,34.64,53288,8,46.42,35.41,31067,0,46.13,35.91,31714,9,46.15,36.12
454179,2026-07-15T00:05:26.537306,wine,32711,0,44.84,36.32,49805,8,45.34,35.87,172158,6,45.3,36.21,57450,0,46.33,34.15,36209,0,46.85,34.62,53288,8,46.46,35.35,31272,0,46.15,35.86,31714,0,46.16,36.05
454529,2026-07-15T00:05:26.872934,wine,32711,0,44.85,36.29,49805,8,45.37,35.81,172158,7,45.56,36.23,57450,0,46.34,34.11,36209,1,46.15,34.5,53288,8,46.5,35.26,31272,1,45.49,35.77,31714,0,46.18,36.0
454879,2026-07-15T00:05:27.237051,wine,32711,0,44.87,36.27,49805,8,45.41,35.76,172158,7,45.78,36.2,57450,0,46.36,34.11,565433,1,45.62,34.5,53489,8,46.53,35.24,630736,1,44.99,35.73,31714,0,46.2,36.01
455229,2026-07-15T00:05:27.589975,wine,32711,0,44.89,36.25,51026,8,45.43,35.73,172158,7,45.92,36.12,57450,0,46.37,34.11,565433,2,45.34,34.58,53489,9,46.55,35.17,630736,2,44.73,35.84,31714,0,46.21,35.99
455579,2026-07-15T00:05:27.937702,wine,32964,0,44.9,36.26,51026,9,45.45,35.66,172158,7,46.01,36.09,57028,0,46.39,34.12,565433,2,45.17,34.75,53489,9,46.57,35.13,630736,2,44.56,35.95,31022,0,46.22,35.97
455929,2026-07-15T00:05:28.287192,wine,32964,1,44.23,36.19,51026,9,45.47,35.67,57683,7,46.07,36.04,57028,1,45.72,34.05,565433,2,45.05,34.92,53489,9,46.58,35.1,630736,2,44.45,36.12,31022,1,45.56,35.88
456279,2026-07-15T00:05:28.631935,wine,597607,1,43.75,36.19,51026,9,45.5,35.66,57683,8,46.13,35.98,1430667,1,45.22,34.06,565433,2,44.97,35.1,53489,9,46.6,35.07,630736,2,44.38,36.3,620418,1,45.07,35.9
456629,2026-07-15T00:05:29.112917,wine,597607,2,43.53,36.3,51026,9,45.52,35.67,57683,8,46.16,35.94,1430667,2,44.95,34.16,565433,2,44.92,35.3,51863,9,46.61,35.08,630736,2,44.32,36.49,620418,2,44.81,35.98
456979,2026-07-15T00:05:29.326472,wine,597607,2,43.4,36.44,48503,9,45.54,35.64,57683,8,46.19,35.89,1430667,2,44.79,34.3,565433,2,44.87,35.53,51863,0,46.62,35.07,630736,2,44.28,36.69,620418,2,44.65,36.11
457329,2026-07-15T00:05:29.687430,wine,597607,2,43.31,36.6,48503,0,45.55,35.66,57683,8,46.22,35.84,1430667,2,44.7,34.48,565433,2,44.83,35.71,51863,0,46.63,35.05,630736,2,44.25,36.86,620418,2,44.55,36.29
457679,2026-07-15T00:05:30.025839,wine,597607,2,43.27,36.74,48503,0,45.55,35.67,57722,8,46.24,35.81,1430667,2,44.63,34.67,565433,2,44.81,35.89,51863,0,46.65,35.06,630736,2,44.23,37.03,620418,2,44.46,36.46
458029,2026-07-15T00:05:30.382319,wine,597607,2,43.23,36.9,48503,0,45.56,35.65,57722,9,46.26,35.76,1430667,2,44.58,34.84,565433,2,44.79,36.05,51863,0,46.66,35.05,630736,2,44.21,37.21,620418,2,44.42,36.61
458379,2026-07-15T00:05:30.738570,wine,597607,2,43.21,37.05,48503,0,45.57,35.64,57722,9,46.28,35.71,1430667,2,44.54,34.99,496003,2,44.77,36.24,50274,0,46.66,35.06,448140,2,44.19,37.34,620418,2,44.37,36.77
458729,2026-07-15T00:05:31.081374,wine,597607,2,43.18,37.17,51026,0,45.57,35.6,57722,9,46.29,35.68,1430667,2,44.51,35.16,496003,3,44.76,36.37,50274,1,45.95,34.97,448140,3,44.18,37.48,620418,2,44.33,36.93
459079,2026-07-15T00:05:31.437382,wine,597607,2,43.17,37.27,51026,1,44.88,35.47,57722,9,46.31,35.62,1430667,2,44.5,35.28,496003,3,44.74,36.5,838485,1,45.41,34.96,448140,3,44.16,37.61,620418,2,44.3,37.08
459429,2026-07-15T00:05:31.779411,wine,597607,2,43.16,37.36,1314927,1,44.38,35.47,59618,9,46.31,35.59,1430667,2,44.47,35.42,496003,3,44.73,36.62,838485,2,45.12,35.04,448140,3,44.15,37.74,620418,2,44.28,37.21
459779,2026-07-15T00:05:32.126810,wine,462093,2,43.15,37.47,1314927,2,44.11,35.5,59618,0,46.33,35.54,936871,2,44.46,35.51,496003,3,44.72,36.74,838485,2,44.95,35.14,448140,3,44.13,37.82,463034,2,44.26,37.33
460129,2026-07-15T00:05:32.488504,wine,462093,3,43.15,37.55,1314927,2,43.95,35.58,59618,0,46.33,35.47,936871,3,44.45,35.62,496003,3,44.7,36.92,838485,2,44.83,35.3,448140,3,44.11,37.92,463034,3,44.25,37.43
460479,2026-07-15T00:05:32.838398,wine,462093,3,43.15,37.59,1314927,2,43.85,35.68,59618,0,46.33,35.44,936871,3,44.43,35.68,496003,3,44.69,36.99,838485,2,44.74,35.44,448140,3,44.11,38.01,463034,3,44.23,37.54
460829,2026-07-15T00:05:33.177253,wine,462093,3,43.13,37.64,1314927,2,43.78,35.8,59618,0,46.34,35.37,936871,3,44.42,35.75,496003,3,44.68,37.05,838485,2,44.67,35.6,448140,3,44.09,38.07,463034,3,44.22,37.63
461179,2026-07-15T00:05:33.523552,wine,462093,3,43.13,37.7,1314927,2,43.72,35.9,63429,0,46.35,35.32,936871,3,44.42,35.83,496003,3,44.67,37.11,838485,2,44.63,35.72,448140,3,44.09,38.13,463034,3,44.2,37.73
461529,2026-07-15T00:05:33.887501,wine,462093,3,43.12,37.72,1314927,2,43.67,36.0,63429,1,45.65,35.2,936871,3,44.42,35.89,496003,3,44.66,37.18,838485,2,44.58,35.88,448140,3,44.08,38.2,463034,3,44.18,37.8
461879,2026-07-15T00:05:34.239650,wine,462093,3,43.11,37.77,1314927,2,43.64,36.09,1711659,1,45.13,35.18,936871,3,44.41,35.94,496003,3,44.66,37.23,838485,2,44.55,35.98,448140,3,44.07,38.27,463034,3,44.17,37.87
462229,2026-07-15T00:05:34.591372,wine,462093,3,43.11,37.79,1314927,2,43.61,36.22,1711659,2,44.86,35.25,936871,3,44.4,35.96,496003,3,44.64,37.27,838485,2,44.52,36.11,448140,3,44.06,38.32,463034,3,44.16,37.92
462579,2026-07-15T00:05:34.925863,wine,462093,3,43.11,37.82,1314927,2,43.6,36.32,1711659,2,44.7,35.34,936871,3,44.4,36.03,496003,3,44.63,37.32,734576,2,44.49,36.23,448140,3,44.05,38.38,463034,3,44.14,37.99
462929,2026-07-15T00:05:35.277064,wine,462093,3,43.1,37.86,872789,2,43.58,36.42,1711659,2,44.58,35.49,936871,3,44.39,36.07,496003,3,44.63,37.37,734576,3,44.47,36.36,448140,3,44.04,38.41,463034,3,44.13,38.05
463279,2026-07-15T00:05:35.637743,wine,462093,3,43.1,37.92,872789,3,43.56,36.55,1711659,2,44.51,35.62,936871,3,44.38,36.09,496003,3,44.61,37.41,734576,3,44.45,36.45,448140,3,44.04,38.46,463034,3,44.12,38.11
463629,2026-07-15T00:05:35.987029,wine,462093,3,43.09,37.95,872789,3,43.54,36.66,1711659,2,44.44,35.77,936871,3,44.37,36.17,496003,3,44.61,37.46,734576,3,44.44,36.55,448140,3,44.02,38.52,463034,3,44.11,38.16
463979,2026-07-15T00:05:36.338093,wine,462093,3,43.08,37.99,872789,3,43.52,36.74,1711659,2,44.4,35.92,936871,3,44.36,36.21,496003,3,44.61,37.51,734576,3,44.42,36.63,448140,3,44.01,38.6,463034,3,44.11,38.22
464329,2026-07-15T00:05:36.695324,wine,462093,3,43.08,38.03,872789,3,43.52,36.86,1711659,2,44.36,36.05,936871,3,44.34,36.24,496003,3,44.6,37.56,734576,3,44.41,36.75,448140,3,43.99,38.63,463034,3,44.1,38.26
464679,2026-07-15T00:05:37.045340,wine,462093,3,43.07,38.07,872789,3,43.5,36.94,1711659,2,44.33,36.19,936871,3,44.34,36.24,496003,3,44.59,37.59,734576,3,44.4,36.79,448140,3,43.99,38.67,463034,3,44.09,38.32
465029,2026-07-15T00:05:37.387555,wine,462093,3,43.07,38.11,872789,3,43.49,37.04,1711659,2,44.3,36.3,936871,3,44.32,36.4,496003,3,44.59,37.6,734576,3,44.38,36.88,448140,3,43.98,38.7,463034,3,44.08,38.36
465379,2026-07-15T00:05:37.736267,wine,462093,3,43.06,38.14,872789,3,43.48,37.12,1101667,2,44.28,36.43,936871,3,44.31,36.47,496003,3,44.57,37.67,734576,3,44.37,36.94,448140,3,43.98,38.73,463034,3,44.07,38.39
465729,2026-07-15T00:05:38.087888,wine,462093,3,43.05,38.19,872789,3,43.48,37.23,1101667,3,44.27,36.56,936871,3,44.31,36.49,496003,3,44.57,37.7,734576,3,44.37,37.02,448140,3,43.97,38.77,463034,3,44.06,38.43
466079,2026-07-15T00:05:38.436973,wine,462093,3,43.05,38.21,872789,3,43.47,37.3,1101667,3,44.24,36.65,936871,3,44.3,36.53,496003,3,44.56,37.73,734576,3,44.36,37.08,448140,3,43.96,38.8,463034,3,44.06,38.46
466429,2026-07-15T00:05:38.786859,wine,462093,3,43.04,38.24,872789,3,43.46,37.37,1101667,3,44.22,36.74,936871,3,44.29,36.59,496003,3,44.56,37.77,734576,3,44.35,37.14,448140,3,43.96,38.83,463034,3,44.05,38.5
466779,2026-07-15T00:05:39.137937,wine,462093,3,43.04,38.28,872789,3,43.46,37.44,1101667,3,44.21,36.83,936871,3,44.29,36.63,496003,3,44.55,37.82,734576,3,44.34,37.19,448140,3,43.96,38.87,463034,3,44.04,38.53
467129,2026-07-15T00:05:39.488149,wine,462093,3,43.03,38.32,872789,3,43.45,37.54,1101667,3,44.2,36.93,936871,3,44.28,36.66,496003,3,44.55,37.83,734576,3,44.33,37.26,448140,3,43.95,38.89,463034,3,44.04,38.55
467479,2026-07-15T00:05:39.832880,wine,462093,3,43.02,38.33,872789,3,43.45,37.61,1101667,3,44.19,37.01,936871,3,44.27,36.72,496003,3,44.55,37.88,734576,3,44.33,37.29,448140,3,43.94,38.92,463034,3,44.03,38.59
467829,2026-07-15T00:05:40.190238,wine,462093,3,43.01,38.38,872789,3,43.43,37.67,1101667,3,44.18,37.09,936871,3,44.26,36.74,496003,3,44.54,37.9,734576,3,44.32,37.34,448140,3,43.94,38.94,463034,3,44.03,38.62
468179,2026-07-15T00:05:40.541525,wine,462093,3,43.01,38.41,872789,3,43.43,37.75,1101667,3,44.17,37.15,936871,3,44.25,36.81,496003,3,44.53,37.93,734576,3,44.32,37.37,448140,3,43.94,38.96,463034,3,44.02,38.65
468529,2026-07-15T00:05:40.887857,wine,462093,3,43.01,38.45,872789,3,43.42,37.82,1101667,3,44.17,37.22,936871,3,44.25,36.85,505180,3,44.52,37.96,734576,3,44.31,37.42,413653,3,43.93,38.98,463034,3,44.02,38.67
468879,2026-07-15T00:05:41.237256,wine,462093,3,43.0,38.48,872789,3,43.42,37.88,1101667,3,44.15,37.25,936871,3,44.24,36.89,505180,4,44.98,38.05,734576,3,44.3,37.45,413653,4,44.35,39.07,463034,3,44.01,38.71
469229,2026-07-15T00:05:41.584274,wine,462093,3,42.99,38.49,872789,3,43.41,37.94,1101667,3,44.15,37.31,936871,3,44.24,36.93,505180,4,45.32,38.07,734576,3,44.3,37.49,413653,4,44.68,39.09,463034,3,44.0,38.71
469579,2026-07-15T00:05:41.934688,wine,462093,3,42.99,38.53,872789,3,43.41,38.0,1101667,3,44.14,37.37,936871,3,44.23,36.98,505180,4,45.49,38.01,734576,3,44.29,37.53,413653,4,44.83,39.06,463034,3,44.0,38.73
469929,2026-07-15T00:05:42.290295,wine,462093,3,42.98,38.55,872789,3,43.4,38.06,1101667,3,44.13,37.39,742567,3,44.22,36.99,505180,4,45.6,37.96,734576,3,44.29,37.56,413653,4,44.92,38.95,463034,3,44.0,38.75
470279,2026-07-15T00:05:42.624968,wine,434450,3,42.99,38.57,872789,3,43.4,38.09,1101667,3,44.12,37.41,742567,4,44.66,37.1,105328,4,45.66,37.85,734576,3,44.29,37.58,75762,4,44.98,38.87,422093,3,43.99,38.78
470629,2026-07-15T00:05:42.987709,wine,434450,4,43.42,38.65,872789,3,43.39,38.14,1101667,3,44.12,37.47,742567,4,44.98,37.12,105328,5,45.71,37.74,734576,3,44.29,37.59,75762,5,45.03,38.78,422093,4,44.42,38.85
470979,2026-07-15T00:05:43.337528,wine,434450,4,43.73,38.66,872789,3,43.39,38.2,1101667,3,44.11,37.5,742567,4,45.15,37.08,105328,5,45.76,37.65,734576,3,44.29,37.62,75762,5,45.06,38.67,422093,4,44.73,38.84
471329,2026-07-15T00:05:43.761414,wine,434450,4,43.88,38.6,872789,3,43.39,38.24,1101667,3,44.11,37.55,742567,4,45.25,37.02,105328,5,45.79,37.55,734576,3,44.28,37.63,75762,5,45.09,38.56,422093,4,44.89,38.8
471679,2026-07-15T00:05:44.036828,wine,434450,4,43.96,38.52,872789,3,43.38,38.28,1101667,3,44.11,37.56,132265,4,45.31,36.94,105328,5,45.81,37.45,734576,3,44.28,37.67,75762,5,45.11,38.49,422093,4,45.0,38.7
472029,2026-07-15T00:05:44.386982,wine,81476,4,44.02,38.43,872789,3,43.38,38.3,1101667,3,44.11,37.59,132265,5,45.35,36.85,103038,5,45.84,37.37,734576,3,44.29,37.68,72173,5,45.12,38.38,78696,4,45.06,38.59
472379,2026-07-15T00:05:44.733557,wine,81476,5,44.04,38.34,872789,3,43.39,38.35,1101667,3,44.11,37.63,132265,5,45.39,36.76,103038,6,45.85,37.3,734576,3,44.28,37.68,72173,6,45.14,38.3,78696,5,45.11,38.49
472729,2026-07-15T00:05:45.073873,wine,81476,5,44.07,38.25,872789,3,43.38,38.39,1101667,3,44.1,37.67,132265,5,45.42,36.68,103038,6,45.87,37.22,734576,3,44.29,37.7,72173,6,45.16,38.24,78696,5,45.14,38.38
473079,2026-07-15T00:05:45.437544,wine,81476,5,44.09,38.14,872789,3,43.38,38.4,1101667,3,44.11,37.69,132265,5,45.44,36.58,103038,6,45.88,37.16,715333,3,44.28,37.7,72173,6,45.17,38.17,78696,5,45.17,38.26
473429,2026-07-15T00:05:45.786691,wine,81476,5,44.1,38.08,680398,3,43.38,38.44,1101667,3,44.1,37.71,126015,5,45.45,36.51,103038,6,45.9,37.1,715333,4,44.74,37.79,72173,6,45.18,38.09,78696,5,45.19,38.16
473779,2026-07-15T00:05:46.137284,wine,77835,5,44.11,37.99,680398,4,43.82,38.53,1101667,3,44.1,37.72,126015,6,45.47,36.47,101325,6,45.9,37.04,715333,4,45.06,37.76,69021,6,45.19,38.05,76167,5,45.21,38.09
474129,2026-07-15T00:05:46.487669,wine,77835,6,44.12,37.92,680398,4,44.14,38.52,1101667,3,44.1,37.74,126015,6,45.48,36.37,101325,7,46.15,36.99,715333,4,45.24,37.71,69021,7,45.43,38.02,76167,6,45.23,37.98
474479,2026-07-15T00:05:46.837123,wine,77835,6,44.13,37.87,680398,4,44.29,38.48,1101667,3,44.11,37.76,126015,6,45.49,36.31,101325,7,46.36,36.99,715333,4,45.35,37.6,69021,7,45.64,37.99,76167,6,45.24,37.9
474829,2026-07-15T00:05:47.187096,wine,77835,6,44.13,37.81,680398,4,44.4,38.39,1101667,3,44.1,37.78,126015,6,45.5,36.26,101325,7,46.5,36.9,152335,4,45.42,37.5,69021,7,45.77,37.9,76167,6,45.25,37.83
475179,2026-07-15T00:05:47.527132,wine,77835,6,44.14,37.75,126576,4,44.46,38.3,1101667,3,44.11,37.78,120840,6,45.51,36.22,101325,7,46.59,36.82,152335,5,45.47,37.39,69021,7,45.86,37.83,76167,6,45.26,37.77
475529,2026-07-15T00:05:47.894457,wine,75427,6,44.15,37.72,126576,5,44.51,38.19,1101667,3,44.12,37.8,120840,7,45.76,36.19,31000,7,46.64,36.74,152335,5,45.52,37.3,25391,7,45.92,37.74,73860,6,45.28,37.7
475879,2026-07-15T00:05:48.240140,wine,75427,7,44.38,37.7,126576,5,44.55,38.09,849968,3,44.12,37.83,120840,7,45.96,36.17,31000,8,46.68,36.64,152335,5,45.56,37.2,25391,8,45.97,37.66,73860,7,45.52,37.67
476229,2026-07-15T00:05:48.582356,wine,75427,7,44.58,37.66,126576,5,44.58,38.01,849968,4,44.55,37.88,120840,7,46.08,36.1,31000,8,46.73,36.53,152335,5,45.58,37.1,25391,8,46.01,37.57,73860,7,45.73,37.63
476579,2026-07-15T00:05:48.937049,wine,75427,7,44.69,37.61,126576,5,44.59,37.91,849968,4,44.87,37.88,120840,7,46.16,36.01,31000,8,46.77,36.46,152199,5,45.61,37.0,25391,8,46.03,37.5,73860,7,45.85,37.57
476929,2026-07-15T00:05:49.282377,wine,75427,7,44.76,37.54,121355,5,44.62,37.82,849968,4,45.04,37.84,50632,7,46.22,35.96,31000,8,46.79,36.36,152199,6,45.63,36.91,25391,8,46.07,37.4,73860,7,45.93,37.49
477279,2026-07-15T00:05:49.635890,wine,31952,7,44.8,37.45,121355,6,44.63,37.73,849968,4,45.14,37.75,50632,8,46.26,35.89,31045,8,46.82,36.31,152199,6,45.65,36.85,26429,8,46.09,37.34,27574,7,45.99,37.4
477629,2026-07-15T00:05:49.986682,wine,31952,8,44.84,37.37,121355,6,44.66,37.67,161718,4,45.21,37.62,50632,8,46.3,35.8,31045,9,46.83,36.23,152199,6,45.66,36.8,26429,9,46.1,37.26,27574,8,46.08,37.25
477979,2026-07-15T00:05:50.337136,wine,31952,8,44.86,37.32,121355,6,44.67,37.6,161718,5,45.27,37.51,50632,8,46.34,35.73,31045,9,46.86,36.15,152199,6,45.69,36.73,26429,9,46.13,37.19,27574,8,46.11,37.16
478329,2026-07-15T00:05:50.687933,wine,31952,8,44.89,37.17,121355,6,44.69,37.54,161718,5,45.32,37.42,50632,8,46.37,35.65,31045,9,46.88,36.09,151389,6,45.7,36.68,26429,9,46.15,37.15,27574,8,46.13,37.07
478679,2026-07-15T00:05:51.037029,wine,31952,8,44.91,36.88,115680,6,44.7,37.48,161718,5,45.34,37.31,52631,8,46.39,35.61,31045,9,46.9,36.05,151389,7,45.97,36.64,26429,9,46.17,37.09,28193,8,46.16,37.01
479029,2026-07-15T00:05:51.390438,wine,32512,9,44.94,37.08,115680,7,44.96,37.46,161718,5,45.38,37.23,52631,9,46.41,35.55,31090,9,46.91,36.01,151389,7,46.21,36.6,26845,9,46.18,37.01,28193,9,46.19,36.93
479379,2026-07-15T00:05:51.727679,wine,32512,9,44.97,37.01,115680,7,45.17,37.44,156670,5,45.4,37.14,52631,9,46.43,35.48,31090,0,46.93,35.94,151389,7,46.34,36.52,26845,0,46.2,36.97,28193,9,46.21,36.88
479729,2026-07-15T00:05:52.088925,wine,32512,9,44.98,36.94,115680,7,45.3,37.37,156670,6,45.43,37.07,52631,9,46.46,35.41,31090,0,46.95,35.91,151389,7,46.43,36.44,26845,0,46.22,36.92,28193,9,46.22,36.81
480079,2026-07-15T00:05:52.429963,wine,32512,9,45.0,36.92,115680,7,45.39,37.29,156670,6,45.45,37.01,52631,9,46.48,35.36,31090,0,46.96,35.86,48586,7,46.5,36.35,26845,0,46.23,36.89,28193,9,46.24,36.75
480429,2026-07-15T00:05:52.776725,wine,32786,9,45.01,36.85,46766,7,45.45,37.21,156670,6,45.46,36.92,53255,9,46.5,35.31,31090,0,46.97,35.82,48586,8,46.54,36.24,26845,0,46.25,36.84,28686,9,46.27,36.7
480779,2026-07-15T00:05:53.212356,wine,32786,0,45.03,36.86,46766,8,45.5,37.1,156670,6,45.48,36.89,53255,0,46.52,35.27,31067,0,47.0,35.78,48586,8,46.59,36.16,27067,0,46.26,36.8,28686,0,46.29,36.66
481129,2026-07-15T00:05:53.486773,wine,32786,0,45.05,36.8,46766,8,45.54,37.02,151255,6,45.5,36.82,53255,0,46.53,35.24,31067,1,46.29,35.74,48586,8,46.62,36.06,27067,1,45.61,36.67,28686,0,46.31,36.62
481479,2026-07-15T00:05:53.836886,wine,32786,0,45.06,36.79,46766,8,45.58,36.93,151255,7,45.76,36.79,53255,0,46.55,35.2,438637,2,45.48,35.69,48586,8,46.66,35.98,491362,1,45.11,36.63,28686,0,46.32,36.58
481829,2026-07-15T00:05:54.178100,wine,32786,0,45.07,36.73,46766,8,45.6,36.85,151255,7,45.99,36.74,53255,0,46.56,35.16,438637,2,45.32,35.79,48808,8,46.69,35.88,491362,2,44.84,36.71,28686,0,46.34,36.51
482179,2026-07-15T00:05:54.532345,wine,33195,0,45.09,36.72,49316,8,45.63,36.79,151255,7,46.12,36.68,53997,0,46.58,35.14,438637,2,45.21,35.93,48808,9,46.71,35.81,491362,2,44.68,36.78,29257,0,46.34,36.48
482529,2026-07-15T00:05:54.882099,wine,33195,1,44.42,36.59,49316,9,45.66,36.74,151255,7,46.21,36.57,53997,1,45.92,35.01,438637,2,45.12,36.08,48808,9,46.73,35.75,491362,2,44.58,36.94,29257,1,45.7,36.36
482879,2026-07-15T00:05:55.232444,wine,605022,1,43.94,36.57,49316,9,45.68,36.67,55870,7,46.27,36.51,1308626,1,45.4,34.97,438637,2,45.07,36.23,48808,9,46.75,35.7,491362,2,44.51,37.07,546424,1,45.19,36.33
483229,2026-07-15T00:05:55.587247,wine,605022,2,43.7,36.64,49316,9,45.7,36.6,55870,8,46.32,36.4,1308626,2,45.15,35.05,438637,2,45.02,36.36,48808,9,46.76,35.63,491362,2,44.45,37.21,546424,2,44.93,36.38
483579,2026-07-15T00:05:55.937093,wine,605022,2,43.58,36.75,49316,9,45.72,36.54,55870,8,46.36,36.31,1308626,2,44.99,35.13,438637,2,44.98,36.49,49202,9,46.77,35.56,491362,2,44.42,37.34,546424,2,44.77,36.47
483929,2026-07-15T00:05:56.287106,wine,605022,2,43.5,36.88,50215,9,45.73,36.47,55870,8,46.4,36.23,1308626,2,44.88,35.24,438637,2,44.95,36.62,49202,0,46.79,35.5,491362,2,44.38,37.47,546424,2,44.67,36.62
484279,2026-07-15T00:05:56.622511,wine,605022,2,43.45,36.99,50215,0,45.75,36.43,55870,8,46.42,36.12,1308626,2,44.8,35.38,438637,2,44.94,36.75,49202,0,46.8,35.48,491362,2,44.36,37.6,546424,2,44.6,36.71
484629,2026-07-15T00:05:56.986973,wine,605022,2,43.42,37.13,50215,0,45.75,36.4,58115,8,46.44,36.04,1308626,2,44.76,35.53,415922,2,44.92,36.87,49202,0,46.81,35.43,491362,2,44.34,37.71,546424,2,44.54,36.85
484979,2026-07-15T00:05:57.337047,wine,605022,2,43.39,37.26,50215,0,45.76,36.34,58115,9,46.46,35.96,1308626,2,44.72,35.65,415922,3,44.9,36.97,49202,0,46.81,35.37,375229,2,44.32,37.83,546424,2,44.5,36.99
485329,2026-07-15T00:05:57.686343,wine,605022,2,43.38,37.38,50215,0,45.77,36.32,58115,9,46.47,35.9,1308626,2,44.69,35.76,415922,3,44.89,37.05,49430,0,46.82,35.33,375229,3,44.3,37.86,546424,2,44.46,37.13
485679,2026-07-15T00:05:58.036729,wine,605022,2,43.38,37.47,49805,0,45.78,36.27,58115,9,46.49,35.82,1308626,2,44.67,35.87,415922,3,44.88,37.16,49430,1,46.11,35.21,375229,3,44.28,38.1,546424,2,44.43,37.25
486029,2026-07-15T00:05:58.386914,wine,605022,2,43.37,37.59,49805,1,45.08,36.16,58115,9,46.5,35.75,1308626,2,44.65,36.0,415922,3,44.87,37.23,817891,1,45.56,35.17,375229,3,44.26,38.15,546424,2,44.42,37.36
486379,2026-07-15T00:05:58.725013,wine,467473,2,43.37,37.66,1230769,1,44.57,36.13,59576,9,46.51,35.7,875026,2,44.64,36.11,415922,3,44.86,37.32,817891,2,45.27,35.24,375229,3,44.25,38.25,423928,2,44.39,37.47
486729,2026-07-15T00:05:59.089972,wine,467473,3,43.36,37.72,1230769,2,44.31,36.2,59576,0,46.51,35.63,875026,3,44.63,36.19,415922,3,44.85,37.37,817891,2,45.1,35.35,375229,3,44.24,38.32,423928,3,44.37,37.55
487079,2026-07-15T00:05:59.424819,wine,467473,3,43.35,37.81,1230769,2,44.15,36.29,59576,0,46.52,35.58,875026,3,44.62,36.28,415922,3,44.84,37.43,817891,2,44.97,35.49,375229,3,44.23,38.39,423928,3,44.35,37.64
487429,2026-07-15T00:05:59.773737,wine,467473,3,43.35,37.88,1230769,2,44.05,36.43,59576,0,46.53,35.52,875026,3,44.61,36.36,415922,3,44.83,37.49,817891,2,44.89,35.6,375229,3,44.23,38.43,423928,3,44.34,37.72
487779,2026-07-15T00:06:00.137031,wine,467473,3,43.34,37.93,1230769,2,43.97,36.56,59576,0,46.53,35.47,875026,3,44.61,36.42,415922,3,44.82,37.54,817891,2,44.82,35.74,375229,3,44.22,38.49,423928,3,44.33,37.8
488129,2026-07-15T00:06:00.480712,wine,467473,3,43.34,37.98,1230769,2,43.92,36.73,60122,0,46.53,35.44,875026,3,44.6,36.48,415922,3,44.82,37.59,817891,2,44.78,35.89,375229,3,44.21,38.53,423928,3,44.31,37.89
488479,2026-07-15T00:06:00.833649,wine,467473,3,43.32,38.03,1230769,2,43.88,36.87,60122,1,45.84,35.33,875026,3,44.59,36.54,415922,3,44.8,37.63,817891,2,44.73,36.02,375229,3,44.2,38.57,423928,3,44.3,37.94
488829,2026-07-15T00:06:01.187307,wine,467473,3,43.32,38.08,1230769,2,43.84,36.98,1550340,1,45.32,35.31,875026,3,44.59,36.59,415922,3,44.79,37.66,817891,2,44.69,36.14,375229,3,44.19,38.61,423928,3,44.29,37.99
489179,2026-07-15T00:06:01.528663,wine,467473,3,43.31,38.12,1230769,2,43.81,37.12,1550340,2,45.04,35.37,875026,3,44.59,36.63,415922,3,44.79,37.71,817891,2,44.67,36.3,375229,3,44.19,38.65,423928,3,44.28,38.05
489529,2026-07-15T00:06:01.883404,wine,467473,3,43.31,38.15,1230769,2,43.79,37.21,1550340,2,44.88,35.5,875026,3,44.58,36.69,415922,3,44.78,37.76,732213,2,44.64,36.52,375229,3,44.17,38.68,423928,3,44.27,38.12
489879,2026-07-15T00:06:02.235769,wine,467473,3,43.3,38.2,792723,2,43.77,37.35,1550340,2,44.77,35.63,875026,3,44.58,36.75,415922,3,44.77,37.78,732213,3,44.62,36.42,375229,3,44.17,38.72,423928,3,44.26,38.15
490229,2026-07-15T00:06:02.586853,wine,467473,3,43.3,38.23,792723,3,43.75,37.47,1550340,2,44.7,35.79,875026,3,44.57,36.79,415922,3,44.76,37.81,732213,3,44.59,36.66,375229,3,44.16,38.75,423928,3,44.25,38.2
490579,2026-07-15T00:06:02.935553,wine,467473,3,43.29,38.27,792723,3,43.74,37.56,1550340,2,44.64,35.93,875026,3,44.55,36.82,415922,3,44.75,37.86,732213,3,44.58,36.77,375229,3,44.15,38.77,423928,3,44.24,38.25
490929,2026-07-15T00:06:03.288189,wine,467473,3,43.28,38.29,792723,3,43.73,37.66,1550340,2,44.58,36.06,875026,3,44.55,36.86,415922,3,44.75,37.88,732213,3,44.56,36.84,375229,3,44.15,38.78,423928,3,44.24,38.3
491279,2026-07-15T00:06:03.632051,wine,467473,3,43.27,38.31,792723,3,43.72,37.77,1550340,2,44.54,36.18,875026,3,44.54,36.99,415922,3,44.75,37.91,732213,3,44.55,36.91,375229,3,44.14,38.82,423928,3,44.22,38.3
491629,2026-07-15T00:06:03.987023,wine,467473,3,43.27,38.33,792723,3,43.7,37.7,1550340,2,44.52,36.3,875026,3,44.53,36.99,415922,3,44.74,37.92,732213,3,44.53,36.97,375229,3,44.14,38.85,423928,3,44.22,38.35
491979,2026-07-15T00:06:04.327602,wine,467473,3,43.26,38.36,792723,3,43.69,37.91,1550340,2,44.49,36.4,875026,3,44.52,36.98,415922,3,44.73,37.95,732213,3,44.52,37.03,375229,3,44.13,38.86,423928,3,44.21,38.38
492329,2026-07-15T00:06:04.686686,wine,467473,3,43.26,38.36,792723,3,43.68,37.97,1018652,2,44.47,36.52,875026,3,44.51,37.0,415922,3,44.73,37.97,732213,3,44.52,37.08,375229,3,44.12,38.89,423928,3,44.2,38.4
492679,2026-07-15T00:06:05.034046,wine,467473,3,43.25,38.38,792723,3,43.68,37.97,1018652,3,44.45,36.58,875026,3,44.49,37.03,415922,3,44.72,38.0,732213,3,44.5,37.12,375229,3,44.12,38.92,423928,3,44.2,38.41
493029,2026-07-15T00:06:05.387534,wine,467473,3,43.25,38.4,792723,3,43.66,38.13,1018652,3,44.43,36.67,875026,3,44.49,37.04,415922,3,44.71,38.02,732213,3,44.5,37.17,375229,3,44.11,38.94,423928,3,44.19,38.45
493379,2026-07-15T00:06:05.736765,wine,467473,3,43.23,38.39,792723,3,43.65,38.17,1018652,3,44.42,36.76,875026,3,44.48,37.04,415922,3,44.71,38.03,732213,3,44.48,37.21,375229,3,44.1,38.95,423928,3,44.18,38.48
493729,2026-07-15T00:06:06.087029,wine,467473,3,43.24,38.42,792723,3,43.64,38.22,1018652,3,44.4,36.85,875026,3,44.47,37.08,415922,3,44.7,38.05,732213,3,44.48,37.26,375229,3,44.1,38.97,423928,3,44.18,38.53
494079,2026-07-15T00:06:06.435723,wine,467473,3,43.23,38.43,792723,3,43.64,38.26,1018652,3,44.39,36.9,875026,3,44.47,37.09,415922,3,44.7,38.06,732213,3,44.48,37.28,375229,3,44.09,38.99,423928,3,44.16,38.54
494429,2026-07-15T00:06:06.777011,wine,467473,3,43.23,38.44,792723,3,43.62,38.3,1018652,3,44.38,36.98,875026,3,44.47,37.13,415922,3,44.7,38.09,732213,3,44.47,37.34,375229,3,44.09,39.01,423928,3,44.16,38.54
494779,2026-07-15T00:06:07.125606,wine,467473,3,43.22,38.46,792723,3,43.62,38.33,1018652,3,44.37,37.04,875026,3,44.44,37.14,415922,3,44.69,38.1,732213,3,44.46,37.37,375229,3,44.08,39.01,423928,3,44.15,38.57
495129,2026-07-15T00:06:07.617994,wine,467473,3,43.21,38.47,792723,3,43.62,38.35,1018652,3,44.36,37.09,875026,3,44.45,37.15,442906,3,44.69,38.1,732213,3,44.46,37.39,358794,3,44.08,39.04,423928,3,44.15,38.58
495479,2026-07-15T00:06:07.833302,wine,467473,3,43.21,38.51,792723,3,43.61,38.4,1018652,3,44.34,37.14,875026,3,44.44,37.2,442906,4,45.13,38.2,732213,3,44.45,37.43,358794,4,44.49,39.11,423928,3,44.14,38.6
495829,2026-07-15T00:06:08.186486,wine,467473,3,43.2,38.53,792723,3,43.6,38.44,1018652,3,44.34,37.21,875026,3,44.43,37.21,442906,4,45.47,38.19,732213,3,44.45,37.46,358794,4,44.81,39.11,423928,3,44.13,38.63
496179,2026-07-15T00:06:08.531359,wine,467473,3,43.18,38.56,792723,3,43.6,38.46,1018652,3,44.33,37.26,875026,3,44.43,37.22,442906,4,45.64,38.14,732213,3,44.45,37.48,358794,4,44.97,39.06,423928,3,44.13,38.65
496529,2026-07-15T00:06:08.878518,wine,467473,3,43.18,38.57,792723,3,43.6,38.48,1018652,3,44.33,37.32,688634,3,44.42,37.22,442906,4,45.75,38.03,732213,3,44.44,37.53,358794,4,45.06,38.95,423928,3,44.13,38.66
496879,2026-07-15T00:06:09.226719,wine,432523,3,43.18,38.59,792723,3,43.59,38.54,1018652,3,44.31,37.36,688634,4,44.86,37.32,95273,4,45.82,37.93,732213,3,44.44,37.56,69021,4,45.13,38.86,402199,3,44.13,38.67
497229,2026-07-15T00:06:09.579181,wine,432523,4,43.62,38.66,792723,3,43.59,38.54,1018652,3,44.31,37.39,688634,4,45.18,37.34,95273,5,45.87,37.81,732213,3,44.43,37.58,69021,5,45.17,38.76,402199,4,44.55,38.75
497579,2026-07-15T00:06:09.931052,wine,432523,4,43.94,38.68,792723,3,43.59,38.57,1018652,3,44.3,37.45,688634,4,45.33,37.27,95273,5,45.92,37.71,732213,3,44.44,37.59,69021,5,45.2,38.65,402199,4,44.86,38.77
497929,2026-07-15T00:06:10.285102,wine,432523,4,44.08,38.61,792723,3,43.59,38.59,1018652,3,44.3,37.47,688634,4,45.43,37.19,95273,5,45.94,37.61,732213,3,44.44,37.6,69021,5,45.23,38.54,402199,4,45.04,38.71
498279,2026-07-15T00:06:10.632245,wine,432523,4,44.16,38.5,792723,3,43.58,38.65,1018652,3,44.29,37.49,125183,4,45.51,37.1,95273,5,45.97,37.51,732213,3,44.44,37.63,69021,5,45.25,38.45,402199,4,45.14,38.62
498629,2026-07-15T00:06:10.982111,wine,80553,4,44.2,38.45,792723,3,43.58,38.65,1018652,3,44.29,37.54,125183,5,45.56,37.0,94013,5,45.99,37.43,732213,3,44.44,37.65,66441,5,45.26,38.37,75294,4,45.19,38.53
498979,2026-07-15T00:06:11.344379,wine,80553,5,44.25,38.32,792723,3,43.58,38.68,1018652,3,44.28,37.58,125183,5,45.58,36.91,94013,6,46.01,37.35,732213,3,44.43,37.66,66441,6,45.28,38.29,75294,5,45.24,38.42
499329,2026-07-15T00:06:11.687379,wine,80553,5,44.27,38.23,792723,3,43.58,38.69,1018652,3,44.29,37.58,125183,5,45.6,36.82,94013,6,46.02,37.27,732213,3,44.44,37.68,66441,6,45.29,38.22,75294,5,45.28,38.33
499679,2026-07-15T00:06:12.036266,wine,80553,5,44.28,38.13,792723,3,43.59,38.72,1018652,3,44.29,37.64,125183,5,45.63,36.73,94013,6,46.04,37.19,697072,3,44.44,37.7,66441,6,45.31,38.15,75294,5,45.3,38.23
500029,2026-07-15T00:06:12.385527,wine,80553,5,44.3,38.07,646260,3,43.59,38.73,1018652,3,44.29,37.67,120840,5,45.64,36.65,94013,6,46.05,37.14,697072,4,44.89,37.78,66441,6,45.33,38.1,75294,5,45.32,38.13
500379,2026-07-15T00:06:12.736328,wine,77481,5,44.31,37.98,646260,4,44.02,38.8,1018652,3,44.29,37.68,120840,6,45.67,36.56,90555,6,46.06,37.07,697072,4,45.22,37.77,64337,6,45.33,38.02,73101,5,45.35,38.04
500729,2026-07-15T00:06:13.073548,wine,77481,6,44.32,37.9,646260,4,44.34,38.81,1018652,3,44.29,37.72,120840,6,45.68,36.5,90555,7,46.31,37.05,697072,4,45.4,37.7,64337,7,45.57,38.0,73101,6,45.36,37.95
501079,2026-07-15T00:06:13.432074,wine,77481,6,44.33,37.84,646260,4,44.5,38.77,1018652,3,44.29,37.72,120840,6,45.69,36.43,90555,7,46.53,37.01,697072,4,45.5,37.64,64337,7,45.78,37.96,73101,6,45.37,37.88
501429,2026-07-15T00:06:13.786410,wine,77481,6,44.33,37.8,646260,4,44.59,38.66,1018652,3,44.29,37.75,120840,6,45.71,36.39,90555,7,46.66,36.92,149532,4,45.57,37.53,64337,7,45.92,37.91,73101,6,45.39,37.82
501779,2026-07-15T00:06:14.136210,wine,77481,6,44.34,37.73,121269,4,44.66,38.56,1018652,3,44.3,37.77,114362,6,45.71,36.34,90555,7,46.74,36.85,149532,5,45.63,37.39,64337,7,46.0,37.83,73101,6,45.4,37.76
502129,2026-07-15T00:06:14.477569,wine,74181,6,44.35,37.69,121269,5,44.71,38.45,1018652,3,44.3,37.77,114362,7,45.95,36.32,29540,7,46.8,36.75,149532,5,45.67,37.31,24587,7,46.05,37.74,71388,6,45.41,37.71
502479,2026-07-15T00:06:14.836004,wine,74181,7,44.58,37.67,121269,5,44.74,38.35,1018652,3,44.3,37.79,114362,7,46.14,36.28,29540,8,46.84,36.68,149532,5,45.7,37.2,24587,8,46.1,37.65,71388,7,45.66,37.67
502829,2026-07-15T00:06:15.174065,wine,74181,7,44.77,37.64,121269,5,44.77,38.26,798751,3,44.3,37.79,114362,7,46.27,36.22,29540,8,46.92,36.49,149532,5,45.74,37.1,24587,8,46.14,37.57,71388,7,45.86,37.63
503179,2026-07-15T00:06:15.528018,wine,74181,7,44.88,37.58,121269,5,44.8,38.13,798751,4,44.74,37.84,114362,7,46.36,36.14,29540,8,46.95,36.4,149010,5,45.76,37.02,24587,8,46.17,37.47,71388,7,45.99,37.56
503529,2026-07-15T00:06:15.886140,wine,74181,7,44.95,37.49,115211,5,44.82,38.06,798751,4,45.07,37.83,46059,7,46.41,36.05,29581,8,46.97,36.32,149010,6,45.78,36.92,24587,8,46.19,37.39,71388,7,46.06,37.48
503879,2026-07-15T00:06:16.224872,wine,30317,7,45.0,37.42,115211,6,44.83,37.99,798751,4,45.23,37.75,46059,8,46.46,35.96,29581,9,46.99,36.24,149010,6,45.81,36.85,25528,8,46.22,37.3,27187,7,46.13,37.39
504229,2026-07-15T00:06:16.577943,wine,30317,8,45.03,37.35,115211,6,44.86,37.9,798751,4,45.34,37.66,46059,8,46.5,35.88,29581,9,47.02,36.17,149010,6,45.82,36.77,25528,9,46.24,37.25,27187,8,46.17,37.29
504579,2026-07-15T00:06:16.930499,wine,30317,8,45.05,37.27,115211,6,44.87,37.83,154402,4,45.41,37.53,46059,8,46.53,35.81,29581,9,47.03,36.12,149010,6,45.85,36.68,25528,9,46.26,37.18,27187,8,46.21,37.19
504929,2026-07-15T00:06:17.285104,wine,30317,8,45.08,37.21,115211,6,44.88,37.76,154402,5,45.47,37.41,46059,8,46.56,35.73,29581,9,47.05,36.03,147976,6,45.86,36.62,25528,9,46.28,37.11,27187,8,46.23,37.11
505279,2026-07-15T00:06:17.628758,wine,30317,8,45.1,37.13,110012,6,44.9,37.72,154402,5,45.51,37.31,49259,8,46.58,35.67,29871,9,47.07,35.98,147976,7,46.13,36.58,25528,9,46.3,37.06,27187,8,46.28,37.04
505629,2026-07-15T00:06:17.987992,wine,31158,8,45.11,37.06,110012,7,45.16,37.68,154402,5,45.54,37.21,49259,9,46.6,35.62,29871,0,47.08,35.93,147976,7,46.37,36.52,26186,9,46.32,36.96,28212,8,46.31,37.04
505979,2026-07-15T00:06:18.335604,wine,31158,9,45.14,37.0,110012,7,45.38,37.63,154402,5,45.56,37.09,49259,9,46.62,35.55,29871,0,47.1,35.88,147976,7,46.5,36.46,26186,0,46.33,36.92,28212,9,46.33,36.82
506329,2026-07-15T00:06:18.682005,wine,31158,9,45.15,36.93,110012,7,45.51,37.56,150322,5,45.59,37.0,49259,9,46.65,35.48,29871,0,47.12,35.84,147976,7,46.59,36.36,26186,0,46.35,36.88,28212,9,46.38,36.73
506679,2026-07-15T00:06:19.043525,wine,31158,9,45.17,36.92,110012,7,45.59,37.48,150322,6,45.62,36.91,49259,9,46.67,35.43,29871,0,47.13,35.81,46817,7,46.65,36.25,26186,0,46.37,36.94,28212,9,46.38,36.67
507029,2026-07-15T00:06:19.383191,wine,31158,9,45.18,36.8,43389,7,45.65,37.39,150322,6,45.63,36.82,50632,9,46.68,35.38,30124,0,47.15,35.75,46817,8,46.71,36.15,26578,0,46.4,36.74,28880,9,46.41,36.62
507379,2026-07-15T00:06:19.736918,wine,31856,9,45.2,36.81,43389,8,45.71,37.31,150322,6,45.66,36.76,50632,0,46.7,35.32,30124,1,46.44,35.62,46817,8,46.75,36.02,26578,1,45.74,36.62,28880,0,46.42,36.55
507729,2026-07-15T00:06:20.076665,wine,31856,0,45.23,36.73,43389,8,45.75,37.19,150322,6,45.68,36.68,50632,0,46.71,35.28,412404,1,45.92,35.6,46817,8,46.78,35.94,474293,1,45.24,36.59,28880,0,46.44,36.47
508079,2026-07-15T00:06:20.437812,wine,31856,0,45.25,36.68,43389,8,45.78,37.11,144103,6,45.7,36.62,50632,0,46.73,35.23,412404,2,45.63,35.65,46817,8,46.82,35.85,474293,2,44.97,36.63,28880,0,46.46,36.45
508429,2026-07-15T00:06:20.786937,wine,31856,0,45.26,36.65,43389,8,45.81,37.03,144103,7,45.96,36.58,50632,0,46.75,35.2,412404,2,45.46,35.77,48120,8,46.85,35.76,474293,2,44.81,36.74,28880,0,46.47,36.38
508779,2026-07-15T00:06:21.135960,wine,32241,0,45.28,36.62,45181,8,45.84,36.94,144103,7,46.18,36.55,51581,0,46.76,35.17,412404,2,45.35,35.89,48120,9,46.86,35.68,474293,2,44.71,36.85,29277,0,46.48,36.35
509129,2026-07-15T00:06:21.485951,wine,32241,1,44.61,36.51,45181,9,45.86,36.86,144103,7,46.31,36.48,51581,1,46.09,35.03,412404,2,45.28,36.03,48120,9,46.88,35.62,474293,2,44.63,36.98,29277,1,45.82,36.22
509479,2026-07-15T00:06:21.832030,wine,574957,1,44.12,36.47,45181,9,45.88,36.8,144103,7,46.4,36.39,1199414,1,45.59,35.0,412404,2,45.22,36.16,48120,9,46.9,35.53,474293,2,44.58,37.11,548179,1,45.31,36.16
509829,2026-07-15T00:06:22.172874,wine,574957,2,43.89,36.54,45181,9,45.9,36.73,54654,7,46.46,36.29,1199414,2,45.31,35.05,412404,2,45.18,36.3,48120,9,46.91,35.47,474293,2,44.54,37.25,548179,2,45.07,36.24
510179,2026-07-15T00:06:22.525574,wine,574957,2,43.75,36.65,45181,9,45.91,36.67,54654,8,46.51,36.18,1199414,2,45.17,35.16,412404,2,45.14,36.45,48448,9,46.93,35.41,474293,2,44.51,37.37,548179,2,44.9,36.32
510529,2026-07-15T00:06:22.997441,wine,574957,2,43.68,36.78,46766,9,45.91,36.61,54654,8,46.55,36.09,1199414,2,45.06,35.25,412404,2,45.11,36.56,48448,0,46.94,35.36,474293,2,44.49,37.48,548179,2,44.8,36.45
510879,2026-07-15T00:06:23.235756,wine,574957,2,43.63,36.92,46766,0,45.93,36.56,54654,8,46.58,36.01,1199414,2,44.99,35.4,412404,2,45.08,36.68,48448,0,46.94,35.33,474293,2,44.46,37.61,548179,2,44.72,36.56
511229,2026-07-15T00:06:23.585860,wine,574957,2,43.6,37.04,46766,0,45.94,36.5,54654,8,46.61,35.93,1199414,2,44.94,35.51,400312,2,45.06,36.8,48448,0,46.96,35.25,360309,2,44.45,37.71,548179,2,44.67,36.69
511579,2026-07-15T00:06:23.935127,wine,574957,2,43.58,37.16,46766,0,45.95,36.42,57066,8,46.63,35.84,1199414,2,44.9,35.66,400312,3,45.05,36.9,48448,0,46.96,35.22,360309,3,44.43,37.81,548179,2,44.62,36.83
511929,2026-07-15T00:06:24.286116,wine,574957,2,43.55,37.27,46766,0,45.95,36.39,57066,9,46.65,35.78,1199414,2,44.87,35.76,400312,3,45.03,36.99,49060,0,46.97,35.17,360309,3,44.41,37.89,548179,2,44.59,36.96
512279,2026-07-15T00:06:24.634597,wine,574957,2,43.55,37.41,48808,0,45.96,36.34,57066,9,46.65,35.7,1199414,2,44.84,35.89,400312,3,45.02,37.08,49060,1,46.25,35.07,360309,3,44.4,37.99,548179,2,44.57,37.08
512629,2026-07-15T00:06:24.986607,wine,574957,2,43.55,37.49,48808,1,45.27,36.2,57066,9,46.67,35.66,1199414,2,44.83,35.97,400312,3,45.01,37.16,804399,1,45.71,35.03,360309,3,44.38,38.06,548179,2,44.54,37.2
512979,2026-07-15T00:06:25.324863,wine,450803,2,43.54,37.58,1167616,1,44.76,36.17,57066,9,46.68,35.61,818381,2,44.82,36.07,400312,3,45.0,37.25,804399,2,45.42,35.1,360309,3,44.38,38.15,424455,2,44.52,37.31
513329,2026-07-15T00:06:25.674610,wine,450803,3,43.54,37.67,1167616,2,44.5,36.24,58314,9,46.69,35.57,818381,3,44.8,36.19,400312,3,44.99,37.29,804399,2,45.25,35.22,360309,3,44.37,38.22,424455,3,44.51,37.43
513679,2026-07-15T00:06:26.024485,wine,450803,3,43.52,37.74,1167616,2,44.34,36.33,58314,0,46.7,35.51,818381,3,44.79,36.26,400312,3,44.98,37.36,804399,2,45.13,35.36,360309,3,44.36,38.26,424455,3,44.48,37.5
514029,2026-07-15T00:06:26.402645,wine,450803,3,43.53,37.81,1167616,2,44.24,36.47,58314,0,46.7,35.48,818381,3,44.79,36.33,400312,3,44.98,37.42,804399,2,45.03,35.5,360309,3,44.35,38.32,424455,3,44.47,37.58
514379,2026-07-15T00:06:26.727985,wine,450803,3,43.52,37.9,1167616,2,44.15,36.61,58314,0,46.71,35.45,818381,3,44.78,36.38,400312,3,44.97,37.47,804399,2,44.97,35.64,360309,3,44.33,38.39,424455,3,44.46,37.66
514729,2026-07-15T00:06:27.081843,wine,450803,3,43.51,37.94,1167616,2,44.1,36.75,58314,0,46.72,35.4,818381,3,44.78,36.48,400312,3,44.96,37.51,804399,2,44.93,35.8,360309,3,44.33,38.42,424455,3,44.44,37.73
515079,2026-07-15T00:06:27.425172,wine,450803,3,43.5,37.98,1167616,2,44.05,36.88,59122,0,46.72,35.37,818381,3,44.77,36.52,400312,3,44.95,37.55,804399,2,44.88,35.9,360309,3,44.33,38.46,424455,3,44.44,37.8
515429,2026-07-15T00:06:27.784802,wine,450803,3,43.5,38.05,1167616,2,44.02,37.0,59122,1,46.02,35.26,818381,3,44.77,36.56,400312,3,44.94,37.6,804399,2,44.85,36.04,360309,3,44.32,38.52,424455,3,44.43,37.86
515779,2026-07-15T00:06:28.135868,wine,450803,3,43.49,38.08,1167616,2,43.99,37.13,1480303,1,45.5,35.25,818381,3,44.76,36.62,400312,3,44.94,37.64,804399,2,44.82,36.18,360309,3,44.31,38.56,424455,3,44.42,37.92
516129,2026-07-15T00:06:28.479789,wine,450803,3,43.49,38.11,1167616,2,43.97,37.25,1480303,2,45.23,35.31,818381,3,44.75,36.67,400312,3,44.93,37.67,708650,2,44.8,36.28,360309,3,44.3,38.59,424455,3,44.4,37.99
516479,2026-07-15T00:06:28.835874,wine,450803,3,43.49,38.17,748264,2,43.96,37.36,1480303,2,45.06,35.43,818381,3,44.75,36.72,400312,3,44.92,37.72,708650,3,44.77,36.35,360309,3,44.29,38.62,424455,3,44.4,38.03
516829,2026-07-15T00:06:29.174216,wine,450803,3,43.48,38.19,748264,3,43.94,37.48,1480303,2,44.95,35.59,818381,3,44.74,36.74,400312,3,44.91,37.74,708650,3,44.75,36.49,360309,3,44.28,38.65,424455,3,44.38,38.07
517179,2026-07-15T00:06:29.536559,wine,450803,3,43.47,38.21,748264,3,43.92,37.54,1480303,2,44.87,35.71,818381,3,44.74,36.79,400312,3,44.9,37.78,708650,3,44.73,36.57,360309,3,44.28,38.67,424455,3,44.38,38.11
517529,2026-07-15T00:06:29.886286,wine,450803,3,43.47,38.25,748264,3,43.91,37.64,1480303,2,44.81,35.86,818381,3,44.73,36.82,400312,3,44.9,37.81,708650,3,44.72,36.68,360309,3,44.28,38.7,424455,3,44.36,38.17
517879,2026-07-15T00:06:30.228303,wine,450803,3,43.45,38.28,748264,3,43.9,37.71,1480303,2,44.77,35.99,818381,3,44.72,36.84,400312,3,44.89,37.82,708650,3,44.7,36.75,360309,3,44.26,38.72,424455,3,44.35,38.2
518229,2026-07-15T00:06:30.585554,wine,450803,3,43.45,38.3,748264,3,43.88,37.8,1480303,2,44.73,36.13,818381,3,44.72,36.9,400312,3,44.89,37.85,708650,3,44.68,36.81,360309,3,44.26,38.77,424455,3,44.34,38.23
518579,2026-07-15T00:06:30.933610,wine,450803,3,43.44,38.32,748264,3,43.88,37.85,1480303,2,44.69,36.25,818381,3,44.7,36.79,400312,3,44.88,37.86,708650,3,44.68,36.86,360309,3,44.26,38.78,424455,3,44.33,38.26
518929,2026-07-15T00:06:31.286194,wine,450803,3,43.44,38.33,748264,3,43.87,37.94,1480303,2,44.67,36.36,818381,3,44.69,36.93,400312,3,44.87,37.91,708650,3,44.67,36.93,360309,3,44.25,38.79,424455,3,44.33,38.29
519279,2026-07-15T00:06:31.632746,wine,450803,3,43.43,38.36,748264,3,43.85,37.97,983433,2,44.66,36.46,818381,3,44.68,36.95,400312,3,44.86,37.91,708650,3,44.66,37.01,360309,3,44.24,38.82,424455,3,44.33,38.32
519629,2026-07-15T00:06:31.987266,wine,450803,3,43.42,38.38,748264,3,43.86,38.05,983433,3,44.63,36.58,818381,3,44.68,36.99,400312,3,44.86,37.91,708650,3,44.65,37.04,360309,3,44.24,38.85,424455,3,44.32,38.36
519979,2026-07-15T00:06:32.336157,wine,450803,3,43.41,38.4,748264,3,43.85,38.07,983433,3,44.61,36.65,818381,3,44.66,37.0,400312,3,44.86,37.94,708650,3,44.65,37.08,360309,3,44.23,38.85,424455,3,44.31,38.37
520329,2026-07-15T00:06:32.685823,wine,450803,3,43.41,38.4,748264,3,43.83,38.12,983433,3,44.59,36.75,818381,3,44.66,37.02,400312,3,44.85,37.96,708650,3,44.63,37.13,360309,3,44.23,38.88,424455,3,44.3,38.38
520679,2026-07-15T00:06:33.036600,wine,450803,3,43.41,38.44,748264,3,43.83,38.16,983433,3,44.58,36.8,818381,3,44.65,37.04,400312,3,44.84,37.98,708650,3,44.63,37.17,360309,3,44.22,38.88,424455,3,44.3,38.41
521029,2026-07-15T00:06:33.394300,wine,450803,3,43.4,38.45,748264,3,43.82,38.22,983433,3,44.56,36.88,818381,3,44.64,37.07,400312,3,44.84,37.98,708650,3,44.62,37.2,360309,3,44.22,38.92,424455,3,44.3,38.41
521379,2026-07-15T00:06:33.725568,wine,450803,3,43.39,38.47,748264,3,43.82,38.25,983433,3,44.55,36.94,818381,3,44.63,37.07,400312,3,44.83,38.01,708650,3,44.61,37.23,360309,3,44.22,38.91,424455,3,44.29,38.42
521729,2026-07-15T00:06:34.082011,wine,450803,3,43.38,38.46,748264,3,43.81,38.27,983433,3,44.54,37.01,818381,3,44.62,37.1,429800,3,44.83,38.04,708650,3,44.61,37.27,353591,3,44.2,38.93,424455,3,44.28,38.46
522079,2026-07-15T00:06:34.435969,wine,450803,3,43.38,38.49,748264,3,43.8,38.32,983433,3,44.54,37.09,818381,3,44.62,37.12,429800,4,45.29,38.08,708650,3,44.61,37.29,353591,4,44.62,38.98,424455,3,44.27,38.46
522429,2026-07-15T00:06:34.773653,wine,450803,3,43.37,38.5,748264,3,43.79,38.35,983433,3,44.52,37.13,818381,3,44.62,37.13,429800,4,45.61,38.09,708650,3,44.6,37.33,353591,4,44.94,39.0,424455,3,44.27,38.48
522779,2026-07-15T00:06:35.120328,wine,450803,3,43.37,38.5,748264,3,43.79,38.38,983433,3,44.52,37.17,818381,3,44.61,37.14,429800,4,45.8,38.05,708650,3,44.6,37.36,353591,4,45.1,38.93,424455,3,44.27,38.47
523129,2026-07-15T00:06:35.487673,wine,450803,3,43.36,38.53,748264,3,43.78,38.42,983433,3,44.51,37.21,659368,3,44.6,37.17,429800,4,45.9,37.94,708650,3,44.59,37.36,353591,4,45.19,38.85,424455,3,44.26,38.51
523479,2026-07-15T00:06:35.835894,wine,418985,3,43.36,38.56,748264,3,43.78,38.44,983433,3,44.5,37.26,659368,4,45.04,37.24,90844,4,45.97,37.85,708650,3,44.59,37.38,67976,4,45.26,38.76,397515,3,44.26,38.54
523829,2026-07-15T00:06:36.178955,wine,418985,4,43.79,38.63,748264,3,43.77,38.47,983433,3,44.49,37.31,659368,4,45.35,37.25,90844,5,46.03,37.78,708650,3,44.58,37.41,67976,5,45.3,38.64,397515,4,44.68,38.6
524179,2026-07-15T00:06:36.533805,wine,418985,4,44.11,38.61,748264,3,43.77,38.49,983433,3,44.49,37.35,659368,4,45.52,37.17,90844,5,46.09,37.53,708650,3,44.58,37.45,67976,5,45.33,38.52,397515,4,45.0,38.59
524529,2026-07-15T00:06:36.880498,wine,418985,4,44.25,38.56,748264,3,43.77,38.51,983433,3,44.48,37.39,659368,4,45.62,37.12,90844,5,46.12,37.39,708650,3,44.58,37.46,67976,5,45.36,38.41,397515,4,45.17,38.54
524879,2026-07-15T00:06:37.231744,wine,418985,4,44.35,38.47,748264,3,43.77,38.51,983433,3,44.48,37.4,120329,4,45.69,37.02,90172,5,46.14,37.32,708650,3,44.58,37.47,67976,5,45.38,38.33,397515,4,45.26,38.45
525229,2026-07-15T00:06:37.585486,wine,78624,4,44.38,38.37,748264,3,43.76,38.58,983433,3,44.47,37.44,120329,5,45.73,36.91,90172,6,46.14,37.23,708650,3,44.58,37.48,65422,5,45.39,38.24,75095,4,45.32,38.35
525579,2026-07-15T00:06:37.935482,wine,78624,5,44.42,38.28,748264,3,43.76,38.56,983433,3,44.47,37.47,120329,5,45.77,36.81,90172,6,46.17,37.15,708650,3,44.58,37.52,65422,6,45.41,38.16,75095,5,45.38,38.24
525929,2026-07-15T00:06:38.281599,wine,78624,5,44.44,38.16,748264,3,43.76,38.59,983433,3,44.46,37.49,120329,5,45.8,36.72,90172,6,46.18,37.09,708650,3,44.58,37.54,65422,6,45.42,38.08,75095,5,45.41,38.14
526279,2026-07-15T00:06:38.635365,wine,78624,5,44.45,38.07,748264,3,43.76,38.61,983433,3,44.47,37.5,120329,5,45.81,36.61,90172,6,46.19,37.02,708650,3,44.59,37.53,65422,6,45.43,38.01,75095,5,45.43,38.04
526629,2026-07-15T00:06:38.974320,wine,78624,5,44.47,37.99,748264,3,43.76,38.63,983433,3,44.47,37.51,115994,5,45.84,36.54,88489,6,46.2,36.96,690026,3,44.59,37.55,65422,6,45.45,37.95,75095,5,45.46,37.93
526979,2026-07-15T00:06:39.335333,wine,75964,5,44.49,37.88,620982,3,43.77,38.61,983433,3,44.48,37.53,115994,6,45.85,36.45,88489,7,46.45,36.93,690026,4,45.04,37.61,63334,6,45.46,37.9,72789,5,45.48,37.84
527329,2026-07-15T00:06:39.678391,wine,75964,6,44.49,37.8,620982,4,44.2,38.71,983433,3,44.47,37.54,115994,6,45.86,36.38,88489,7,46.67,36.87,690026,4,45.37,37.59,63334,7,45.7,37.88,72789,6,45.5,37.75
527679,2026-07-15T00:06:40.038520,wine,75964,6,44.5,37.74,620982,4,44.53,38.7,983433,3,44.48,37.54,115994,6,45.87,36.31,88489,7,46.8,36.79,690026,4,45.55,37.54,63334,7,45.91,37.81,72789,6,45.51,37.65
528029,2026-07-15T00:06:40.539160,wine,75964,6,44.51,37.65,620982,4,44.68,38.66,983433,3,44.48,37.53,115994,6,45.88,36.24,88489,7,46.88,36.7,690026,4,45.65,37.39,63334,7,46.12,37.65,72789,6,45.53,37.57
528379,2026-07-15T00:06:40.726120,wine,75964,6,44.51,37.59,620982,4,44.77,38.54,983433,3,44.47,37.51,112700,6,45.89,36.18,29459,7,46.93,36.6,148105,4,45.73,37.29,24743,7,46.19,37.57,72789,6,45.53,37.47
528729,2026-07-15T00:06:41.081221,wine,72789,6,44.52,37.54,117999,4,44.83,38.45,983433,3,44.48,37.51,112700,7,46.12,36.15,29459,8,46.98,36.5,148105,5,45.78,37.16,24743,8,46.23,37.45,71269,6,45.55,37.42
529079,2026-07-15T00:06:41.434735,wine,72789,7,44.75,37.52,117999,5,44.88,38.33,983433,3,44.48,37.51,112700,7,46.33,36.11,29459,8,47.03,36.38,148105,5,45.82,37.03,24743,8,46.27,37.36,71269,7,45.8,37.38
529429,2026-07-15T00:06:41.775910,wine,72789,7,44.95,37.48,117999,5,44.92,38.22,983433,3,44.48,37.51,112700,7,46.46,36.02,29459,8,47.05,36.3,148105,5,45.86,36.91,24743,8,46.3,37.26,71269,7,46.0,37.32
529779,2026-07-15T00:06:42.134870,wine,72789,7,45.06,37.41,117999,5,44.95,38.09,785878,3,44.49,37.5,112700,7,46.53,35.97,29459,8,47.08,36.19,148105,5,45.89,36.79,24743,8,46.32,37.18,71269,7,46.13,37.23
530129,2026-07-15T00:06:42.486767,wine,72789,7,45.13,37.32,117999,5,44.98,38.01,785878,4,44.93,37.55,45960,7,46.59,35.88,29540,8,47.11,36.11,148621,5,45.91,36.66,25853,8,46.35,37.1,71269,7,46.2,37.12
530479,2026-07-15T00:06:42.831471,wine,30274,7,45.17,37.26,112035,5,45.01,37.91,785878,4,45.25,37.53,45960,8,46.63,35.79,29540,9,47.14,36.02,148621,6,45.94,36.58,25853,9,46.37,36.98,27972,7,46.26,37.02
530829,2026-07-15T00:06:43.181348,wine,30274,8,45.2,37.17,112035,6,45.03,37.84,785878,4,45.42,37.48,45960,8,46.67,35.71,29540,9,47.16,35.97,148621,6,45.96,36.49,25853,9,46.39,36.92,27972,8,46.31,36.92
531179,2026-07-15T00:06:43.534143,wine,30274,8,45.23,37.08,112035,6,45.04,37.76,785878,4,45.52,37.38,45960,8,46.7,35.65,29540,9,47.18,35.89,148621,6,45.98,36.42,25853,9,46.41,36.88,27972,8,46.35,36.82
531529,2026-07-15T00:06:43.880848,wine,30274,8,45.25,37.02,112035,6,45.06,37.69,152881,4,45.59,37.25,45960,8,46.73,35.59,29540,9,47.2,35.82,148621,6,45.99,36.34,25853,9,46.42,36.79,27972,8,46.38,36.73
531879,2026-07-15T00:06:44.223757,wine,30274,8,45.27,36.94,112035,6,45.07,37.61,152881,5,45.64,37.15,49373,8,46.75,35.49,29976,9,47.22,35.78,146957,6,46.01,36.24,26512,9,46.44,36.72,27972,8,46.41,36.65
532229,2026-07-15T00:06:44.584031,wine,31204,8,45.29,36.89,107382,6,45.09,37.55,152881,5,45.69,37.02,49373,9,46.77,35.43,29976,0,47.23,35.73,146957,7,46.28,36.24,26512,0,46.46,36.66,29157,8,46.44,36.55
532579,2026-07-15T00:06:44.928236,wine,31204,9,45.31,36.82,107382,7,45.34,37.53,152881,5,45.72,36.92,49373,9,46.79,35.36,29976,0,47.25,35.68,146957,7,46.51,36.17,26512,0,46.48,36.61,29157,9,46.46,36.46
532929,2026-07-15T00:06:45.284772,wine,31204,9,45.32,36.77,107382,7,45.56,37.5,152881,5,45.75,36.81,49373,9,46.81,35.3,29976,0,47.26,35.61,146957,7,46.65,36.09,26512,0,46.5,36.56,29157,9,46.48,36.4
533279,2026-07-15T00:06:45.634757,wine,31204,9,45.33,36.71,107382,7,45.69,37.43,147338,5,45.78,36.71,49373,9,46.83,35.23,29976,0,47.28,35.56,146957,7,46.75,36.0,26512,0,46.51,36.53,29157,9,46.5,36.33
533629,2026-07-15T00:06:45.974801,wine,31204,9,45.35,36.66,107382,7,45.77,37.34,147338,6,45.79,36.64,50662,9,46.85,35.2,30124,0,47.29,35.52,48338,7,46.81,35.9,26778,0,46.52,36.48,29157,9,46.51,36.27
533979,2026-07-15T00:06:46.322324,wine,31904,9,45.36,36.62,43478,7,45.82,37.23,147338,6,45.82,36.56,50662,0,46.87,35.17,30124,1,46.58,35.4,48338,8,46.87,35.79,26778,1,45.87,36.37,28998,9,46.53,36.23
534329,2026-07-15T00:06:46.675244,wine,31904,0,45.38,36.58,43478,8,45.87,37.14,147338,6,45.84,36.49,50662,0,46.88,35.09,411162,1,46.06,35.37,48338,8,46.9,35.72,474623,1,45.37,36.32,28998,0,46.56,36.15
534679,2026-07-15T00:06:47.031605,wine,31904,0,45.4,36.56,43478,8,45.92,37.06,147338,6,45.86,36.44,50662,0,46.89,35.07,411162,2,45.77,35.45,48338,8,46.93,35.62,474623,2,45.09,36.38,28998,0,46.57,36.16
535029,2026-07-15T00:06:47.384886,wine,31904,0,45.41,36.51,43478,8,45.95,36.95,143136,6,45.87,36.39,50662,0,46.91,35.04,411162,2,45.6,35.55,48338,8,46.96,35.56,474623,2,44.94,36.49,28998,0,46.6,36.06
535379,2026-07-15T00:06:47.735046,wine,31904,0,45.42,36.58,43478,8,45.98,36.89,143136,7,46.15,36.38,52276,0,46.93,34.99,411162,2,45.49,35.69,48420,8,46.99,35.48,474623,2,44.84,36.63,29237,0,46.61,36.02
535729,2026-07-15T00:06:48.083914,wine,32437,0,45.44,36.46,45567,8,46.0,36.81,143136,7,46.37,36.32,52276,1,46.26,34.88,411162,2,45.41,35.83,48420,9,47.01,35.41,474623,2,44.76,36.76,29237,1,45.95,35.91
536079,2026-07-15T00:06:48.435375,wine,555766,1,44.27,36.36,45567,9,46.02,36.74,143136,7,46.49,36.27,1216513,1,45.75,34.85,411162,2,45.35,35.99,48420,9,47.03,35.33,474623,2,44.71,36.91,543813,1,45.44,35.89
536429,2026-07-15T00:06:48.786119,wine,555766,2,44.04,36.42,45567,9,46.04,36.66,143136,7,46.59,36.2,1216513,2,45.48,34.9,411162,2,45.31,36.13,48420,9,47.04,35.3,474623,2,44.67,37.04,543813,2,45.19,35.93
536779,2026-07-15T00:06:49.135264,wine,555766,2,43.91,36.52,45567,9,46.06,36.61,54689,7,46.65,36.08,1216513,2,45.32,35.01,411162,2,45.27,36.28,48420,9,47.05,35.23,474623,2,44.64,37.18,543813,2,45.03,36.05
537129,2026-07-15T00:06:49.481201,wine,555766,2,43.84,36.64,45567,9,46.07,36.52,54689,8,46.7,36.02,1216513,2,45.22,35.1,411162,2,45.25,36.39,48752,9,47.07,35.17,474623,2,44.61,37.3,543813,2,44.93,36.17
537479,2026-07-15T00:06:49.835456,wine,555766,2,43.79,36.76,46715,9,46.09,36.44,54689,8,46.73,35.92,1216513,2,45.15,35.24,411162,2,45.22,36.5,48752,0,47.08,35.14,474623,2,44.58,37.42,543813,2,44.85,36.3
537829,2026-07-15T00:06:50.184989,wine,555766,2,43.76,36.9,46715,0,46.09,36.39,54689,8,46.76,35.83,1216513,2,45.1,35.36,398211,2,45.2,36.62,48752,0,47.08,35.1,363378,2,44.56,37.51,543813,2,44.79,36.45
538179,2026-07-15T00:06:50.534810,wine,555766,2,43.73,37.03,46715,0,46.11,36.32,54689,8,46.78,35.76,1216513,2,45.06,35.48,398211,3,45.18,36.72,48752,0,47.1,35.05,363378,3,44.55,37.62,543813,2,44.75,36.58
538529,2026-07-15T00:06:50.878027,wine,555766,2,43.72,37.13,46715,0,46.11,36.26,57411,8,46.8,35.67,1216513,2,45.03,35.61,398211,3,45.17,36.81,48752,0,47.1,35.03,363378,3,44.54,37.7,543813,2,44.72,36.69
538879,2026-07-15T00:06:51.234815,wine,555766,2,43.71,37.21,46715,0,46.12,36.2,57411,9,46.81,35.61,1216513,2,45.0,35.72,398211,3,45.15,36.91,49117,0,47.1,34.98,363378,3,44.52,37.79,543813,2,44.68,36.85
539229,2026-07-15T00:06:51.585683,wine,555766,2,43.7,37.32,50009,0,46.12,36.12,57411,9,46.82,35.54,1216513,2,44.98,35.77,398211,3,45.15,36.99,49117,1,46.39,34.89,363378,3,44.51,37.86,543813,2,44.66,36.96
539579,2026-07-15T00:06:51.934562,wine,449912,2,43.7,37.37,50009,1,45.43,35.96,57411,9,46.83,35.48,826806,2,44.98,35.86,398211,3,45.13,37.05,800625,1,45.85,34.84,363378,3,44.5,37.95,425249,2,44.65,37.05
539929,2026-07-15T00:06:52.284211,wine,449912,3,43.69,37.46,1218684,1,44.91,35.92,57411,9,46.85,35.39,826806,3,44.96,35.95,398211,3,45.13,37.12,800625,2,45.55,34.91,363378,3,44.49,38.0,425249,3,44.63,37.15
540279,2026-07-15T00:06:52.635145,wine,449912,3,43.69,37.52,1218684,2,44.65,35.97,58959,9,46.86,35.34,826806,3,44.95,36.03,398211,3,45.12,37.2,800625,2,45.38,35.03,363378,3,44.48,38.07,425249,3,44.6,37.26
540629,2026-07-15T00:06:52.977013,wine,449912,3,43.68,37.59,1218684,2,44.5,36.06,58959,0,46.86,35.28,826806,3,44.94,36.09,398211,3,45.11,37.22,800625,2,45.26,35.16,363378,3,44.47,38.13,425249,3,44.6,37.34
540979,2026-07-15T00:06:53.337382,wine,449912,3,43.68,37.64,1218684,2,44.39,36.18,58959,0,46.87,35.26,826806,3,44.94,36.15,398211,3,45.1,37.28,800625,2,45.17,35.29,363378,3,44.46,38.16,425249,3,44.58,37.42
541329,2026-07-15T00:06:53.685182,wine,449912,3,43.67,37.68,1218684,2,44.31,36.29,58959,0,46.88,35.21,826806,3,44.93,36.2,398211,3,45.09,37.32,800625,2,45.11,35.43,363378,3,44.45,38.21,425249,3,44.56,37.48
541679,2026-07-15T00:06:54.035272,wine,449912,3,43.66,37.72,1218684,2,44.26,36.43,58959,0,46.87,35.15,826806,3,44.92,36.27,398211,3,45.09,37.37,800625,2,45.05,35.57,363378,3,44.44,38.26,425249,3,44.56,37.55
542029,2026-07-15T00:06:54.374001,wine,449912,3,43.65,37.77,1218684,2,44.22,36.57,59953,0,46.88,35.11,826806,3,44.92,36.3,398211,3,45.08,37.39,800625,2,45.01,35.71,363378,3,44.43,38.31,425249,3,44.55,37.62
542379,2026-07-15T00:06:54.728685,wine,449912,3,43.65,37.81,1218684,2,44.17,36.69,59953,1,46.18,34.99,826806,3,44.91,36.36,398211,3,45.07,37.44,800625,2,44.99,35.82,363378,3,44.43,38.34,425249,3,44.54,37.69
542729,2026-07-15T00:06:55.085403,wine,449912,3,43.65,37.85,1218684,2,44.15,36.81,1532074,1,45.66,34.99,826806,3,44.92,36.39,398211,3,45.06,37.48,800625,2,44.96,35.94,363378,3,44.42,38.38,425249,3,44.53,37.74
543079,2026-07-15T00:06:55.433750,wine,449912,3,43.64,37.88,1218684,2,44.12,36.91,1532074,2,45.39,35.05,826806,3,44.91,36.43,398211,3,45.05,37.49,704991,2,44.93,36.06,363378,3,44.41,38.41,425249,3,44.51,37.78
543429,2026-07-15T00:06:55.786169,wine,449912,3,43.63,37.92,780041,2,44.11,37.01,1532074,2,45.22,35.16,826806,3,44.9,36.48,398211,3,45.04,37.54,704991,3,44.9,36.16,363378,3,44.41,38.43,425249,3,44.51,37.81
543779,2026-07-15T00:06:56.134455,wine,449912,3,43.63,37.94,780041,3,44.09,37.1,1532074,2,45.11,35.3,826806,3,44.9,36.48,398211,3,45.04,37.55,704991,3,44.89,36.27,363378,3,44.4,38.47,425249,3,44.5,37.88
544129,2026-07-15T00:06:56.474672,wine,449912,3,43.63,37.97,780041,3,44.08,37.19,1532074,2,45.02,35.44,826806,3,44.89,36.52,398211,3,45.02,37.59,704991,3,44.87,36.34,363378,3,44.39,38.5,425249,3,44.5,37.91
544479,2026-07-15T00:06:56.830928,wine,449912,3,43.62,37.97,780041,3,44.07,37.29,1532074,2,44.97,35.59,826806,3,44.88,36.53,398211,3,45.02,37.61,704991,3,44.85,36.42,363378,3,44.38,38.52,425249,3,44.48,37.95
544829,2026-07-15T00:06:57.185044,wine,449912,3,43.62,37.99,780041,3,44.05,37.36,1532074,2,44.93,35.73,826806,3,44.88,36.57,398211,3,45.02,37.55,704991,3,44.84,36.51,363378,3,44.38,38.55,425249,3,44.47,37.96
545179,2026-07-15T00:06:57.533916,wine,449912,3,43.61,38.0,780041,3,44.04,37.42,1532074,2,44.88,35.86,826806,3,44.86,36.58,398211,3,45.01,37.73,704991,3,44.83,36.56,363378,3,44.37,38.57,425249,3,44.47,38.01
545529,2026-07-15T00:06:57.880316,wine,449912,3,43.6,38.03,780041,3,44.03,37.49,1532074,2,44.86,35.96,826806,3,44.85,36.63,398211,3,44.99,37.67,704991,3,44.82,36.63,363378,3,44.37,38.58,425249,3,44.46,38.04
545879,2026-07-15T00:06:58.235513,wine,449912,3,43.6,38.04,780041,3,44.02,37.54,1532074,2,44.83,36.09,826806,3,44.84,36.65,398211,3,44.99,37.7,704991,3,44.81,36.69,363378,3,44.37,38.6,425249,3,44.45,38.08
546229,2026-07-15T00:06:58.587817,wine,449912,3,43.58,38.07,780041,3,44.02,37.6,1007378,2,44.81,36.2,826806,3,44.84,36.66,398211,3,44.99,37.73,704991,3,44.8,36.76,363378,3,44.36,38.62,425249,3,44.45,38.09
546579,2026-07-15T00:06:58.933438,wine,449912,3,43.58,38.07,780041,3,44.0,37.65,1007378,3,44.79,36.29,826806,3,44.83,36.68,398211,3,44.98,37.73,704991,3,44.79,36.84,363378,3,44.35,38.63,425249,3,44.44,38.11
546929,2026-07-15T00:06:59.280717,wine,449912,3,43.57,38.09,780041,3,44.0,37.71,1007378,3,44.77,36.39,826806,3,44.82,36.72,398211,3,44.97,37.77,704991,3,44.78,36.86,363378,3,44.35,38.66,425249,3,44.43,38.14
547279,2026-07-15T00:06:59.635409,wine,449912,3,43.56,38.12,780041,3,43.98,37.75,1007378,3,44.75,36.46,826806,3,44.8,36.73,398211,3,44.96,37.77,704991,3,44.78,36.91,363378,3,44.34,38.66,425249,3,44.42,38.15
547629,2026-07-15T00:06:59.984362,wine,449912,3,43.56,38.13,780041,3,43.98,37.79,1007378,3,44.74,36.54,826806,3,44.8,36.74,398211,3,44.96,37.8,704991,3,44.77,36.94,363378,3,44.34,38.7,425249,3,44.42,38.19
547979,2026-07-15T00:07:00.335985,wine,449912,3,43.55,38.13,780041,3,43.97,37.83,1007378,3,44.73,36.62,826806,3,44.79,36.76,427914,3,44.96,37.8,704991,3,44.76,36.98,363378,3,44.34,38.71,425249,3,44.41,38.2
548329,2026-07-15T00:07:00.687433,wine,449912,3,43.55,38.14,780041,3,43.96,37.86,1007378,3,44.71,36.67,826806,3,44.78,36.78,427914,4,45.41,37.87,704991,3,44.76,37.02,353957,3,44.33,38.73,425249,3,44.4,38.21
548679,2026-07-15T00:07:01.035313,wine,449912,3,43.54,38.17,780041,3,43.95,37.9,1007378,3,44.7,36.75,826806,3,44.78,36.77,427914,4,45.75,37.88,704991,3,44.74,37.05,353957,4,44.75,38.8,425249,3,44.41,38.23
549029,2026-07-15T00:07:01.384367,wine,449912,3,43.54,38.16,780041,3,43.95,37.92,1007378,3,44.69,36.8,826806,3,44.77,36.8,427914,4,45.93,37.83,704991,3,44.74,37.09,353957,4,45.06,38.78,425249,3,44.4,38.24
549379,2026-07-15T00:07:01.736324,wine,449912,3,43.53,38.21,780041,3,43.95,37.95,1007378,3,44.69,36.85,826806,3,44.77,36.79,427914,4,46.03,37.73,704991,3,44.74,37.11,353957,4,45.32,38.64,425249,3,44.39,38.27
549729,2026-07-15T00:07:02.084336,wine,449912,3,43.51,38.21,780041,3,43.94,37.98,1007378,3,44.68,36.91,660645,3,44.76,36.82,91038,4,46.11,37.63,704991,3,44.74,37.13,68798,4,45.38,38.56,425249,3,44.39,38.3
550079,2026-07-15T00:07:02.434156,wine,421312,3,43.51,38.2,780041,3,43.94,38.02,1007378,3,44.67,36.94,660645,4,45.2,36.88,91038,5,46.16,37.51,704991,3,44.73,37.16,68798,5,45.42,38.43,399843,3,44.39,38.3
550429,2026-07-15T00:07:02.782100,wine,421312,4,43.96,38.28,780041,3,43.93,38.05,1007378,3,44.66,36.98,660645,4,45.51,36.91,91038,5,46.18,37.39,704991,3,44.72,37.18,68798,5,45.46,38.31,399843,4,44.81,38.38
550779,2026-07-15T00:07:03.136378,wine,421312,4,44.27,38.25,780041,3,43.92,38.04,1007378,3,44.66,37.02,660645,4,45.68,36.83,91038,5,46.22,37.29,704991,3,44.72,37.21,68798,5,45.49,38.23,399843,4,45.13,38.38
551129,2026-07-15T00:07:03.484208,wine,421312,4,44.41,38.21,780041,3,43.92,38.07,1007378,3,44.65,37.05,660645,4,45.78,36.76,91038,5,46.24,37.19,704991,3,44.73,37.22,68798,5,45.5,38.15,399843,4,45.3,38.29
551479,2026-07-15T00:07:03.833710,wine,421312,4,44.5,38.13,780041,3,43.92,38.09,1007378,3,44.65,37.07,121183,4,45.84,36.65,90172,5,46.26,37.1,704991,3,44.72,37.25,66338,5,45.52,38.04,399843,4,45.38,38.22
551829,2026-07-15T00:07:04.181164,wine,80025,4,44.55,38.03,780041,3,43.92,38.11,1007378,3,44.64,37.11,121183,5,45.88,36.56,90172,6,46.28,37.0,704991,3,44.72,37.26,66338,6,45.53,37.95,74635,4,45.45,38.11
552179,2026-07-15T00:07:04.531101,wine,80025,5,44.58,37.92,780041,3,43.92,38.12,1007378,3,44.63,37.13,121183,5,45.92,36.46,90172,6,46.29,36.94,704991,3,44.72,37.28,66338,6,45.55,37.88,74635,5,45.5,38.02
552529,2026-07-15T00:07:04.870730,wine,80025,5,44.6,37.82,780041,3,43.91,38.13,1007378,3,44.64,37.15,121183,5,45.95,36.38,90172,6,46.31,36.86,704991,3,44.71,37.29,66338,6,45.56,37.81,74635,5,45.54,37.91
552879,2026-07-15T00:07:05.234324,wine,80025,5,44.62,37.72,780041,3,43.91,38.17,1007378,3,44.64,37.16,121183,5,45.97,36.28,90172,6,46.32,36.79,704991,3,44.72,37.39,66338,6,45.57,37.75,74635,5,45.56,37.81
553229,2026-07-15T00:07:05.584648,wine,80025,5,44.63,37.64,780041,3,43.91,38.17,1007378,3,44.63,37.19,117836,5,45.99,36.18,88765,6,46.33,36.74,704991,3,44.72,37.26,64096,6,45.58,37.69,74635,5,45.59,37.7
553579,2026-07-15T00:07:05.935888,wine,76577,5,44.65,37.53,780041,3,43.91,38.18,1007378,3,44.63,37.22,117836,6,46.01,36.11,88765,7,46.58,36.69,688634,3,44.72,37.34,64096,7,45.82,37.66,73101,5,45.61,37.59
553929,2026-07-15T00:07:06.284582,wine,76577,6,44.65,37.47,640200,3,43.92,38.19,1007378,3,44.64,37.22,117836,6,46.02,36.03,88765,7,46.79,36.64,688634,4,45.51,37.34,64096,7,46.03,37.6,73101,6,45.62,37.5
554279,2026-07-15T00:07:06.633070,wine,76577,6,44.66,37.39,640200,4,44.36,38.26,1007378,3,44.63,37.23,117836,6,46.02,35.96,88765,7,46.92,36.57,688634,4,45.68,37.27,64096,7,46.16,37.53,73101,6,45.63,37.4
554629,2026-07-15T00:07:06.980613,wine,76577,6,44.66,37.35,640200,4,44.67,38.24,1007378,3,44.64,37.24,117836,6,46.03,35.9,88765,7,47.01,36.48,688634,4,45.8,37.17,64096,7,46.25,37.44,73101,6,45.66,37.32
554979,2026-07-15T00:07:07.329727,wine,76577,6,44.67,37.27,640200,4,44.83,38.19,1007378,3,44.64,37.28,113904,6,46.04,35.86,29850,7,47.07,36.39,148362,4,45.86,37.03,25122,7,46.31,37.36,73101,6,45.67,37.24
555329,2026-07-15T00:07:07.684546,wine,74375,6,44.68,37.23,640200,4,44.93,38.08,1007378,3,44.64,37.26,113904,7,46.27,35.82,29850,8,47.11,36.28,148362,5,45.91,36.94,25122,8,46.35,37.26,71329,6,45.68,37.17
555679,2026-07-15T00:07:08.020167,wine,74375,7,44.91,37.2,121183,4,45.0,37.96,1007378,3,44.64,37.27,113904,7,46.49,35.77,29850,8,47.16,36.19,148362,5,45.96,36.81,25122,8,46.38,37.18,71329,7,45.92,37.15
556029,2026-07-15T00:07:08.392613,wine,74375,7,45.11,37.16,121183,5,45.04,37.83,1007378,3,44.65,37.28,113904,7,46.6,35.7,29850,8,47.19,36.11,148362,5,45.99,36.71,25122,8,46.41,37.08,71329,7,46.13,37.08
556379,2026-07-15T00:07:08.736479,wine,74375,7,45.21,37.09,121183,5,45.08,37.72,1007378,3,44.65,37.27,113904,7,46.68,35.63,29850,8,47.22,36.02,148362,5,46.03,36.61,25122,8,46.44,37.0,71329,7,46.24,37.02
556729,2026-07-15T00:07:09.086003,wine,74375,7,45.28,37.03,121183,5,45.11,37.6,795958,3,44.65,37.28,48696,7,46.74,35.53,30210,8,47.24,35.94,148491,5,46.05,36.53,26106,8,46.46,36.91,71329,7,46.33,36.95
557079,2026-07-15T00:07:09.434495,wine,31204,7,45.33,36.94,121183,5,45.13,37.51,795958,4,45.09,37.35,48696,8,46.78,35.46,30210,9,47.26,35.89,148491,6,46.08,36.45,26106,9,46.48,36.83,28324,7,46.38,36.84
557429,2026-07-15T00:07:09.784292,wine,31204,8,45.36,36.86,115445,5,45.16,37.41,795958,4,45.41,37.33,48696,8,46.82,35.36,30210,9,47.28,35.78,148491,6,46.09,36.36,26106,9,46.51,36.78,28324,8,46.43,36.73
557779,2026-07-15T00:07:10.134395,wine,31204,8,45.39,36.77,115445,6,45.19,37.31,795958,4,45.58,37.24,48696,8,46.85,35.29,30210,9,47.31,35.73,148491,6,46.12,36.25,26106,9,46.52,36.71,28324,8,46.48,36.66
558129,2026-07-15T00:07:10.477639,wine,31204,8,45.4,36.7,115445,6,45.19,37.22,795958,4,45.68,37.13,48696,8,46.87,35.2,30210,9,47.32,35.65,148491,6,46.13,36.17,26106,9,46.55,36.65,28324,8,46.51,36.56
558479,2026-07-15T00:07:10.827643,wine,31204,8,45.43,36.64,115445,6,45.21,37.17,154963,4,45.76,37.01,51488,8,46.9,35.13,30468,9,47.34,35.59,147084,6,46.15,36.09,26845,9,46.56,36.59,28324,8,46.54,36.46
558829,2026-07-15T00:07:11.185999,wine,32339,8,45.43,36.55,115445,6,45.23,37.1,154963,5,45.81,36.88,51488,9,46.92,35.06,30468,0,47.35,35.55,147084,7,46.41,36.06,26845,0,46.58,36.53,29561,8,46.56,36.38
559179,2026-07-15T00:07:11.534136,wine,32339,9,45.45,36.48,110870,6,45.24,37.03,154963,5,45.85,36.75,51488,9,46.94,35.01,30468,0,47.37,35.47,147084,7,46.65,35.99,26845,0,46.61,36.48,29561,9,46.58,36.3
